fold,model,family,reduction,optimizer,n_train,n_test,search_time_s,best_params,accuracy,precision,recall,f1,balanced_accuracy,mcc,roc_auc,tn,fp,fn,tp,status,fit_time_s,n_reduced_features,dataset,inner_f1,n_evaluations,convergence,stopped_early
0,LogReg,classical,PCA,default,491,123,3.00002284348011e-07,{},0.5528455284552846,0.7205882352941176,0.5764705882352941,0.6405228758169934,0.538235294117647,0.0710656759099976,0.5823529411764706,19,19,36,49,ok,0.0302313999854959,4,Loan Approval,,,,
1,LogReg,classical,PCA,default,491,123,2.00001522898674e-07,{},0.5934959349593496,0.7536231884057971,0.611764705882353,0.6753246753246753,0.5821981424148608,0.1530635686589479,0.648297213622291,21,17,33,52,ok,0.0286733999964781,4,Loan Approval,,,,
2,LogReg,classical,PCA,default,491,123,2.999440766870976e-07,{},0.5772357723577236,0.7424242424242424,0.5833333333333334,0.6533333333333333,0.5737179487179487,0.1375833211001962,0.6053113553113554,22,17,35,49,ok,0.0339799000066705,4,Loan Approval,,,,
3,LogReg,classical,PCA,default,491,123,3.00002284348011e-07,{},0.5528455284552846,0.6705882352941176,0.6785714285714286,0.6745562130177515,0.4803113553113553,-0.0396566936700364,0.5177045177045176,11,28,27,57,ok,0.0290196000132709,4,Loan Approval,,,,
4,LogReg,classical,PCA,default,492,122,3.00002284348011e-07,{},0.5901639344262295,0.75,0.6071428571428571,0.6710526315789473,0.5798872180451128,0.1489660830572524,0.5523182957393483,21,17,33,51,ok,0.0279816999682225,4,Loan Approval,,,,
5,LogReg,classical,PCA,default,491,123,2.00001522898674e-07,{},0.5853658536585366,0.7428571428571429,0.611764705882353,0.6709677419354839,0.5690402476780185,0.1288387915676507,0.5541795665634675,20,18,33,52,ok,0.0344696000101976,4,Loan Approval,,,,
6,LogReg,classical,PCA,default,491,123,4.00003045797348e-07,{},0.5284552845528455,0.7142857142857143,0.5294117647058824,0.6081081081081081,0.5278637770897833,0.0515140083488931,0.5222910216718266,20,18,40,45,ok,0.0290097999968566,4,Loan Approval,,,,
7,LogReg,classical,PCA,default,491,123,2.999440766870976e-07,{},0.5365853658536586,0.7213114754098361,0.5238095238095238,0.6068965517241379,0.543956043956044,0.0818200572348404,0.5863858363858363,22,17,40,44,ok,0.0376353000174276,4,Loan Approval,,,,
8,LogReg,classical,PCA,default,491,123,2.00001522898674e-07,{},0.5934959349593496,0.7236842105263158,0.6547619047619048,0.6875,0.5581501831501832,0.1113774586116831,0.5561660561660562,18,21,29,55,ok,0.0294177000178024,4,Loan Approval,,,,
9,LogReg,classical,PCA,default,492,122,3.00002284348011e-07,{},0.5655737704918032,0.7313432835820896,0.5833333333333334,0.6490066225165563,0.5548245614035088,0.1020511391510324,0.5704887218045113,20,18,35,49,ok,0.0329322000034153,4,Loan Approval,,,,
10,LogReg,classical,PCA,default,491,123,4.00003045797348e-07,{},0.6016260162601627,0.7307692307692307,0.6705882352941176,0.6993865030674846,0.5589783281733746,0.1131540639334139,0.5625386996904025,17,21,28,57,ok,0.0368526999955065,4,Loan Approval,,,,
11,LogReg,classical,PCA,default,491,123,3.00002284348011e-07,{},0.6260162601626016,0.7407407407407407,0.7058823529411765,0.7228915662650602,0.576625386996904,0.1493264646384796,0.5352941176470588,17,21,25,60,ok,0.0355005000019446,4,Loan Approval,,,,
12,LogReg,classical,PCA,default,491,123,2.00001522898674e-07,{},0.6097560975609756,0.7432432432432432,0.6547619047619048,0.6962025316455697,0.5837912087912087,0.1592892612212627,0.5757020757020758,20,19,29,55,ok,0.0291592999710701,4,Loan Approval,,,,
13,LogReg,classical,PCA,default,491,123,3.00002284348011e-07,{},0.6504065040650406,0.7662337662337663,0.7023809523809523,0.7329192546583851,0.6204212454212454,0.2316225178189547,0.6926129426129426,21,18,25,59,ok,0.0266563999466598,4,Loan Approval,,,,
14,LogReg,classical,PCA,default,492,122,3.00002284348011e-07,{},0.5737704918032787,0.7758620689655172,0.5357142857142857,0.6338028169014085,0.5968045112781954,0.1795366221434843,0.5845864661654135,25,13,39,45,ok,0.0267337000113911,4,Loan Approval,,,,
0,SVC,classical,PCA,default,491,123,2.00001522898674e-07,{},0.5772357723577236,0.726027397260274,0.6235294117647059,0.6708860759493671,0.5486068111455108,0.0914496304199199,0.5557275541795665,18,20,32,53,ok,0.064639399992302,4,Loan Approval,,,,
1,SVC,classical,PCA,default,491,123,4.00003045797348e-07,{},0.5609756097560976,0.7066666666666667,0.6235294117647059,0.6625,0.5222910216718266,0.0422289205846672,0.4577399380804953,16,22,32,53,ok,0.0651648000348359,4,Loan Approval,,,,
2,SVC,classical,PCA,default,491,123,3.00002284348011e-07,{},0.5284552845528455,0.7096774193548387,0.5238095238095238,0.6027397260273972,0.5311355311355311,0.0579558738746786,0.5946275946275946,21,18,40,44,ok,0.0512692000484094,4,Loan Approval,,,,
3,SVC,classical,PCA,default,491,123,4.00003045797348e-07,{},0.5447154471544715,0.7,0.5833333333333334,0.6363636363636364,0.5224358974358975,0.0421656144517068,0.5506715506715507,18,21,35,49,ok,0.0459005999728105,4,Loan Approval,,,,
4,SVC,classical,PCA,default,492,122,4.00003045797348e-07,{},0.5491803278688525,0.7457627118644068,0.5238095238095238,0.6153846153846154,0.5645363408521303,0.1196105518622944,0.5889724310776944,23,15,40,44,ok,0.0619435999542474,4,Loan Approval,,,,
5,SVC,classical,PCA,default,491,123,5.00003807246685e-07,{},0.5772357723577236,0.7538461538461538,0.5764705882352941,0.6533333333333333,0.5777089783281734,0.1438572589040477,0.6165634674922601,22,16,36,49,ok,0.063669099996332,4,Loan Approval,,,,
6,SVC,classical,PCA,default,491,123,3.00002284348011e-07,{},0.5609756097560976,0.7183098591549296,0.6,0.6538461538461539,0.5368421052631579,0.0689199334973432,0.5569659442724458,18,20,34,51,ok,0.0656437000143341,4,Loan Approval,,,,
7,SVC,classical,PCA,default,491,123,2.00001522898674e-07,{},0.4715447154471545,0.6266666666666667,0.5595238095238095,0.5911949685534591,0.4207875457875458,-0.1511277306274099,0.4587912087912087,11,28,37,47,ok,0.0501152999931946,4,Loan Approval,,,,
8,SVC,classical,PCA,default,491,123,3.00002284348011e-07,{},0.4715447154471545,0.6610169491525424,0.4642857142857143,0.5454545454545454,0.4757326007326007,-0.0452073640524904,0.5131257631257632,19,20,45,39,ok,0.0487525000353343,4,Loan Approval,,,,
9,SVC,classical,PCA,default,492,122,3.00002284348011e-07,{},0.5737704918032787,0.7758620689655172,0.5357142857142857,0.6338028169014085,0.5968045112781954,0.1795366221434843,0.6043233082706767,25,13,39,45,ok,0.0594086999772116,4,Loan Approval,,,,
10,SVC,classical,PCA,default,491,123,3.00002284348011e-07,{},0.5772357723577236,0.6896551724137931,0.7058823529411765,0.6976744186046512,0.4976780185758514,-0.0047160578220303,0.5342105263157895,11,27,25,60,ok,0.0483216999564319,4,Loan Approval,,,,
11,SVC,classical,PCA,default,491,123,2.999440766870976e-07,{},0.6016260162601627,0.7727272727272727,0.6,0.6754966887417219,0.6026315789473684,0.1901966536540368,0.4931888544891641,23,15,34,51,ok,0.0595407000510022,4,Loan Approval,,,,
12,SVC,classical,PCA,default,491,123,2.00001522898674e-07,{},0.5447154471544715,0.6891891891891891,0.6071428571428571,0.6455696202531646,0.5086996336996337,0.0165382293071256,0.5699023199023199,16,23,33,51,ok,0.0417402999592013,4,Loan Approval,,,,
13,SVC,classical,PCA,default,491,123,3.00002284348011e-07,{},0.5040650406504065,0.6885245901639344,0.5,0.5793103448275863,0.5064102564102564,0.0119320916800808,0.5357142857142857,20,19,42,42,ok,0.0450128999655135,4,Loan Approval,,,,
14,SVC,classical,PCA,default,492,122,4.00003045797348e-07,{},0.5327868852459017,0.7288135593220338,0.5119047619047619,0.6013986013986014,0.5454260651629073,0.0841918933011296,0.6022869674185464,22,16,41,43,ok,0.0554287999984808,4,Loan Approval,,,,
0,DecisionTree,classical,PCA,default,491,123,2.00001522898674e-07,{},0.4715447154471545,0.6470588235294118,0.5176470588235295,0.5751633986928104,0.4430340557275541,-0.105879225647284,0.4430340557275541,14,24,41,44,ok,0.0280259000137448,4,Loan Approval,,,,
1,DecisionTree,classical,PCA,default,491,123,1.00000761449337e-07,{},0.5528455284552846,0.7777777777777778,0.4941176470588235,0.60431654676259,0.5891640866873065,0.1660350575283503,0.5891640866873065,26,12,43,42,ok,0.0276933999848552,4,Loan Approval,,,,
2,DecisionTree,classical,PCA,default,491,123,2.00001522898674e-07,{},0.5528455284552846,0.7164179104477612,0.5714285714285714,0.6357615894039735,0.5421245421245421,0.078723740422882,0.5421245421245421,20,19,36,48,ok,0.0373686999664641,4,Loan Approval,,,,
3,DecisionTree,classical,PCA,default,491,123,2.00001522898674e-07,{},0.5934959349593496,0.7297297297297297,0.6428571428571429,0.6835443037974683,0.565018315018315,0.1236015032427284,0.565018315018315,19,20,30,54,ok,0.0266926000476814,4,Loan Approval,,,,
4,DecisionTree,classical,PCA,default,492,122,2.00001522898674e-07,{},0.5081967213114754,0.6764705882352942,0.5476190476190477,0.6052631578947368,0.4843358395989975,-0.0292090358935789,0.4843358395989975,16,22,38,46,ok,0.0271325999638065,4,Loan Approval,,,,
5,DecisionTree,classical,PCA,default,491,123,1.9994331523776054e-07,{},0.6016260162601627,0.8333333333333334,0.5294117647058824,0.6474820143884892,0.6462848297213623,0.2724012662574497,0.6462848297213621,29,9,40,45,ok,0.0273400000296533,4,Loan Approval,,,,
6,DecisionTree,classical,PCA,default,491,123,3.00002284348011e-07,{},0.5040650406504065,0.6764705882352942,0.5411764705882353,0.6013071895424836,0.4811145510835913,-0.0351012650243713,0.4811145510835912,16,22,39,46,ok,0.0367913999943994,4,Loan Approval,,,,
7,DecisionTree,classical,PCA,default,491,123,2.00001522898674e-07,{},0.5528455284552846,0.7164179104477612,0.5714285714285714,0.6357615894039735,0.5421245421245421,0.078723740422882,0.5421245421245421,20,19,36,48,ok,0.0388031000038608,4,Loan Approval,,,,
8,DecisionTree,classical,PCA,default,491,123,4.00003045797348e-07,{},0.5284552845528455,0.7241379310344828,0.5,0.5915492957746479,0.5448717948717949,0.0836574666127126,0.5448717948717948,23,16,42,42,ok,0.0360779999755322,4,Loan Approval,,,,
9,DecisionTree,classical,PCA,default,492,122,3.00002284348011e-07,{},0.5573770491803278,0.7142857142857143,0.5952380952380952,0.6493506493506493,0.5344611528822055,0.0645417218927569,0.5344611528822055,18,20,34,50,ok,0.036600699997507,4,Loan Approval,,,,
10,DecisionTree,classical,PCA,default,491,123,1.00000761449337e-07,{},0.5609756097560976,0.7627118644067796,0.5294117647058824,0.625,0.5804953560371517,0.1488970487011995,0.5804953560371516,24,14,40,45,ok,0.0312266999972052,4,Loan Approval,,,,
11,DecisionTree,classical,PCA,default,491,123,4.00003045797348e-07,{},0.6016260162601627,0.75,0.6352941176470588,0.6878980891719745,0.5808049535603714,0.1515716246030618,0.5808049535603717,20,18,31,54,ok,0.0362551000434905,4,Loan Approval,,,,
12,DecisionTree,classical,PCA,default,491,123,4.00003045797348e-07,{},0.6178861788617886,0.7846153846153846,0.6071428571428571,0.6845637583892618,0.6240842490842491,0.2313385046127054,0.624084249084249,25,14,33,51,ok,0.0351113999495282,4,Loan Approval,,,,
13,DecisionTree,classical,PCA,default,491,123,4.00003045797348e-07,{},0.6016260162601627,0.7272727272727273,0.6666666666666666,0.6956521739130435,0.5641025641025641,0.1232971577743485,0.5641025641025641,18,21,28,56,ok,0.0323619999689981,4,Loan Approval,,,,
14,DecisionTree,classical,PCA,default,492,122,3.00002284348011e-07,{},0.5,0.7090909090909091,0.4642857142857143,0.5611510791366906,0.5216165413533835,0.0402373062938356,0.5216165413533835,22,16,45,39,ok,0.0370629000244662,4,Loan Approval,,,,
0,RandomForest,classical,PCA,default,491,123,1.9994331523776054e-07,{},0.5121951219512195,0.6811594202898551,0.5529411764705883,0.6103896103896104,0.4869969040247678,-0.024213445889551,0.5277089783281733,16,22,38,47,ok,0.5338771000388078,4,Loan Approval,,,,
1,RandomForest,classical,PCA,default,491,123,2.00001522898674e-07,{},0.5284552845528455,0.7547169811320755,0.4705882352941176,0.5797101449275363,0.5642414860681115,0.1198836289250561,0.6126934984520124,25,13,45,40,ok,0.4910423000110313,4,Loan Approval,,,,
2,RandomForest,classical,PCA,default,491,123,2.00001522898674e-07,{},0.5853658536585366,0.7323943661971831,0.6190476190476191,0.6709677419354839,0.5659340659340659,0.1242169764968095,0.5535714285714286,20,19,32,52,ok,0.4507798999547958,4,Loan Approval,,,,
3,RandomForest,classical,PCA,default,491,123,2.00001522898674e-07,{},0.5284552845528455,0.7241379310344828,0.5,0.5915492957746479,0.5448717948717949,0.0836574666127126,0.5508241758241759,23,16,42,42,ok,0.463040100003127,4,Loan Approval,,,,
4,RandomForest,classical,PCA,default,492,122,2.00001522898674e-07,{},0.6147540983606558,0.7681159420289855,0.6309523809523809,0.6928104575163399,0.6049498746867168,0.1961014844444393,0.6129385964912281,22,16,31,53,ok,0.5335177999804728,4,Loan Approval,,,,
5,RandomForest,classical,PCA,default,491,123,2.00001522898674e-07,{},0.5203252032520326,0.6911764705882353,0.5529411764705883,0.6143790849673203,0.50015479876161,0.000287715287085,0.5637770897832817,17,21,38,47,ok,0.5459969000075944,4,Loan Approval,,,,
6,RandomForest,classical,PCA,default,491,123,2.00001522898674e-07,{},0.5284552845528455,0.7288135593220338,0.5058823529411764,0.5972222222222222,0.5424148606811146,0.0784572910464012,0.5515479876160991,22,16,42,43,ok,0.5089824000024237,4,Loan Approval,,,,
7,RandomForest,classical,PCA,default,491,123,3.00002284348011e-07,{},0.5284552845528455,0.7321428571428571,0.4880952380952381,0.5857142857142857,0.5517399267399268,0.0966932898672355,0.6178266178266179,24,15,43,41,ok,0.5458848999696784,4,Loan Approval,,,,
8,RandomForest,classical,PCA,default,491,123,4.00003045797348e-07,{},0.6097560975609756,0.7647058823529411,0.6190476190476191,0.6842105263157895,0.6043956043956045,0.195410706123531,0.6504884004884005,23,16,32,52,ok,0.5512178000062704,4,Loan Approval,,,,
9,RandomForest,classical,PCA,default,492,122,4.00003045797348e-07,{},0.5163934426229508,0.676056338028169,0.5714285714285714,0.6193548387096774,0.4830827067669173,-0.0317671352267605,0.5317982456140351,15,23,36,48,ok,0.5877114000031725,4,Loan Approval,,,,
10,RandomForest,classical,PCA,default,491,123,3.00002284348011e-07,{},0.5121951219512195,0.6865671641791045,0.5411764705882353,0.6052631578947368,0.4942724458204334,-0.0106284283229546,0.5122291021671826,17,21,39,46,ok,0.5246344999759458,4,Loan Approval,,,,
11,RandomForest,classical,PCA,default,491,123,4.00003045797348e-07,{},0.5121951219512195,0.7358490566037735,0.4588235294117647,0.5652173913043478,0.5452012383900928,0.0843518545689552,0.5797213622291022,24,14,46,39,ok,0.4909858999890275,4,Loan Approval,,,,
12,RandomForest,classical,PCA,default,491,123,4.00003045797348e-07,{},0.5447154471544715,0.7258064516129032,0.5357142857142857,0.6164383561643836,0.549908424908425,0.0928998566520584,0.6130952380952381,22,17,39,45,ok,0.4905443000025116,4,Loan Approval,,,,
13,RandomForest,classical,PCA,default,491,123,4.00003045797348e-07,{},0.6747967479674797,0.8055555555555556,0.6904761904761905,0.7435897435897436,0.6657509157509158,0.3131169243850066,0.7139804639804639,25,14,26,58,ok,0.5180456999805756,4,Loan Approval,,,,
14,RandomForest,classical,PCA,default,492,122,3.00002284348011e-07,{},0.4918032786885246,0.6527777777777778,0.5595238095238095,0.6025641025641025,0.4508145363408521,-0.0926289959071265,0.5029761904761905,13,25,37,47,ok,0.5407507999916561,4,Loan Approval,,,,
0,MLP,classical,PCA,default,491,123,2.00001522898674e-07,{},0.5609756097560976,0.7540983606557377,0.5411764705882353,0.6301369863013698,0.573219814241486,0.135331569115531,0.5721362229102167,23,15,39,46,ok,0.5624225999927148,4,Loan Approval,,,,
1,MLP,classical,PCA,default,491,123,2.00001522898674e-07,{},0.5691056910569106,0.7162162162162162,0.6235294117647059,0.6666666666666666,0.5354489164086688,0.0669145129624364,0.5142414860681115,17,21,32,53,ok,0.6209549999912269,4,Loan Approval,,,,
2,MLP,classical,PCA,default,491,123,1.9994331523776054e-07,{},0.5121951219512195,0.7068965517241379,0.4880952380952381,0.5774647887323944,0.5260989010989011,0.0486579142543328,0.503968253968254,22,17,43,41,ok,0.5349065000191331,4,Loan Approval,,,,
3,MLP,classical,PCA,default,491,123,3.00002284348011e-07,{},0.5447154471544715,0.7916666666666666,0.4523809523809524,0.5757575757575758,0.597985347985348,0.1869441292154087,0.6108058608058607,29,10,46,38,ok,0.5440359000349417,4,Loan Approval,,,,
4,MLP,classical,PCA,default,492,122,2.00001522898674e-07,{},0.4344262295081967,0.6056338028169014,0.5119047619047619,0.5548387096774193,0.3875313283208019,-0.2111926212297598,0.4191729323308271,10,28,41,43,ok,0.4984517999691888,4,Loan Approval,,,,
5,MLP,classical,PCA,default,491,123,2.00001522898674e-07,{},0.4959349593495935,0.7017543859649122,0.4705882352941176,0.5633802816901409,0.5116099071207431,0.0215154585581489,0.5043343653250775,21,17,45,40,ok,0.5386897000134923,4,Loan Approval,,,,
6,MLP,classical,PCA,default,491,123,3.00002284348011e-07,{},0.5121951219512195,0.7272727272727273,0.4705882352941176,0.5714285714285714,0.5379256965944272,0.0704902453358276,0.5383900928792569,23,15,45,40,ok,0.5602684000041336,4,Loan Approval,,,,
7,MLP,classical,PCA,default,491,123,3.00002284348011e-07,{},0.4390243902439024,0.6470588235294118,0.3928571428571428,0.4888888888888889,0.4656593406593406,-0.0648722909637444,0.4768009768009768,21,18,51,33,ok,0.565140699967742,4,Loan Approval,,,,
8,MLP,classical,PCA,default,491,123,4.00003045797348e-07,{},0.5528455284552846,0.6746987951807228,0.6666666666666666,0.6706586826347305,0.4871794871794871,-0.025470548512349,0.601037851037851,12,27,28,56,ok,0.6081012000213377,4,Loan Approval,,,,
9,MLP,classical,PCA,default,492,122,1.00000761449337e-07,{},0.5081967213114754,0.6714285714285714,0.5595238095238095,0.6103896103896104,0.4771303258145363,-0.0428322336197387,0.4978070175438596,15,23,37,47,ok,0.5532909000176005,4,Loan Approval,,,,
10,MLP,classical,PCA,default,491,123,3.00002284348011e-07,{},0.5609756097560976,0.746031746031746,0.5529411764705883,0.6351351351351351,0.5659442724458205,0.1219164864257138,0.5869969040247678,22,16,38,47,ok,0.4659855000209063,4,Loan Approval,,,,
11,MLP,classical,PCA,default,491,123,3.00002284348011e-07,{},0.5447154471544715,0.7101449275362319,0.5764705882352941,0.6363636363636364,0.5250773993808049,0.0466973599298485,0.5374613003095976,18,20,36,49,ok,0.576894199999515,4,Loan Approval,,,,
12,MLP,classical,PCA,default,491,123,4.00003045797348e-07,{},0.5853658536585366,0.7538461538461538,0.5833333333333334,0.6577181208053692,0.5865384615384616,0.1613393998959458,0.6394993894993894,23,16,35,49,ok,0.5291894000256434,4,Loan Approval,,,,
13,MLP,classical,PCA,default,491,123,3.00002284348011e-07,{},0.6178861788617886,0.7681159420289855,0.6309523809523809,0.6928104575163399,0.6103479853479854,0.2069402290613609,0.6086691086691087,23,16,31,53,ok,0.6220887000090443,4,Loan Approval,,,,
14,MLP,classical,PCA,default,492,122,3.00002284348011e-07,{},0.5737704918032787,0.7666666666666667,0.5476190476190477,0.6388888888888888,0.5895989974937343,0.1659942779270561,0.56203007518797,24,14,38,46,ok,0.5097729000262916,4,Loan Approval,,,,
0,XGBoost,classical,PCA,default,491,123,6.00004568696022e-07,{},0.5853658536585366,0.7361111111111112,0.6235294117647059,0.6751592356687898,0.5617647058823529,0.1158564716793519,0.5360681114551084,19,19,32,53,ok,0.653885799983982,4,Loan Approval,,,,
1,XGBoost,classical,PCA,default,491,123,2.00001522898674e-07,{},0.5772357723577236,0.7538461538461538,0.5764705882352941,0.6533333333333333,0.5777089783281734,0.1438572589040477,0.6055727554179566,22,16,36,49,ok,0.6156979000079446,4,Loan Approval,,,,
2,XGBoost,classical,PCA,default,491,123,2.00001522898674e-07,{},0.5609756097560976,0.7419354838709677,0.5476190476190477,0.6301369863013698,0.5686813186813187,0.1278438394294382,0.5732600732600732,23,16,38,46,ok,0.0864433000097051,4,Loan Approval,,,,
3,XGBoost,classical,PCA,default,491,123,2.00001522898674e-07,{},0.5853658536585366,0.72,0.6428571428571429,0.6792452830188679,0.5521978021978022,0.0995870594885822,0.6294261294261294,18,21,30,54,ok,0.6742842000094242,4,Loan Approval,,,,
4,XGBoost,classical,PCA,default,492,122,2.00001522898674e-07,{},0.5819672131147541,0.726027397260274,0.6309523809523809,0.6751592356687898,0.5523182957393483,0.0988451933802089,0.5764411027568923,18,20,31,53,ok,0.666829299996607,4,Loan Approval,,,,
5,XGBoost,classical,PCA,default,491,123,2.00001522898674e-07,{},0.5284552845528455,0.7142857142857143,0.5294117647058824,0.6081081081081081,0.5278637770897833,0.0515140083488931,0.5825077399380805,20,18,40,45,ok,0.1058866000385023,4,Loan Approval,,,,
6,XGBoost,classical,PCA,default,491,123,2.00001522898674e-07,{},0.5691056910569106,0.7758620689655172,0.5294117647058824,0.6293706293706294,0.5936532507739938,0.1733737881214121,0.6238390092879257,25,13,40,45,ok,0.6640258000115864,4,Loan Approval,,,,
7,XGBoost,classical,PCA,default,491,123,3.00002284348011e-07,{},0.5853658536585366,0.7894736842105263,0.5357142857142857,0.6382978723404256,0.614010989010989,0.212784142571111,0.6428571428571429,27,12,39,45,ok,0.6546831000014208,4,Loan Approval,,,,
8,XGBoost,classical,PCA,default,491,123,3.00002284348011e-07,{},0.5284552845528455,0.703125,0.5357142857142857,0.6081081081081081,0.5242673992673992,0.0452073640524904,0.621947496947497,20,19,39,45,ok,0.0918466000002808,4,Loan Approval,,,,
9,XGBoost,classical,PCA,default,492,122,4.00003045797348e-07,{},0.4754098360655737,0.65625,0.5,0.5675675675675675,0.4605263157894737,-0.0732091080585081,0.4761904761904761,16,22,42,42,ok,0.6823469999944791,4,Loan Approval,,,,
10,XGBoost,classical,PCA,default,491,123,3.00002284348011e-07,{},0.5609756097560976,0.746031746031746,0.5529411764705883,0.6351351351351351,0.5659442724458205,0.1219164864257138,0.5863777089783282,22,16,38,47,ok,0.6747496000025421,4,Loan Approval,,,,
11,XGBoost,classical,PCA,default,491,123,6.00004568696022e-07,{},0.5934959349593496,0.7536231884057971,0.611764705882353,0.6753246753246753,0.5821981424148608,0.1530635686589479,0.6072755417956657,21,17,33,52,ok,0.6545965000404976,4,Loan Approval,,,,
12,XGBoost,classical,PCA,default,491,123,3.00002284348011e-07,{},0.6260162601626016,0.7714285714285715,0.6428571428571429,0.7012987012987013,0.6163003663003663,0.2185727769537454,0.6706349206349207,23,16,30,54,ok,0.6573492000461556,4,Loan Approval,,,,
13,XGBoost,classical,PCA,default,491,123,3.00002284348011e-07,{},0.4959349593495935,0.6486486486486487,0.5714285714285714,0.6075949367088608,0.4523809523809523,-0.0905250446284771,0.4710012210012209,13,26,36,48,ok,0.6736128000193276,4,Loan Approval,,,,
14,XGBoost,classical,PCA,default,492,122,2.00001522898674e-07,{},0.5163934426229508,0.7272727272727273,0.4761904761904761,0.5755395683453237,0.5407268170426065,0.0758094176550526,0.581140350877193,23,15,44,40,ok,0.6519241000059992,4,Loan Approval,,,,
0,VQC,quantum,PCA,default,491,123,2.00001522898674e-07,{},0.5609756097560976,0.6823529411764706,0.6823529411764706,0.6823529411764706,0.4859133126934984,-0.028173374613003,0.4520123839009288,11,27,27,58,ok,16.07127680000849,4,Loan Approval,,,,
1,VQC,quantum,PCA,default,491,123,3.00002284348011e-07,{},0.4471544715447154,0.660377358490566,0.4117647058823529,0.5072463768115942,0.4690402476780185,-0.0577752428554487,0.4947368421052631,20,18,50,35,ok,16.88641740003368,4,Loan Approval,,,,
2,VQC,quantum,PCA,default,491,123,3.00002284348011e-07,{},0.4471544715447154,0.66,0.3928571428571428,0.4925373134328358,0.4784798534798534,-0.0407756350787706,0.491147741147741,22,17,51,33,ok,16.824228500016034,4,Loan Approval,,,,
3,VQC,quantum,PCA,default,491,123,2.00001522898674e-07,{},0.4878048780487805,0.7058823529411765,0.4285714285714285,0.5333333333333333,0.521978021978022,0.0415182662167964,0.5604395604395604,24,15,48,36,ok,16.57568040001206,4,Loan Approval,,,,
4,VQC,quantum,PCA,default,492,122,2.00001522898674e-07,{},0.5737704918032787,0.7,0.6666666666666666,0.6829268292682927,0.5175438596491228,0.0341992784028384,0.4680451127819549,14,24,28,56,ok,16.36657919996651,4,Loan Approval,,,,
5,VQC,quantum,PCA,default,491,123,1.00000761449337e-07,{},0.5691056910569106,0.7666666666666667,0.5411764705882353,0.6344827586206897,0.5863777089783282,0.1596934258815688,0.5904024767801858,24,14,39,46,ok,16.190344400005415,4,Loan Approval,,,,
6,VQC,quantum,PCA,default,491,123,2.00001522898674e-07,{},0.5853658536585366,0.7575757575757576,0.5882352941176471,0.6622516556291391,0.5835913312693499,0.1549113016186725,0.6102167182662538,22,16,35,50,ok,16.46080110000912,4,Loan Approval,,,,
7,VQC,quantum,PCA,default,491,123,2.00001522898674e-07,{},0.4878048780487805,0.6521739130434783,0.5357142857142857,0.5882352941176471,0.4601648351648352,-0.0747045640180016,0.4325396825396825,15,24,39,45,ok,16.592628100013826,4,Loan Approval,,,,
8,VQC,quantum,PCA,default,491,123,4.00003045797348e-07,{},0.5040650406504065,0.7169811320754716,0.4523809523809524,0.5547445255474452,0.5338827838827839,0.0636786830495163,0.5702075702075702,24,15,46,38,ok,16.528081399970688,4,Loan Approval,,,,
9,VQC,quantum,PCA,default,492,122,2.00001522898674e-07,{},0.5901639344262295,0.7833333333333333,0.5595238095238095,0.6527777777777778,0.6087092731829574,0.2013986518905191,0.62531328320802,25,13,37,47,ok,16.743008000019472,4,Loan Approval,,,,
10,VQC,quantum,PCA,default,491,123,3.00002284348011e-07,{},0.4959349593495935,0.6619718309859155,0.5529411764705883,0.6025641025641025,0.4606811145510836,-0.0735532063375007,0.4804953560371516,14,24,38,47,ok,17.026913699985016,4,Loan Approval,,,,
11,VQC,quantum,PCA,default,491,123,3.00002284348011e-07,{},0.5203252032520326,0.6805555555555556,0.5764705882352941,0.6242038216560509,0.4856037151702786,-0.027004140015488,0.4693498452012383,15,23,36,49,ok,16.717727900017053,4,Loan Approval,,,,
12,VQC,quantum,PCA,default,491,123,4.00003045797348e-07,{},0.5121951219512195,0.7,0.5,0.5833333333333334,0.5192307692307692,0.0358057437019716,0.5085470085470086,21,18,42,42,ok,16.449474899971392,4,Loan Approval,,,,
13,VQC,quantum,PCA,default,491,123,3.00002284348011e-07,{},0.5040650406504065,0.6716417910447762,0.5357142857142857,0.5960264900662252,0.4858058608058608,-0.0265264777511885,0.5238095238095238,17,22,39,45,ok,16.583000999991782,4,Loan Approval,,,,
14,VQC,quantum,PCA,default,492,122,4.00003045797348e-07,{},0.5573770491803278,0.7272727272727273,0.5714285714285714,0.64,0.5488721804511278,0.0908358263511248,0.530388471177945,20,18,36,48,ok,16.69985039997846,4,Loan Approval,,,,
0,QNN,quantum,PCA,default,491,123,2.00001522898674e-07,{},0.5934959349593496,0.7272727272727273,0.6588235294117647,0.691358024691358,0.5530959752321981,0.1014071507480453,0.6009287925696595,17,21,29,56,ok,20.08560019999277,4,Loan Approval,,,,
1,QNN,quantum,PCA,default,491,123,2.00001522898674e-07,{},0.5609756097560976,0.7012987012987013,0.6352941176470588,0.6666666666666666,0.515015479876161,0.0286778239724793,0.5024767801857586,15,23,31,54,ok,20.37736019998556,4,Loan Approval,,,,
2,QNN,quantum,PCA,default,491,123,3.00002284348011e-07,{},0.4878048780487805,0.6721311475409836,0.4880952380952381,0.5655172413793104,0.4876373626373626,-0.0230118910972988,0.4880952380952381,19,20,43,41,ok,20.150258100009523,4,Loan Approval,,,,
3,QNN,quantum,PCA,default,491,123,2.00001522898674e-07,{},0.5203252032520326,0.7272727272727273,0.4761904761904761,0.5755395683453237,0.5457875457875458,0.0857064500541802,0.6022588522588522,24,15,44,40,ok,20.15429139998741,4,Loan Approval,,,,
4,QNN,quantum,PCA,default,492,122,2.00001522898674e-07,{},0.5327868852459017,0.6901408450704225,0.5833333333333334,0.632258064516129,0.5021929824561404,0.0041179619738393,0.4830827067669173,16,22,35,49,ok,19.85467830003472,4,Loan Approval,,,,
5,QNN,quantum,PCA,default,491,123,2.00001522898674e-07,{},0.5772357723577236,0.7538461538461538,0.5764705882352941,0.6533333333333333,0.5777089783281734,0.1438572589040477,0.5678018575851393,22,16,36,49,ok,20.29409769998165,4,Loan Approval,,,,
6,QNN,quantum,PCA,default,491,123,2.00001522898674e-07,{},0.4878048780487805,0.75,0.388235294117647,0.5116279069767442,0.5493808049535603,0.095202759761258,0.5291021671826625,27,11,52,33,ok,20.72371890000068,4,Loan Approval,,,,
7,QNN,quantum,PCA,default,491,123,2.00001522898674e-07,{},0.5284552845528455,0.6805555555555556,0.5833333333333334,0.6282051282051282,0.4967948717948718,-0.0060547471566161,0.4978632478632478,16,23,35,49,ok,20.35852090001572,4,Loan Approval,,,,
8,QNN,quantum,PCA,default,491,123,3.00002284348011e-07,{},0.5934959349593496,0.7236842105263158,0.6547619047619048,0.6875,0.5581501831501832,0.1113774586116831,0.5934065934065934,18,21,29,55,ok,21.03683519997867,4,Loan Approval,,,,
9,QNN,quantum,PCA,default,492,122,2.00001522898674e-07,{},0.5409836065573771,0.7058823529411765,0.5714285714285714,0.631578947368421,0.5225563909774436,0.0420610116867536,0.5059523809523809,18,20,36,48,ok,20.48637739999685,4,Loan Approval,,,,
10,QNN,quantum,PCA,default,491,123,3.00002284348011e-07,{},0.5934959349593496,0.7868852459016393,0.5647058823529412,0.6575342465753424,0.6113003095975232,0.205715429585765,0.675232198142415,25,13,37,48,ok,20.92185599997174,4,Loan Approval,,,,
11,QNN,quantum,PCA,default,491,123,2.00001522898674e-07,{},0.4715447154471545,0.6724137931034483,0.4588235294117647,0.5454545454545454,0.4794117647058823,-0.0381135765622277,0.5325077399380804,19,19,46,39,ok,20.689241799991574,4,Loan Approval,,,,
12,QNN,quantum,PCA,default,491,123,3.00002284348011e-07,{},0.5365853658536586,0.7213114754098361,0.5238095238095238,0.6068965517241379,0.543956043956044,0.0818200572348404,0.5818070818070817,22,17,40,44,ok,20.429328900005203,4,Loan Approval,,,,
13,QNN,quantum,PCA,default,491,123,3.00002284348011e-07,{},0.5691056910569106,0.7183098591549296,0.6071428571428571,0.6580645161290323,0.5471611721611721,0.0888496429109123,0.5711233211233211,19,20,33,51,ok,20.522724999987982,4,Loan Approval,,,,
14,QNN,quantum,PCA,default,492,122,3.00002284348011e-07,{},0.4836065573770491,0.6909090909090909,0.4523809523809524,0.5467625899280576,0.5025062656641605,0.0046651949326186,0.4711779448621554,21,17,46,38,ok,20.23806569998851,4,Loan Approval,,,,
0,QSVC,quantum,PCA,default,491,123,1.00000761449337e-07,{},0.4959349593495935,0.6533333333333333,0.5764705882352941,0.6125,0.4461300309597523,-0.102053224746279,0.4458204334365325,12,26,36,49,ok,15.232195399992634,4,Loan Approval,,,,
1,QSVC,quantum,PCA,default,491,123,1.00000761449337e-07,{},0.5447154471544715,0.7377049180327869,0.5294117647058824,0.6164383561643836,0.5541795665634675,0.1001396388804141,0.5287925696594427,22,16,40,45,ok,14.835565500019584,4,Loan Approval,,,,
2,QSVC,quantum,PCA,default,491,123,2.00001522898674e-07,{},0.5203252032520326,0.6923076923076923,0.5357142857142857,0.6040268456375839,0.5114468864468864,0.0213411904624266,0.5421245421245421,19,20,39,45,ok,14.899936600006184,4,Loan Approval,,,,
3,QSVC,quantum,PCA,default,491,123,2.00001522898674e-07,{},0.5284552845528455,0.6756756756756757,0.5952380952380952,0.6329113924050633,0.4899267399267399,-0.0191495286714086,0.528998778998779,15,24,34,50,ok,14.974977699981537,4,Loan Approval,,,,
4,QSVC,quantum,PCA,default,492,122,2.00001522898674e-07,{},0.6065573770491803,0.7647058823529411,0.6190476190476191,0.6842105263157895,0.5989974937343359,0.1846011068474186,0.6259398496240602,22,16,32,52,ok,14.944742599967867,4,Loan Approval,,,,
5,QSVC,quantum,PCA,default,491,123,2.00001522898674e-07,{},0.5609756097560976,0.746031746031746,0.5529411764705883,0.6351351351351351,0.5659442724458205,0.1219164864257138,0.5496904024767801,22,16,38,47,ok,14.442753500014078,4,Loan Approval,,,,
6,QSVC,quantum,PCA,default,491,123,1.9994331523776054e-07,{},0.5447154471544715,0.7377049180327869,0.5294117647058824,0.6164383561643836,0.5541795665634675,0.1001396388804141,0.5744582043343653,22,16,40,45,ok,14.996138000045905,4,Loan Approval,,,,
7,QSVC,quantum,PCA,default,491,123,3.00002284348011e-07,{},0.5040650406504065,0.7090909090909091,0.4642857142857143,0.5611510791366906,0.527014652014652,0.0505668055319663,0.5723443223443223,23,16,45,39,ok,14.556384700001216,4,Loan Approval,,,,
8,QSVC,quantum,PCA,default,491,123,2.00001522898674e-07,{},0.5121951219512195,0.7142857142857143,0.4761904761904761,0.5714285714285714,0.532967032967033,0.061609883809212,0.5375457875457875,23,16,44,40,ok,14.678107200015802,4,Loan Approval,,,,
9,QSVC,quantum,PCA,default,492,122,3.00002284348011e-07,{},0.5573770491803278,0.7419354838709677,0.5476190476190477,0.6301369863013698,0.5632832080200502,0.117240713780648,0.494047619047619,22,16,38,46,ok,15.128354299988132,4,Loan Approval,,,,
10,QSVC,quantum,PCA,default,491,123,3.00002284348011e-07,{},0.5609756097560976,0.7384615384615385,0.5647058823529412,0.64,0.5586687306501548,0.1086093647901077,0.5808049535603714,21,17,37,48,ok,14.57764049997786,4,Loan Approval,,,,
11,QSVC,quantum,PCA,default,491,123,2.00001522898674e-07,{},0.5365853658536586,0.7121212121212122,0.5529411764705883,0.6225165562913907,0.5264705882352941,0.0490552455125796,0.5386996904024768,19,19,38,47,ok,14.789369900012389,4,Loan Approval,,,,
12,QSVC,quantum,PCA,default,491,123,1.9994331523776054e-07,{},0.5934959349593496,0.7428571428571429,0.6190476190476191,0.6753246753246753,0.5787545787545787,0.1480099119529299,0.6517094017094017,21,18,32,52,ok,14.696629900019616,4,Loan Approval,,,,
13,QSVC,quantum,PCA,default,491,123,3.00002284348011e-07,{},0.5447154471544715,0.6891891891891891,0.6071428571428571,0.6455696202531646,0.5086996336996337,0.0165382293071256,0.5772283272283272,16,23,33,51,ok,15.32945220003603,4,Loan Approval,,,,
14,QSVC,quantum,PCA,default,492,122,3.00002284348011e-07,{},0.5409836065573771,0.7121212121212122,0.5595238095238095,0.6266666666666667,0.5297619047619048,0.0553166891240824,0.5191102756892231,19,19,37,47,ok,15.033293700020296,4,Loan Approval,,,,
0,QDT,quantum,PCA,default,491,123,2.00001522898674e-07,{},0.5528455284552846,0.7678571428571429,0.5058823529411764,0.6099290780141844,0.5818885448916409,0.1519577995362977,0.5662538699690403,25,13,42,43,ok,0.0774257000302895,4,Loan Approval,,,,
1,QDT,quantum,PCA,default,491,123,3.00002284348011e-07,{},0.4878048780487805,0.6666666666666666,0.5176470588235295,0.5827814569536424,0.4693498452012384,-0.0568008105935132,0.5552631578947369,16,22,41,44,ok,0.05439349997323,4,Loan Approval,,,,
2,QDT,quantum,PCA,default,491,123,2.00001522898674e-07,{},0.5691056910569106,0.7066666666666667,0.6309523809523809,0.6666666666666666,0.5334249084249084,0.0637706609005833,0.5492979242979242,17,22,31,53,ok,0.0524749000323936,4,Loan Approval,,,,
3,QDT,quantum,PCA,default,491,123,3.00002284348011e-07,{},0.5772357723577236,0.6951219512195121,0.6785714285714286,0.6867469879518072,0.5187728937728938,0.037062465833055,0.5399877899877901,14,25,27,57,ok,0.0750829000025987,4,Loan Approval,,,,
4,QDT,quantum,PCA,default,492,122,2.00001522898674e-07,{},0.4590163934426229,0.8214285714285714,0.2738095238095238,0.4107142857142857,0.5711152882205515,0.1566323518837471,0.6143483709273183,33,5,61,23,ok,0.0601245000143535,4,Loan Approval,,,,
5,QDT,quantum,PCA,default,491,123,2.00001522898674e-07,{},0.5772357723577236,0.7323943661971831,0.611764705882353,0.6666666666666666,0.5558823529411765,0.1045382184560542,0.5688854489164088,19,19,33,52,ok,0.0518510999972932,4,Loan Approval,,,,
6,QDT,quantum,PCA,default,491,123,2.00001522898674e-07,{},0.6178861788617886,0.7209302325581395,0.7294117647058823,0.7251461988304093,0.5489164086687306,0.0985679521639227,0.5761609907120743,14,24,23,62,ok,0.0757630000007338,4,Loan Approval,,,,
7,QDT,quantum,PCA,default,491,123,2.00001522898674e-07,{},0.5934959349593496,0.6666666666666666,0.8095238095238095,0.7311827956989247,0.4688644688644688,-0.0770102419107276,0.445054945054945,5,34,16,68,ok,0.0775705000269226,4,Loan Approval,,,,
8,QDT,quantum,PCA,default,491,123,3.00002284348011e-07,{},0.6178861788617886,0.6796116504854369,0.8333333333333334,0.7486631016042781,0.4935897435897436,-0.016167532166059,0.534035409035409,6,33,14,70,ok,0.0717921000323258,4,Loan Approval,,,,
9,QDT,quantum,PCA,default,492,122,3.00002284348011e-07,{},0.6147540983606558,0.7228915662650602,0.7142857142857143,0.718562874251497,0.5545112781954887,0.1082621014703914,0.5098684210526316,15,23,24,60,ok,0.073693300015293,4,Loan Approval,,,,
10,QDT,quantum,PCA,default,491,123,3.00002284348011e-07,{},0.5040650406504065,0.74,0.4352941176470588,0.5481481481481482,0.5465944272445821,0.0876634992241907,0.535139318885449,25,13,48,37,ok,0.0669405000517144,4,Loan Approval,,,,
11,QDT,quantum,PCA,default,491,123,4.00003045797348e-07,{},0.3821138211382114,0.6363636363636364,0.2470588235294117,0.3559322033898305,0.4656346749226006,-0.0716759550813474,0.4323529411764705,26,12,64,21,ok,0.0808297999901697,4,Loan Approval,,,,
12,QDT,quantum,PCA,default,491,123,3.00002284348011e-07,{},0.5609756097560976,0.6829268292682927,0.6666666666666666,0.6746987951807228,0.5,0.0,0.5302197802197802,13,26,28,56,ok,0.0614447999978438,4,Loan Approval,,,,
13,QDT,quantum,PCA,default,491,123,2.00001522898674e-07,{},0.4552845528455284,0.6808510638297872,0.3809523809523809,0.4885496183206106,0.4981684981684982,-0.0035079514523364,0.4858058608058608,24,15,52,32,ok,0.060176299943123,4,Loan Approval,,,,
14,QDT,quantum,PCA,default,492,122,2.999440766870976e-07,{},0.3360655737704918,0.6,0.1071428571428571,0.1818181818181818,0.4746240601503759,-0.0715724781825747,0.4171365914786967,32,6,75,9,ok,0.0625879000290297,4,Loan Approval,,,,
0,LogReg,classical,PCA,gwo,491,123,3.117738700006157,{'C': 0.0015862124555909858},0.5772357723577236,0.746268656716418,0.5882352941176471,0.6578947368421053,0.5704334365325078,0.1307009428903884,0.6486068111455108,21,17,35,50,ok,0.0249225000152364,4,Loan Approval,0.611267577738166,45.0,"[0.6090792752744661, 0.611267577738166, 0.611267577738166, 0.611267577738166, 0.611267577738166, 0.611267577738166]",True
1,LogReg,classical,PCA,gwo,491,123,3.2973386999801733,{'C': 0.007007451746912799},0.5365853658536586,0.71875,0.5411764705882353,0.6174496644295302,0.5337461300309597,0.0624222242631951,0.5910216718266255,20,18,39,46,ok,0.0242009999928995,4,Loan Approval,0.6774326044197617,54.0,"[0.6754475287115822, 0.6762825756690428, 0.6774326044197617, 0.6774326044197617, 0.6774326044197617, 0.6774326044197617, 0.6774326044197617]",True
2,LogReg,classical,PCA,gwo,491,123,1.0376089000492357,{'C': 0.0010000000000000002},0.5528455284552846,0.7230769230769231,0.5595238095238095,0.6308724832214765,0.548992673992674,0.0913402951791862,0.5012210012210012,21,18,37,47,ok,0.0288957000011578,4,Loan Approval,0.6374268048736135,15.0,"[0.6347516641065029, 0.6374268048736135, 0.6374268048736135, 0.6374268048736135, 0.6374268048736135, 0.6374268048736135]",True
3,LogReg,classical,PCA,gwo,491,123,2.9445180000038818,{'C': 0.0036905763236875066},0.5040650406504065,0.6619718309859155,0.5595238095238095,0.6064516129032258,0.472069597069597,-0.0526196914326762,0.5225885225885226,15,24,37,47,ok,0.0270122999791055,4,Loan Approval,0.6773348389621067,50.0,"[0.6752726214200945, 0.6752726214200945, 0.6773348389621067, 0.6773348389621067, 0.6773348389621067, 0.6773348389621067, 0.6773348389621067]",True
4,LogReg,classical,PCA,gwo,492,122,2.641322200011928,{'C': 0.5544389748287588},0.5901639344262295,0.75,0.6071428571428571,0.6710526315789473,0.5798872180451128,0.1489660830572524,0.593671679197995,21,17,33,51,ok,0.0371329999761655,4,Loan Approval,0.6259654453998181,38.0,"[0.6259654453998181, 0.6259654453998181, 0.6259654453998181, 0.6259654453998181, 0.6259654453998181]",True
5,LogReg,classical,PCA,gwo,491,123,2.288333599979524,{'C': 74.93740663196427},0.6260162601626016,0.7096774193548387,0.7764705882352941,0.7415730337078652,0.5329721362229103,0.0709538949475594,0.5408668730650155,11,27,19,66,ok,0.0462630999973043,4,Loan Approval,0.6158974844852906,34.0,"[0.6158974844852906, 0.6158974844852906, 0.6158974844852906, 0.6158974844852906, 0.6158974844852906]",True
6,LogReg,classical,PCA,gwo,491,123,4.369766200019512,{'C': 0.030115142079653483},0.5853658536585366,0.7361111111111112,0.6235294117647059,0.6751592356687898,0.5617647058823529,0.1158564716793519,0.5498452012383901,19,19,32,53,ok,0.0201346999965608,4,Loan Approval,0.6112492040690979,79.0,"[0.6090390848805273, 0.6100334936763545, 0.6100334936763545, 0.6100334936763545, 0.6100334936763545, 0.6112492040690979, 0.6112492040690979, 0.6112492040690979, 0.6112492040690979, 0.6112492040690979]",True
7,LogReg,classical,PCA,gwo,491,123,3.793205399997533,{'C': 0.008156997932753403},0.5447154471544715,0.71875,0.5476190476190477,0.6216216216216216,0.5430402930402931,0.0801790985081906,0.5885225885225884,21,18,38,46,ok,0.0235712000285275,4,Loan Approval,0.612847130388786,63.0,"[0.6083924928913554, 0.6117816394362738, 0.6117816394362738, 0.612847130388786, 0.612847130388786, 0.612847130388786, 0.612847130388786, 0.612847130388786]",True
8,LogReg,classical,PCA,gwo,491,123,2.400790799991228,{'C': 0.0016671929822964528},0.5691056910569106,0.7183098591549296,0.6071428571428571,0.6580645161290323,0.5471611721611721,0.0888496429109123,0.5622710622710623,19,20,33,51,ok,0.0274483999819494,4,Loan Approval,0.6615914088741114,35.0,"[0.6615914088741114, 0.6615914088741114, 0.6615914088741114, 0.6615914088741114, 0.6615914088741114]",True
9,LogReg,classical,PCA,gwo,492,122,3.998642500024289,{'C': 0.011175833281749828},0.639344262295082,0.7857142857142857,0.6547619047619048,0.7142857142857143,0.6300125313283208,0.2434983144135831,0.6112155388471178,23,15,29,55,ok,0.0217990999808534,4,Loan Approval,0.6671378974777097,64.0,"[0.6623711340206185, 0.6647678209533879, 0.6647678209533879, 0.6671378974777097, 0.6671378974777097, 0.6671378974777097, 0.6671378974777097, 0.6671378974777097]",True
10,LogReg,classical,PCA,gwo,491,123,2.218725799990352,{'C': 0.0010048884723145306},0.5691056910569106,0.7580645161290323,0.5529411764705883,0.6394557823129252,0.5791021671826626,0.1462038727654046,0.521671826625387,23,15,38,47,ok,0.0330454999930225,4,Loan Approval,0.6552846880962372,32.0,"[0.6552846880962372, 0.6552846880962372, 0.6552846880962372, 0.6552846880962372, 0.6552846880962372]",True
11,LogReg,classical,PCA,gwo,491,123,1.8752914000069725,{'C': 21.815880722344982},0.5691056910569106,0.7666666666666667,0.5411764705882353,0.6344827586206897,0.5863777089783282,0.1596934258815688,0.6226006191950465,24,14,39,46,ok,0.0332721999729983,4,Loan Approval,0.6102037790070199,25.0,"[0.6102037790070199, 0.6102037790070199, 0.6102037790070199, 0.6102037790070199, 0.6102037790070199]",True
12,LogReg,classical,PCA,gwo,491,123,2.647346000012476,{'C': 0.5776497047800678},0.5121951219512195,0.7142857142857143,0.4761904761904761,0.5714285714285714,0.532967032967033,0.061609883809212,0.5708180708180708,23,16,44,40,ok,0.0287758999620564,4,Loan Approval,0.6822303685124446,37.0,"[0.6822303685124446, 0.6822303685124446, 0.6822303685124446, 0.6822303685124446, 0.6822303685124446]",True
13,LogReg,classical,PCA,gwo,491,123,2.747379800013732,{'C': 0.05063037745554383},0.6097560975609756,0.7307692307692307,0.6785714285714286,0.7037037037037037,0.570054945054945,0.1353590135633079,0.5955433455433456,18,21,27,57,ok,0.0309133999980986,4,Loan Approval,0.6428968253968255,40.0,"[0.6428968253968255, 0.6428968253968255, 0.6428968253968255, 0.6428968253968255, 0.6428968253968255]",True
14,LogReg,classical,PCA,gwo,492,122,3.687756399973296,{'C': 0.06251681308193295},0.5245901639344263,0.7407407407407407,0.4761904761904761,0.5797101449275363,0.5538847117794485,0.1004790834739114,0.5278822055137845,24,14,44,40,ok,0.0237116999924182,4,Loan Approval,0.6865737684782388,62.0,"[0.6847417840375586, 0.6847417840375586, 0.6847417840375586, 0.6865737684782388, 0.6865737684782388, 0.6865737684782388, 0.6865737684782388, 0.6865737684782388]",True
0,SVC,classical,PCA,gwo,491,123,5.5093553000479005,"{'C': 19.977246019008405, 'gamma': 0.00010000000000000009}",0.5772357723577236,0.6896551724137931,0.7058823529411765,0.6976744186046512,0.4976780185758514,-0.0047160578220303,0.4153250773993808,11,27,25,60,ok,0.0618987999623641,4,Loan Approval,0.721409051714032,56.0,"[0.7079187582943858, 0.7079187582943858, 0.721409051714032, 0.721409051714032, 0.721409051714032, 0.721409051714032, 0.721409051714032]",True
1,SVC,classical,PCA,gwo,491,123,5.617573700030334,"{'C': 100.00000000000013, 'gamma': 0.00016080231655758124}",0.5609756097560976,0.6631578947368421,0.7411764705882353,0.7,0.4495356037151703,-0.1112181125673713,0.4303405572755417,6,32,22,63,ok,0.0510024999966844,4,Loan Approval,0.7500132002745658,62.0,"[0.7475939716668858, 0.7483277128133258, 0.7494095979760482, 0.7500132002745658, 0.7500132002745658, 0.7500132002745658, 0.7500132002745658, 0.7500132002745658]",True
2,SVC,classical,PCA,gwo,491,123,8.31430949998321,"{'C': 14.95456619347187, 'gamma': 0.04571247576229261}",0.5040650406504065,0.7346938775510204,0.4285714285714285,0.5413533834586466,0.5476190476190476,0.0905250446284771,0.4357448107448107,26,13,48,36,ok,0.0316100000054575,4,Loan Approval,0.7101839431651639,96.0,"[0.6917614523896999, 0.6917614523896999, 0.6917614523896999, 0.6917614523896999, 0.6978894039371939, 0.6978894039371939, 0.6978894039371939, 0.6978894039371939, 0.7057998349086, 0.7091298360691428, 0.7101839431651639, 0.7101839431651639]",False
3,SVC,classical,PCA,gwo,491,123,3.867060700024013,"{'C': 12.053433366930596, 'gamma': 0.13743226331408787}",0.5853658536585366,0.746268656716418,0.5952380952380952,0.6622516556291391,0.5796703296703296,0.148890552538929,0.5671550671550671,22,17,34,50,ok,0.0472103999927639,4,Loan Approval,0.6327303884234577,40.0,"[0.6327303884234577, 0.6327303884234577, 0.6327303884234577, 0.6327303884234577, 0.6327303884234577]",True
4,SVC,classical,PCA,gwo,492,122,3.747098900028504,"{'C': 0.0695153921901931, 'gamma': 0.0005549646064685151}",0.6065573770491803,0.7093023255813954,0.7261904761904762,0.7176470588235294,0.5341478696741855,0.0693465047350941,0.4382832080200501,13,25,23,61,ok,0.0749975999933667,4,Loan Approval,0.7439673183254344,40.0,"[0.7439673183254344, 0.7439673183254344, 0.7439673183254344, 0.7439673183254344, 0.7439673183254344]",True
5,SVC,classical,PCA,gwo,491,123,8.037339400034398,"{'C': 1.7274804394388381, 'gamma': 0.004357935191077523}",0.5284552845528455,0.68,0.6,0.6375,0.4842105263157894,-0.0299121520808059,0.5176470588235295,14,24,34,51,ok,0.0337475999840535,4,Loan Approval,0.7163044274885282,95.0,"[0.7045397340405247, 0.7045397340405247, 0.7136763403506152, 0.7136763403506152, 0.7136763403506152, 0.7136763403506152, 0.7138183968607669, 0.7142031715098835, 0.7160721719340146, 0.7163044274885282, 0.7163044274885282, 0.7163044274885282]",False
6,SVC,classical,PCA,gwo,491,123,5.865689500002191,"{'C': 7.54153377386381, 'gamma': 0.000575687879617255}",0.6260162601626016,0.7468354430379747,0.6941176470588235,0.7195121951219512,0.5839009287925696,0.1617551592181876,0.5653250773993809,18,20,26,59,ok,0.0418947999714873,4,Loan Approval,0.720104799587105,64.0,"[0.6643060816212037, 0.7050361566565431, 0.7056946742031601, 0.720104799587105, 0.720104799587105, 0.720104799587105, 0.720104799587105, 0.720104799587105]",True
7,SVC,classical,PCA,gwo,491,123,7.681374899984803,"{'C': 100.00000000000013, 'gamma': 0.5700419112182292}",0.5772357723577236,0.7424242424242424,0.5833333333333334,0.6533333333333333,0.5737179487179487,0.1375833211001962,0.5805860805860805,22,17,35,49,ok,0.0488038000185042,4,Loan Approval,0.6729816775466833,77.0,"[0.6027967938188933, 0.6238598673300165, 0.6238598673300165, 0.6238598673300165, 0.6265328738756228, 0.6729816775466833, 0.6729816775466833, 0.6729816775466833, 0.6729816775466833, 0.6729816775466833]",True
8,SVC,classical,PCA,gwo,491,123,7.573794599971734,"{'C': 0.05194140863290689, 'gamma': 0.026799339298351346}",0.5853658536585366,0.6896551724137931,0.7142857142857143,0.7017543859649122,0.510989010989011,0.0224775862705991,0.5183150183150182,12,27,24,60,ok,0.0367917999974451,4,Loan Approval,0.6854995176622335,88.0,"[0.665447245622649, 0.665447245622649, 0.6664562289562289, 0.6664562289562289, 0.6664562289562289, 0.6679620715600155, 0.6854995176622335, 0.6854995176622335, 0.6854995176622335, 0.6854995176622335, 0.6854995176622335]",True
9,SVC,classical,PCA,gwo,492,122,5.60734250000678,"{'C': 0.1272072881585237, 'gamma': 0.009526333132963517}",0.6721311475409836,0.7619047619047619,0.7619047619047619,0.7619047619047619,0.6177944862155388,0.2355889724310776,0.3928571428571428,18,20,20,64,ok,0.0439270000206306,4,Loan Approval,0.7065359691782985,64.0,"[0.6966079266295447, 0.7022928346366987, 0.7022928346366987, 0.7065359691782985, 0.7065359691782985, 0.7065359691782985, 0.7065359691782985, 0.7065359691782985]",True
10,SVC,classical,PCA,gwo,491,123,3.9449064999935217,"{'C': 0.738837389232433, 'gamma': 0.005957840981479497}",0.6260162601626016,0.7142857142857143,0.7647058823529411,0.7386363636363636,0.5402476780185759,0.0847766793432013,0.3873065015479876,12,26,20,65,ok,0.0434790999861434,4,Loan Approval,0.6905083862954561,40.0,"[0.6905083862954561, 0.6905083862954561, 0.6905083862954561, 0.6905083862954561, 0.6905083862954561]",True
11,SVC,classical,PCA,gwo,491,123,7.184314899961464,"{'C': 7.470432748219179, 'gamma': 0.004334445759564514}",0.4796747967479675,0.6296296296296297,0.6,0.6144578313253012,0.4052631578947368,-0.1846218108257566,0.4671826625386996,8,30,34,51,ok,0.0485161000397056,4,Loan Approval,0.7178312766548061,80.0,"[0.6914185883997205, 0.6981160487150411, 0.7119898187585537, 0.7119898187585537, 0.7119898187585537, 0.7178312766548061, 0.7178312766548061, 0.7178312766548061, 0.7178312766548061, 0.7178312766548061]",True
12,SVC,classical,PCA,gwo,491,123,5.368378599989228,"{'C': 3.683754533508251, 'gamma': 0.000592861404362606}",0.5528455284552846,0.7959183673469388,0.4642857142857143,0.5864661654135338,0.603937728937729,0.19758831856408,0.3711843711843712,29,10,45,39,ok,0.0514613999985158,4,Loan Approval,0.7355900932681019,56.0,"[0.7318682365644328, 0.7326083347836198, 0.7355900932681019, 0.7355900932681019, 0.7355900932681019, 0.7355900932681019, 0.7355900932681019]",True
13,SVC,classical,PCA,gwo,491,123,3.871296600031201,"{'C': 5.786131276185049, 'gamma': 0.0007992041495393033}",0.6585365853658537,0.7142857142857143,0.8333333333333334,0.7692307692307693,0.5576923076923077,0.1334248769989982,0.3962148962148962,11,28,14,70,ok,0.0447019999846816,4,Loan Approval,0.7368361419669522,40.0,"[0.7368361419669522, 0.7368361419669522, 0.7368361419669522, 0.7368361419669522, 0.7368361419669522]",True
14,SVC,classical,PCA,gwo,492,122,7.210876900004223,"{'C': 100.00000000000013, 'gamma': 0.2712363907221778}",0.5409836065573771,0.6794871794871795,0.6309523809523809,0.654320987654321,0.4865288220551378,-0.0259832439199313,0.4916979949874687,13,25,31,53,ok,0.0519010999705642,4,Loan Approval,0.7055491309673716,72.0,"[0.6727243861352864, 0.6810035286648654, 0.6818585643212508, 0.6818585643212508, 0.7055491309673716, 0.7055491309673716, 0.7055491309673716, 0.7055491309673716, 0.7055491309673716]",True
0,DecisionTree,classical,PCA,gwo,491,123,2.30648749996908,"{'max_depth': 3, 'min_samples_leaf': 7}",0.6016260162601627,0.7307692307692307,0.6705882352941176,0.6993865030674846,0.5589783281733746,0.1131540639334139,0.5784829721362229,17,21,28,57,ok,0.0256604000460356,4,Loan Approval,0.6606854253305054,39.0,"[0.6294328986933458, 0.6294328986933458, 0.6606854253305054, 0.6606854253305054, 0.6606854253305054, 0.6606854253305054, 0.6606854253305054]",True
1,DecisionTree,classical,PCA,gwo,491,123,3.1734691000310704,"{'max_depth': 5, 'min_samples_leaf': 9}",0.4878048780487805,0.775,0.3647058823529411,0.496,0.5639318885448916,0.1261187764152589,0.5814241486068111,29,9,54,31,ok,0.0201707999804057,4,Loan Approval,0.6403684881945751,58.0,"[0.6076312592873915, 0.6076312592873915, 0.6076312592873915, 0.6189169156226791, 0.6403684881945751, 0.6403684881945751, 0.6403684881945751, 0.6403684881945751, 0.6403684881945751]",True
2,DecisionTree,classical,PCA,gwo,491,123,1.9792590999859383,"{'max_depth': 15, 'min_samples_leaf': 18}",0.6178861788617886,0.7402597402597403,0.6785714285714286,0.7080745341614907,0.5828754578754579,0.1594056111225506,0.5619658119658121,19,20,27,57,ok,0.026656300004106,4,Loan Approval,0.6170110364285122,37.0,"[0.6105743424584004, 0.6170110364285122, 0.6170110364285122, 0.6170110364285122, 0.6170110364285122, 0.6170110364285122]",True
3,DecisionTree,classical,PCA,gwo,491,123,1.908331000013277,"{'max_depth': 6, 'min_samples_leaf': 11}",0.6097560975609756,0.7045454545454546,0.7380952380952381,0.7209302325581395,0.5357142857142857,0.0736662483163209,0.5897435897435899,13,26,22,62,ok,0.0257399000111036,4,Loan Approval,0.6223850824596912,32.0,"[0.6223850824596912, 0.6223850824596912, 0.6223850824596912, 0.6223850824596912, 0.6223850824596912]",True
4,DecisionTree,classical,PCA,gwo,492,122,2.7539235999574885,"{'max_depth': 3, 'min_samples_leaf': 7}",0.5983606557377049,0.7397260273972602,0.6428571428571429,0.6878980891719745,0.5714285714285714,0.1349503238963331,0.5513784461152882,19,19,30,54,ok,0.0224762000143528,4,Loan Approval,0.7591201462642004,49.0,"[0.6195153651675391, 0.6195153651675391, 0.6195153651675391, 0.6312453931659983, 0.6920229417283931, 0.7587974057360585, 0.7591201462642004, 0.7591201462642004, 0.7591201462642004, 0.7591201462642004, 0.7591201462642004]",True
5,DecisionTree,classical,PCA,gwo,491,123,2.11961870000232,"{'max_depth': 12, 'min_samples_leaf': 10}",0.6097560975609756,0.7936507936507936,0.5882352941176471,0.6756756756756757,0.6230650154798762,0.2275202035409448,0.6456656346749226,25,13,35,50,ok,0.0267331999493762,4,Loan Approval,0.6225120605119246,33.0,"[0.6225120605119246, 0.6225120605119246, 0.6225120605119246, 0.6225120605119246, 0.6225120605119246]",True
6,DecisionTree,classical,PCA,gwo,491,123,2.3012509999680333,"{'max_depth': 5, 'min_samples_leaf': 5}",0.5691056910569106,0.7424242424242424,0.5764705882352941,0.6490066225165563,0.5645510835913312,0.1196259495833082,0.570123839009288,21,17,36,49,ok,0.0262952999910339,4,Loan Approval,0.7296353409708622,38.0,"[0.6969456945694569, 0.7238350354891218, 0.7238350354891218, 0.7238350354891218, 0.7296353409708622, 0.7296353409708622, 0.7296353409708622, 0.7296353409708622, 0.7296353409708622]",True
7,DecisionTree,classical,PCA,gwo,491,123,1.504818000015803,"{'max_depth': 2, 'min_samples_leaf': 6}",0.6341463414634146,0.6857142857142857,0.8571428571428571,0.7619047619047619,0.5054945054945055,0.0144677052440523,0.5093101343101343,6,33,12,72,ok,0.0269581000320613,4,Loan Approval,0.7658778829874571,25.0,"[0.7636451442421591, 0.7636451442421591, 0.7658778829874571, 0.7658778829874571, 0.7658778829874571, 0.7658778829874571, 0.7658778829874571]",True
8,DecisionTree,classical,PCA,gwo,491,123,1.8627466000034476,"{'max_depth': 2, 'min_samples_leaf': 11}",0.6260162601626016,0.69,0.8214285714285714,0.75,0.5132783882783882,0.0316944622816281,0.507020757020757,8,31,15,69,ok,0.0379897999810054,4,Loan Approval,0.7229261548826852,29.0,"[0.7098986946677132, 0.7098986946677132, 0.7229261548826852, 0.7229261548826852, 0.7229261548826852, 0.7229261548826852, 0.7229261548826852]",True
9,DecisionTree,classical,PCA,gwo,492,122,2.613926699967124,"{'max_depth': 16, 'min_samples_leaf': 9}",0.4508196721311475,0.673469387755102,0.3928571428571428,0.4962406015037593,0.4859022556390977,-0.0266349323479604,0.505795739348371,22,16,51,33,ok,0.0232336000190116,4,Loan Approval,0.6719317356572257,46.0,"[0.6656072677667001, 0.6656072677667001, 0.6719317356572257, 0.6719317356572257, 0.6719317356572257, 0.6719317356572257, 0.6719317356572257]",True
10,DecisionTree,classical,PCA,gwo,491,123,2.776256999990437,"{'max_depth': 4, 'min_samples_leaf': 14}",0.5040650406504065,0.7068965517241379,0.4823529411764706,0.5734265734265734,0.5174922600619195,0.0323822116656521,0.5575851393188854,21,17,44,41,ok,0.0213902000105008,4,Loan Approval,0.6522227988237329,53.0,"[0.6254937474205299, 0.6273518399821679, 0.6273518399821679, 0.6319913714340758, 0.642343490624156, 0.6444653143575306, 0.6522227988237329, 0.6522227988237329, 0.6522227988237329, 0.6522227988237329, 0.6522227988237329]",True
11,DecisionTree,classical,PCA,gwo,491,123,2.354774300009012,"{'max_depth': 3, 'min_samples_leaf': 14}",0.4634146341463415,0.7021276595744681,0.388235294117647,0.5,0.509907120743034,0.0188418259498786,0.5280185758513932,24,14,52,33,ok,0.0255859000026248,4,Loan Approval,0.6828326722081582,35.0,"[0.6828326722081582, 0.6828326722081582, 0.6828326722081582, 0.6828326722081582, 0.6828326722081582]",True
12,DecisionTree,classical,PCA,gwo,491,123,2.519334400014486,"{'max_depth': 4, 'min_samples_leaf': 8}",0.6422764227642277,0.7439024390243902,0.7261904761904762,0.7349397590361446,0.5938644688644689,0.1853123291652753,0.5634920634920635,18,21,23,61,ok,0.0234168000170029,4,Loan Approval,0.6720350715274573,41.0,"[0.6610136364910604, 0.6611408199643494, 0.6689727708308987, 0.6689727708308987, 0.6720350715274573, 0.6720350715274573, 0.6720350715274573, 0.6720350715274573, 0.6720350715274573]",True
13,DecisionTree,classical,PCA,gwo,491,123,1.3925018000300042,"{'max_depth': 16, 'min_samples_leaf': 1}",0.6016260162601627,0.7464788732394366,0.6309523809523809,0.6838709677419355,0.5847069597069596,0.1595843100827066,0.614010989010989,21,18,31,53,ok,0.0281643000198528,4,Loan Approval,0.6013468789241525,22.0,"[0.5951333346098867, 0.6013468789241525, 0.6013468789241525, 0.6013468789241525, 0.6013468789241525, 0.6013468789241525]",True
14,DecisionTree,classical,PCA,gwo,492,122,2.1924901999882422,"{'max_depth': 3, 'min_samples_leaf': 1}",0.5,0.7090909090909091,0.4642857142857143,0.5611510791366906,0.5216165413533835,0.0402373062938356,0.5191102756892231,22,16,45,39,ok,0.0337991000269539,4,Loan Approval,0.6940212700118891,34.0,"[0.6769444444444445, 0.6769444444444445, 0.6769444444444445, 0.6940212700118891, 0.6940212700118891, 0.6940212700118891, 0.6940212700118891, 0.6940212700118891]",True
0,RandomForest,classical,PCA,gwo,491,123,56.385279799986165,"{'max_depth': 14, 'min_samples_leaf': 2, 'max_features': 'log2'}",0.5040650406504065,0.6764705882352942,0.5411764705882353,0.6013071895424836,0.4811145510835913,-0.0351012650243713,0.5269349845201238,16,22,39,46,ok,0.4117355000344105,4,Loan Approval,0.6545751633986928,42.0,"[0.6455645564556455, 0.6520286167998961, 0.6520286167998961, 0.6545751633986928, 0.6545751633986928, 0.6545751633986928, 0.6545751633986928, 0.6545751633986928]",True
1,RandomForest,classical,PCA,gwo,491,123,57.36523639998632,"{'max_depth': 14, 'min_samples_leaf': 1, 'max_features': None}",0.5203252032520326,0.6911764705882353,0.5529411764705883,0.6143790849673203,0.50015479876161,0.000287715287085,0.5520123839009289,17,21,38,47,ok,0.5171447999891825,4,Loan Approval,0.6181422063775005,44.0,"[0.606675440520582, 0.6120279327110446, 0.6120279327110446, 0.6120279327110446, 0.6156696631079933, 0.6181422063775005, 0.6181422063775005, 0.6181422063775005, 0.6181422063775005, 0.6181422063775005]",True
2,RandomForest,classical,PCA,gwo,491,123,60.765269899973646,"{'max_depth': 12, 'min_samples_leaf': 1, 'max_features': 'sqrt'}",0.5772357723577236,0.7222222222222222,0.6190476190476191,0.6666666666666666,0.5531135531135531,0.1003358100239247,0.5793650793650793,19,20,32,52,ok,0.3641002000076696,4,Loan Approval,0.6657007841053632,48.0,"[0.652342560786691, 0.652342560786691, 0.652342560786691, 0.6612788108079101, 0.6634900311211773, 0.6657007841053632, 0.6657007841053632, 0.6657007841053632, 0.6657007841053632, 0.6657007841053632]",True
3,RandomForest,classical,PCA,gwo,491,123,70.39814780000597,"{'max_depth': 5, 'min_samples_leaf': 5, 'max_features': 'log2'}",0.4796747967479675,0.6388888888888888,0.5476190476190477,0.5897435897435898,0.4404761904761904,-0.112445304337157,0.4728327228327228,13,26,38,46,ok,0.2387416999554261,4,Loan Approval,0.659025222564308,64.0,"[0.6579803691454177, 0.6579803691454177, 0.6579803691454177, 0.6579803691454177, 0.659025222564308, 0.659025222564308, 0.659025222564308, 0.659025222564308, 0.659025222564308]",True
4,RandomForest,classical,PCA,gwo,492,122,52.3054549000226,"{'max_depth': 12, 'min_samples_leaf': 1, 'max_features': 'log2'}",0.5163934426229508,0.6984126984126984,0.5238095238095238,0.5986394557823129,0.5119047619047619,0.0220640823823649,0.4953007518796992,19,19,40,44,ok,0.4074294000165537,4,Loan Approval,0.6771153816839096,39.0,"[0.6424422581683568, 0.661490875896236, 0.6745790629151353, 0.6745790629151353, 0.6753491925518852, 0.6753491925518852, 0.6753491925518852, 0.6771153816839096, 0.6771153816839096, 0.6771153816839096, 0.6771153816839096, 0.6771153816839096]",True
5,RandomForest,classical,PCA,gwo,491,123,61.30814979999559,"{'max_depth': 7, 'min_samples_leaf': 1, 'max_features': 'sqrt'}",0.5447154471544715,0.7543859649122807,0.5058823529411764,0.6056338028169014,0.5687306501547987,0.1273715146642418,0.5821981424148607,24,14,42,43,ok,0.3330475999973714,4,Loan Approval,0.6598273759264471,51.0,"[0.6454000810822986, 0.6521675912869215, 0.6549277558700957, 0.6553924629107949, 0.6558848581475091, 0.6558848581475091, 0.6558848581475091, 0.6598273759264471, 0.6598273759264471, 0.6598273759264471, 0.6598273759264471, 0.6598273759264471]",True
6,RandomForest,classical,PCA,gwo,491,123,40.800252600049134,"{'max_depth': 8, 'min_samples_leaf': 1, 'max_features': 'sqrt'}",0.5772357723577236,0.7538461538461538,0.5764705882352941,0.6533333333333333,0.5777089783281734,0.1438572589040477,0.5928792569659443,22,16,36,49,ok,0.545703100040555,4,Loan Approval,0.6820551644081055,32.0,"[0.6780578898225956, 0.6783851462069284, 0.6783851462069284, 0.6783851462069284, 0.6820551644081055, 0.6820551644081055, 0.6820551644081055, 0.6820551644081055, 0.6820551644081055]",True
7,RandomForest,classical,PCA,gwo,491,123,68.2300847999868,"{'max_depth': 10, 'min_samples_leaf': 3, 'max_features': None}",0.4959349593495935,0.6896551724137931,0.4761904761904761,0.5633802816901409,0.5073260073260073,0.013658361895953,0.552808302808303,21,18,44,40,ok,0.3286426000413485,4,Loan Approval,0.6665389447236181,54.0,"[0.6483246977547497, 0.659749220995398, 0.662148252821828, 0.662148252821828, 0.666399469759868, 0.666399469759868, 0.666399469759868, 0.6665389447236181, 0.6665389447236181, 0.6665389447236181, 0.6665389447236181, 0.6665389447236181]",True
8,RandomForest,classical,PCA,gwo,491,123,65.97444439999526,"{'max_depth': 8, 'min_samples_leaf': 3, 'max_features': None}",0.5691056910569106,0.7066666666666667,0.6309523809523809,0.6666666666666666,0.5334249084249084,0.0637706609005833,0.5924908424908425,17,22,31,53,ok,0.3646743000135757,4,Loan Approval,0.6313239217235197,52.0,"[0.6268022553362868, 0.6268022553362868, 0.6270609308174074, 0.6270609308174074, 0.6270609308174074, 0.6270609308174074, 0.6304974140025686, 0.6304974140025686, 0.6313239217235197, 0.6313239217235197, 0.6313239217235197, 0.6313239217235197]",False
9,RandomForest,classical,PCA,gwo,492,122,65.69211649999488,"{'max_depth': 20, 'min_samples_leaf': 9, 'max_features': None}",0.5819672131147541,0.7538461538461538,0.5833333333333334,0.6577181208053692,0.5811403508771931,0.1506274806404694,0.5426065162907269,22,16,35,49,ok,0.348980400012806,4,Loan Approval,0.6040875373126928,55.0,"[0.5944976076555024, 0.6038190781817191, 0.6038190781817191, 0.6040875373126928, 0.6040875373126928, 0.6040875373126928, 0.6040875373126928, 0.6040875373126928]",True
10,RandomForest,classical,PCA,gwo,491,123,39.42234690004261,"{'max_depth': 8, 'min_samples_leaf': 1, 'max_features': 'sqrt'}",0.5934959349593496,0.7160493827160493,0.6823529411764706,0.6987951807228916,0.5385448916408668,0.0751157367575382,0.6003095975232199,15,23,27,58,ok,0.442989100003615,4,Loan Approval,0.6688352108520176,30.0,"[0.658764515907373, 0.658764515907373, 0.6621658764515908, 0.6621658764515908, 0.6688352108520176, 0.6688352108520176, 0.6688352108520176, 0.6688352108520176, 0.6688352108520176]",True
11,RandomForest,classical,PCA,gwo,491,123,57.55370320001384,"{'max_depth': 4, 'min_samples_leaf': 1, 'max_features': None}",0.5609756097560976,0.7384615384615385,0.5647058823529412,0.64,0.5586687306501548,0.1086093647901077,0.5856037151702786,21,17,37,48,ok,0.4518451999756507,4,Loan Approval,0.647705777239456,44.0,"[0.614308685775543, 0.627507809730691, 0.6315011586585927, 0.6381956430470682, 0.6381956430470682, 0.647705777239456, 0.647705777239456, 0.647705777239456, 0.647705777239456, 0.647705777239456]",True
12,RandomForest,classical,PCA,gwo,491,123,46.56931120000081,"{'max_depth': 2, 'min_samples_leaf': 20, 'max_features': 'sqrt'}",0.5528455284552846,0.6883116883116883,0.6309523809523809,0.6583850931677019,0.5077838827838828,0.0149717977297423,0.5529609279609279,15,24,31,53,ok,0.3989575000014156,4,Loan Approval,0.674069229372462,40.0,"[0.6680215029400264, 0.6680215029400264, 0.674069229372462, 0.674069229372462, 0.674069229372462, 0.674069229372462, 0.674069229372462]",True
13,RandomForest,classical,PCA,gwo,491,123,65.08138310001232,"{'max_depth': 14, 'min_samples_leaf': 2, 'max_features': 'sqrt'}",0.5040650406504065,0.6716417910447762,0.5357142857142857,0.5960264900662252,0.4858058608058608,-0.0265264777511885,0.5363247863247863,17,22,39,45,ok,0.3381556000094861,4,Loan Approval,0.6381205268140576,55.0,"[0.6370916538658474, 0.6370916538658474, 0.6370916538658474, 0.6370916538658474, 0.6381205268140576, 0.6381205268140576, 0.6381205268140576, 0.6381205268140576, 0.6381205268140576]",True
14,RandomForest,classical,PCA,gwo,492,122,51.25370920001296,"{'max_depth': 11, 'min_samples_leaf': 1, 'max_features': 'sqrt'}",0.6065573770491803,0.75,0.6428571428571429,0.6923076923076923,0.5845864661654135,0.1592982732160774,0.6256265664160402,20,18,30,54,ok,0.4645190000301227,4,Loan Approval,0.6731063350237463,41.0,"[0.662932767724973, 0.6696424848863872, 0.6696424848863872, 0.6731063350237463, 0.6731063350237463, 0.6731063350237463, 0.6731063350237463, 0.6731063350237463]",True
0,MLP,classical,PCA,gwo,491,123,14.23406960000284,"{'alpha': 2.0354926714729858e-06, 'learning_rate_init': 0.0007220465274319966}",0.5284552845528455,0.7014925373134329,0.5529411764705883,0.618421052631579,0.513312693498452,0.0247039144803811,0.5572755417956655,18,20,38,47,ok,0.3508189999847673,4,Loan Approval,0.6546276635022522,48.0,"[0.6370048227191085, 0.6546276635022522, 0.6546276635022522, 0.6546276635022522, 0.6546276635022522, 0.6546276635022522]",True
1,MLP,classical,PCA,gwo,491,123,10.879902699962258,"{'alpha': 8.90942209343857e-06, 'learning_rate_init': 0.0963561091779484}",0.4308943089430894,0.7027027027027027,0.3058823529411765,0.4262295081967213,0.5082043343653251,0.0165319666604047,0.5185758513931888,27,11,59,26,ok,0.049425000033807,4,Loan Approval,0.7184253611000136,37.0,"[0.7184253611000136, 0.7184253611000136, 0.7184253611000136, 0.7184253611000136, 0.7184253611000136]",True
2,MLP,classical,PCA,gwo,491,123,14.500205599993931,"{'alpha': 0.10000000000000006, 'learning_rate_init': 0.00010000000000000009}",0.4634146341463415,0.6451612903225806,0.4761904761904761,0.547945205479452,0.456043956043956,-0.0818200572348404,0.4542124542124542,17,22,44,40,ok,0.0803420000011101,4,Loan Approval,0.6180940798862733,48.0,"[0.5927234927234927, 0.6180940798862733, 0.6180940798862733, 0.6180940798862733, 0.6180940798862733, 0.6180940798862733]",True
3,MLP,classical,PCA,gwo,491,123,10.84227640001336,"{'alpha': 3.0822884880201215e-05, 'learning_rate_init': 0.0052866711624397714}",0.5772357723577236,0.7580645161290323,0.5595238095238095,0.6438356164383562,0.5874542124542125,0.1627878222068179,0.6251526251526252,24,15,37,47,ok,0.3686007999931462,4,Loan Approval,0.6757293233082707,64.0,"[0.6631196721670721, 0.6720186490964436, 0.6720186490964436, 0.6757293233082707, 0.6757293233082707, 0.6757293233082707, 0.6757293233082707, 0.6757293233082707]",True
4,MLP,classical,PCA,gwo,492,122,11.230299499991816,"{'alpha': 1.0000000000000004e-06, 'learning_rate_init': 0.03271561865171501}",0.5655737704918032,0.7246376811594203,0.5952380952380952,0.6535947712418301,0.5476190476190477,0.0889773899568799,0.5219298245614036,19,19,34,50,ok,0.1108934999792836,4,Loan Approval,0.6919892738761589,55.0,"[0.6201143544023441, 0.6897729228174437, 0.6919892738761589, 0.6919892738761589, 0.6919892738761589, 0.6919892738761589, 0.6919892738761589]",True
5,MLP,classical,PCA,gwo,491,123,11.82792700000573,"{'alpha': 0.0050648381080629825, 'learning_rate_init': 0.038657890569631946}",0.5203252032520326,0.696969696969697,0.5411764705882353,0.609271523178808,0.5074303405572755,0.0137698934772153,0.5154798761609908,18,20,39,46,ok,0.1154205999919213,4,Loan Approval,0.7314830534978688,80.0,"[0.7136496727161828, 0.7136496727161828, 0.7136496727161828, 0.7237958776377015, 0.7237958776377015, 0.7314830534978688, 0.7314830534978688, 0.7314830534978688, 0.7314830534978688, 0.7314830534978688]",True
6,MLP,classical,PCA,gwo,491,123,7.186492300010286,"{'alpha': 1.9077789777907858e-06, 'learning_rate_init': 0.030483782007366057}",0.4878048780487805,0.75,0.388235294117647,0.5116279069767442,0.5493808049535603,0.095202759761258,0.5919504643962848,27,11,52,33,ok,0.1209345999523066,4,Loan Approval,0.6978013109323902,40.0,"[0.6978013109323902, 0.6978013109323902, 0.6978013109323902, 0.6978013109323902, 0.6978013109323902]",True
7,MLP,classical,PCA,gwo,491,123,11.930538100015838,"{'alpha': 2.4535496836765276e-06, 'learning_rate_init': 0.031154804552027713}",0.5203252032520326,0.7551020408163265,0.4404761904761904,0.556390977443609,0.5663919413919414,0.1262128026070114,0.5604395604395604,27,12,47,37,ok,0.1430861999979242,4,Loan Approval,0.7528800555422729,72.0,"[0.7359559815493731, 0.7359559815493731, 0.7359559815493731, 0.7359559815493731, 0.7528800555422729, 0.7528800555422729, 0.7528800555422729, 0.7528800555422729, 0.7528800555422729]",True
8,MLP,classical,PCA,gwo,491,123,11.217307800019626,"{'alpha': 3.45724673304634e-05, 'learning_rate_init': 0.10000000000000006}",0.6504065040650406,0.7469879518072289,0.7380952380952381,0.7425149700598802,0.5998168498168499,0.1983064134175746,0.5775335775335775,18,21,22,62,ok,0.0647241999977268,4,Loan Approval,0.790703784978969,88.0,"[0.7573197625106022, 0.7890141051195818, 0.7891368356367355, 0.7891368356367355, 0.7891368356367355, 0.7891368356367355, 0.790703784978969, 0.790703784978969, 0.790703784978969, 0.790703784978969, 0.790703784978969]",True
9,MLP,classical,PCA,gwo,492,122,13.809642700012771,"{'alpha': 0.09108622229644393, 'learning_rate_init': 0.10000000000000006}",0.5491803278688525,0.7377049180327869,0.5357142857142857,0.6206896551724138,0.5573308270676691,0.1061988488107183,0.5889724310776943,22,16,39,45,ok,0.0448902999632991,4,Loan Approval,0.7305761153639857,96.0,"[0.6627852932139012, 0.6718240335261613, 0.6826954044345349, 0.6826954044345349, 0.6997598204878286, 0.6997598204878286, 0.6997598204878286, 0.7305761153639857, 0.7305761153639857, 0.7305761153639857, 0.7305761153639857, 0.7305761153639857]",True
10,MLP,classical,PCA,gwo,491,123,9.383402200008277,"{'alpha': 0.0005403258742100036, 'learning_rate_init': 0.025439201002962524}",0.5284552845528455,0.7076923076923077,0.5411764705882353,0.6133333333333333,0.5205882352941176,0.0381135765622277,0.5207430340557275,19,19,39,46,ok,0.1015078999917022,4,Loan Approval,0.703672228321054,40.0,"[0.703672228321054, 0.703672228321054, 0.703672228321054, 0.703672228321054, 0.703672228321054]",True
11,MLP,classical,PCA,gwo,491,123,10.685608499974478,"{'alpha': 0.004808427070714654, 'learning_rate_init': 0.10000000000000006}",0.5365853658536586,0.8181818181818182,0.4235294117647059,0.5581395348837209,0.6065015479876161,0.2053275821810205,0.5959752321981424,30,8,49,36,ok,0.0952932999935001,4,Loan Approval,0.7412391143227719,60.0,"[0.7206105869534838, 0.7206105869534838, 0.7353663890127117, 0.7412391143227719, 0.7412391143227719, 0.7412391143227719, 0.7412391143227719, 0.7412391143227719]",True
12,MLP,classical,PCA,gwo,491,123,14.004590500029735,"{'alpha': 5.823511468393159e-06, 'learning_rate_init': 0.0002974864157265734}",0.5040650406504065,0.6885245901639344,0.5,0.5793103448275863,0.5064102564102564,0.0119320916800808,0.55006105006105,20,19,42,42,ok,0.1392276999540627,4,Loan Approval,0.638766597518433,48.0,"[0.6368318785661703, 0.638766597518433, 0.638766597518433, 0.638766597518433, 0.638766597518433, 0.638766597518433]",True
13,MLP,classical,PCA,gwo,491,123,28.295455200015567,"{'alpha': 8.664868740804872e-05, 'learning_rate_init': 0.00010741517041795166}",0.5447154471544715,0.675,0.6428571428571429,0.6585365853658537,0.4880952380952381,-0.023235040555905,0.5119047619047619,13,26,30,54,ok,0.0823605000041425,4,Loan Approval,0.7491613152663373,96.0,"[0.7299621603027177, 0.7299621603027177, 0.7476483725350439, 0.7476483725350439, 0.748697903994214, 0.748697903994214, 0.748697903994214, 0.7491613152663373, 0.7491613152663373, 0.7491613152663373, 0.7491613152663373, 0.7491613152663373]",True
14,MLP,classical,PCA,gwo,492,122,9.149523900006898,"{'alpha': 0.0001599168623674552, 'learning_rate_init': 0.08095694327859}",0.5655737704918032,0.7627118644067796,0.5357142857142857,0.6293706293706294,0.5836466165413534,0.1550292104234593,0.5601503759398497,24,14,39,45,ok,0.1109434999525547,4,Loan Approval,0.7196924173110877,56.0,"[0.6275731612520704, 0.6328394258035043, 0.7196924173110877, 0.7196924173110877, 0.7196924173110877, 0.7196924173110877, 0.7196924173110877]",True
0,XGBoost,classical,PCA,gwo,491,123,11.805012300028466,"{'max_depth': 3, 'learning_rate': 0.1525676747474585, 'subsample': 0.9096829159605175}",0.4390243902439024,0.6290322580645161,0.4588235294117647,0.5306122448979592,0.4267801857585139,-0.135331569115531,0.4263157894736842,15,23,46,39,ok,0.0798442999948747,4,Loan Approval,0.6533512890313792,40.0,"[0.6533512890313792, 0.6533512890313792, 0.6533512890313792, 0.6533512890313792, 0.6533512890313792]",True
1,XGBoost,classical,PCA,gwo,491,123,17.728336700005457,"{'max_depth': 2, 'learning_rate': 0.0010000000000000002, 'subsample': 0.6229039040740614}",0.5121951219512195,0.711864406779661,0.4941176470588235,0.5833333333333334,0.5233746130030961,0.0432374122190021,0.5752321981424149,21,17,43,42,ok,0.0989716000040061,4,Loan Approval,0.6606080276966354,64.0,"[0.6526579049605367, 0.6526579049605367, 0.6526579049605367, 0.6606080276966354, 0.6606080276966354, 0.6606080276966354, 0.6606080276966354, 0.6606080276966354]",True
2,XGBoost,classical,PCA,gwo,491,123,18.95823059999384,"{'max_depth': 5, 'learning_rate': 0.05759321675967116, 'subsample': 1.0}",0.5772357723577236,0.7580645161290323,0.5595238095238095,0.6438356164383562,0.5874542124542125,0.1627878222068179,0.6106532356532356,24,15,37,47,ok,0.1121606000233441,4,Loan Approval,0.6521558872305141,56.0,"[0.6414158948395494, 0.6414158948395494, 0.6521558872305141, 0.6521558872305141, 0.6521558872305141, 0.6521558872305141, 0.6521558872305141]",True
3,XGBoost,classical,PCA,gwo,491,123,29.384788200026374,"{'max_depth': 7, 'learning_rate': 0.02298876590662869, 'subsample': 0.7128415067815755}",0.5447154471544715,0.7121212121212122,0.5595238095238095,0.6266666666666667,0.5361721611721612,0.0675098283659348,0.5758547008547009,20,19,37,47,ok,0.0970283999922685,4,Loan Approval,0.6816159876857251,96.0,"[0.676436693158711, 0.676436693158711, 0.676436693158711, 0.676436693158711, 0.6780653569380742, 0.6780653569380742, 0.6780653569380742, 0.6816159876857251, 0.6816159876857251, 0.6816159876857251, 0.6816159876857251, 0.6816159876857251]",True
4,XGBoost,classical,PCA,gwo,492,122,28.30743439996149,"{'max_depth': 8, 'learning_rate': 0.04000513823367614, 'subsample': 0.8010701898815108}",0.5327868852459017,0.7076923076923077,0.5476190476190477,0.6174496644295302,0.5238095238095238,0.0441995696087863,0.5610902255639098,19,19,38,46,ok,0.1127834999933838,4,Loan Approval,0.6816059757236227,96.0,"[0.6689870055014229, 0.6704402328823775, 0.6704402328823775, 0.6704402328823775, 0.671048426851697, 0.671048426851697, 0.6717867520943955, 0.6717867520943955, 0.6721062356455819, 0.6721062356455819, 0.6816059757236227, 0.6816059757236227]",False
5,XGBoost,classical,PCA,gwo,491,123,23.59052269998938,"{'max_depth': 8, 'learning_rate': 0.4379565142651443, 'subsample': 0.7065974514939997}",0.4878048780487805,0.6666666666666666,0.5176470588235295,0.5827814569536424,0.4693498452012384,-0.0568008105935132,0.5628482972136223,16,22,41,44,ok,0.0719340000068768,4,Loan Approval,0.65579264661334,96.0,"[0.6415635387880972, 0.6415635387880972, 0.6494059292009337, 0.6527158429332341, 0.6527158429332341, 0.6535422789294938, 0.6535422789294938, 0.6535422789294938, 0.6535422789294938, 0.65579264661334, 0.65579264661334, 0.65579264661334]",False
6,XGBoost,classical,PCA,gwo,491,123,18.851747899956536,"{'max_depth': 5, 'learning_rate': 0.22743568078043738, 'subsample': 0.596041578587263}",0.4959349593495935,0.6825396825396826,0.5058823529411764,0.581081081081081,0.4897832817337461,-0.0188884697279274,0.5479876160990712,18,20,42,43,ok,0.0897026000311598,4,Loan Approval,0.662763814678704,56.0,"[0.6437420739440055, 0.6437420739440055, 0.662763814678704, 0.662763814678704, 0.662763814678704, 0.662763814678704, 0.662763814678704]",True
7,XGBoost,classical,PCA,gwo,491,123,17.53580630000215,"{'max_depth': 2, 'learning_rate': 0.005358907643048977, 'subsample': 1.0}",0.5121951219512195,0.75,0.4285714285714285,0.5454545454545454,0.5604395604395604,0.115311332039411,0.6138583638583639,27,12,48,36,ok,0.0974374000215902,4,Loan Approval,0.688350393866633,88.0,"[0.612926244141983, 0.6343113149034202, 0.6368509924907987, 0.6395705387728593, 0.6655254654426851, 0.6655254654426851, 0.688350393866633, 0.688350393866633, 0.688350393866633, 0.688350393866633, 0.688350393866633]",True
8,XGBoost,classical,PCA,gwo,491,123,14.488261900027284,"{'max_depth': 2, 'learning_rate': 0.0010000000000000002, 'subsample': 0.9241213868051794}",0.5121951219512195,0.75,0.4285714285714285,0.5454545454545454,0.5604395604395604,0.115311332039411,0.6178266178266179,27,12,48,36,ok,0.0648974999785423,4,Loan Approval,0.6951971855923266,64.0,"[0.6456494745701976, 0.6676112771559236, 0.6712631278720048, 0.6951971855923266, 0.6951971855923266, 0.6951971855923266, 0.6951971855923266, 0.6951971855923266]",True
9,XGBoost,classical,PCA,gwo,492,122,10.6337835000013,"{'max_depth': 9, 'learning_rate': 0.3491650049921603, 'subsample': 0.5889390775162318}",0.5081967213114754,0.7142857142857143,0.4761904761904761,0.5714285714285714,0.5275689223057645,0.0512407225570447,0.5332080200501254,22,16,44,40,ok,0.1322148999897763,4,Loan Approval,0.632276407066323,39.0,"[0.632276407066323, 0.632276407066323, 0.632276407066323, 0.632276407066323, 0.632276407066323]",True
10,XGBoost,classical,PCA,gwo,491,123,26.423554600041825,"{'max_depth': 5, 'learning_rate': 0.001402439090025389, 'subsample': 0.9541267064050689}",0.4878048780487805,0.6447368421052632,0.5764705882352941,0.6086956521739131,0.4329721362229102,-0.1274767286921477,0.4642414860681114,11,27,36,49,ok,0.087707299971953,4,Loan Approval,0.6687853460840048,96.0,"[0.6560240994075478, 0.6610436688427539, 0.6622744539411206, 0.6644711467141374, 0.6677406810960607, 0.6677406810960607, 0.6679096375167539, 0.6679096375167539, 0.6679096375167539, 0.6687853460840048, 0.6687853460840048, 0.6687853460840048]",False
11,XGBoost,classical,PCA,gwo,491,123,10.747251399967354,"{'max_depth': 2, 'learning_rate': 0.19113834772472912, 'subsample': 0.7737549273742357}",0.5284552845528455,0.684931506849315,0.5882352941176471,0.6329113924050633,0.4914860681114551,-0.0160182473665464,0.5580495356037152,15,23,35,50,ok,0.0947739999974146,4,Loan Approval,0.6523168129708293,48.0,"[0.6255092046523097, 0.6523168129708293, 0.6523168129708293, 0.6523168129708293, 0.6523168129708293, 0.6523168129708293]",True
12,XGBoost,classical,PCA,gwo,491,123,19.34579870000016,"{'max_depth': 3, 'learning_rate': 0.004170782780465959, 'subsample': 1.0}",0.4471544715447154,0.6428571428571429,0.4285714285714285,0.5142857142857142,0.4578754578754578,-0.078723740422882,0.4688644688644688,19,20,48,36,ok,0.0721096000052057,4,Loan Approval,0.6515320630621918,56.0,"[0.6237279977997799, 0.6237279977997799, 0.6515320630621918, 0.6515320630621918, 0.6515320630621918, 0.6515320630621918, 0.6515320630621918]",True
13,XGBoost,classical,PCA,gwo,491,123,23.63099269999657,"{'max_depth': 4, 'learning_rate': 0.1485821166927812, 'subsample': 0.9784882306517595}",0.5284552845528455,0.696969696969697,0.5476190476190477,0.6133333333333333,0.5173992673992674,0.032473081998804,0.517094017094017,19,20,38,46,ok,0.0773482999647967,4,Loan Approval,0.6764788891979028,92.0,"[0.6615915250061591, 0.6615915250061591, 0.6642603414162793, 0.6642603414162793, 0.6642603414162793, 0.6649530009286108, 0.6649530009286108, 0.6649530009286108, 0.6653029147308324, 0.6764788891979028, 0.6764788891979028, 0.6764788891979028]",False
14,XGBoost,classical,PCA,gwo,492,122,22.687481999979354,"{'max_depth': 3, 'learning_rate': 0.14714334006205693, 'subsample': 0.6817639446383666}",0.5081967213114754,0.7068965517241379,0.4880952380952381,0.5774647887323944,0.5203634085213033,0.0377666033635161,0.5886591478696742,21,17,43,41,ok,0.0707642000052146,4,Loan Approval,0.6340475317373007,96.0,"[0.624936346170466, 0.6303243142575891, 0.6303243142575891, 0.6303243142575891, 0.6303243142575891, 0.6313348828950979, 0.6313348828950979, 0.6340475317373007, 0.6340475317373007, 0.6340475317373007, 0.6340475317373007, 0.6340475317373007]",True
0,VQC,quantum,PCA,gwo,491,123,3613.9570573999663,"{'n_layers': 3, 'learning_rate': 0.0014562450476049303, 'map_reps': 1, 'feature_map': 'angle', 'entanglement': 'full', 'init_scale': 0.3156015410814727}",0.6666666666666666,0.7340425531914894,0.8117647058823529,0.770949720670391,0.5769349845201238,0.1674912801061393,0.5427244582043345,13,25,16,69,ok,8.793310700042639,4,Loan Approval,0.7798119104591482,96.0,"[0.6676291275170628, 0.6676291275170628, 0.6676291275170628, 0.6950257317449268, 0.6973166914767739, 0.7239588370674932, 0.7283883063350745, 0.7674384874384875, 0.7674384874384875, 0.7798119104591482, 0.7798119104591482, 0.7798119104591482]",False
1,VQC,quantum,PCA,gwo,491,123,3248.623078099976,"{'n_layers': 3, 'learning_rate': 0.0010795949123029458, 'map_reps': 1, 'feature_map': 'angle', 'entanglement': 'linear', 'init_scale': 0.19095488705269667}",0.6991869918699187,0.7068965517241379,0.9647058823529412,0.8159203980099502,0.534984520123839,0.1395497823137387,0.4408668730650155,4,34,3,82,ok,9.842430800024886,4,Loan Approval,0.8094249948493492,96.0,"[0.6496861753062381, 0.650038781105949, 0.7543138335200844, 0.7543138335200844, 0.7543138335200844, 0.7543138335200844, 0.8024566628572621, 0.8024566628572621, 0.8094249948493492, 0.8094249948493492, 0.8094249948493492, 0.8094249948493492]",False
2,VQC,quantum,PCA,gwo,491,123,3189.6667984000524,"{'n_layers': 3, 'learning_rate': 0.0010793301459234477, 'map_reps': 1, 'feature_map': 'angle', 'entanglement': 'linear', 'init_scale': 0.13503643191791745}",0.6991869918699187,0.7008547008547008,0.9761904761904762,0.8159203980099502,0.5393772893772893,0.1701293345735885,0.4694749694749695,4,35,2,82,ok,10.582150400034152,4,Loan Approval,0.809363523712966,96.0,"[0.6408727265362336, 0.6925749039462308, 0.7938693307661601, 0.7938693307661601, 0.7938693307661601, 0.8048432366218536, 0.804887648490053, 0.809363523712966, 0.809363523712966, 0.809363523712966, 0.809363523712966, 0.809363523712966]",True
3,VQC,quantum,PCA,gwo,491,123,2951.374137000006,"{'n_layers': 3, 'learning_rate': 0.009960087759225678, 'map_reps': 3, 'feature_map': 'angle', 'entanglement': 'full', 'init_scale': 0.16256571088615165}",0.4552845528455284,0.639344262295082,0.4642857142857143,0.5379310344827586,0.4500915750915751,-0.0928998566520584,0.4942002442002442,17,22,45,39,ok,12.338596599991432,4,Loan Approval,0.699751564945227,88.0,"[0.6710526421315738, 0.6711109432929536, 0.6877665765901072, 0.6877665765901072, 0.6877665765901072, 0.6877665765901072, 0.699751564945227, 0.699751564945227, 0.699751564945227, 0.699751564945227, 0.699751564945227]",True
4,VQC,quantum,PCA,gwo,492,122,3656.9328996000113,"{'n_layers': 4, 'learning_rate': 0.045075437976348866, 'map_reps': 2, 'feature_map': 'zz', 'entanglement': 'linear', 'init_scale': 0.47400350051440493}",0.5081967213114754,0.7068965517241379,0.4880952380952381,0.5774647887323944,0.5203634085213033,0.0377666033635161,0.5213032581453634,21,17,43,41,ok,12.438453099981416,4,Loan Approval,0.680951172040281,88.0,"[0.6321801199304886, 0.6426384890856013, 0.6684909070371625, 0.6684909070371625, 0.6684909070371625, 0.6684909070371625, 0.680951172040281, 0.680951172040281, 0.680951172040281, 0.680951172040281, 0.680951172040281]",True
5,VQC,quantum,PCA,gwo,491,123,3279.137518499978,"{'n_layers': 3, 'learning_rate': 0.0010996272276637075, 'map_reps': 1, 'feature_map': 'angle', 'entanglement': 'linear', 'init_scale': 0.14146445347103434}",0.6829268292682927,0.7017543859649122,0.9411764705882352,0.8040201005025126,0.5232198142414861,0.0823979330375196,0.5052631578947369,4,34,5,80,ok,9.54281140002422,4,Loan Approval,0.8093578678825382,96.0,"[0.7252719496097649, 0.7252719496097649, 0.7252719496097649, 0.7777529262655634, 0.8029476376627197, 0.8029476376627197, 0.8029476376627197, 0.8059330514118662, 0.8092767884200581, 0.8093578678825382, 0.8093578678825382, 0.8093578678825382]",False
6,VQC,quantum,PCA,gwo,491,123,1272.103230100009,"{'n_layers': 3, 'learning_rate': 0.2889952924265478, 'map_reps': 1, 'feature_map': 'angle', 'entanglement': 'circular', 'init_scale': 0.4321356846956498}",0.6910569105691057,0.6910569105691057,1.0,0.8173076923076923,0.5,0.0,0.5256965944272446,0,38,0,85,ok,17.554680399945937,4,Loan Approval,0.7639476431179454,40.0,"[0.7639476431179454, 0.7639476431179454, 0.7639476431179454, 0.7639476431179454, 0.7639476431179454]",True
7,VQC,quantum,PCA,gwo,491,123,1871.9243500999876,"{'n_layers': 3, 'learning_rate': 0.0014472468475670449, 'map_reps': 1, 'feature_map': 'angle', 'entanglement': 'linear', 'init_scale': 0.26861152267607036}",0.7073170731707317,0.75,0.8571428571428571,0.8,0.6208791208791209,0.2717914161090704,0.6352258852258853,15,24,12,72,ok,16.96535670000594,4,Loan Approval,0.736100046137782,48.0,"[0.631500421918019, 0.736100046137782, 0.736100046137782, 0.736100046137782, 0.736100046137782, 0.736100046137782]",True
8,VQC,quantum,PCA,gwo,491,123,2024.5651365999947,"{'n_layers': 5, 'learning_rate': 0.43467588370630106, 'map_reps': 1, 'feature_map': 'zz', 'entanglement': 'circular', 'init_scale': 0.39489954696604157}",0.4878048780487805,0.7560975609756098,0.369047619047619,0.496,0.5563186813186813,0.1111873974991651,0.5848595848595849,29,10,53,31,ok,25.34477220004192,4,Loan Approval,0.7854366694830631,40.0,"[0.7854366694830631, 0.7854366694830631, 0.7854366694830631, 0.7854366694830631, 0.7854366694830631]",True
9,VQC,quantum,PCA,gwo,492,122,2586.861097100016,"{'n_layers': 2, 'learning_rate': 0.001187214919104091, 'map_reps': 1, 'feature_map': 'angle', 'entanglement': 'full', 'init_scale': 0.20068766547874742}",0.5737704918032787,0.7,0.6666666666666666,0.6829268292682927,0.5175438596491228,0.0341992784028384,0.4990601503759398,14,24,28,56,ok,8.289112499973271,4,Loan Approval,0.7684090283584628,96.0,"[0.7001843949004866, 0.7001843949004866, 0.7386988165626569, 0.7386988165626569, 0.7386988165626569, 0.7386988165626569, 0.7486368200455447, 0.7615831966762195, 0.7615831966762195, 0.7615831966762195, 0.7684090283584628, 0.7684090283584628]",False
10,VQC,quantum,PCA,gwo,491,123,2123.131689700007,"{'n_layers': 4, 'learning_rate': 0.00177487256068334, 'map_reps': 2, 'feature_map': 'angle', 'entanglement': 'circular', 'init_scale': 0.3293288473068145}",0.5609756097560976,0.7384615384615385,0.5647058823529412,0.64,0.5586687306501548,0.1086093647901077,0.6018575851393189,21,17,37,48,ok,19.908853100030683,4,Loan Approval,0.6594875788801023,40.0,"[0.6594875788801023, 0.6594875788801023, 0.6594875788801023, 0.6594875788801023, 0.6594875788801023]",True
11,VQC,quantum,PCA,gwo,491,123,1957.432225900004,"{'n_layers': 1, 'learning_rate': 0.1643363745638555, 'map_reps': 1, 'feature_map': 'angle', 'entanglement': 'full', 'init_scale': 0.15195900994593184}",0.5284552845528455,0.7755102040816326,0.4470588235294118,0.5671641791044776,0.5787925696594427,0.1487313847069002,0.6043343653250773,27,11,47,38,ok,7.121402799966745,4,Loan Approval,0.7393670069942626,80.0,"[0.7282230642184008, 0.7282230642184008, 0.7282230642184008, 0.7282230642184008, 0.7311776630060175, 0.7393670069942626, 0.7393670069942626, 0.7393670069942626, 0.7393670069942626, 0.7393670069942626]",True
12,VQC,quantum,PCA,gwo,491,123,2237.6941509000026,"{'n_layers': 5, 'learning_rate': 0.0013477973753449027, 'map_reps': 1, 'feature_map': 'angle', 'entanglement': 'linear', 'init_scale': 0.33752331236357724}",0.5284552845528455,0.6666666666666666,0.6190476190476191,0.6419753086419753,0.4761904761904761,-0.0460043706228236,0.4578754578754579,13,26,32,52,ok,22.14557900000364,4,Loan Approval,0.7288651987517714,40.0,"[0.7288651987517714, 0.7288651987517714, 0.7288651987517714, 0.7288651987517714, 0.7288651987517714]",True
13,VQC,quantum,PCA,gwo,491,123,3959.897236600053,"{'n_layers': 4, 'learning_rate': 0.2884064181532566, 'map_reps': 2, 'feature_map': 'zz', 'entanglement': 'linear', 'init_scale': 0.2615920387440244}",0.3170731707317073,0.0,0.0,0.0,0.5,0.0,0.6120268620268621,39,0,84,0,ok,11.689497399958782,4,Loan Approval,0.7819172748814699,96.0,"[0.6418091624289947, 0.6418091624289947, 0.6736904728040627, 0.7160191293032622, 0.7160191293032622, 0.7160191293032622, 0.7160191293032622, 0.749519818404051, 0.749519818404051, 0.7819172748814699, 0.7819172748814699, 0.7819172748814699]",False
14,VQC,quantum,PCA,gwo,492,122,2374.424543500005,"{'n_layers': 3, 'learning_rate': 0.0010000000000000002, 'map_reps': 3, 'feature_map': 'zz', 'entanglement': 'linear', 'init_scale': 0.22134283891357795}",0.3688524590163934,0.574468085106383,0.3214285714285714,0.4122137404580153,0.3975563909774436,-0.1949695306993783,0.3784461152882205,18,20,57,27,ok,18.481946599960796,4,Loan Approval,0.6807233679436928,48.0,"[0.6742066785220313, 0.6807233679436928, 0.6807233679436928, 0.6807233679436928, 0.6807233679436928, 0.6807233679436928]",True
0,QNN,quantum,PCA,gwo,491,123,2488.9256581999944,"{'n_layers': 2, 'learning_rate': 0.002695243348285495, 'feature_map': 'angle', 'entanglement': 'linear', 'init_scale': 0.180768455937716}",0.5284552845528455,0.684931506849315,0.5882352941176471,0.6329113924050633,0.4914860681114551,-0.0160182473665464,0.5547987616099072,15,23,35,50,ok,12.263306600041687,4,Loan Approval,0.6948088493844836,40.0,"[0.6948088493844836, 0.6948088493844836, 0.6948088493844836, 0.6948088493844836, 0.6948088493844836]",True
1,QNN,quantum,PCA,gwo,491,123,2556.8508063000045,"{'n_layers': 1, 'learning_rate': 0.0010000000000000002, 'feature_map': 'angle', 'entanglement': 'circular', 'init_scale': 0.11257307026281359}",0.6504065040650406,0.6981132075471698,0.8705882352941177,0.774869109947644,0.5142414860681115,0.038133719952423,0.444891640866873,6,32,11,74,ok,5.141890500031877,4,Loan Approval,0.7928114274471006,96.0,"[0.6725310116698179, 0.6748981718291182, 0.6748981718291182, 0.6808603952789999, 0.6943565371675069, 0.6943565371675069, 0.6943565371675069, 0.732569585417072, 0.7928114274471006, 0.7928114274471006, 0.7928114274471006, 0.7928114274471006]",False
2,QNN,quantum,PCA,gwo,491,123,3726.9183473000303,"{'n_layers': 5, 'learning_rate': 0.49999999999999994, 'feature_map': 'angle', 'entanglement': 'linear', 'init_scale': 0.4496409826696803}",0.6666666666666666,0.6837606837606838,0.9523809523809524,0.7960199004975125,0.5018315018315018,0.0079129923057483,0.539072039072039,2,37,4,80,ok,16.170103000011295,4,Loan Approval,0.7581423893179,67.0,"[0.682554514138773, 0.682554514138773, 0.7106095656548012, 0.7106095656548012, 0.7581423893179, 0.7581423893179, 0.7581423893179, 0.7581423893179, 0.7581423893179]",True
3,QNN,quantum,PCA,gwo,491,123,3293.607506499975,"{'n_layers': 2, 'learning_rate': 0.0013120098531894588, 'feature_map': 'angle', 'entanglement': 'circular', 'init_scale': 0.15860428877348168}",0.5447154471544715,0.7,0.5833333333333334,0.6363636363636364,0.5224358974358975,0.0421656144517068,0.5134310134310134,18,21,35,49,ok,8.193093200039584,4,Loan Approval,0.713765925842623,88.0,"[0.6843289480860638, 0.6843289480860638, 0.6949401677742353, 0.6949401677742353, 0.6969430012800242, 0.7069010882084276, 0.713765925842623, 0.713765925842623, 0.713765925842623, 0.713765925842623, 0.713765925842623]",True
4,QNN,quantum,PCA,gwo,492,122,2940.420567699999,"{'n_layers': 1, 'learning_rate': 0.0013467555393221456, 'feature_map': 'angle', 'entanglement': 'linear', 'init_scale': 0.2723046047234702}",0.5327868852459017,0.6753246753246753,0.6190476190476191,0.6459627329192547,0.4805764411027569,-0.0372853843542008,0.4407894736842105,13,25,32,52,ok,4.75654349999968,4,Loan Approval,0.7829834068116092,96.0,"[0.6924798508983248, 0.6924798508983248, 0.6924798508983248, 0.7012977687105768, 0.7012977687105768, 0.7012977687105768, 0.7210261673434109, 0.7211455779412287, 0.7482328274909055, 0.7829834068116092, 0.7829834068116092, 0.7829834068116092]",False
5,QNN,quantum,PCA,gwo,491,123,3782.151780800021,"{'n_layers': 4, 'learning_rate': 0.49999999999999994, 'feature_map': 'zz', 'entanglement': 'circular', 'init_scale': 0.3939022500271193}",0.6666666666666666,0.6964285714285714,0.9176470588235294,0.7918781725888325,0.5114551083591331,0.0370958310259556,0.4597523219814242,4,34,7,78,ok,16.348302999977022,4,Loan Approval,0.7297370021283065,80.0,"[0.6631315495412858, 0.6672153315820393, 0.6672153315820393, 0.6919696969696969, 0.6971473692691967, 0.7297370021283065, 0.7297370021283065, 0.7297370021283065, 0.7297370021283065, 0.7297370021283065]",True
6,QNN,quantum,PCA,gwo,491,123,3720.3077954999753,"{'n_layers': 3, 'learning_rate': 0.0010000000000000002, 'feature_map': 'angle', 'entanglement': 'circular', 'init_scale': 0.28067219011885663}",0.5365853658536586,0.7121212121212122,0.5529411764705883,0.6225165562913907,0.5264705882352941,0.0490552455125796,0.6027863777089784,19,19,38,47,ok,10.23951099999249,4,Loan Approval,0.7136906016910051,72.0,"[0.6721517037446535, 0.6721517037446535, 0.6721517037446535, 0.6721517037446535, 0.7136906016910051, 0.7136906016910051, 0.7136906016910051, 0.7136906016910051, 0.7136906016910051]",True
7,QNN,quantum,PCA,gwo,491,123,1874.5186999000143,"{'n_layers': 1, 'learning_rate': 0.0010639799183903434, 'feature_map': 'angle', 'entanglement': 'circular', 'init_scale': 0.14307682991811616}",0.6341463414634146,0.672566371681416,0.9047619047619048,0.7715736040609137,0.478021978021978,-0.0748430235082058,0.4560439560439561,2,37,8,76,ok,7.738764500012621,4,Loan Approval,0.8077266954482285,64.0,"[0.691814088970487, 0.734166164309452, 0.7864290240870875, 0.8077266954482285, 0.8077266954482285, 0.8077266954482285, 0.8077266954482285, 0.8077266954482285]",True
8,QNN,quantum,PCA,gwo,491,123,3366.597185700026,"{'n_layers': 3, 'learning_rate': 0.0010000000000000002, 'feature_map': 'angle', 'entanglement': 'circular', 'init_scale': 0.21900977563902618}",0.5934959349593496,0.7073170731707317,0.6904761904761905,0.6987951807228916,0.5375457875457875,0.0741249316661101,0.5863858363858364,15,24,26,58,ok,11.492255299992394,4,Loan Approval,0.7079142300194933,56.0,"[0.6740272853475601, 0.6881160345638603, 0.7079142300194933, 0.7079142300194933, 0.7079142300194933, 0.7079142300194933, 0.7079142300194933]",True
9,QNN,quantum,PCA,gwo,492,122,3424.549532500037,"{'n_layers': 2, 'learning_rate': 0.0014864479773935623, 'feature_map': 'angle', 'entanglement': 'linear', 'init_scale': 0.1605378290442936}",0.5491803278688525,0.6986301369863014,0.6071428571428571,0.6496815286624203,0.5140977443609023,0.0266349323479604,0.4761904761904762,16,22,33,51,ok,7.366606099996716,4,Loan Approval,0.7430603565057347,96.0,"[0.6600348576155027, 0.6600348576155027, 0.6975098794086717, 0.7102285019576309, 0.7220090479852789, 0.7220090479852789, 0.7220090479852789, 0.7220090479852789, 0.7321983406923308, 0.7321983406923308, 0.7430603565057347, 0.7430603565057347]",False
10,QNN,quantum,PCA,gwo,491,123,2509.403971200052,"{'n_layers': 1, 'learning_rate': 0.0010350056981731728, 'feature_map': 'angle', 'entanglement': 'linear', 'init_scale': 0.04591290544392794}",0.5284552845528455,0.6666666666666666,0.6352941176470588,0.6506024096385542,0.4623839009287925,-0.0733057190043445,0.4238390092879257,11,27,31,54,ok,5.810187599970959,4,Loan Approval,0.7809614136674488,96.0,"[0.6792573123228735, 0.687954752782339, 0.6982366882112047, 0.752856181865312, 0.7735894712509803, 0.7779942587983742, 0.7791919497313344, 0.7809614136674488, 0.7809614136674488, 0.7809614136674488, 0.7809614136674488, 0.7809614136674488]",True
11,QNN,quantum,PCA,gwo,491,123,2276.5143302999786,"{'n_layers': 1, 'learning_rate': 0.0010000000000000002, 'feature_map': 'angle', 'entanglement': 'circular', 'init_scale': 0.07823969456837508}",0.6097560975609756,0.7176470588235294,0.7176470588235294,0.7176470588235294,0.5430340557275541,0.0860681114551083,0.469969040247678,14,24,24,61,ok,7.783557100046892,4,Loan Approval,0.8025941972532967,72.0,"[0.6439614573457719, 0.7003239459289133, 0.7020945364215043, 0.7956848491914291, 0.8025941972532967, 0.8025941972532967, 0.8025941972532967, 0.8025941972532967, 0.8025941972532967]",True
12,QNN,quantum,PCA,gwo,491,123,2678.593251699989,"{'n_layers': 1, 'learning_rate': 0.0010000000000000002, 'feature_map': 'angle', 'entanglement': 'circular', 'init_scale': 0.25700389657608785}",0.4634146341463415,0.6071428571428571,0.6071428571428571,0.6071428571428571,0.3804945054945055,-0.239010989010989,0.3913308913308913,6,33,33,51,ok,5.015475099964533,4,Loan Approval,0.8043471911567376,96.0,"[0.6825752163213464, 0.6825752163213464, 0.7716146168016108, 0.7778944298629339, 0.7778944298629339, 0.7778944298629339, 0.7778944298629339, 0.8043471911567376, 0.8043471911567376, 0.8043471911567376, 0.8043471911567376, 0.8043471911567376]",True
13,QNN,quantum,PCA,gwo,491,123,2343.129018399981,"{'n_layers': 1, 'learning_rate': 0.0010000000000000002, 'feature_map': 'angle', 'entanglement': 'circular', 'init_scale': 0.05499424185837267}",0.5853658536585366,0.6774193548387096,0.75,0.711864406779661,0.4903846153846154,-0.0208385022537287,0.4838217338217338,9,30,21,63,ok,6.674879800004419,4,Loan Approval,0.7781684217793835,96.0,"[0.6830615018688414, 0.765058308827769, 0.765058308827769, 0.765058308827769, 0.765058308827769, 0.7754453540016814, 0.7754453540016814, 0.7781684217793835, 0.7781684217793835, 0.7781684217793835, 0.7781684217793835, 0.7781684217793835]",True
14,QNN,quantum,PCA,gwo,492,122,2494.706064899976,"{'n_layers': 1, 'learning_rate': 0.001071266056978955, 'feature_map': 'angle', 'entanglement': 'circular', 'init_scale': 0.07053895531447954}",0.6967213114754098,0.7238095238095238,0.9047619047619048,0.8042328042328042,0.5708020050125313,0.1893598423042617,0.5332080200501254,9,29,8,76,ok,6.580857300024945,4,Loan Approval,0.79226922818571,96.0,"[0.7323771480086018, 0.7323771480086018, 0.7632945432045881, 0.7884671847664096, 0.7885034915787831, 0.7897512530743128, 0.7907193750232198, 0.7907193750232198, 0.79226922818571, 0.79226922818571, 0.79226922818571, 0.79226922818571]",False
0,QSVC,quantum,PCA,gwo,491,123,2296.537162100023,"{'C': 7.27125366665476, 'map_reps': 3, 'scale': 0.6404851498161036, 'entanglement': 'full'}",0.5284552845528455,0.7142857142857143,0.5294117647058824,0.6081081081081081,0.5278637770897833,0.0515140083488931,0.521671826625387,20,18,40,45,ok,17.981114600028377,4,Loan Approval,0.6687139488876155,72.0,"[0.6611468073203868, 0.6611468073203868, 0.6611468073203868, 0.6611468073203868, 0.6687139488876155, 0.6687139488876155, 0.6687139488876155, 0.6687139488876155, 0.6687139488876155]",True
1,QSVC,quantum,PCA,gwo,491,123,837.7481042,"{'C': 0.039962104135837416, 'map_reps': 1, 'scale': 0.9687919291438642, 'entanglement': 'circular'}",0.3983739837398374,0.7619047619047619,0.188235294117647,0.3018867924528302,0.528328173374613,0.0695728982266152,0.4862229102167182,33,5,69,16,ok,9.73813940002583,4,Loan Approval,0.6659141650652686,40.0,"[0.6659141650652686, 0.6659141650652686, 0.6659141650652686, 0.6659141650652686, 0.6659141650652686]",True
2,QSVC,quantum,PCA,gwo,491,123,1624.3084860999952,"{'C': 5.313988023928437, 'map_reps': 1, 'scale': 1.1823400638530792, 'entanglement': 'circular'}",0.5040650406504065,0.6949152542372882,0.4880952380952381,0.5734265734265734,0.5132783882783882,0.0247361048589098,0.5152625152625153,21,18,43,41,ok,6.931946599972434,4,Loan Approval,0.6872045560879595,96.0,"[0.6372490115934034, 0.6566661641288506, 0.6793790795127469, 0.6793790795127469, 0.6793790795127469, 0.6801113172541743, 0.6801113172541743, 0.6801113172541743, 0.6801113172541743, 0.6843132571420236, 0.6872045560879595, 0.6872045560879595]",False
3,QSVC,quantum,PCA,gwo,491,123,1833.7769035999663,"{'C': 43.71473292937517, 'map_reps': 1, 'scale': 0.5526819757766284, 'entanglement': 'full'}",0.5284552845528455,0.696969696969697,0.5476190476190477,0.6133333333333333,0.5173992673992674,0.032473081998804,0.4563492063492063,19,20,38,46,ok,8.102190800011158,4,Loan Approval,0.6689929968606617,80.0,"[0.6323595268828535, 0.6323595268828535, 0.648889693925196, 0.648889693925196, 0.6634669275463657, 0.6689929968606617, 0.6689929968606617, 0.6689929968606617, 0.6689929968606617, 0.6689929968606617]",True
4,QSVC,quantum,PCA,gwo,492,122,2093.4137874000007,"{'C': 98.39238691166094, 'map_reps': 1, 'scale': 0.49411979755569524, 'entanglement': 'full'}",0.6311475409836066,0.76,0.6785714285714286,0.7169811320754716,0.6024436090225564,0.1949695306993783,0.6776315789473685,20,18,27,57,ok,7.3428317999932915,4,Loan Approval,0.7389438400624254,96.0,"[0.6927359275185362, 0.6958848371152743, 0.7002950827662128, 0.7037291628155581, 0.7037291628155581, 0.716236621487763, 0.7370632773291494, 0.7370632773291494, 0.7370632773291494, 0.7370632773291494, 0.7389438400624254, 0.7389438400624254]",False
5,QSVC,quantum,PCA,gwo,491,123,2195.1156776999705,"{'C': 40.540684343098214, 'map_reps': 2, 'scale': 0.25195161535141036, 'entanglement': 'circular'}",0.5772357723577236,0.746268656716418,0.5882352941176471,0.6578947368421053,0.5704334365325078,0.1307009428903884,0.5608359133126934,21,17,35,50,ok,9.770059600006787,4,Loan Approval,0.7287568134560937,89.0,"[0.6676781034358394, 0.6676781034358394, 0.6897781548516843, 0.709415090237008, 0.7105175365436108, 0.7105175365436108, 0.7105175365436108, 0.7136901681493711, 0.7226218877910568, 0.7269082392181389, 0.7269082392181389, 0.7287568134560937]",False
6,QSVC,quantum,PCA,gwo,491,123,1172.7759654999827,"{'C': 25.78633240893811, 'map_reps': 1, 'scale': 0.9047629160100173, 'entanglement': 'linear'}",0.5609756097560976,0.7246376811594203,0.5882352941176471,0.6493506493506493,0.5441176470588236,0.0821527628395483,0.5272445820433436,19,19,35,50,ok,6.785083399969153,4,Loan Approval,0.685468556061978,56.0,"[0.6409626487569224, 0.6595401468640906, 0.685468556061978, 0.685468556061978, 0.685468556061978, 0.685468556061978, 0.685468556061978]",True
7,QSVC,quantum,PCA,gwo,491,123,1872.8186743999831,"{'C': 2.0231770660668573, 'map_reps': 1, 'scale': 0.25125067302131415, 'entanglement': 'full'}",0.5609756097560976,0.7884615384615384,0.4880952380952381,0.6029411764705882,0.603021978021978,0.1940890257762648,0.6086691086691086,28,11,43,41,ok,7.527975199976936,4,Loan Approval,0.6865418185111279,95.0,"[0.6531511018638599, 0.6750364103282206, 0.6755238919458074, 0.6828444981042231, 0.6850392988650874, 0.6850392988650874, 0.6850392988650874, 0.6850392988650874, 0.685702458301726, 0.6857901175295126, 0.6857901175295126, 0.6865418185111279]",False
8,QSVC,quantum,PCA,gwo,491,123,1295.6529998999904,"{'C': 100.00000000000013, 'map_reps': 2, 'scale': 1.2575829032951833, 'entanglement': 'full'}",0.5365853658536586,0.7213114754098361,0.5238095238095238,0.6068965517241379,0.543956043956044,0.0818200572348404,0.5567765567765568,22,17,40,44,ok,18.761750899953768,4,Loan Approval,0.6598886885025222,56.0,"[0.6342750672365969, 0.6342750672365969, 0.6598886885025222, 0.6598886885025222, 0.6598886885025222, 0.6598886885025222, 0.6598886885025222]",True
9,QSVC,quantum,PCA,gwo,492,122,1103.1726622999995,"{'C': 0.9942700397460036, 'map_reps': 1, 'scale': 1.6737614702492842, 'entanglement': 'linear'}",0.5655737704918032,0.7313432835820896,0.5833333333333334,0.6490066225165563,0.5548245614035088,0.1020511391510324,0.5447994987468672,20,18,35,49,ok,7.357091600017156,4,Loan Approval,0.6637517676316174,48.0,"[0.6276006441223833, 0.6637517676316174, 0.6637517676316174, 0.6637517676316174, 0.6637517676316174, 0.6637517676316174]",True
10,QSVC,quantum,PCA,gwo,491,123,1429.1869107999955,"{'C': 97.26008083053495, 'map_reps': 1, 'scale': 1.0445745760118648, 'entanglement': 'linear'}",0.6422764227642277,0.8153846153846154,0.6235294117647059,0.7066666666666667,0.6538699690402476,0.2848488353598077,0.660061919504644,26,12,32,53,ok,6.006384500011336,4,Loan Approval,0.6703544048769586,96.0,"[0.6450930628229464, 0.6510636377784101, 0.657764686630666, 0.6618019220794688, 0.6618019220794688, 0.6618019220794688, 0.6618019220794688, 0.6630239113952064, 0.6630239113952064, 0.6634955326289139, 0.6703544048769586, 0.6703544048769586]",False
11,QSVC,quantum,PCA,gwo,491,123,2505.0970448000007,"{'C': 100.00000000000013, 'map_reps': 3, 'scale': 0.6130333103510794, 'entanglement': 'full'}",0.6178861788617886,0.8064516129032258,0.5882352941176471,0.6802721088435374,0.6362229102167183,0.2517796634707555,0.4260061919504644,26,12,35,50,ok,16.555119399970863,4,Loan Approval,0.6709457976739083,72.0,"[0.6247142567951928, 0.6639365616522978, 0.6639365616522978, 0.6639365616522978, 0.6709457976739083, 0.6709457976739083, 0.6709457976739083, 0.6709457976739083, 0.6709457976739083]",True
12,QSVC,quantum,PCA,gwo,491,123,2167.959956999985,"{'C': 100.00000000000013, 'map_reps': 2, 'scale': 0.8128880140244998, 'entanglement': 'linear'}",0.6666666666666666,0.8028169014084507,0.6785714285714286,0.7354838709677419,0.6597985347985349,0.3010536444262953,0.7213064713064713,25,14,27,57,ok,8.666604699974414,4,Loan Approval,0.7076762815311453,96.0,"[0.6594666857990147, 0.673568511331617, 0.673568511331617, 0.6775832193342453, 0.6795134941686666, 0.7004099529318569, 0.7004099529318569, 0.7004099529318569, 0.7008344710756081, 0.7008344710756081, 0.7076762815311453, 0.7076762815311453]",False
13,QSVC,quantum,PCA,gwo,491,123,938.4412595999892,"{'C': 10.199339800073998, 'map_reps': 1, 'scale': 0.910551794713927, 'entanglement': 'linear'}",0.5284552845528455,0.6805555555555556,0.5833333333333334,0.6282051282051282,0.4967948717948718,-0.0060547471566161,0.4525335775335775,16,23,35,49,ok,7.517749599996023,4,Loan Approval,0.6832629815373975,48.0,"[0.6432738511122816, 0.6832629815373975, 0.6832629815373975, 0.6832629815373975, 0.6832629815373975, 0.6832629815373975]",True
14,QSVC,quantum,PCA,gwo,492,122,2714.829513399978,"{'C': 7.400682279061566, 'map_reps': 3, 'scale': 0.33008616921183476, 'entanglement': 'circular'}",0.4672131147540984,0.6417910447761194,0.5119047619047619,0.5695364238410596,0.4401629072681704,-0.1113815290162696,0.4918546365914787,14,24,41,43,ok,11.342334899993148,4,Loan Approval,0.724311107310979,96.0,"[0.658810325476992, 0.6601744703982496, 0.6969578512530056, 0.6969578512530056, 0.6969578512530056, 0.6969578512530056, 0.6987613869876866, 0.701881963264077, 0.7093567251461987, 0.7166006934855319, 0.7238154146048883, 0.724311107310979]",False
0,QDT,quantum,PCA,gwo,491,123,8.02562150004087,"{'max_depth': 5, 'min_samples_split': 30, 'map_reps': 2, 'entanglement': 'linear'}",0.4959349593495935,0.7346938775510204,0.4235294117647059,0.5373134328358209,0.5407120743034056,0.0768494188171213,0.5896284829721361,25,13,49,36,ok,0.0608451999723911,4,Loan Approval,0.6763030853757335,59.0,"[0.6485848204734954, 0.6555171568123163, 0.6720281936008418, 0.6720281936008418, 0.6720281936008418, 0.6720281936008418, 0.6763030853757335, 0.6763030853757335, 0.6763030853757335, 0.6763030853757335, 0.6763030853757335]",True
1,QDT,quantum,PCA,gwo,491,123,7.696611499995923,"{'max_depth': 5, 'min_samples_split': 9, 'map_reps': 3, 'entanglement': 'linear'}",0.4796747967479675,0.7058823529411765,0.4235294117647059,0.5294117647058824,0.5143962848297213,0.027004140015488,0.5012383900928792,23,15,49,36,ok,0.1048183999955654,4,Loan Approval,0.7271421944376947,55.0,"[0.6563566701497736, 0.6563566701497736, 0.7229752770673487, 0.7229752770673487, 0.7271421944376947, 0.7271421944376947, 0.7271421944376947, 0.7271421944376947, 0.7271421944376947]",True
2,QDT,quantum,PCA,gwo,491,123,9.718703700054904,"{'max_depth': 3, 'min_samples_split': 20, 'map_reps': 2, 'entanglement': 'linear'}",0.4959349593495935,0.6486486486486487,0.5714285714285714,0.6075949367088608,0.4523809523809523,-0.0905250446284771,0.4204822954822954,13,26,36,48,ok,0.0418524999986402,4,Loan Approval,0.7118300919355045,69.0,"[0.6438854081974269, 0.6438854081974269, 0.6438854081974269, 0.7112494467742142, 0.7112494467742142, 0.7112494467742142, 0.7118300919355045, 0.7118300919355045, 0.7118300919355045, 0.7118300919355045, 0.7118300919355045]",True
3,QDT,quantum,PCA,gwo,491,123,9.05898640002124,"{'max_depth': 2, 'min_samples_split': 17, 'map_reps': 2, 'entanglement': 'linear'}",0.3983739837398374,0.7777777777777778,0.1666666666666666,0.2745098039215686,0.532051282051282,0.0843949472569722,0.5173992673992673,35,4,70,14,ok,0.0473984000273048,4,Loan Approval,0.7002040149511686,64.0,"[0.6362950353195187, 0.6362950353195187, 0.6362950353195187, 0.6752896902750704, 0.7002040149511686, 0.7002040149511686, 0.7002040149511686, 0.7002040149511686, 0.7002040149511686]",True
4,QDT,quantum,PCA,gwo,492,122,9.391835699963847,"{'max_depth': 7, 'min_samples_split': 2, 'map_reps': 2, 'entanglement': 'full'}",0.5491803278688525,0.7230769230769231,0.5595238095238095,0.6308724832214765,0.5429197994987469,0.0796755399526807,0.5139411027568922,20,18,37,47,ok,0.0547637999989092,4,Loan Approval,0.713702543414167,62.0,"[0.6496128295533161, 0.6687654908581487, 0.6687654908581487, 0.713702543414167, 0.713702543414167, 0.713702543414167, 0.713702543414167, 0.713702543414167]",True
5,QDT,quantum,PCA,gwo,491,123,7.849252499989234,"{'max_depth': 2, 'min_samples_split': 15, 'map_reps': 3, 'entanglement': 'full'}",0.3739837398373983,0.7857142857142857,0.1294117647058823,0.2222222222222222,0.5252321981424148,0.0734191033776496,0.5373065015479875,35,3,74,11,ok,0.070645899977535,4,Loan Approval,0.7118305184408614,48.0,"[0.6364061838016796, 0.6667552224511842, 0.7118305184408614, 0.7118305184408614, 0.7118305184408614, 0.7118305184408614, 0.7118305184408614]",True
6,QDT,quantum,PCA,gwo,491,123,7.525706099986564,"{'max_depth': 2, 'min_samples_split': 19, 'map_reps': 2, 'entanglement': 'circular'}",0.5691056910569106,0.7424242424242424,0.5764705882352941,0.6490066225165563,0.5645510835913312,0.1196259495833082,0.5445820433436532,21,17,36,49,ok,0.056914799963124,4,Loan Approval,0.6908552716479545,49.0,"[0.6799696787951487, 0.6799696787951487, 0.6908552716479545, 0.6908552716479545, 0.6908552716479545, 0.6908552716479545, 0.6908552716479545]",True
7,QDT,quantum,PCA,gwo,491,123,10.60249770001974,"{'max_depth': 7, 'min_samples_split': 31, 'map_reps': 3, 'entanglement': 'linear'}",0.4634146341463415,0.65,0.4642857142857143,0.5416666666666666,0.4629120879120879,-0.0690539342823738,0.4934371184371184,18,21,45,39,ok,0.0447795999934896,4,Loan Approval,0.7004909392823624,81.0,"[0.6805547351356318, 0.6805547351356318, 0.6805547351356318, 0.6805547351356318, 0.6816808865352555, 0.6826964530668235, 0.6826964530668235, 0.6918770622474325, 0.6918770622474325, 0.6918770622474325, 0.7004909392823624, 0.7004909392823624]",False
8,QDT,quantum,PCA,gwo,491,123,6.972964399959892,"{'max_depth': 3, 'min_samples_split': 15, 'map_reps': 1, 'entanglement': 'linear'}",0.4471544715447154,0.6428571428571429,0.4285714285714285,0.5142857142857142,0.4578754578754578,-0.078723740422882,0.469017094017094,19,20,48,36,ok,0.044603000045754,4,Loan Approval,0.6864541283378293,56.0,"[0.6738704345275065, 0.6738704345275065, 0.6766454104169876, 0.6766454104169876, 0.6766454104169876, 0.6864541283378293, 0.6864541283378293, 0.6864541283378293, 0.6864541283378293, 0.6864541283378293]",True
9,QDT,quantum,PCA,gwo,492,122,7.574026499991305,"{'max_depth': 12, 'min_samples_split': 26, 'map_reps': 3, 'entanglement': 'circular'}",0.4426229508196721,0.6333333333333333,0.4523809523809524,0.5277777777777778,0.4367167919799498,-0.117240713780648,0.4645989974937343,16,22,46,38,ok,0.0789402999798767,4,Loan Approval,0.6612112806287564,46.0,"[0.6047851620042871, 0.6612112806287564, 0.6612112806287564, 0.6612112806287564, 0.6612112806287564, 0.6612112806287564]",True
10,QDT,quantum,PCA,gwo,491,123,5.50426229997538,"{'max_depth': 3, 'min_samples_split': 23, 'map_reps': 1, 'entanglement': 'linear'}",0.5772357723577236,0.6987951807228916,0.6823529411764706,0.6904761904761905,0.5122291021671826,0.0241244148590931,0.5004643962848297,13,25,27,58,ok,0.0463175000040791,4,Loan Approval,0.7416418207115881,39.0,"[0.7416418207115881, 0.7416418207115881, 0.7416418207115881, 0.7416418207115881, 0.7416418207115881]",True
11,QDT,quantum,PCA,gwo,491,123,5.358837299980223,"{'max_depth': 11, 'min_samples_split': 32, 'map_reps': 2, 'entanglement': 'circular'}",0.5609756097560976,0.7313432835820896,0.5764705882352941,0.6447368421052632,0.5513931888544892,0.0953686000870526,0.5304953560371517,20,18,36,49,ok,0.0760124000371433,4,Loan Approval,0.6635759468967771,35.0,"[0.6635759468967771, 0.6635759468967771, 0.6635759468967771, 0.6635759468967771, 0.6635759468967771]",True
12,QDT,quantum,PCA,gwo,491,123,9.190044599992689,"{'max_depth': 2, 'min_samples_split': 11, 'map_reps': 3, 'entanglement': 'full'}",0.5284552845528455,0.75,0.4642857142857143,0.5735294117647058,0.5654761904761905,0.1233543586044705,0.5781440781440782,26,13,45,39,ok,0.0657425000099465,4,Loan Approval,0.7105514236345879,57.0,"[0.6299241964040513, 0.7089354491608089, 0.7089354491608089, 0.7105514236345879, 0.7105514236345879, 0.7105514236345879, 0.7105514236345879, 0.7105514236345879]",True
13,QDT,quantum,PCA,gwo,491,123,6.724165200022981,"{'max_depth': 2, 'min_samples_split': 9, 'map_reps': 3, 'entanglement': 'full'}",0.5528455284552846,0.7301587301587301,0.5476190476190477,0.6258503401360545,0.5558608058608059,0.1040071602771557,0.5644078144078144,22,17,38,46,ok,0.1284136999747716,4,Loan Approval,0.691502959960863,37.0,"[0.691502959960863, 0.691502959960863, 0.691502959960863, 0.691502959960863, 0.691502959960863]",True
14,QDT,quantum,PCA,gwo,492,122,6.235510299971793,"{'max_depth': 3, 'min_samples_split': 3, 'map_reps': 3, 'entanglement': 'linear'}",0.5,0.6949152542372882,0.4880952380952381,0.5734265734265734,0.5072055137844611,0.0133545761787998,0.5234962406015038,20,18,43,41,ok,0.0618941000429913,4,Loan Approval,0.7162162382501366,39.0,"[0.7162162382501366, 0.7162162382501366, 0.7162162382501366, 0.7162162382501366, 0.7162162382501366]",True
0,LogReg,classical,LDA,default,491,123,2.00001522898674e-07,{},0.6910569105691057,0.7764705882352941,0.7764705882352941,0.7764705882352941,0.638235294117647,0.2764705882352941,0.6975232198142415,19,19,19,66,ok,0.0313312000362202,1,Loan Approval,,,,
1,LogReg,classical,LDA,default,491,123,2.00001522898674e-07,{},0.7723577235772358,0.8064516129032258,0.8823529411764706,0.8426966292134831,0.7043343653250773,0.4397142785482557,0.8021671826625387,20,18,10,75,ok,0.029856999986805,1,Loan Approval,,,,
2,LogReg,classical,LDA,default,491,123,3.00002284348011e-07,{},0.7398373983739838,0.8421052631578947,0.7619047619047619,0.8,0.7271062271062271,0.4349859800897231,0.7802197802197802,27,12,20,64,ok,0.0264687000308185,1,Loan Approval,,,,
3,LogReg,classical,LDA,default,491,123,2.00001522898674e-07,{},0.6991869918699187,0.7701149425287356,0.7976190476190477,0.783625730994152,0.6423992673992674,0.2912720554231812,0.731990231990232,19,20,17,67,ok,0.0316796000115573,1,Loan Approval,,,,
4,LogReg,classical,LDA,default,492,122,2.00001522898674e-07,{},0.7213114754098361,0.8289473684210527,0.75,0.7875,0.7039473684210527,0.3897569166195156,0.8026315789473684,25,13,21,63,ok,0.0269307999988086,1,Loan Approval,,,,
5,LogReg,classical,LDA,default,491,123,2.00001522898674e-07,{},0.7073170731707317,0.8024691358024691,0.7647058823529411,0.7831325301204819,0.6718266253869969,0.334853284340833,0.7578947368421053,22,16,20,65,ok,0.026833500014618,1,Loan Approval,,,,
6,LogReg,classical,LDA,default,491,123,2.00001522898674e-07,{},0.7723577235772358,0.8701298701298701,0.788235294117647,0.8271604938271605,0.7625386996904024,0.5014184480136586,0.7820433436532508,28,10,18,67,ok,0.0284397000214085,1,Loan Approval,,,,
7,LogReg,classical,LDA,default,491,123,3.00002284348011e-07,{},0.7073170731707317,0.7666666666666667,0.8214285714285714,0.7931034482758621,0.6414835164835164,0.2971868323462756,0.7286324786324786,18,21,15,69,ok,0.028300300007686,1,Loan Approval,,,,
8,LogReg,classical,LDA,default,491,123,3.00002284348011e-07,{},0.7073170731707317,0.7857142857142857,0.7857142857142857,0.7857142857142857,0.6620879120879121,0.3241758241758242,0.7283272283272283,21,18,18,66,ok,0.0282841000007465,1,Loan Approval,,,,
9,LogReg,classical,LDA,default,492,122,3.00002284348011e-07,{},0.7049180327868853,0.8333333333333334,0.7142857142857143,0.7692307692307693,0.6992481203007519,0.375235932464538,0.7976190476190477,26,12,24,60,ok,0.0277171999914571,1,Loan Approval,,,,
10,LogReg,classical,LDA,default,491,123,2.00001522898674e-07,{},0.6991869918699187,0.8076923076923077,0.7411764705882353,0.7730061349693251,0.673219814241486,0.3323343767493182,0.7133126934984519,23,15,22,63,ok,0.0288193000014871,1,Loan Approval,,,,
11,LogReg,classical,LDA,default,491,123,3.00002284348011e-07,{},0.8292682926829268,0.8333333333333334,0.9411764705882352,0.8839779005524862,0.760061919504644,0.5806180354256794,0.8362229102167182,22,16,5,80,ok,0.0267900000326335,1,Loan Approval,,,,
12,LogReg,classical,LDA,default,491,123,3.00002284348011e-07,{},0.7398373983739838,0.825,0.7857142857142857,0.8048780487804879,0.7133699633699634,0.4164434191942978,0.782051282051282,25,14,18,66,ok,0.0349367999588139,1,Loan Approval,,,,
13,LogReg,classical,LDA,default,491,123,5.00003807246685e-07,{},0.6341463414634146,0.782608695652174,0.6428571428571429,0.7058823529411765,0.6291208791208791,0.2421458281962812,0.728937728937729,24,15,30,54,ok,0.0310583999962545,1,Loan Approval,,,,
14,LogReg,classical,LDA,default,492,122,2.999440766870976e-07,{},0.7377049180327869,0.8023255813953488,0.8214285714285714,0.8117647058823529,0.6870300751879699,0.379815259879369,0.7731829573934837,21,17,15,69,ok,0.0331021000165492,1,Loan Approval,,,,
0,SVC,classical,LDA,default,491,123,2.00001522898674e-07,{},0.8373983739837398,0.8421052631578947,0.9411764705882352,0.8888888888888888,0.7732198142414861,0.6021471431945106,0.765015479876161,23,15,5,80,ok,0.0561409999500028,1,Loan Approval,,,,
1,SVC,classical,LDA,default,491,123,2.00001522898674e-07,{},0.7398373983739838,0.7623762376237624,0.9058823529411764,0.8279569892473119,0.6371517027863777,0.3307199803041764,0.6845201238390093,14,24,8,77,ok,0.0572041000123135,1,Loan Approval,,,,
2,SVC,classical,LDA,default,491,123,3.00002284348011e-07,{},0.7967479674796748,0.8241758241758241,0.8928571428571429,0.8571428571428571,0.7413003663003663,0.5118753759413607,0.7573260073260073,23,16,9,75,ok,0.0496744000120088,1,Loan Approval,,,,
3,SVC,classical,LDA,default,491,123,3.00002284348011e-07,{},0.7642276422764228,0.7956989247311828,0.8809523809523809,0.8361581920903954,0.6968864468864469,0.4266931413858753,0.7078754578754578,20,19,10,74,ok,0.054093099955935,1,Loan Approval,,,,
4,SVC,classical,LDA,default,492,122,4.00003045797348e-07,{},0.7704918032786885,0.7916666666666666,0.9047619047619048,0.8444444444444444,0.6892230576441103,0.4279698775065284,0.7343358395989975,18,20,8,76,ok,0.0401722000096924,1,Loan Approval,,,,
5,SVC,classical,LDA,default,491,123,2.00001522898674e-07,{},0.7723577235772358,0.8064516129032258,0.8823529411764706,0.8426966292134831,0.7043343653250773,0.4397142785482557,0.7421052631578947,20,18,10,75,ok,0.0510365999653004,1,Loan Approval,,,,
6,SVC,classical,LDA,default,491,123,2.00001522898674e-07,{},0.7317073170731707,0.7708333333333334,0.8705882352941177,0.8176795580110497,0.6458204334365325,0.3255608270065416,0.7207430340557276,16,22,11,74,ok,0.0553444999968633,1,Loan Approval,,,,
7,SVC,classical,LDA,default,491,123,3.00002284348011e-07,{},0.7723577235772358,0.7592592592592593,0.9761904761904762,0.8541666666666666,0.6547619047619048,0.4401579001589207,0.684981684981685,13,26,2,82,ok,0.0392819999833591,1,Loan Approval,,,,
8,SVC,classical,LDA,default,491,123,3.00002284348011e-07,{},0.7967479674796748,0.8041237113402062,0.9285714285714286,0.861878453038674,0.7206959706959707,0.5030646551736576,0.7786935286935287,20,19,6,78,ok,0.0426645000115968,1,Loan Approval,,,,
9,SVC,classical,LDA,default,492,122,3.00002284348011e-07,{},0.819672131147541,0.81,0.9642857142857144,0.8804347826086957,0.7321428571428572,0.5592492648718819,0.7362155388471179,19,19,3,81,ok,0.0476445000385865,1,Loan Approval,,,,
10,SVC,classical,LDA,default,491,123,3.00002284348011e-07,{},0.7479674796747967,0.8,0.8470588235294118,0.8228571428571428,0.686687306501548,0.3893747830094822,0.7269349845201238,20,18,13,72,ok,0.039718099986203,1,Loan Approval,,,,
11,SVC,classical,LDA,default,491,123,3.00002284348011e-07,{},0.7886178861788617,0.780952380952381,0.9647058823529412,0.8631578947368421,0.6797213622291022,0.469894169721876,0.7250773993808048,15,23,3,82,ok,0.041005800012499,1,Loan Approval,,,,
12,SVC,classical,LDA,default,491,123,3.00002284348011e-07,{},0.8211382113821138,0.8229166666666666,0.9404761904761904,0.8777777777777778,0.7522893772893773,0.5672616298337038,0.8025030525030525,22,17,5,79,ok,0.0472318999818526,1,Loan Approval,,,,
13,SVC,classical,LDA,default,491,123,4.00003045797348e-07,{},0.7560975609756098,0.7647058823529411,0.9285714285714286,0.8387096774193549,0.6565934065934066,0.3873162166686594,0.6797924297924298,15,24,6,78,ok,0.053112499997951,1,Loan Approval,,,,
14,SVC,classical,LDA,default,492,122,3.00002284348011e-07,{},0.8032786885245902,0.7884615384615384,0.9761904761904762,0.8723404255319149,0.6986215538847118,0.5187222655811402,0.7506265664160401,16,22,2,82,ok,0.0451369999791495,1,Loan Approval,,,,
0,DecisionTree,classical,LDA,default,491,123,2.00001522898674e-07,{},0.6016260162601627,0.75,0.6352941176470588,0.6878980891719745,0.5808049535603714,0.1515716246030618,0.5808049535603717,20,18,31,54,ok,0.0256125999731011,1,Loan Approval,,,,
1,DecisionTree,classical,LDA,default,491,123,2.00001522898674e-07,{},0.6747967479674797,0.835820895522388,0.6588235294117647,0.7368421052631579,0.6846749226006192,0.342694999710403,0.6846749226006191,27,11,29,56,ok,0.0259977999958209,1,Loan Approval,,,,
2,DecisionTree,classical,LDA,default,491,123,2.00001522898674e-07,{},0.5853658536585366,0.726027397260274,0.6309523809523809,0.6751592356687898,0.5590659340659341,0.1119161047906684,0.5590659340659341,19,20,31,53,ok,0.0263510000077076,1,Loan Approval,,,,
3,DecisionTree,classical,LDA,default,491,123,3.00002284348011e-07,{},0.6666666666666666,0.8028169014084507,0.6785714285714286,0.7354838709677419,0.6597985347985349,0.3010536444262953,0.6597985347985348,25,14,27,57,ok,0.0346368000027723,1,Loan Approval,,,,
4,DecisionTree,classical,LDA,default,492,122,2.00001522898674e-07,{},0.6967213114754098,0.7974683544303798,0.75,0.7730061349693251,0.6644736842105263,0.31886737333672,0.6644736842105263,22,16,21,63,ok,0.0322252999758347,1,Loan Approval,,,,
5,DecisionTree,classical,LDA,default,491,123,2.00001522898674e-07,{},0.6341463414634146,0.7631578947368421,0.6823529411764706,0.7204968944099379,0.6043343653250774,0.1984279795346595,0.6043343653250774,20,18,27,58,ok,0.0256090000038966,1,Loan Approval,,,,
6,DecisionTree,classical,LDA,default,491,123,1.00000761449337e-07,{},0.6504065040650406,0.8088235294117647,0.6470588235294118,0.7189542483660131,0.6524767801857585,0.2833995577787357,0.6524767801857586,25,13,30,55,ok,0.0284169999649748,1,Loan Approval,,,,
7,DecisionTree,classical,LDA,default,491,123,4.00003045797348e-07,{},0.6341463414634146,0.7671232876712328,0.6666666666666666,0.7133757961783439,0.6153846153846154,0.218626809358515,0.6153846153846153,22,17,28,56,ok,0.0302933999919332,1,Loan Approval,,,,
8,DecisionTree,classical,LDA,default,491,123,4.00003045797348e-07,{},0.7235772357723578,0.8676470588235294,0.7023809523809523,0.7763157894736842,0.7358058608058609,0.4413882177790284,0.7358058608058607,30,9,25,59,ok,0.0331855000113137,1,Loan Approval,,,,
9,DecisionTree,classical,LDA,default,492,122,3.00002284348011e-07,{},0.5901639344262295,0.7575757575757576,0.5952380952380952,0.6666666666666666,0.587092731829574,0.1618741008052097,0.587092731829574,22,16,34,50,ok,0.0380657999776303,1,Loan Approval,,,,
10,DecisionTree,classical,LDA,default,491,123,2.00001522898674e-07,{},0.5853658536585366,0.7236842105263158,0.6470588235294118,0.6832298136645962,0.5472136222910217,0.0897930767923904,0.5472136222910217,17,21,30,55,ok,0.0252665000152774,1,Loan Approval,,,,
11,DecisionTree,classical,LDA,default,491,123,3.00002284348011e-07,{},0.6260162601626016,0.7910447761194029,0.6235294117647059,0.6973684210526315,0.6275541795665635,0.2366979713003957,0.6275541795665635,24,14,32,53,ok,0.0351737000164575,1,Loan Approval,,,,
12,DecisionTree,classical,LDA,default,491,123,4.00003045797348e-07,{},0.6504065040650406,0.7971014492753623,0.6547619047619048,0.7189542483660131,0.6478937728937729,0.2773514273312016,0.6478937728937728,25,14,29,55,ok,0.0340737999649718,1,Loan Approval,,,,
13,DecisionTree,classical,LDA,default,491,123,3.00002284348011e-07,{},0.7479674796747967,0.8955223880597015,0.7142857142857143,0.7947019867549668,0.7673992673992673,0.4997246131191642,0.7673992673992674,32,7,24,60,ok,0.0272107000346295,1,Loan Approval,,,,
14,DecisionTree,classical,LDA,default,492,122,3.00002284348011e-07,{},0.6229508196721312,0.7794117647058824,0.6309523809523809,0.6973684210526315,0.6181077694235588,0.2202361306375849,0.6181077694235588,23,15,31,53,ok,0.0344810999813489,1,Loan Approval,,,,
0,RandomForest,classical,LDA,default,491,123,2.00001522898674e-07,{},0.6666666666666666,0.8235294117647058,0.6588235294117647,0.7320261437908496,0.6715170278637771,0.318788538090192,0.7606811145510837,26,12,29,56,ok,0.4276183000183664,1,Loan Approval,,,,
1,RandomForest,classical,LDA,default,491,123,2.00001522898674e-07,{},0.6341463414634146,0.7941176470588235,0.6352941176470588,0.7058823529411765,0.6334365325077399,0.2480105774672794,0.7577399380804954,24,14,31,54,ok,0.4578990999725647,1,Loan Approval,,,,
2,RandomForest,classical,LDA,default,491,123,2.00001522898674e-07,{},0.6910569105691057,0.8026315789473685,0.7261904761904762,0.7625,0.6707875457875458,0.3271164729303764,0.7194749694749695,24,15,23,61,ok,0.460534599958919,1,Loan Approval,,,,
3,RandomForest,classical,LDA,default,491,123,2.00001522898674e-07,{},0.6341463414634146,0.782608695652174,0.6428571428571429,0.7058823529411765,0.6291208791208791,0.2421458281962812,0.6971916971916972,24,15,30,54,ok,0.451571799989324,1,Loan Approval,,,,
4,RandomForest,classical,LDA,default,492,122,2.00001522898674e-07,{},0.6639344262295082,0.7866666666666666,0.7023809523809523,0.7421383647798742,0.6406641604010025,0.2677104565260577,0.6771616541353384,22,16,25,59,ok,0.3884351999731734,1,Loan Approval,,,,
5,RandomForest,classical,LDA,default,491,123,2.00001522898674e-07,{},0.6341463414634146,0.7941176470588235,0.6352941176470588,0.7058823529411765,0.6334365325077399,0.2480105774672794,0.6578947368421053,24,14,31,54,ok,0.4352501999819651,1,Loan Approval,,,,
6,RandomForest,classical,LDA,default,491,123,2.00001522898674e-07,{},0.7317073170731707,0.8714285714285714,0.7176470588235294,0.7870967741935484,0.7404024767801858,0.4486247607725597,0.8069659442724458,29,9,24,61,ok,0.4088952000020072,1,Loan Approval,,,,
7,RandomForest,classical,LDA,default,491,123,3.00002284348011e-07,{},0.6341463414634146,0.8305084745762712,0.5833333333333334,0.6853146853146853,0.6634615384615385,0.3045099805045114,0.7408424908424909,29,10,35,49,ok,0.3827609000145457,1,Loan Approval,,,,
8,RandomForest,classical,LDA,default,491,123,3.00002284348011e-07,{},0.6422764227642277,0.8225806451612904,0.6071428571428571,0.6986301369863014,0.6625457875457875,0.302563753316337,0.7440476190476191,28,11,33,51,ok,0.4707390000112355,1,Loan Approval,,,,
9,RandomForest,classical,LDA,default,492,122,3.00002284348011e-07,{},0.6639344262295082,0.7945205479452054,0.6904761904761905,0.7388535031847133,0.6478696741854637,0.27937084596083,0.718671679197995,23,15,26,58,ok,0.4457811000174843,1,Loan Approval,,,,
10,RandomForest,classical,LDA,default,491,123,4.00003045797348e-07,{},0.6910569105691057,0.8615384615384616,0.6588235294117647,0.7466666666666667,0.7109907120743034,0.3905925177016277,0.7792569659442725,29,9,29,56,ok,0.4053549999953247,1,Loan Approval,,,,
11,RandomForest,classical,LDA,default,491,123,4.00003045797348e-07,{},0.6585365853658537,0.7529411764705882,0.7529411764705882,0.7529411764705882,0.6001547987616099,0.2003095975232198,0.6529411764705881,17,21,21,64,ok,0.4537604000070132,1,Loan Approval,,,,
12,RandomForest,classical,LDA,default,491,123,4.00003045797348e-07,{},0.6504065040650406,0.7971014492753623,0.6547619047619048,0.7189542483660131,0.6478937728937729,0.2773514273312016,0.7596153846153846,25,14,29,55,ok,0.41080300003523,1,Loan Approval,,,,
13,RandomForest,classical,LDA,default,491,123,3.00002284348011e-07,{},0.6910569105691057,0.8285714285714286,0.6904761904761905,0.7532467532467533,0.6913919413919414,0.3596985069553763,0.7748778998778999,27,12,26,58,ok,0.4621169000165537,1,Loan Approval,,,,
14,RandomForest,classical,LDA,default,492,122,3.00002284348011e-07,{},0.7049180327868853,0.8636363636363636,0.6785714285714286,0.76,0.7208646616541354,0.4105080613945066,0.8203320802005013,29,9,27,57,ok,0.4047138000023551,1,Loan Approval,,,,
0,MLP,classical,LDA,default,491,123,3.00002284348011e-07,{},0.7317073170731707,0.8333333333333334,0.7647058823529411,0.7975460122699386,0.7113003095975232,0.4053944810212863,0.838390092879257,25,13,20,65,ok,0.0972240000264719,1,Loan Approval,,,,
1,MLP,classical,LDA,default,491,123,3.00002284348011e-07,{},0.7560975609756098,0.8021978021978022,0.8588235294117647,0.8295454545454546,0.6925696594427244,0.4056238042420862,0.7835913312693499,20,18,12,73,ok,0.0746527000446803,1,Loan Approval,,,,
2,MLP,classical,LDA,default,491,123,2.00001522898674e-07,{},0.6504065040650406,0.7808219178082192,0.6785714285714286,0.7261146496815286,0.6341575091575091,0.254197044214464,0.7075702075702076,23,16,27,57,ok,0.1188368000439368,1,Loan Approval,,,,
3,MLP,classical,LDA,default,491,123,2.00001522898674e-07,{},0.6991869918699187,0.7640449438202247,0.8095238095238095,0.7861271676300579,0.6355311355311355,0.2820373058152866,0.7264957264957266,18,21,16,68,ok,0.0833945999620482,1,Loan Approval,,,,
4,MLP,classical,LDA,default,492,122,2.00001522898674e-07,{},0.7459016393442623,0.8192771084337349,0.8095238095238095,0.8143712574850299,0.7073934837092732,0.4118937423758572,0.7493734335839599,23,15,16,68,ok,0.1218257999862544,1,Loan Approval,,,,
5,MLP,classical,LDA,default,491,123,1.00000761449337e-07,{},0.7235772357723578,0.8072289156626506,0.788235294117647,0.7976190476190477,0.6835913312693498,0.3621715952263852,0.7464396284829722,22,16,18,67,ok,0.0993240000098012,1,Loan Approval,,,,
6,MLP,classical,LDA,default,491,123,2.00001522898674e-07,{},0.7804878048780488,0.8152173913043478,0.8823529411764706,0.847457627118644,0.7174922600619196,0.4629139861965798,0.7705882352941177,21,17,10,75,ok,0.0652178000309504,1,Loan Approval,,,,
7,MLP,classical,LDA,default,491,123,3.00002284348011e-07,{},0.7560975609756098,0.813953488372093,0.8333333333333334,0.8235294117647058,0.7115384615384616,0.4292805345051568,0.7582417582417582,23,16,14,70,ok,0.1158810000051744,1,Loan Approval,,,,
8,MLP,classical,LDA,default,491,123,3.00002284348011e-07,{},0.7317073170731707,0.7865168539325843,0.8333333333333334,0.8092485549132948,0.6730769230769231,0.3601692621560079,0.6617826617826618,20,19,14,70,ok,0.1066353999776765,1,Loan Approval,,,,
9,MLP,classical,LDA,default,492,122,3.00002284348011e-07,{},0.7295081967213115,0.84,0.75,0.7924528301886793,0.7171052631578947,0.4131923081794164,0.8164160401002507,26,12,21,63,ok,0.1192339000408537,1,Loan Approval,,,,
10,MLP,classical,LDA,default,491,123,3.00002284348011e-07,{},0.6666666666666666,0.7894736842105263,0.7058823529411765,0.7453416149068323,0.6424148606811146,0.2708512480295055,0.7160990712074303,22,16,25,60,ok,0.1007576999836601,1,Loan Approval,,,,
11,MLP,classical,LDA,default,491,123,3.00002284348011e-07,{},0.7398373983739838,0.7789473684210526,0.8705882352941177,0.8222222222222222,0.6589783281733747,0.3503711705726698,0.7080495356037151,17,21,11,74,ok,0.0708776999963447,1,Loan Approval,,,,
12,MLP,classical,LDA,default,491,123,4.00003045797348e-07,{},0.7967479674796748,0.8314606741573034,0.8809523809523809,0.8554913294797688,0.7481684981684982,0.5164331748374504,0.7832722832722833,24,15,10,74,ok,0.1045315999654121,1,Loan Approval,,,,
13,MLP,classical,LDA,default,491,123,3.00002284348011e-07,{},0.6910569105691057,0.7948717948717948,0.7380952380952381,0.7654320987654321,0.663919413919414,0.3167223977494395,0.732905982905983,23,16,22,62,ok,0.0911664000013843,1,Loan Approval,,,,
14,MLP,classical,LDA,default,492,122,3.00002284348011e-07,{},0.7786885245901639,0.8433734939759037,0.8333333333333334,0.8383233532934131,0.7456140350877194,0.4878016526022237,0.7951127819548872,25,13,14,70,ok,0.1134111999999731,1,Loan Approval,,,,
0,XGBoost,classical,LDA,default,491,123,2.00001522898674e-07,{},0.6666666666666666,0.8793103448275862,0.6,0.7132867132867133,0.7078947368421052,0.384861152805052,0.7690402476780186,31,7,34,51,ok,0.713239100005012,1,Loan Approval,,,,
1,XGBoost,classical,LDA,default,491,123,2.00001522898674e-07,{},0.7154471544715447,0.8205128205128205,0.7529411764705882,0.7852760736196319,0.6922600619195046,0.3688644288853023,0.7726006191950464,24,14,21,64,ok,0.6789420999702998,1,Loan Approval,,,,
2,XGBoost,classical,LDA,default,491,123,1.00000761449337e-07,{},0.6341463414634146,0.8305084745762712,0.5833333333333334,0.6853146853146853,0.6634615384615385,0.3045099805045114,0.6982600732600732,29,10,35,49,ok,0.747159999969881,1,Loan Approval,,,,
3,XGBoost,classical,LDA,default,491,123,3.00002284348011e-07,{},0.6341463414634146,0.7746478873239436,0.6547619047619048,0.7096774193548387,0.6222527472527473,0.230318977254501,0.6976495726495727,23,16,29,55,ok,0.778955899993889,1,Loan Approval,,,,
4,XGBoost,classical,LDA,default,492,122,3.00002284348011e-07,{},0.6475409836065574,0.7733333333333333,0.6904761904761905,0.7295597484276729,0.6215538847117794,0.231339993612718,0.6513157894736843,21,17,26,58,ok,0.8208851999952458,1,Loan Approval,,,,
5,XGBoost,classical,LDA,default,491,123,2.00001522898674e-07,{},0.5853658536585366,0.765625,0.5764705882352941,0.6577181208053692,0.5908668730650155,0.1680818607453925,0.653250773993808,23,15,36,49,ok,0.830941999971401,1,Loan Approval,,,,
6,XGBoost,classical,LDA,default,491,123,2.00001522898674e-07,{},0.6910569105691057,0.8309859154929577,0.6941176470588235,0.7564102564102564,0.6891640866873066,0.3538662131670311,0.7402476780185758,26,12,26,59,ok,0.8095456999726593,1,Loan Approval,,,,
7,XGBoost,classical,LDA,default,491,123,3.00002284348011e-07,{},0.7235772357723578,0.8378378378378378,0.7380952380952381,0.7848101265822784,0.7152014652014652,0.4091035670710026,0.7443528693528694,27,12,22,62,ok,0.8045368000166491,1,Loan Approval,,,,
8,XGBoost,classical,LDA,default,491,123,2.00001522898674e-07,{},0.6504065040650406,0.7808219178082192,0.6785714285714286,0.7261146496815286,0.6341575091575091,0.254197044214464,0.7077228327228328,23,16,27,57,ok,0.7612394000170752,1,Loan Approval,,,,
9,XGBoost,classical,LDA,default,492,122,4.00003045797348e-07,{},0.639344262295082,0.7857142857142857,0.6547619047619048,0.7142857142857143,0.6300125313283208,0.2434983144135831,0.7072368421052632,23,15,29,55,ok,0.7983481999835931,1,Loan Approval,,,,
10,XGBoost,classical,LDA,default,491,123,1.00000761449337e-07,{},0.6422764227642277,0.8153846153846154,0.6235294117647059,0.7066666666666667,0.6538699690402476,0.2848488353598077,0.7896284829721362,26,12,32,53,ok,0.7865923999925144,1,Loan Approval,,,,
11,XGBoost,classical,LDA,default,491,123,3.00002284348011e-07,{},0.6829268292682927,0.8285714285714286,0.6823529411764706,0.7483870967741936,0.6832817337461301,0.3420294377042567,0.7541795665634675,26,12,27,58,ok,0.7075880999909714,1,Loan Approval,,,,
12,XGBoost,classical,LDA,default,491,123,3.00002284348011e-07,{},0.6991869918699187,0.8405797101449275,0.6904761904761905,0.7581699346405228,0.7042124542124542,0.3829682247359626,0.7651098901098902,28,11,26,58,ok,0.8293070999789052,1,Loan Approval,,,,
13,XGBoost,classical,LDA,default,491,123,4.00003045797348e-07,{},0.6422764227642277,0.7631578947368421,0.6904761904761905,0.725,0.6144688644688645,0.2192469657710297,0.6483516483516484,21,18,26,58,ok,0.7597733000293374,1,Loan Approval,,,,
14,XGBoost,classical,LDA,default,492,122,5.00003807246685e-07,{},0.680327868852459,0.835820895522388,0.6666666666666666,0.7417218543046358,0.6885964912280702,0.3510559186795514,0.7573621553884712,27,11,28,56,ok,0.8265966000035405,1,Loan Approval,,,,
0,VQC,quantum,LDA,default,491,123,2.00001522898674e-07,{},0.4715447154471545,0.6851851851851852,0.4352941176470588,0.5323741007194245,0.4939628482972136,-0.0112419570201487,0.4839009287925697,21,17,48,37,ok,3.517950600013137,1,Loan Approval,,,,
1,VQC,quantum,LDA,default,491,123,2.00001522898674e-07,{},0.5609756097560976,0.803921568627451,0.4823529411764706,0.6029411764705882,0.6095975232198142,0.2055799046340379,0.6659442724458204,28,10,44,41,ok,3.809141400037333,1,Loan Approval,,,,
2,VQC,quantum,LDA,default,491,123,2.00001522898674e-07,{},0.5528455284552846,0.7543859649122807,0.5119047619047619,0.6099290780141844,0.5764652014652014,0.1427106498368495,0.6135531135531136,25,14,41,43,ok,3.5487892999663018,1,Loan Approval,,,,
3,VQC,quantum,LDA,default,491,123,2.00001522898674e-07,{},0.6016260162601627,0.7215189873417721,0.6785714285714286,0.6993865030674846,0.5572344322344323,0.1111269608667487,0.5989010989010989,17,22,27,57,ok,3.6486973999999455,1,Loan Approval,,,,
4,VQC,quantum,LDA,default,492,122,2.00001522898674e-07,{},0.5901639344262295,0.7236842105263158,0.6547619047619048,0.6875,0.5510651629072681,0.0975889053901398,0.6300125313283208,17,21,29,55,ok,3.594866900006309,1,Loan Approval,,,,
5,VQC,quantum,LDA,default,491,123,2.00001522898674e-07,{},0.5772357723577236,0.746268656716418,0.5882352941176471,0.6578947368421053,0.5704334365325078,0.1307009428903884,0.6077399380804954,21,17,35,50,ok,3.7113712999853306,1,Loan Approval,,,,
6,VQC,quantum,LDA,default,491,123,1.00000761449337e-07,{},0.5528455284552846,0.8260869565217391,0.4470588235294118,0.5801526717557252,0.618266253869969,0.2258748197420019,0.5421052631578948,30,8,47,38,ok,3.2311174999922514,1,Loan Approval,,,,
7,VQC,quantum,LDA,default,491,123,3.00002284348011e-07,{},0.6504065040650406,0.7971014492753623,0.6547619047619048,0.7189542483660131,0.6478937728937729,0.2773514273312016,0.7518315018315018,25,14,29,55,ok,3.5629439000040293,1,Loan Approval,,,,
8,VQC,quantum,LDA,default,491,123,3.00002284348011e-07,{},0.5121951219512195,0.7,0.5,0.5833333333333334,0.5192307692307692,0.0358057437019716,0.5045787545787546,21,18,42,42,ok,3.7916288999840617,1,Loan Approval,,,,
9,VQC,quantum,LDA,default,492,122,3.00002284348011e-07,{},0.5,0.7346938775510204,0.4285714285714285,0.5413533834586466,0.543233082706767,0.0816804592004121,0.5598370927318296,25,13,48,36,ok,3.57446129998425,1,Loan Approval,,,,
10,VQC,quantum,LDA,default,491,123,3.00002284348011e-07,{},0.5691056910569106,0.7285714285714285,0.6,0.6580645161290323,0.55,0.0933070172115497,0.5922600619195048,19,19,34,51,ok,3.676748800033238,1,Loan Approval,,,,
11,VQC,quantum,LDA,default,491,123,4.00003045797348e-07,{},0.5528455284552846,0.734375,0.5529411764705883,0.6308724832214765,0.5527863777089783,0.0976421030905942,0.5885448916408669,21,17,38,47,ok,3.3799085000064224,1,Loan Approval,,,,
12,VQC,quantum,LDA,default,491,123,3.00002284348011e-07,{},0.5203252032520326,0.6865671641791045,0.5476190476190477,0.609271523178808,0.5045787545787546,0.008556928306835,0.5641025641025641,18,21,38,46,ok,3.657418399991002,1,Loan Approval,,,,
13,VQC,quantum,LDA,default,491,123,3.00002284348011e-07,{},0.6097560975609756,0.7571428571428571,0.6309523809523809,0.6883116883116883,0.5975274725274725,0.1832913444533377,0.608058608058608,22,17,31,53,ok,3.490345800004434,1,Loan Approval,,,,
14,VQC,quantum,LDA,default,492,122,3.00002284348011e-07,{},0.5327868852459017,0.7142857142857143,0.5357142857142857,0.6122448979591837,0.5310150375939849,0.0574827409435298,0.5144110275689222,20,18,39,45,ok,3.790418899967335,1,Loan Approval,,,,
0,QNN,quantum,LDA,default,491,123,2.00001522898674e-07,{},0.7886178861788617,0.8105263157894737,0.9058823529411764,0.8555555555555555,0.7160990712074303,0.4762591568835902,0.8170278637770898,20,18,8,77,ok,5.170927099999972,1,Loan Approval,,,,
1,QNN,quantum,LDA,default,491,123,2.00001522898674e-07,{},0.7479674796747967,0.813953488372093,0.8235294117647058,0.8187134502923976,0.7012383900928792,0.4055010690287962,0.7365325077399381,22,16,15,70,ok,4.907699000032153,1,Loan Approval,,,,
2,QNN,quantum,LDA,default,491,123,1.00000761449337e-07,{},0.7398373983739838,0.782608695652174,0.8571428571428571,0.8181818181818182,0.6721611721611721,0.3690306112019284,0.7316849816849818,19,20,12,72,ok,4.707006699987687,1,Loan Approval,,,,
3,QNN,quantum,LDA,default,491,123,1.00000761449337e-07,{},0.7398373983739838,0.8333333333333334,0.7738095238095238,0.8024691358024691,0.7202380952380952,0.4255404282611184,0.8141025641025641,26,13,19,65,ok,5.191518200037535,1,Loan Approval,,,,
4,QNN,quantum,LDA,default,492,122,3.00002284348011e-07,{},0.7540983606557377,0.8068181818181818,0.8452380952380952,0.8255813953488372,0.6989348370927319,0.4109523658493428,0.7459273182957393,21,17,13,71,ok,4.909201800008304,1,Loan Approval,,,,
5,QNN,quantum,LDA,default,491,123,2.00001522898674e-07,{},0.6747967479674797,0.8,0.7058823529411765,0.75,0.6555727554179567,0.2947226749138232,0.7613003095975233,23,15,25,60,ok,5.054983799986076,1,Loan Approval,,,,
6,QNN,quantum,LDA,default,491,123,3.00002284348011e-07,{},0.7804878048780488,0.8152173913043478,0.8823529411764706,0.847457627118644,0.7174922600619196,0.4629139861965798,0.7436532507739938,21,17,10,75,ok,4.856575199984945,1,Loan Approval,,,,
7,QNN,quantum,LDA,default,491,123,1.00000761449337e-07,{},0.7560975609756098,0.7934782608695652,0.8690476190476191,0.8295454545454546,0.6909340659340659,0.4092706512532025,0.7768620268620269,20,19,11,73,ok,5.031617400003597,1,Loan Approval,,,,
8,QNN,quantum,LDA,default,491,123,3.00002284348011e-07,{},0.6910569105691057,0.7948717948717948,0.7380952380952381,0.7654320987654321,0.663919413919414,0.3167223977494395,0.7542735042735044,23,16,22,62,ok,5.002833699982148,1,Loan Approval,,,,
9,QNN,quantum,LDA,default,492,122,2.00001522898674e-07,{},0.8114754098360656,0.8144329896907216,0.9404761904761904,0.8729281767955801,0.7333959899749374,0.5355486829451201,0.7800751879699248,20,18,5,79,ok,5.073426799965091,1,Loan Approval,,,,
10,QNN,quantum,LDA,default,491,123,3.999448381364346e-07,{},0.7317073170731707,0.8421052631578947,0.7529411764705882,0.7950310559006211,0.7185758513931888,0.4156977850191977,0.8126934984520124,26,12,21,64,ok,5.021261000016239,1,Loan Approval,,,,
11,QNN,quantum,LDA,default,491,123,3.00002284348011e-07,{},0.7723577235772358,0.8064516129032258,0.8823529411764706,0.8426966292134831,0.7043343653250773,0.4397142785482557,0.7659442724458204,20,18,10,75,ok,4.973788200004492,1,Loan Approval,,,,
12,QNN,quantum,LDA,default,491,123,4.00003045797348e-07,{},0.7317073170731707,0.7741935483870968,0.8571428571428571,0.8135593220338984,0.6593406593406593,0.34532375163322,0.6846764346764347,18,21,12,72,ok,5.041977599961683,1,Loan Approval,,,,
13,QNN,quantum,LDA,default,491,123,3.00002284348011e-07,{},0.7642276422764228,0.8160919540229885,0.8452380952380952,0.8304093567251462,0.7174908424908425,0.4448688949389424,0.7719780219780219,23,16,13,71,ok,5.162136300001293,1,Loan Approval,,,,
14,QNN,quantum,LDA,default,492,122,4.00003045797348e-07,{},0.7049180327868853,0.7926829268292683,0.7738095238095238,0.7831325301204819,0.6632205513784462,0.3220322421143315,0.7224310776942355,21,17,19,65,ok,5.274853699957021,1,Loan Approval,,,,
0,QSVC,quantum,LDA,default,491,123,2.00001522898674e-07,{},0.4878048780487805,0.7037037037037037,0.4470588235294118,0.5467625899280576,0.5130030959752322,0.024213445889551,0.4786377708978327,22,16,47,38,ok,1.3506068999995475,1,Loan Approval,,,,
1,QSVC,quantum,LDA,default,491,123,2.00001522898674e-07,{},0.5934959349593496,0.7966101694915254,0.5529411764705883,0.6527777777777778,0.6185758513931889,0.2193368063559977,0.6147058823529412,26,12,38,47,ok,1.229428699996788,1,Loan Approval,,,,
2,QSVC,quantum,LDA,default,491,123,2.00001522898674e-07,{},0.4552845528455284,0.6307692307692307,0.4880952380952381,0.5503355704697986,0.4363553113553113,-0.1186570189710924,0.4432234432234432,15,24,43,41,ok,1.2332460000179708,1,Loan Approval,,,,
3,QSVC,quantum,LDA,default,491,123,3.00002284348011e-07,{},0.5934959349593496,0.7741935483870968,0.5714285714285714,0.6575342465753424,0.6062271062271063,0.1977318049841977,0.6468253968253969,25,14,36,48,ok,1.1255025999853387,1,Loan Approval,,,,
4,QSVC,quantum,LDA,default,492,122,2.00001522898674e-07,{},0.6147540983606558,0.7846153846153846,0.6071428571428571,0.6845637583892618,0.619360902255639,0.2215794213282581,0.5968045112781956,24,14,33,51,ok,1.3254043000051752,1,Loan Approval,,,,
5,QSVC,quantum,LDA,default,491,123,1.00000761449337e-07,{},0.5121951219512195,0.7551020408163265,0.4352941176470588,0.5522388059701493,0.5597523219814242,0.1127904017620108,0.5814241486068111,26,12,48,37,ok,1.359551500005182,1,Loan Approval,,,,
6,QSVC,quantum,LDA,default,491,123,2.00001522898674e-07,{},0.6504065040650406,0.7916666666666666,0.6705882352941176,0.7261146496815286,0.6379256965944272,0.2587170833741918,0.651702786377709,23,15,28,57,ok,1.2788143000216223,1,Loan Approval,,,,
7,QSVC,quantum,LDA,default,491,123,4.00003045797348e-07,{},0.4471544715447154,0.6379310344827587,0.4404761904761904,0.5211267605633803,0.451007326007326,-0.0913402951791862,0.485958485958486,18,21,47,37,ok,1.293768999981694,1,Loan Approval,,,,
8,QSVC,quantum,LDA,default,491,123,3.00002284348011e-07,{},0.6747967479674797,0.84375,0.6428571428571429,0.7297297297297297,0.6932234432234432,0.3599529741537922,0.7390109890109889,29,10,30,54,ok,1.2449839999899268,1,Loan Approval,,,,
9,QSVC,quantum,LDA,default,492,122,3.00002284348011e-07,{},0.5081967213114754,0.7307692307692307,0.4523809523809524,0.5588235294117647,0.5419799498746867,0.0786235521239039,0.5225563909774436,24,14,46,38,ok,1.2914299000403844,1,Loan Approval,,,,
10,QSVC,quantum,LDA,default,491,123,3.00002284348011e-07,{},0.5203252032520326,0.696969696969697,0.5411764705882353,0.609271523178808,0.5074303405572755,0.0137698934772153,0.4770897832817337,18,20,39,46,ok,1.3510609000222755,1,Loan Approval,,,,
11,QSVC,quantum,LDA,default,491,123,3.00002284348011e-07,{},0.5121951219512195,0.6984126984126984,0.5176470588235295,0.5945945945945946,0.5088235294117647,0.0163127693104828,0.5405572755417957,19,19,41,44,ok,1.294193300011102,1,Loan Approval,,,,
12,QSVC,quantum,LDA,default,491,123,3.00002284348011e-07,{},0.5691056910569106,0.918918918918919,0.4047619047619047,0.5619834710743802,0.663919413919414,0.3326459553091908,0.6042429792429792,36,3,50,34,ok,1.3289372000144797,1,Loan Approval,,,,
13,QSVC,quantum,LDA,default,491,123,3.00002284348011e-07,{},0.5284552845528455,0.782608695652174,0.4285714285714285,0.5538461538461539,0.5860805860805861,0.165570469011268,0.5931013431013431,29,10,48,36,ok,1.236071199993603,1,Loan Approval,,,,
14,QSVC,quantum,LDA,default,492,122,4.00003045797348e-07,{},0.5901639344262295,0.8148148148148148,0.5238095238095238,0.6376811594202898,0.6303258145363408,0.2430191786345764,0.5968045112781954,28,10,40,44,ok,1.2722771000117064,1,Loan Approval,,,,
0,QDT,quantum,LDA,default,491,123,2.00001522898674e-07,{},0.4878048780487805,0.75,0.388235294117647,0.5116279069767442,0.5493808049535603,0.095202759761258,0.5973684210526317,27,11,52,33,ok,0.0329548000008799,1,Loan Approval,,,,
1,QDT,quantum,LDA,default,491,123,3.00002284348011e-07,{},0.3902439024390244,0.75,0.1764705882352941,0.2857142857142857,0.5224458204334366,0.0562125298098182,0.5498452012383902,33,5,70,15,ok,0.0300046000047586,1,Loan Approval,,,,
2,QDT,quantum,LDA,default,491,123,2.00001522898674e-07,{},0.4308943089430894,0.75,0.25,0.375,0.5352564102564102,0.0782526790683649,0.5028998778998779,32,7,63,21,ok,0.0314115000073798,1,Loan Approval,,,,
3,QDT,quantum,LDA,default,491,123,2.00001522898674e-07,{},0.6341463414634146,0.76,0.6785714285714286,0.7169811320754716,0.6085164835164836,0.2070362552525788,0.6152319902319903,21,18,27,57,ok,0.0302961000124923,1,Loan Approval,,,,
4,QDT,quantum,LDA,default,492,122,2.00001522898674e-07,{},0.319672131147541,0.5714285714285714,0.0476190476190476,0.0879120879120879,0.4843358395989975,-0.062383626616399,0.4786967418546366,35,3,80,4,ok,0.0303442000295035,1,Loan Approval,,,,
5,QDT,quantum,LDA,default,491,123,2.00001522898674e-07,{},0.4715447154471545,0.6785714285714286,0.4470588235294118,0.5390070921985816,0.486687306501548,-0.0247039144803811,0.4972136222910216,20,18,47,38,ok,0.0321884999866597,1,Loan Approval,,,,
6,QDT,quantum,LDA,default,491,123,2.00001522898674e-07,{},0.3902439024390244,0.6190476190476191,0.3058823529411765,0.4094488188976378,0.4424148606811146,-0.1122211006980089,0.4744582043343653,22,16,59,26,ok,0.0323527000145986,1,Loan Approval,,,,
7,QDT,quantum,LDA,default,491,123,2.00001522898674e-07,{},0.4959349593495935,0.7115384615384616,0.4404761904761904,0.5441176470588235,0.5279304029304029,0.0526196914326762,0.5515873015873016,24,15,47,37,ok,0.0317594000371173,1,Loan Approval,,,,
8,QDT,quantum,LDA,default,491,123,3.00002284348011e-07,{},0.5121951219512195,0.6666666666666666,0.5714285714285714,0.6153846153846154,0.478021978021978,-0.0415182662167964,0.4725274725274725,15,24,36,48,ok,0.0424655999522656,1,Loan Approval,,,,
9,QDT,quantum,LDA,default,492,122,3.00002284348011e-07,{},0.5327868852459017,0.7142857142857143,0.5357142857142857,0.6122448979591837,0.5310150375939849,0.0574827409435298,0.5335213032581454,20,18,39,45,ok,0.0429098999593406,1,Loan Approval,,,,
10,QDT,quantum,LDA,default,491,123,2.999440766870976e-07,{},0.4065040650406504,0.6764705882352942,0.2705882352941176,0.3865546218487395,0.4905572755417956,-0.0195116551666775,0.5205882352941177,27,11,62,23,ok,0.0412173000513576,1,Loan Approval,,,,
11,QDT,quantum,LDA,default,491,123,3.00002284348011e-07,{},0.5609756097560976,0.8444444444444444,0.4470588235294118,0.5846153846153846,0.6314241486068112,0.2521464574264264,0.6797213622291021,31,7,47,38,ok,0.0400780999916605,1,Loan Approval,,,,
12,QDT,quantum,LDA,default,491,123,3.00002284348011e-07,{},0.4878048780487805,0.6981132075471698,0.4404761904761904,0.5401459854014599,0.5151098901098901,0.0283972505491086,0.5181623931623932,23,16,47,37,ok,0.0417653000331483,1,Loan Approval,,,,
13,QDT,quantum,LDA,default,491,123,3.00002284348011e-07,{},0.5772357723577236,0.6568627450980392,0.7976190476190477,0.7204301075268817,0.4500915750915751,-0.1234428877686663,0.4525335775335775,4,35,17,67,ok,0.0384828000096604,1,Loan Approval,,,,
14,QDT,quantum,LDA,default,492,122,3.00002284348011e-07,{},0.4426229508196721,0.6212121212121212,0.4880952380952381,0.5466666666666666,0.4151002506265664,-0.157798134238172,0.4083646616541352,13,25,43,41,ok,0.0393197999801486,1,Loan Approval,,,,
0,LogReg,classical,LDA,gwo,491,123,2.6021793999825604,{'C': 0.0034917618660564058},0.7398373983739838,0.7623762376237624,0.9058823529411764,0.8279569892473119,0.6371517027863777,0.3307199803041764,0.7640866873065015,14,24,8,77,ok,0.024515800003428,1,Loan Approval,0.8304412376304233,39.0,"[0.8304412376304233, 0.8304412376304233, 0.8304412376304233, 0.8304412376304233, 0.8304412376304233]",True
1,LogReg,classical,LDA,gwo,491,123,1.6987565000308678,{'C': 0.0010000000000000002},0.8130081300813008,0.81,0.9529411764705882,0.8756756756756757,0.7264705882352941,0.5367587674407865,0.8145510835913312,19,19,4,81,ok,0.0283608000027015,1,Loan Approval,0.8097529983046895,26.0,"[0.8079779609354817, 0.8097529983046895, 0.8097529983046895, 0.8097529983046895, 0.8097529983046895, 0.8097529983046895]",True
2,LogReg,classical,LDA,gwo,491,123,2.4516757000237703,{'C': 0.0013632916098415282},0.7642276422764228,0.7894736842105263,0.8928571428571429,0.8379888268156425,0.690018315018315,0.421751452121707,0.7786935286935287,19,20,9,75,ok,0.0287843999685719,1,Loan Approval,0.811724244532035,35.0,"[0.811724244532035, 0.811724244532035, 0.811724244532035, 0.811724244532035, 0.811724244532035]",True
3,LogReg,classical,LDA,gwo,491,123,2.5773086000117478,{'C': 0.009191092217165894},0.7398373983739838,0.8095238095238095,0.8095238095238095,0.8095238095238095,0.6996336996336996,0.3992673992673993,0.7869352869352869,23,16,16,68,ok,0.0244599999859929,1,Loan Approval,0.8001809262326174,39.0,"[0.8001809262326174, 0.8001809262326174, 0.8001809262326174, 0.8001809262326174, 0.8001809262326174]",True
4,LogReg,classical,LDA,gwo,492,122,2.4050095999846235,{'C': 0.003492818990806916},0.7377049180327869,0.7954545454545454,0.8333333333333334,0.813953488372093,0.6798245614035088,0.3714750519646028,0.7218045112781956,20,18,14,70,ok,0.0436473000445403,1,Loan Approval,0.8177674007069697,37.0,"[0.8177674007069697, 0.8177674007069697, 0.8177674007069697, 0.8177674007069697, 0.8177674007069697]",True
5,LogReg,classical,LDA,gwo,491,123,2.3858204999705777,{'C': 0.003528876308540786},0.7398373983739838,0.8045977011494253,0.8235294117647058,0.813953488372093,0.6880804953560371,0.3820006835844595,0.7300309597523219,21,17,15,70,ok,0.0405198000371456,1,Loan Approval,0.8267419962335216,36.0,"[0.8267419962335216, 0.8267419962335216, 0.8267419962335216, 0.8267419962335216, 0.8267419962335216]",True
6,LogReg,classical,LDA,gwo,491,123,2.406947500014212,{'C': 0.0018071244113136823},0.7073170731707317,0.8266666666666667,0.7294117647058823,0.775,0.6936532507739939,0.3668637475792963,0.7436532507739938,25,13,23,62,ok,0.0373152999673038,1,Loan Approval,0.8041034517953682,37.0,"[0.8041034517953682, 0.8041034517953682, 0.8041034517953682, 0.8041034517953682, 0.8041034517953682]",True
7,LogReg,classical,LDA,gwo,491,123,2.415456500020809,{'C': 0.0019077789777907854},0.7804878048780488,0.7766990291262136,0.9523809523809524,0.8556149732620321,0.6813186813186813,0.4573101955542405,0.786019536019536,16,23,4,80,ok,0.0278408000012859,1,Loan Approval,0.83503834236679,35.0,"[0.83503834236679, 0.83503834236679, 0.83503834236679, 0.83503834236679, 0.83503834236679]",True
8,LogReg,classical,LDA,gwo,491,123,2.3612220999784768,{'C': 0.0016671929822964528},0.7560975609756098,0.7934782608695652,0.8690476190476191,0.8295454545454546,0.6909340659340659,0.4092706512532025,0.7863247863247863,20,19,11,73,ok,0.02647139999317,1,Loan Approval,0.8115243574005846,36.0,"[0.8115243574005846, 0.8115243574005846, 0.8115243574005846, 0.8115243574005846, 0.8115243574005846]",True
9,LogReg,classical,LDA,gwo,492,122,3.2181040000286885,{'C': 0.002959832815012091},0.7377049180327869,0.7653061224489796,0.8928571428571429,0.8241758241758241,0.643796992481203,0.3350368533614277,0.7540726817042606,15,23,9,75,ok,0.021175600006245,1,Loan Approval,0.8239412482868181,52.0,"[0.8227752427573075, 0.8227752427573075, 0.8239412482868181, 0.8239412482868181, 0.8239412482868181, 0.8239412482868181, 0.8239412482868181]",True
10,LogReg,classical,LDA,gwo,491,123,3.379637499980163,{'C': 0.017234303248883975},0.7398373983739838,0.8271604938271605,0.788235294117647,0.8072289156626506,0.7099071207430341,0.4090640122217744,0.7786377708978328,24,14,18,67,ok,0.0191150000318884,1,Loan Approval,0.8137144976193786,60.0,"[0.808381449404101, 0.8106649978372401, 0.8113554406313298, 0.8137144976193786, 0.8137144976193786, 0.8137144976193786, 0.8137144976193786, 0.8137144976193786]",True
11,LogReg,classical,LDA,gwo,491,123,2.960144400014542,{'C': 0.002468460897557079},0.7723577235772358,0.7938144329896907,0.9058823529411764,0.8461538461538461,0.6897832817337461,0.4295529123689436,0.7027863777089783,18,20,8,77,ok,0.0226076999679207,1,Loan Approval,0.822201651285216,47.0,"[0.8211179854956678, 0.822201651285216, 0.822201651285216, 0.822201651285216, 0.822201651285216, 0.822201651285216]",True
12,LogReg,classical,LDA,gwo,491,123,2.5265704999910668,{'C': 0.002951177613020518},0.7073170731707317,0.7352941176470589,0.8928571428571429,0.8064516129032258,0.6002747252747254,0.2480182790948433,0.6446886446886447,12,27,9,75,ok,0.0269912999938242,1,Loan Approval,0.8326727916891853,37.0,"[0.8326727916891853, 0.8326727916891853, 0.8326727916891853, 0.8326727916891853, 0.8326727916891853]",True
13,LogReg,classical,LDA,gwo,491,123,2.192492400004994,{'C': 0.004764238298231553},0.7560975609756098,0.8,0.8571428571428571,0.8275862068965517,0.6978021978021978,0.4154845034744047,0.739010989010989,21,18,12,72,ok,0.0285100999753922,1,Loan Approval,0.8386710863102335,36.0,"[0.8386710863102335, 0.8386710863102335, 0.8386710863102335, 0.8386710863102335, 0.8386710863102335]",True
14,LogReg,classical,LDA,gwo,492,122,2.291876700008288,{'C': 0.002438134217269821},0.7213114754098361,0.8289473684210527,0.75,0.7875,0.7039473684210527,0.3897569166195156,0.7546992481203008,25,13,21,63,ok,0.0277142000268213,1,Loan Approval,0.8035968735584612,33.0,"[0.8035968735584612, 0.8035968735584612, 0.8035968735584612, 0.8035968735584612, 0.8035968735584612]",True
0,SVC,classical,LDA,gwo,491,123,4.282433400047012,"{'C': 0.7699603592924645, 'gamma': 0.001991014967465392}",0.7886178861788617,0.797979797979798,0.9294117647058824,0.8586956521739131,0.701547987616099,0.4699877137481464,0.7873065015479876,18,20,6,79,ok,0.0386087999795563,1,Loan Approval,0.8604573225817244,48.0,"[0.8590122041514859, 0.8604573225817244, 0.8604573225817244, 0.8604573225817244, 0.8604573225817244, 0.8604573225817244]",True
1,SVC,classical,LDA,gwo,491,123,3.6263480000197887,"{'C': 0.036719402799889646, 'gamma': 0.00012643096429369879}",0.8617886178861789,0.8469387755102041,0.976470588235294,0.907103825136612,0.7908668730650155,0.6679477276927663,0.2151702786377709,23,15,2,83,ok,0.0515472999541088,1,Loan Approval,0.8699024405546144,40.0,"[0.8699024405546144, 0.8699024405546144, 0.8699024405546144, 0.8699024405546144, 0.8699024405546144]",True
2,SVC,classical,LDA,gwo,491,123,3.7801858999882825,"{'C': 9.718141095081284, 'gamma': 0.00014643363811332004}",0.7967479674796748,0.780952380952381,0.9761904761904762,0.8677248677248677,0.6932234432234432,0.5087809677491754,0.7783882783882783,16,23,2,82,ok,0.0417352999793365,1,Loan Approval,0.8778878939753324,40.0,"[0.8778878939753324, 0.8778878939753324, 0.8778878939753324, 0.8778878939753324, 0.8778878939753324]",True
3,SVC,classical,LDA,gwo,491,123,3.5879755000351,"{'C': 0.04129595303075826, 'gamma': 0.0008892582536625598}",0.7886178861788617,0.7735849056603774,0.9761904761904762,0.8631578947368421,0.6804029304029304,0.4864835243490902,0.3186813186813186,15,24,2,82,ok,0.041662199946586,1,Loan Approval,0.8812563050227314,40.0,"[0.8812563050227314, 0.8812563050227314, 0.8812563050227314, 0.8812563050227314, 0.8812563050227314]",True
4,SVC,classical,LDA,gwo,492,122,4.746971899992786,"{'C': 0.04462326409596647, 'gamma': 0.007794846363139938}",0.7950819672131147,0.797979797979798,0.9404761904761904,0.8633879781420765,0.7070802005012531,0.4903639090920727,0.6591478696741855,18,20,5,79,ok,0.0467779000173322,1,Loan Approval,0.8732500318064543,56.0,"[0.8720505672816885, 0.8720505672816885, 0.8732500318064543, 0.8732500318064543, 0.8732500318064543, 0.8732500318064543, 0.8732500318064543]",True
5,SVC,classical,LDA,gwo,491,123,3.643316900008358,"{'C': 0.055823351586072614, 'gamma': 0.023351333560523487}",0.8048780487804879,0.7798165137614679,1.0,0.8762886597938144,0.6842105263157895,0.5360044970515528,0.7309597523219813,14,24,0,85,ok,0.045293400005903,1,Loan Approval,0.8676468961244427,40.0,"[0.8676468961244427, 0.8676468961244427, 0.8676468961244427, 0.8676468961244427, 0.8676468961244427]",True
6,SVC,classical,LDA,gwo,491,123,4.717081699986011,"{'C': 0.20275158635328683, 'gamma': 0.018420133682703854}",0.8048780487804879,0.7961165048543689,0.9647058823529412,0.8723404255319149,0.7060371517027864,0.5159922563921937,0.7613003095975232,17,21,3,82,ok,0.0323944999836385,1,Loan Approval,0.8807014868471216,56.0,"[0.8794747666508465, 0.8794747666508465, 0.8807014868471216, 0.8807014868471216, 0.8807014868471216, 0.8807014868471216, 0.8807014868471216]",True
7,SVC,classical,LDA,gwo,491,123,3.742777900013607,"{'C': 0.020956965570820787, 'gamma': 0.011596512176300923}",0.7886178861788617,0.7685185185185185,0.988095238095238,0.8645833333333334,0.6735347985347986,0.4935498347935827,0.3202075702075702,14,25,1,83,ok,0.0513845999957993,1,Loan Approval,0.8811561984068946,40.0,"[0.8811561984068946, 0.8811561984068946, 0.8811561984068946, 0.8811561984068946, 0.8811561984068946]",True
8,SVC,classical,LDA,gwo,491,123,5.454578399949241,"{'C': 2.0820244722144854, 'gamma': 0.000730833899912433}",0.7967479674796748,0.797979797979798,0.9404761904761904,0.8633879781420765,0.7138278388278388,0.5021609885441704,0.7384004884004883,19,20,5,79,ok,0.029357900028117,1,Loan Approval,0.8639996412877768,72.0,"[0.8518478134246639, 0.8637300489582648, 0.8637300489582648, 0.8637300489582648, 0.8639996412877768, 0.8639996412877768, 0.8639996412877768, 0.8639996412877768, 0.8639996412877768]",True
9,SVC,classical,LDA,gwo,492,122,3.678402599995025,"{'C': 0.343761301269588, 'gamma': 0.004475717547336984}",0.860655737704918,0.8316831683168316,1.0,0.9081081081081082,0.7763157894736843,0.6779486577100663,0.8023182957393483,21,17,0,84,ok,0.0402183999540284,1,Loan Approval,0.8597426058560921,40.0,"[0.8597426058560921, 0.8597426058560921, 0.8597426058560921, 0.8597426058560921, 0.8597426058560921]",True
10,SVC,classical,LDA,gwo,491,123,4.234074999985751,"{'C': 0.03336606043657216, 'gamma': 0.008113038291838742}",0.8048780487804879,0.7850467289719626,0.9882352941176472,0.875,0.6914860681114552,0.5260373221695098,0.28343653250774,15,23,1,84,ok,0.0409272999968379,1,Loan Approval,0.8657195340031884,48.0,"[0.8652802273172644, 0.8657195340031884, 0.8657195340031884, 0.8657195340031884, 0.8657195340031884, 0.8657195340031884]",True
11,SVC,classical,LDA,gwo,491,123,3.4927221999969333,"{'C': 0.04585624347629023, 'gamma': 0.005972425531416238}",0.8130081300813008,0.7980769230769231,0.976470588235294,0.8783068783068783,0.7119195046439628,0.5418869807034077,0.5,17,21,2,83,ok,0.0612588999792933,1,Loan Approval,0.8730736991209432,39.0,"[0.8730736991209432, 0.8730736991209432, 0.8730736991209432, 0.8730736991209432, 0.8730736991209432]",True
12,SVC,classical,LDA,gwo,491,123,4.122255199996289,"{'C': 0.1332495651516401, 'gamma': 0.00010000000000000009}",0.7804878048780488,0.7714285714285715,0.9642857142857144,0.8571428571428571,0.6744505494505495,0.459349641498663,0.5,15,24,3,81,ok,0.0406734999851323,1,Loan Approval,0.8739117009280943,48.0,"[0.8723488144228885, 0.8739117009280943, 0.8739117009280943, 0.8739117009280943, 0.8739117009280943, 0.8739117009280943]",True
13,SVC,classical,LDA,gwo,491,123,4.282113699999172,"{'C': 0.016128350690598807, 'gamma': 0.027140000582975648}",0.7967479674796748,0.7757009345794392,0.988095238095238,0.8691099476439791,0.6863553113553114,0.5155749843086851,0.5,15,24,1,83,ok,0.0388296999735757,1,Loan Approval,0.8681639997429471,48.0,"[0.8672142245011125, 0.8681639997429471, 0.8681639997429471, 0.8681639997429471, 0.8681639997429471, 0.8681639997429471]",True
14,SVC,classical,LDA,gwo,492,122,4.764805599988904,"{'C': 0.03686459095144919, 'gamma': 0.0001980756653053511}",0.8442622950819673,0.8155339805825242,1.0,0.8983957219251337,0.75,0.6385663554332175,0.5,19,19,0,84,ok,0.0366833999869413,1,Loan Approval,0.8696268183318058,56.0,"[0.8685107805675009, 0.8685107805675009, 0.8696268183318058, 0.8696268183318058, 0.8696268183318058, 0.8696268183318058, 0.8696268183318058]",True
0,DecisionTree,classical,LDA,gwo,491,123,2.1534039999824017,"{'max_depth': 3, 'min_samples_leaf': 5}",0.7886178861788617,0.7706422018348624,0.9882352941176472,0.865979381443299,0.6651702786377709,0.480602351557989,0.7074303405572756,13,25,1,84,ok,0.023611599986907,1,Loan Approval,0.8203290269449521,36.0,"[0.8163148372511507, 0.8163148372511507, 0.8183316282084228, 0.8183316282084228, 0.8183316282084228, 0.8183316282084228, 0.8203290269449521, 0.8203290269449521, 0.8203290269449521, 0.8203290269449521, 0.8203290269449521]",True
1,DecisionTree,classical,LDA,gwo,491,123,1.960284499975387,"{'max_depth': 2, 'min_samples_leaf': 10}",0.8048780487804879,0.7798165137614679,1.0,0.8762886597938144,0.6842105263157895,0.5360044970515528,0.7221362229102166,14,24,0,85,ok,0.0248926000203937,1,Loan Approval,0.851010273480393,32.0,"[0.851010273480393, 0.851010273480393, 0.851010273480393, 0.851010273480393, 0.851010273480393]",True
2,DecisionTree,classical,LDA,gwo,491,123,2.167485200043302,"{'max_depth': 4, 'min_samples_leaf': 9}",0.7967479674796748,0.8641975308641975,0.8333333333333334,0.8484848484848485,0.7756410256410257,0.540976805202418,0.8087606837606838,28,11,14,70,ok,0.0231655999668873,1,Loan Approval,0.7910514799178658,39.0,"[0.7759894760924273, 0.7910514799178658, 0.7910514799178658, 0.7910514799178658, 0.7910514799178658, 0.7910514799178658]",True
3,DecisionTree,classical,LDA,gwo,491,123,1.2924723000032827,"{'max_depth': 3, 'min_samples_leaf': 1}",0.5772357723577236,0.9210526315789472,0.4166666666666667,0.5737704918032787,0.6698717948717949,0.3421542639903147,0.8000610500610501,36,3,49,35,ok,0.0446144000161439,1,Loan Approval,0.7897090225777981,23.0,"[0.780059127864006, 0.7897090225777981, 0.7897090225777981, 0.7897090225777981, 0.7897090225777981, 0.7897090225777981]",True
4,DecisionTree,classical,LDA,gwo,492,122,1.4032614000025203,"{'max_depth': 2, 'min_samples_leaf': 20}",0.7622950819672131,0.7669902912621359,0.9404761904761904,0.8449197860962567,0.6544486215538847,0.3945027734693937,0.7335526315789473,14,24,5,79,ok,0.0426173000014387,1,Loan Approval,0.8049692729539407,23.0,"[0.8049692729539407, 0.8049692729539407, 0.8049692729539407, 0.8049692729539407, 0.8049692729539407]",True
5,DecisionTree,classical,LDA,gwo,491,123,2.0906674999860115,"{'max_depth': 4, 'min_samples_leaf': 20}",0.6910569105691057,0.7901234567901234,0.7529411764705882,0.7710843373493976,0.6527863777089784,0.2977479204003623,0.754953560371517,21,17,21,64,ok,0.0240318999858573,1,Loan Approval,0.7708081081895125,36.0,"[0.7696281671865625, 0.7708081081895125, 0.7708081081895125, 0.7708081081895125, 0.7708081081895125, 0.7708081081895125]",True
6,DecisionTree,classical,LDA,gwo,491,123,2.059427500003949,"{'max_depth': 4, 'min_samples_leaf': 10}",0.7804878048780488,0.8020833333333334,0.9058823529411764,0.850828729281768,0.7029411764705882,0.4530894312161105,0.7287925696594427,19,19,8,77,ok,0.0256686999928206,1,Loan Approval,0.7564270152505447,36.0,"[0.7479008512980689, 0.7479008512980689, 0.7564270152505447, 0.7564270152505447, 0.7564270152505447, 0.7564270152505447, 0.7564270152505447]",True
7,DecisionTree,classical,LDA,gwo,491,123,1.8569981000036933,"{'max_depth': 2, 'min_samples_leaf': 11}",0.7723577235772358,0.7745098039215687,0.9404761904761904,0.8494623655913979,0.6753663003663004,0.4337488625265981,0.6923076923076923,16,23,5,79,ok,0.0251631999853998,1,Loan Approval,0.7988040775312909,31.0,"[0.7756655396096866, 0.7988040775312909, 0.7988040775312909, 0.7988040775312909, 0.7988040775312909, 0.7988040775312909]",True
8,DecisionTree,classical,LDA,gwo,491,123,2.3194206999614835,"{'max_depth': 4, 'min_samples_leaf': 2}",0.8617886178861789,0.8526315789473684,0.9642857142857144,0.905027932960894,0.8026556776556777,0.6717535177167431,0.8460012210012211,25,14,3,81,ok,0.0196924000047147,1,Loan Approval,0.8168716865013161,42.0,"[0.7941964653227354, 0.7941964653227354, 0.8105573000214372, 0.8168716865013161, 0.8168716865013161, 0.8168716865013161, 0.8168716865013161, 0.8168716865013161]",True
9,DecisionTree,classical,LDA,gwo,492,122,2.1805185999837704,"{'max_depth': 6, 'min_samples_leaf': 5}",0.6065573770491803,0.7727272727272727,0.6071428571428571,0.68,0.606203007518797,0.1973932380322521,0.669329573934837,23,15,33,51,ok,0.0243363000336103,1,Loan Approval,0.8071168067057567,37.0,"[0.8071168067057567, 0.8071168067057567, 0.8071168067057567, 0.8071168067057567, 0.8071168067057567]",True
10,DecisionTree,classical,LDA,gwo,491,123,1.6888137999922035,"{'max_depth': 2, 'min_samples_leaf': 1}",0.7317073170731707,0.782608695652174,0.8470588235294118,0.8135593220338984,0.6603715170278638,0.3413372880424603,0.756811145510836,18,20,13,72,ok,0.0254388999892398,1,Loan Approval,0.8319963513767483,27.0,"[0.8319963513767483, 0.8319963513767483, 0.8319963513767483, 0.8319963513767483, 0.8319963513767483]",True
11,DecisionTree,classical,LDA,gwo,491,123,1.5280408000107857,"{'max_depth': 2, 'min_samples_leaf': 8}",0.7886178861788617,0.7864077669902912,0.9529411764705882,0.8617021276595744,0.6869969040247678,0.4683085242086927,0.7226006191950465,16,22,4,81,ok,0.0298272999934852,1,Loan Approval,0.8504635551160159,27.0,"[0.8504635551160159, 0.8504635551160159, 0.8504635551160159, 0.8504635551160159, 0.8504635551160159]",True
12,DecisionTree,classical,LDA,gwo,491,123,2.03789700003108,"{'max_depth': 2, 'min_samples_leaf': 13}",0.7886178861788617,0.7735849056603774,0.9761904761904762,0.8631578947368421,0.6804029304029304,0.4864835243490902,0.7161172161172161,15,24,2,82,ok,0.0244226999930106,1,Loan Approval,0.8334583256949113,35.0,"[0.8334583256949113, 0.8334583256949113, 0.8334583256949113, 0.8334583256949113, 0.8334583256949113]",True
13,DecisionTree,classical,LDA,gwo,491,123,2.1591941000078805,"{'max_depth': 14, 'min_samples_leaf': 19}",0.6585365853658537,0.828125,0.6309523809523809,0.7162162162162162,0.6744505494505495,0.3249812396980919,0.7948717948717948,28,11,31,53,ok,0.0239842000300996,1,Loan Approval,0.7820096364323472,37.0,"[0.7820096364323472, 0.7820096364323472, 0.7820096364323472, 0.7820096364323472, 0.7820096364323472]",True
14,DecisionTree,classical,LDA,gwo,492,122,1.6342097999877296,"{'max_depth': 2, 'min_samples_leaf': 19}",0.7622950819672131,0.7894736842105263,0.8928571428571429,0.8379888268156425,0.6832706766917294,0.4088939979301873,0.7042606516290726,18,20,9,75,ok,0.0261252999771386,1,Loan Approval,0.8300962783482686,28.0,"[0.8300962783482686, 0.8300962783482686, 0.8300962783482686, 0.8300962783482686, 0.8300962783482686]",True
0,RandomForest,classical,LDA,gwo,491,123,42.633125599997584,"{'max_depth': 2, 'min_samples_leaf': 7, 'max_features': None}",0.8292682926829268,0.8076923076923077,0.9882352941176472,0.8888888888888888,0.7309597523219814,0.5905736853246781,0.7379256965944272,18,20,1,84,ok,0.2747890999889932,1,Loan Approval,0.789984364771802,41.0,"[0.7371384631808374, 0.788442901417218, 0.789984364771802, 0.789984364771802, 0.789984364771802, 0.789984364771802, 0.789984364771802]",True
1,RandomForest,classical,LDA,gwo,491,123,41.006471499975305,"{'max_depth': 8, 'min_samples_leaf': 18, 'max_features': 'sqrt'}",0.7073170731707317,0.8024691358024691,0.7647058823529411,0.7831325301204819,0.6718266253869969,0.334853284340833,0.7608359133126935,22,16,20,65,ok,0.3476961000123992,1,Loan Approval,0.765653308811761,39.0,"[0.765653308811761, 0.765653308811761, 0.765653308811761, 0.765653308811761, 0.765653308811761]",True
2,RandomForest,classical,LDA,gwo,491,123,38.47082019998925,"{'max_depth': 2, 'min_samples_leaf': 1, 'max_features': 'sqrt'}",0.7723577235772358,0.8181818181818182,0.8571428571428571,0.8372093023255814,0.7234432234432234,0.460886271517495,0.7870879120879122,23,16,12,72,ok,0.3202878000447526,1,Loan Approval,0.8390996038054861,35.0,"[0.7987509503638536, 0.7987509503638536, 0.8367547932414975, 0.8367547932414975, 0.8390996038054861, 0.8390996038054861, 0.8390996038054861, 0.8390996038054861, 0.8390996038054861]",True
3,RandomForest,classical,LDA,gwo,491,123,38.55183100001887,"{'max_depth': 2, 'min_samples_leaf': 2, 'max_features': None}",0.6910569105691057,0.7346938775510204,0.8571428571428571,0.7912087912087912,0.5952380952380952,0.22025693980787,0.6330891330891331,13,26,12,72,ok,0.3767438000068068,1,Loan Approval,0.849563990642829,36.0,"[0.8363001488073314, 0.8437145328354746, 0.849563990642829, 0.849563990642829, 0.849563990642829, 0.849563990642829, 0.849563990642829]",True
4,RandomForest,classical,LDA,gwo,492,122,36.62401550001232,"{'max_depth': 4, 'min_samples_leaf': 20, 'max_features': 'sqrt'}",0.7459016393442623,0.8192771084337349,0.8095238095238095,0.8143712574850299,0.7073934837092732,0.4118937423758572,0.7739661654135338,23,15,16,68,ok,0.399605699989479,1,Loan Approval,0.8112490748380546,33.0,"[0.8112490748380546, 0.8112490748380546, 0.8112490748380546, 0.8112490748380546, 0.8112490748380546]",True
5,RandomForest,classical,LDA,gwo,491,123,36.64747409999836,"{'max_depth': 2, 'min_samples_leaf': 11, 'max_features': 'log2'}",0.7235772357723578,0.7575757575757576,0.8823529411764706,0.8152173913043478,0.6253869969040248,0.2923886698433169,0.6704334365325078,14,24,10,75,ok,0.4604903999716043,1,Loan Approval,0.8205357710477569,34.0,"[0.8101011008864641, 0.8205357710477569, 0.8205357710477569, 0.8205357710477569, 0.8205357710477569, 0.8205357710477569]",True
6,RandomForest,classical,LDA,gwo,491,123,48.68936740001664,"{'max_depth': 2, 'min_samples_leaf': 9, 'max_features': 'log2'}",0.7804878048780488,0.8152173913043478,0.8823529411764706,0.847457627118644,0.7174922600619196,0.4629139861965798,0.6959752321981424,21,17,10,75,ok,0.2203134999726899,1,Loan Approval,0.8396795470324881,50.0,"[0.8077621888942644, 0.8392522574725964, 0.8392522574725964, 0.8396795470324881, 0.8396795470324881, 0.8396795470324881, 0.8396795470324881, 0.8396795470324881]",True
7,RandomForest,classical,LDA,gwo,491,123,45.36416509997798,"{'max_depth': 2, 'min_samples_leaf': 8, 'max_features': 'log2'}",0.7723577235772358,0.8181818181818182,0.8571428571428571,0.8372093023255814,0.7234432234432234,0.460886271517495,0.770909645909646,23,16,12,72,ok,0.2471695999847725,1,Loan Approval,0.8049966824194558,45.0,"[0.8008174813843595, 0.8008174813843595, 0.8049966824194558, 0.8049966824194558, 0.8049966824194558, 0.8049966824194558, 0.8049966824194558]",True
8,RandomForest,classical,LDA,gwo,491,123,45.301637700002175,"{'max_depth': 3, 'min_samples_leaf': 12, 'max_features': 'log2'}",0.7804878048780488,0.7938144329896907,0.9166666666666666,0.850828729281768,0.7019230769230769,0.4602728484057738,0.7580891330891331,19,20,7,77,ok,0.2532967000151984,1,Loan Approval,0.831700327601967,44.0,"[0.8284938966757149, 0.831700327601967, 0.831700327601967, 0.831700327601967, 0.831700327601967, 0.831700327601967]",True
9,RandomForest,classical,LDA,gwo,492,122,38.39291759999469,"{'max_depth': 2, 'min_samples_leaf': 16, 'max_features': None}",0.7622950819672131,0.8395061728395061,0.8095238095238095,0.8242424242424242,0.7337092731829574,0.458250496309217,0.7999686716791979,25,13,16,68,ok,0.3461479999823496,1,Loan Approval,0.8240602369542908,36.0,"[0.8240602369542908, 0.8240602369542908, 0.8240602369542908, 0.8240602369542908, 0.8240602369542908]",True
10,RandomForest,classical,LDA,gwo,491,123,54.7489888999844,"{'max_depth': 12, 'min_samples_leaf': 16, 'max_features': 'log2'}",0.7479674796747967,0.8214285714285714,0.8117647058823529,0.8165680473372781,0.708513931888545,0.4140896618103809,0.7868421052631579,23,15,16,69,ok,0.2089906000182964,1,Loan Approval,0.8000734359358059,60.0,"[0.7959877489594017, 0.7959877489594017, 0.7959877489594017, 0.8000734359358059, 0.8000734359358059, 0.8000734359358059, 0.8000734359358059, 0.8000734359358059]",True
11,RandomForest,classical,LDA,gwo,491,123,44.52113680000184,"{'max_depth': 3, 'min_samples_leaf': 20, 'max_features': None}",0.7560975609756098,0.7722772277227723,0.9176470588235294,0.8387096774193549,0.6561919504643963,0.3766325735066749,0.723374613003096,15,23,7,78,ok,0.2655194000108167,1,Loan Approval,0.8058050011845896,43.0,"[0.802779925433397, 0.8058050011845896, 0.8058050011845896, 0.8058050011845896, 0.8058050011845896, 0.8058050011845896]",True
12,RandomForest,classical,LDA,gwo,491,123,41.634915000002366,"{'max_depth': 3, 'min_samples_leaf': 15, 'max_features': 'log2'}",0.6747967479674797,0.7619047619047619,0.7619047619047619,0.7619047619047619,0.6245421245421245,0.2490842490842491,0.6776556776556777,19,20,20,64,ok,0.2983485999866389,1,Loan Approval,0.8412419753733925,39.0,"[0.8301979227905153, 0.8412419753733925, 0.8412419753733925, 0.8412419753733925, 0.8412419753733925, 0.8412419753733925]",True
13,RandomForest,classical,LDA,gwo,491,123,43.10078570002224,"{'max_depth': 11, 'min_samples_leaf': 20, 'max_features': 'log2'}",0.7317073170731707,0.8311688311688312,0.7619047619047619,0.7950310559006211,0.7142857142857142,0.4121647845599651,0.7532051282051282,26,13,20,64,ok,0.2881649999762885,1,Loan Approval,0.8219969382783172,41.0,"[0.8209581474192426, 0.8219969382783172, 0.8219969382783172, 0.8219969382783172, 0.8219969382783172, 0.8219969382783172]",True
14,RandomForest,classical,LDA,gwo,492,122,54.0364446999738,"{'max_depth': 2, 'min_samples_leaf': 7, 'max_features': 'sqrt'}",0.7786885245901639,0.7766990291262136,0.9523809523809524,0.8556149732620321,0.6735588972431077,0.4433154898621584,0.7210213032581454,15,23,4,80,ok,0.1992775000398978,1,Loan Approval,0.8170393674483883,59.0,"[0.7824974256093409, 0.78269604831055, 0.78269604831055, 0.8108156404640671, 0.8108156404640671, 0.8154892392003678, 0.8170393674483883, 0.8170393674483883, 0.8170393674483883, 0.8170393674483883, 0.8170393674483883]",True
0,MLP,classical,LDA,gwo,491,123,41.22913969994988,"{'alpha': 0.10000000000000006, 'learning_rate_init': 0.00011278091487323071}",0.7560975609756098,0.8089887640449438,0.8470588235294118,0.8275862068965517,0.6998452012383901,0.4129433904947654,0.736842105263158,21,17,13,72,ok,0.1579334000125527,1,Loan Approval,0.826659529092511,77.0,"[0.8187485610045516, 0.8202370041182326, 0.8211387942480717, 0.8211387942480717, 0.8211387942480717, 0.826659529092511, 0.826659529092511, 0.826659529092511, 0.826659529092511, 0.826659529092511]",True
1,MLP,classical,LDA,gwo,491,123,18.06211409997195,"{'alpha': 0.10000000000000006, 'learning_rate_init': 0.00623061460424407}",0.8211382113821138,0.8620689655172413,0.8823529411764706,0.872093023255814,0.78328173374613,0.5753590542877044,0.8235294117647058,26,12,10,75,ok,0.0696735000237822,1,Loan Approval,0.7996758958866298,87.0,"[0.7751529267198553, 0.7927804783385491, 0.7927804783385491, 0.7927804783385491, 0.7927804783385491, 0.7960464170883587, 0.7996758958866298, 0.7996758958866298, 0.7996758958866298, 0.7996758958866298, 0.7996758958866298]",True
2,MLP,classical,LDA,gwo,491,123,19.117228799965236,"{'alpha': 0.004968079818625119, 'learning_rate_init': 0.00010000000000000009}",0.6747967479674797,0.75,0.7857142857142857,0.7674418604651163,0.6108058608058609,0.2285542575967905,0.6691086691086692,17,22,18,66,ok,0.2447165999910794,1,Loan Approval,0.8426693015125029,47.0,"[0.8421298687797066, 0.8426693015125029, 0.8426693015125029, 0.8426693015125029, 0.8426693015125029, 0.8426693015125029]",True
3,MLP,classical,LDA,gwo,491,123,8.732396100007463,"{'alpha': 4.5098312519653825e-06, 'learning_rate_init': 0.10000000000000006}",0.8130081300813008,0.8144329896907216,0.9404761904761904,0.8729281767955801,0.7394688644688645,0.5458564619415414,0.7817460317460316,21,18,5,79,ok,0.0538730000262148,1,Loan Approval,0.8664737569824678,48.0,"[0.8489266229294832, 0.8664737569824678, 0.8664737569824678, 0.8664737569824678, 0.8664737569824678, 0.8664737569824678]",True
4,MLP,classical,LDA,gwo,492,122,13.659820300003048,"{'alpha': 5.854788241793101e-06, 'learning_rate_init': 0.10000000000000006}",0.680327868852459,0.7586206896551724,0.7857142857142857,0.7719298245614035,0.6165413533834586,0.238642530612088,0.7105263157894737,17,21,18,66,ok,0.0876932999817654,1,Loan Approval,0.8461658927500805,64.0,"[0.7839058690351793, 0.7839058690351793, 0.8212438526840149, 0.8461658927500805, 0.8461658927500805, 0.8461658927500805, 0.8461658927500805, 0.8461658927500805]",True
5,MLP,classical,LDA,gwo,491,123,38.882885200029705,"{'alpha': 0.10000000000000006, 'learning_rate_init': 0.0001308145039022397}",0.6991869918699187,0.7790697674418605,0.788235294117647,0.783625730994152,0.6441176470588235,0.2904011502044687,0.7408668730650154,19,19,18,67,ok,0.176343499973882,1,Loan Approval,0.8334535661039774,76.0,"[0.8182292186900467, 0.8300552652544021, 0.8318361827489617, 0.8318361827489617, 0.8318361827489617, 0.8334535661039774, 0.8334535661039774, 0.8334535661039774, 0.8334535661039774, 0.8334535661039774]",True
6,MLP,classical,LDA,gwo,491,123,41.596324200043455,"{'alpha': 0.10000000000000006, 'learning_rate_init': 0.00010000000000000009}",0.7398373983739838,0.7912087912087912,0.8470588235294118,0.8181818181818182,0.6735294117647059,0.3655179136297256,0.7356037151702787,19,19,13,72,ok,0.208749399986118,1,Loan Approval,0.8567705643450324,79.0,"[0.8534831933286869, 0.8551443094998934, 0.8551443094998934, 0.8551443094998934, 0.8551443094998934, 0.8567705643450324, 0.8567705643450324, 0.8567705643450324, 0.8567705643450324, 0.8567705643450324]",True
7,MLP,classical,LDA,gwo,491,123,9.033811799949037,"{'alpha': 0.0007488455497352867, 'learning_rate_init': 0.0019947654855994087}",0.7886178861788617,0.8536585365853658,0.8333333333333334,0.8433734939759037,0.7628205128205128,0.5188745216627708,0.8308913308913308,27,12,14,70,ok,0.0801683000172488,1,Loan Approval,0.7912886319508314,48.0,"[0.7838288571282669, 0.7912886319508314, 0.7912886319508314, 0.7912886319508314, 0.7912886319508314, 0.7912886319508314]",True
8,MLP,classical,LDA,gwo,491,123,23.457382299995515,"{'alpha': 0.00013478247522141545, 'learning_rate_init': 0.00017206559067888073}",0.7398373983739838,0.7954545454545454,0.8333333333333334,0.813953488372093,0.6858974358974359,0.3834422668772602,0.7451159951159951,21,18,14,70,ok,0.1511061000055633,1,Loan Approval,0.8078183248207725,48.0,"[0.8061574167768858, 0.8078183248207725, 0.8078183248207725, 0.8078183248207725, 0.8078183248207725, 0.8078183248207725]",True
9,MLP,classical,LDA,gwo,492,122,13.142162500007544,"{'alpha': 0.0004729099152024426, 'learning_rate_init': 0.10000000000000006}",0.7459016393442623,0.7849462365591398,0.8690476190476191,0.8248587570621468,0.6713659147869674,0.3728596670518412,0.7415413533834586,18,20,11,73,ok,0.0842179000028409,1,Loan Approval,0.8660587774425311,95.0,"[0.8397584959956165, 0.8606540645926931, 0.8606540645926931, 0.8606540645926931, 0.8611655074616787, 0.8611655074616787, 0.8614529849705607, 0.8614529849705607, 0.8639577722863819, 0.8639577722863819, 0.8639577722863819, 0.8660587774425311]",False
10,MLP,classical,LDA,gwo,491,123,9.91953969997121,"{'alpha': 0.006330938721712785, 'learning_rate_init': 0.056812090861508895}",0.6747967479674797,0.7647058823529411,0.7647058823529411,0.7647058823529411,0.6191950464396284,0.2383900928792569,0.6640866873065016,18,20,20,65,ok,0.0812131999991834,1,Loan Approval,0.8354882474921959,64.0,"[0.8199220067861842, 0.8199220067861842, 0.8226169005985519, 0.8354882474921959, 0.8354882474921959, 0.8354882474921959, 0.8354882474921959, 0.8354882474921959]",True
11,MLP,classical,LDA,gwo,491,123,9.455375400022604,"{'alpha': 0.0018452587366418072, 'learning_rate_init': 0.10000000000000006}",0.7886178861788617,0.797979797979798,0.9294117647058824,0.8586956521739131,0.701547987616099,0.4699877137481464,0.7972136222910217,18,20,6,79,ok,0.0578962999861687,1,Loan Approval,0.8628737060041408,56.0,"[0.8489882723292334, 0.8489882723292334, 0.8628737060041408, 0.8628737060041408, 0.8628737060041408, 0.8628737060041408, 0.8628737060041408]",True
12,MLP,classical,LDA,gwo,491,123,18.46277080004802,"{'alpha': 0.0004335468482737883, 'learning_rate_init': 0.06172660775312451}",0.8455284552845529,0.8494623655913979,0.9404761904761904,0.8926553672316384,0.7907509157509158,0.6301166157675135,0.8327228327228328,25,14,5,79,ok,0.0544098999816924,1,Loan Approval,0.8216530453227632,80.0,"[0.8052863972486706, 0.8136531968887067, 0.8136531968887067, 0.8136531968887067, 0.8136531968887067, 0.8216530453227632, 0.8216530453227632, 0.8216530453227632, 0.8216530453227632, 0.8216530453227632]",True
13,MLP,classical,LDA,gwo,491,123,28.10913850000361,"{'alpha': 1.0000000000000004e-06, 'learning_rate_init': 0.00010000000000000009}",0.8211382113821138,0.8297872340425532,0.9285714285714286,0.8764044943820225,0.7591575091575091,0.5682020726943221,0.7936507936507937,23,16,6,78,ok,0.2205767999985255,1,Loan Approval,0.8276946082945487,46.0,"[0.8139148463286393, 0.8276946082945487, 0.8276946082945487, 0.8276946082945487, 0.8276946082945487, 0.8276946082945487]",True
14,MLP,classical,LDA,gwo,492,122,31.204837800003588,"{'alpha': 0.0026587658128305884, 'learning_rate_init': 0.00010000000000000009}",0.7540983606557377,0.78125,0.8928571428571429,0.8333333333333334,0.6701127819548872,0.3847477541159684,0.7102130325814536,17,21,9,75,ok,0.2346273000002838,1,Loan Approval,0.8477889225486738,47.0,"[0.8469551426045038, 0.8477889225486738, 0.8477889225486738, 0.8477889225486738, 0.8477889225486738, 0.8477889225486738]",True
0,XGBoost,classical,LDA,gwo,491,123,11.320083300000988,"{'max_depth': 2, 'learning_rate': 0.0011514730237641383, 'subsample': 0.7917120901146404}",0.8048780487804879,0.8279569892473119,0.9058823529411764,0.8651685393258427,0.7424148606811145,0.5216610304595216,0.8312693498452013,22,16,8,77,ok,0.056406199990306,1,Loan Approval,0.8222110590375368,64.0,"[0.749701671946037, 0.7559694587276747, 0.8062275760968634, 0.8222110590375368, 0.8222110590375368, 0.8222110590375368, 0.8222110590375368, 0.8222110590375368]",True
1,XGBoost,classical,LDA,gwo,491,123,8.288095999974757,"{'max_depth': 2, 'learning_rate': 0.003989185347178604, 'subsample': 0.8260420472059244}",0.8292682926829268,0.8137254901960784,0.976470588235294,0.8877005347593583,0.7382352941176471,0.5850966686926822,0.7608359133126936,19,19,2,83,ok,0.0818191000143997,1,Loan Approval,0.786081852656969,48.0,"[0.7791219813735953, 0.786081852656969, 0.786081852656969, 0.786081852656969, 0.786081852656969, 0.786081852656969]",True
2,XGBoost,classical,LDA,gwo,491,123,7.946168499998748,"{'max_depth': 2, 'learning_rate': 0.00575470146321621, 'subsample': 1.0}",0.7479674796747967,0.7912087912087912,0.8571428571428571,0.8228571428571428,0.684981684981685,0.3924054115375895,0.7336691086691087,20,19,12,72,ok,0.09552580001764,1,Loan Approval,0.8452671312427409,48.0,"[0.741646304619073, 0.8452671312427409, 0.8452671312427409, 0.8452671312427409, 0.8452671312427409, 0.8452671312427409]",True
3,XGBoost,classical,LDA,gwo,491,123,12.00670850003371,"{'max_depth': 4, 'learning_rate': 0.005563944461969303, 'subsample': 0.9190892681214775}",0.6910569105691057,0.7613636363636364,0.7976190476190477,0.7790697674418605,0.6295787545787546,0.2672762599169079,0.7271062271062271,18,21,17,67,ok,0.0561648999573662,1,Loan Approval,0.7877743840930491,64.0,"[0.7795567237427704, 0.7849156076493671, 0.7856260623858434, 0.7877743840930491, 0.7877743840930491, 0.7877743840930491, 0.7877743840930491, 0.7877743840930491]",True
4,XGBoost,classical,LDA,gwo,492,122,10.284847099974286,"{'max_depth': 5, 'learning_rate': 0.003965905289718367, 'subsample': 0.8917884118175023}",0.6147540983606558,0.7681159420289855,0.6309523809523809,0.6928104575163399,0.6049498746867168,0.1961014844444393,0.7095864661654135,22,16,31,53,ok,0.0690499999909661,1,Loan Approval,0.8064752053215033,56.0,"[0.7805693016960622, 0.7937848685221075, 0.8064752053215033, 0.8064752053215033, 0.8064752053215033, 0.8064752053215033, 0.8064752053215033]",True
5,XGBoost,classical,LDA,gwo,491,123,8.832886299991515,"{'max_depth': 2, 'learning_rate': 0.0013947839499779881, 'subsample': 0.8929851337681762}",0.7398373983739838,0.7623762376237624,0.9058823529411764,0.8279569892473119,0.6371517027863777,0.3307199803041764,0.6860681114551084,14,24,8,77,ok,0.0786994000081904,1,Loan Approval,0.8615025797381749,56.0,"[0.8475937949202991, 0.8475937949202991, 0.8615025797381749, 0.8615025797381749, 0.8615025797381749, 0.8615025797381749, 0.8615025797381749]",True
6,XGBoost,classical,LDA,gwo,491,123,10.987753399997018,"{'max_depth': 2, 'learning_rate': 0.0120708138104706, 'subsample': 1.0}",0.8455284552845529,0.851063829787234,0.9411764705882352,0.8938547486033519,0.7863777089783281,0.6234584873166151,0.771671826625387,24,14,5,80,ok,0.057333699951414,1,Loan Approval,0.843315404404727,64.0,"[0.8183764011265945, 0.8272054787982914, 0.8361179068049251, 0.843315404404727, 0.843315404404727, 0.843315404404727, 0.843315404404727, 0.843315404404727]",True
7,XGBoost,classical,LDA,gwo,491,123,13.551171500002964,"{'max_depth': 2, 'learning_rate': 0.005682253815493065, 'subsample': 0.9760376132195316}",0.8130081300813008,0.801980198019802,0.9642857142857144,0.8756756756756757,0.7257326007326007,0.5481812794201162,0.7957875457875457,19,20,3,81,ok,0.0439834000426344,1,Loan Approval,0.8495675763095104,96.0,"[0.7985271863569866, 0.8065807883437062, 0.8065807883437062, 0.8098701107589884, 0.8098701107589884, 0.8494428470287447, 0.8494428470287447, 0.8495675763095104, 0.8495675763095104, 0.8495675763095104, 0.8495675763095104, 0.8495675763095104]",True
8,XGBoost,classical,LDA,gwo,491,123,15.271352500014473,"{'max_depth': 2, 'learning_rate': 0.0014538998223441975, 'subsample': 0.6381126775903494}",0.7642276422764228,0.8021978021978022,0.8690476190476191,0.8342857142857143,0.7037545787545787,0.4322287330055133,0.7596153846153846,21,18,11,73,ok,0.0390533999889157,1,Loan Approval,0.8039838948929857,96.0,"[0.7857491633087706, 0.7857491633087706, 0.7863110755013428, 0.7910295205056225, 0.8024064455599724, 0.8024064455599724, 0.8024064455599724, 0.8039838948929857, 0.8039838948929857, 0.8039838948929857, 0.8039838948929857, 0.8039838948929857]",True
9,XGBoost,classical,LDA,gwo,492,122,9.619485299976075,"{'max_depth': 2, 'learning_rate': 0.001160548282998868, 'subsample': 1.0}",0.7704918032786885,0.7916666666666666,0.9047619047619048,0.8444444444444444,0.6892230576441103,0.4279698775065284,0.7418546365914787,18,20,8,76,ok,0.0494491999852471,1,Loan Approval,0.8161050473192898,64.0,"[0.7670228668201248, 0.7932352381464717, 0.8126442094322224, 0.8161050473192898, 0.8161050473192898, 0.8161050473192898, 0.8161050473192898, 0.8161050473192898]",True
10,XGBoost,classical,LDA,gwo,491,123,9.798049799981529,"{'max_depth': 2, 'learning_rate': 0.0063265618660351824, 'subsample': 0.5586705737115749}",0.7235772357723578,0.8072289156626506,0.788235294117647,0.7976190476190477,0.6835913312693498,0.3621715952263852,0.7337461300309598,22,16,18,67,ok,0.0912738000042736,1,Loan Approval,0.7958787027280178,56.0,"[0.7440852169108269, 0.7884712953206104, 0.7958787027280178, 0.7958787027280178, 0.7958787027280178, 0.7958787027280178, 0.7958787027280178]",True
11,XGBoost,classical,LDA,gwo,491,123,10.93559920002008,"{'max_depth': 2, 'learning_rate': 0.002469314656242463, 'subsample': 1.0}",0.7967479674796748,0.7884615384615384,0.9647058823529412,0.8677248677248677,0.6928792569659443,0.4932002760821373,0.7043343653250774,16,22,3,82,ok,0.0506428999942727,1,Loan Approval,0.8026873618645771,64.0,"[0.7821041966618675, 0.7821041966618675, 0.7873642439431913, 0.8026873618645771, 0.8026873618645771, 0.8026873618645771, 0.8026873618645771, 0.8026873618645771]",True
12,XGBoost,classical,LDA,gwo,491,123,11.151067600003444,"{'max_depth': 2, 'learning_rate': 0.002755464079931432, 'subsample': 1.0}",0.7642276422764228,0.8160919540229885,0.8452380952380952,0.8304093567251462,0.7174908424908425,0.4448688949389424,0.7789987789987791,23,16,13,71,ok,0.0475938000017777,1,Loan Approval,0.8584251049078634,64.0,"[0.8075769314818126, 0.8248203356108799, 0.8480665519219737, 0.8584251049078634, 0.8584251049078634, 0.8584251049078634, 0.8584251049078634, 0.8584251049078634]",True
13,XGBoost,classical,LDA,gwo,491,123,15.245321199996395,"{'max_depth': 2, 'learning_rate': 0.003238344771386049, 'subsample': 0.8269583990754109}",0.7886178861788617,0.8372093023255814,0.8571428571428571,0.8470588235294118,0.7490842490842491,0.5054731834865915,0.7922771672771672,25,14,12,72,ok,0.0390753999818116,1,Loan Approval,0.8018233362578888,96.0,"[0.7988220693412099, 0.7988220693412099, 0.7988220693412099, 0.7993840251428592, 0.8005083601413876, 0.8005083601413876, 0.8005083601413876, 0.8018233362578888, 0.8018233362578888, 0.8018233362578888, 0.8018233362578888, 0.8018233362578888]",True
14,XGBoost,classical,LDA,gwo,492,122,15.021415500028525,"{'max_depth': 3, 'learning_rate': 0.006234676520240237, 'subsample': 1.0}",0.7213114754098361,0.7604166666666666,0.8690476190476191,0.8111111111111111,0.6318922305764412,0.2983035073348484,0.6712092731829575,15,23,11,73,ok,0.0412832000292837,1,Loan Approval,0.8659377682126652,96.0,"[0.8469603173812433, 0.8469603173812433, 0.8469603173812433, 0.8469603173812433, 0.8489066378624722, 0.8513953660522614, 0.8643894695683131, 0.8643894695683131, 0.8659377682126652, 0.8659377682126652, 0.8659377682126652, 0.8659377682126652]",False
0,VQC,quantum,LDA,gwo,491,123,800.2588445000001,"{'n_layers': 2, 'learning_rate': 0.0033062044590302575, 'map_reps': 1, 'feature_map': 'angle', 'entanglement': 'full', 'init_scale': 0.34706221192885833}",0.7642276422764228,0.7692307692307693,0.9411764705882352,0.8465608465608465,0.6547987616099071,0.3958268668395965,0.751702786377709,14,24,5,80,ok,2.3920079999952577,1,Loan Approval,0.8738366323067518,88.0,"[0.8443197550702622, 0.8491482790973458, 0.8491482790973458, 0.8646807459631979, 0.8646807459631979, 0.8646807459631979, 0.8738366323067518, 0.8738366323067518, 0.8738366323067518, 0.8738366323067518, 0.8738366323067518]",True
1,VQC,quantum,LDA,gwo,491,123,749.8994679999887,"{'n_layers': 2, 'learning_rate': 0.002849150335773933, 'map_reps': 1, 'feature_map': 'angle', 'entanglement': 'full', 'init_scale': 0.14503821426445956}",0.7886178861788617,0.8172043010752689,0.8941176470588236,0.8539325842696629,0.723374613003096,0.4806876545038886,0.74984520123839,21,17,9,76,ok,2.844086099998094,1,Loan Approval,0.870761154855643,80.0,"[0.8151263332297815, 0.8151263332297815, 0.8151263332297815, 0.8519104125751715, 0.8519104125751715, 0.870761154855643, 0.870761154855643, 0.870761154855643, 0.870761154855643, 0.870761154855643]",True
2,VQC,quantum,LDA,gwo,491,123,859.252078999998,"{'n_layers': 4, 'learning_rate': 0.0012666771581146543, 'map_reps': 1, 'feature_map': 'angle', 'entanglement': 'linear', 'init_scale': 0.3100383148938532}",0.7804878048780488,0.7714285714285715,0.9642857142857144,0.8571428571428571,0.6744505494505495,0.459349641498663,0.6321733821733821,15,24,3,81,ok,3.124123200017493,1,Loan Approval,0.8756406368882003,72.0,"[0.832890499194847, 0.870139284163912, 0.870139284163912, 0.8752958971450179, 0.8756406368882003, 0.8756406368882003, 0.8756406368882003, 0.8756406368882003, 0.8756406368882003]",True
3,VQC,quantum,LDA,gwo,491,123,1002.2516204999991,"{'n_layers': 5, 'learning_rate': 0.0011814413549337132, 'map_reps': 1, 'feature_map': 'angle', 'entanglement': 'circular', 'init_scale': 0.09938943613957751}",0.8211382113821138,0.81,0.9642857142857144,0.8804347826086957,0.7385531135531136,0.5694074085768364,0.7963980463980463,20,19,3,81,ok,3.105834499991033,1,Loan Approval,0.8717382423984086,96.0,"[0.8154868420709901, 0.8368176138440169, 0.8625631839566797, 0.8667552294197032, 0.8667552294197032, 0.8706820903125082, 0.8706820903125082, 0.8717382423984086, 0.8717382423984086, 0.8717382423984086, 0.8717382423984086, 0.8717382423984086]",True
4,VQC,quantum,LDA,gwo,492,122,918.8402505000122,"{'n_layers': 3, 'learning_rate': 0.0013032922993051704, 'map_reps': 1, 'feature_map': 'angle', 'entanglement': 'circular', 'init_scale': 0.32313215436206605}",0.8032786885245902,0.7830188679245284,0.988095238095238,0.8736842105263158,0.6914160401002507,0.525202567616779,0.7697368421052632,15,23,1,83,ok,2.509236800018698,1,Loan Approval,0.8743313970999527,96.0,"[0.8339230378008969, 0.8339230378008969, 0.8339230378008969, 0.8521533052039381, 0.8554970812752583, 0.8556596804316249, 0.8556596804316249, 0.8606044106784848, 0.8676567769130998, 0.8731249999999999, 0.8743313970999527, 0.8743313970999527]",False
5,VQC,quantum,LDA,gwo,491,123,712.0651501999819,"{'n_layers': 3, 'learning_rate': 0.0019164852513159933, 'map_reps': 1, 'feature_map': 'angle', 'entanglement': 'linear', 'init_scale': 0.03537994411591268}",0.7886178861788617,0.780952380952381,0.9647058823529412,0.8631578947368421,0.6797213622291022,0.469894169721876,0.7256965944272447,15,23,3,82,ok,3.580635400023312,1,Loan Approval,0.8777290058399315,72.0,"[0.8422958642938485, 0.876227112147885, 0.876227112147885, 0.876227112147885, 0.8777290058399315, 0.8777290058399315, 0.8777290058399315, 0.8777290058399315, 0.8777290058399315]",True
6,VQC,quantum,LDA,gwo,491,123,940.41233859997,"{'n_layers': 4, 'learning_rate': 0.0016351480693511916, 'map_reps': 1, 'feature_map': 'angle', 'entanglement': 'linear', 'init_scale': 0.4025322367027911}",0.7723577235772358,0.7663551401869159,0.9647058823529412,0.8541666666666666,0.653405572755418,0.4214252112125984,0.6842105263157895,13,25,3,82,ok,2.8155353000038303,1,Loan Approval,0.8723698247396494,96.0,"[0.8281148736069798, 0.8583647206989998, 0.8591350381545474, 0.8591350381545474, 0.8591350381545474, 0.8591350381545474, 0.8636893308142565, 0.8662492885600455, 0.8723698247396494, 0.8723698247396494, 0.8723698247396494, 0.8723698247396494]",False
7,VQC,quantum,LDA,gwo,491,123,1041.0897027999745,"{'n_layers': 6, 'learning_rate': 0.0010272754536801627, 'map_reps': 1, 'feature_map': 'angle', 'entanglement': 'circular', 'init_scale': 0.30388614905144423}",0.8048780487804879,0.8125,0.9285714285714286,0.8666666666666667,0.7335164835164836,0.5250515993016133,0.7597680097680097,21,18,6,78,ok,3.3797347000218,1,Loan Approval,0.8650004572553781,96.0,"[0.8352368599495135, 0.8352368599495135, 0.8352368599495135, 0.8441559932339414, 0.8626061130075459, 0.8626061130075459, 0.8634320087324547, 0.8650004572553781, 0.8650004572553781, 0.8650004572553781, 0.8650004572553781, 0.8650004572553781]",True
8,VQC,quantum,LDA,gwo,491,123,844.3150363999885,"{'n_layers': 3, 'learning_rate': 0.001739517598587317, 'map_reps': 1, 'feature_map': 'angle', 'entanglement': 'circular', 'init_scale': 0.2268073098466075}",0.8130081300813008,0.801980198019802,0.9642857142857144,0.8756756756756757,0.7257326007326007,0.5481812794201162,0.724053724053724,19,20,3,81,ok,2.73664259997895,1,Loan Approval,0.8774691207077376,96.0,"[0.8442200170165477, 0.8442200170165477, 0.8442200170165477, 0.8715058661145617, 0.8715058661145617, 0.8726441690418826, 0.8751569097341093, 0.8751569097341093, 0.8774691207077376, 0.8774691207077376, 0.8774691207077376, 0.8774691207077376]",False
9,VQC,quantum,LDA,gwo,492,122,510.7427239999524,"{'n_layers': 3, 'learning_rate': 0.0018516206469500669, 'map_reps': 1, 'feature_map': 'angle', 'entanglement': 'linear', 'init_scale': 0.2089761200158356}",0.819672131147541,0.8163265306122449,0.9523809523809524,0.8791208791208791,0.7393483709273183,0.5576648278172783,0.8104636591478698,20,18,4,80,ok,4.846182800014503,1,Loan Approval,0.8686056237197071,56.0,"[0.8673308898527208, 0.8673308898527208, 0.8686056237197071, 0.8686056237197071, 0.8686056237197071, 0.8686056237197071, 0.8686056237197071]",True
10,VQC,quantum,LDA,gwo,491,123,782.3399147000164,"{'n_layers': 2, 'learning_rate': 0.003299923767801979, 'map_reps': 1, 'feature_map': 'angle', 'entanglement': 'linear', 'init_scale': 0.07828748867362813}",0.7723577235772358,0.7821782178217822,0.9294117647058824,0.8494623655913979,0.6752321981424149,0.4225451667091734,0.6990712074303406,16,22,6,79,ok,2.4101714999997057,1,Loan Approval,0.8779120918812627,96.0,"[0.8710091591857627, 0.8741383291667922, 0.8741383291667922, 0.8746467018996125, 0.8746467018996125, 0.8761198379157132, 0.8761198379157132, 0.8770070480837197, 0.8779120918812627, 0.8779120918812627, 0.8779120918812627, 0.8779120918812627]",False
11,VQC,quantum,LDA,gwo,491,123,696.7691187000019,"{'n_layers': 1, 'learning_rate': 0.0044088464360289075, 'map_reps': 1, 'feature_map': 'angle', 'entanglement': 'linear', 'init_scale': 0.4516914376036684}",0.8130081300813008,0.7870370370370371,1.0,0.8808290155440415,0.6973684210526316,0.5573800450499489,0.6133126934984521,15,23,0,85,ok,2.4599475999712013,1,Loan Approval,0.8670278884462151,72.0,"[0.8449256575570746, 0.8449256575570746, 0.8449256575570746, 0.8595884474030927, 0.8670278884462151, 0.8670278884462151, 0.8670278884462151, 0.8670278884462151, 0.8670278884462151]",True
12,VQC,quantum,LDA,gwo,491,123,684.0083851999952,"{'n_layers': 6, 'learning_rate': 0.49999999999999994, 'map_reps': 1, 'feature_map': 'angle', 'entanglement': 'circular', 'init_scale': 0.3036952672240124}",0.8048780487804879,0.7941176470588235,0.9642857142857144,0.8709677419354839,0.7129120879120879,0.5266141542424756,0.6788766788766789,18,21,3,81,ok,7.163558100000955,1,Loan Approval,0.8590204527330724,56.0,"[0.7828384906645777, 0.813493558096345, 0.8590204527330724, 0.8590204527330724, 0.8590204527330724, 0.8590204527330724, 0.8590204527330724]",True
13,VQC,quantum,LDA,gwo,491,123,609.1192977000028,"{'n_layers': 5, 'learning_rate': 0.0021608075608158354, 'map_reps': 1, 'feature_map': 'angle', 'entanglement': 'circular', 'init_scale': 0.12524333010598387}",0.8048780487804879,0.8,0.9523809523809524,0.8695652173913043,0.7197802197802198,0.5245979963855689,0.7982295482295483,19,20,4,80,ok,6.051303200016264,1,Loan Approval,0.8731436925310819,48.0,"[0.8729213568287538, 0.8731436925310819, 0.8731436925310819, 0.8731436925310819, 0.8731436925310819, 0.8731436925310819]",True
14,VQC,quantum,LDA,gwo,492,122,759.0369119999814,"{'n_layers': 2, 'learning_rate': 0.002450372042382028, 'map_reps': 1, 'feature_map': 'angle', 'entanglement': 'linear', 'init_scale': 0.47890200245044307}",0.7704918032786885,0.8181818181818182,0.8571428571428571,0.8372093023255814,0.7180451127819549,0.4504296797340828,0.8251879699248121,22,16,12,72,ok,2.471510200004559,1,Loan Approval,0.8768418939909046,93.0,"[0.8004419264508952, 0.839557022016116, 0.8459797310025241, 0.8459797310025241, 0.848523946933593, 0.8697190912440544, 0.8697190912440544, 0.8725206024438762, 0.8725206024438762, 0.8768418939909046, 0.8768418939909046, 0.8768418939909046]",False
0,QNN,quantum,LDA,gwo,491,123,642.7539854000206,"{'n_layers': 1, 'learning_rate': 0.004412264863231761, 'feature_map': 'angle', 'entanglement': 'circular', 'init_scale': 0.03669761757630749}",0.8048780487804879,0.7798165137614679,1.0,0.8762886597938144,0.6842105263157895,0.5360044970515528,0.7157894736842105,14,24,0,85,ok,1.65959880000446,1,Loan Approval,0.8723292118605656,96.0,"[0.8700109840642853, 0.8700109840642853, 0.8700109840642853, 0.8708177898283508, 0.8708177898283508, 0.8708177898283508, 0.8719693257282605, 0.8719693257282605, 0.8723292118605656, 0.8723292118605656, 0.8723292118605656, 0.8723292118605656]",False
1,QNN,quantum,LDA,gwo,491,123,514.4066160999937,"{'n_layers': 2, 'learning_rate': 0.005025508030951973, 'feature_map': 'angle', 'entanglement': 'linear', 'init_scale': 0.463575618293971}",0.7967479674796748,0.8333333333333334,0.8823529411764706,0.8571428571428571,0.7438080495356036,0.5085118434825328,0.8126934984520124,23,15,10,75,ok,3.0880529999849387,1,Loan Approval,0.8618111559139785,40.0,"[0.8618111559139785, 0.8618111559139785, 0.8618111559139785, 0.8618111559139785, 0.8618111559139785]",True
2,QNN,quantum,LDA,gwo,491,123,517.4667670000345,"{'n_layers': 3, 'learning_rate': 0.0044125264473285596, 'feature_map': 'angle', 'entanglement': 'circular', 'init_scale': 0.3146293784936771}",0.7560975609756098,0.8,0.8571428571428571,0.8275862068965517,0.6978021978021978,0.4154845034744047,0.7332112332112332,21,18,12,72,ok,4.206792599987239,1,Loan Approval,0.8738114197178933,56.0,"[0.8634397396309069, 0.8715612532037653, 0.8738114197178933, 0.8738114197178933, 0.8738114197178933, 0.8738114197178933, 0.8738114197178933]",True
3,QNN,quantum,LDA,gwo,491,123,623.8069231999689,"{'n_layers': 6, 'learning_rate': 0.20937106779786177, 'feature_map': 'zz', 'entanglement': 'circular', 'init_scale': 0.3203102357770448}",0.5203252032520326,0.9310344827586208,0.3214285714285714,0.4778761061946903,0.63507326007326,0.2961477234007509,0.7512210012210012,37,2,57,27,ok,6.09624680003617,1,Loan Approval,0.8618529911956943,48.0,"[0.824647534151257, 0.8618529911956943, 0.8618529911956943, 0.8618529911956943, 0.8618529911956943, 0.8618529911956943]",True
4,QNN,quantum,LDA,gwo,492,122,754.2979891999858,"{'n_layers': 1, 'learning_rate': 0.003852960757423465, 'feature_map': 'angle', 'entanglement': 'circular', 'init_scale': 0.2602608133894007}",0.7786885245901639,0.7714285714285715,0.9642857142857144,0.8571428571428571,0.6663533834586466,0.4449118418741724,0.680451127819549,14,24,3,81,ok,1.215937800006941,1,Loan Approval,0.868353910090207,72.0,"[0.8146010573867443, 0.8146010573867443, 0.8162113633448763, 0.8484201054468832, 0.868353910090207, 0.868353910090207, 0.868353910090207, 0.868353910090207, 0.868353910090207]",True
5,QNN,quantum,LDA,gwo,491,123,511.08248859999,"{'n_layers': 2, 'learning_rate': 0.4188650787357164, 'feature_map': 'angle', 'entanglement': 'linear', 'init_scale': 0.44134317616595925}",0.5691056910569106,0.8333333333333334,0.4705882352941176,0.6015037593984962,0.6300309597523219,0.2463353700772254,0.7572755417956656,30,8,45,40,ok,3.601817400020081,1,Loan Approval,0.8415405046480743,48.0,"[0.8220157258769379, 0.8415405046480743, 0.8415405046480743, 0.8415405046480743, 0.8415405046480743, 0.8415405046480743]",True
6,QNN,quantum,LDA,gwo,491,123,527.1971665999736,"{'n_layers': 3, 'learning_rate': 0.36755001486030336, 'feature_map': 'zz', 'entanglement': 'linear', 'init_scale': 0.07153465563936391}",0.3089430894308943,0.0,0.0,0.0,0.5,0.0,0.7182662538699691,38,0,85,0,ok,4.212775300024077,1,Loan Approval,0.8648320197889562,48.0,"[0.8098684217981713, 0.8648320197889562, 0.8648320197889562, 0.8648320197889562, 0.8648320197889562, 0.8648320197889562]",True
7,QNN,quantum,LDA,gwo,491,123,686.6455879000132,"{'n_layers': 5, 'learning_rate': 0.11745140948680284, 'feature_map': 'angle', 'entanglement': 'linear', 'init_scale': 0.01}",0.7479674796747967,0.8354430379746836,0.7857142857142857,0.8098159509202454,0.7261904761904762,0.4391737493453911,0.8153235653235653,26,13,18,66,ok,4.647345200006384,1,Loan Approval,0.8381134399809521,48.0,"[0.83346193538144, 0.8381134399809521, 0.8381134399809521, 0.8381134399809521, 0.8381134399809521, 0.8381134399809521]",True
8,QNN,quantum,LDA,gwo,491,123,740.2897215000121,"{'n_layers': 2, 'learning_rate': 0.0021580600960791904, 'feature_map': 'zz', 'entanglement': 'linear', 'init_scale': 0.3370265934413218}",0.7723577235772358,0.7692307692307693,0.9523809523809524,0.851063829787234,0.6684981684981685,0.4339139940970527,0.6312576312576312,15,24,4,80,ok,1.94435100001283,1,Loan Approval,0.8719834817395792,96.0,"[0.8344316778051718, 0.8344316778051718, 0.8344316778051718, 0.8448123103478352, 0.8577287014061207, 0.8577287014061207, 0.8577287014061207, 0.8577287014061207, 0.8719834817395792, 0.8719834817395792, 0.8719834817395792, 0.8719834817395792]",False
9,QNN,quantum,LDA,gwo,492,122,653.2384327999898,"{'n_layers': 3, 'learning_rate': 0.006639420189503235, 'feature_map': 'angle', 'entanglement': 'linear', 'init_scale': 0.29030143467714653}",0.7704918032786885,0.7916666666666666,0.9047619047619048,0.8444444444444444,0.6892230576441103,0.4279698775065284,0.6983082706766918,18,20,8,76,ok,3.0466595999896526,1,Loan Approval,0.871642582949344,64.0,"[0.8153309781633779, 0.8340627552101703, 0.8340627552101703, 0.871642582949344, 0.871642582949344, 0.871642582949344, 0.871642582949344, 0.871642582949344]",True
10,QNN,quantum,LDA,gwo,491,123,482.57358630001545,"{'n_layers': 1, 'learning_rate': 0.005693454924160353, 'feature_map': 'angle', 'entanglement': 'linear', 'init_scale': 0.01}",0.8130081300813008,0.8369565217391305,0.9058823529411764,0.8700564971751412,0.7555727554179567,0.5439651182993263,0.7671826625386996,23,15,8,77,ok,2.605898800014984,1,Loan Approval,0.8749066205053496,64.0,"[0.8435948255739777, 0.8502666561580496, 0.8732663797226207, 0.8749066205053496, 0.8749066205053496, 0.8749066205053496, 0.8749066205053496, 0.8749066205053496]",True
11,QNN,quantum,LDA,gwo,491,123,502.7621957999654,"{'n_layers': 1, 'learning_rate': 0.0027168609270591714, 'feature_map': 'angle', 'entanglement': 'circular', 'init_scale': 0.01}",0.8536585365853658,0.8252427184466019,1.0,0.9042553191489362,0.763157894736842,0.6590434529426967,0.7185758513931889,20,18,0,85,ok,2.514780300029088,1,Loan Approval,0.8494641715127825,48.0,"[0.8326960045053727, 0.8494641715127825, 0.8494641715127825, 0.8494641715127825, 0.8494641715127825, 0.8494641715127825]",True
12,QNN,quantum,LDA,gwo,491,123,694.012808599975,"{'n_layers': 4, 'learning_rate': 0.49999999999999994, 'feature_map': 'angle', 'entanglement': 'linear', 'init_scale': 0.28649591243995043}",0.7073170731707317,0.7857142857142857,0.7857142857142857,0.7857142857142857,0.6620879120879121,0.3241758241758242,0.7518315018315018,21,18,18,66,ok,3.849045099981595,1,Loan Approval,0.8527536231884058,56.0,"[0.8290777275331127, 0.8513066301494921, 0.8527536231884058, 0.8527536231884058, 0.8527536231884058, 0.8527536231884058, 0.8527536231884058]",True
13,QNN,quantum,LDA,gwo,491,123,608.2891462999978,"{'n_layers': 3, 'learning_rate': 0.004317070468560273, 'feature_map': 'angle', 'entanglement': 'linear', 'init_scale': 0.1410123145324234}",0.7723577235772358,0.7692307692307693,0.9523809523809524,0.851063829787234,0.6684981684981685,0.4339139940970527,0.7335164835164835,15,24,4,80,ok,3.6564793999423273,1,Loan Approval,0.8808771155313169,64.0,"[0.8636695596271294, 0.8636695596271294, 0.8636695596271294, 0.8808162746806039, 0.8808162746806039, 0.8808162746806039, 0.8808771155313169, 0.8808771155313169]",True
14,QNN,quantum,LDA,gwo,492,122,632.8802596000023,"{'n_layers': 5, 'learning_rate': 0.22989904625244378, 'feature_map': 'angle', 'entanglement': 'linear', 'init_scale': 0.20135674746059218}",0.7295081967213115,0.7931034482758621,0.8214285714285714,0.8070175438596491,0.6738721804511278,0.3560392593809378,0.7459273182957393,20,18,15,69,ok,5.022161700006109,1,Loan Approval,0.8578541566115038,48.0,"[0.8204009191677365, 0.8578541566115038, 0.8578541566115038, 0.8578541566115038, 0.8578541566115038, 0.8578541566115038]",True
0,QSVC,quantum,LDA,gwo,491,123,179.07344020000892,"{'C': 0.08217407898471835, 'map_reps': 1, 'scale': 0.25, 'entanglement': 'full'}",0.8455284552845529,0.8235294117647058,0.9882352941176472,0.8983957219251337,0.7572755417956656,0.6318587806154892,0.7885448916408668,20,18,1,84,ok,0.4729172000079416,1,Loan Approval,0.8574378423227681,96.0,"[0.8214640583760285, 0.8397550997357323, 0.8397550997357323, 0.8430171277997366, 0.8542419840548526, 0.8555114375165513, 0.8555114375165513, 0.8558631338241506, 0.8570584570353295, 0.8574378423227681, 0.8574378423227681, 0.8574378423227681]",False
1,QSVC,quantum,LDA,gwo,491,123,154.49854770000093,"{'C': 0.08326252827959325, 'map_reps': 1, 'scale': 0.25, 'entanglement': 'linear'}",0.7967479674796748,0.7727272727272727,1.0,0.8717948717948718,0.6710526315789473,0.5141537386673815,0.7278637770897832,13,25,0,85,ok,0.5652418999816291,1,Loan Approval,0.8558845106394863,72.0,"[0.8324047851606907, 0.8368627972136394, 0.8368627972136394, 0.8368627972136394, 0.8558845106394863, 0.8558845106394863, 0.8558845106394863, 0.8558845106394863, 0.8558845106394863]",True
2,QSVC,quantum,LDA,gwo,491,123,103.5455246999627,"{'C': 41.590019574428474, 'map_reps': 1, 'scale': 0.25, 'entanglement': 'circular'}",0.8048780487804879,0.7884615384615384,0.9761904761904762,0.8723404255319149,0.706043956043956,0.5306013514773743,0.7860195360195359,17,22,2,82,ok,0.9343695000279696,1,Loan Approval,0.86761288877691,56.0,"[0.8615824414900447, 0.8663961419155637, 0.86761288877691, 0.86761288877691, 0.86761288877691, 0.86761288877691, 0.86761288877691]",True
3,QSVC,quantum,LDA,gwo,491,123,147.4990872000344,"{'C': 0.010000000000000004, 'map_reps': 1, 'scale': 0.26987330103786805, 'entanglement': 'full'}",0.8292682926829268,0.8247422680412371,0.9523809523809524,0.8839779005524862,0.7582417582417582,0.5886482687094251,0.2667887667887668,22,17,4,80,ok,0.6010133000090718,1,Loan Approval,0.863917738808481,80.0,"[0.8413637209375978, 0.8413637209375978, 0.8427160386912709, 0.8437041546416547, 0.8560163235110506, 0.863917738808481, 0.863917738808481, 0.863917738808481, 0.863917738808481, 0.863917738808481]",True
4,QSVC,quantum,LDA,gwo,492,122,120.57059099996695,"{'C': 0.031240886631650613, 'map_reps': 1, 'scale': 0.25, 'entanglement': 'linear'}",0.7704918032786885,0.7545454545454545,0.988095238095238,0.8556701030927835,0.6387844611528822,0.4316336700529913,0.6477130325814536,11,27,1,83,ok,0.830943200038746,1,Loan Approval,0.8619639628306389,64.0,"[0.8568687662281668, 0.8592701245146542, 0.8603934601525802, 0.8619639628306389, 0.8619639628306389, 0.8619639628306389, 0.8619639628306389, 0.8619639628306389]",True
5,QSVC,quantum,LDA,gwo,491,123,147.0336110999924,"{'C': 0.04020628650513518, 'map_reps': 1, 'scale': 0.25, 'entanglement': 'circular'}",0.8048780487804879,0.7850467289719626,0.9882352941176472,0.875,0.6914860681114552,0.5260373221695098,0.7222910216718267,15,23,1,84,ok,0.6340362000046298,1,Loan Approval,0.8620926651972008,71.0,"[0.8541295262350214, 0.8552801538500842, 0.8552801538500842, 0.8573026500175752, 0.8620926651972008, 0.8620926651972008, 0.8620926651972008, 0.8620926651972008, 0.8620926651972008]",True
6,QSVC,quantum,LDA,gwo,491,123,175.53858680004487,"{'C': 0.03195302362883918, 'map_reps': 3, 'scale': 0.2751502544803644, 'entanglement': 'full'}",0.8130081300813008,0.8229166666666666,0.9294117647058824,0.8729281767955801,0.7410216718266254,0.5381085006891564,0.7848297213622291,21,17,6,79,ok,0.9010999000165612,1,Loan Approval,0.8664307376579033,72.0,"[0.820272397448636, 0.8488555659963183, 0.8523497267759562, 0.8633123217000632, 0.8664307376579033, 0.8664307376579033, 0.8664307376579033, 0.8664307376579033, 0.8664307376579033]",True
7,QSVC,quantum,LDA,gwo,491,123,83.95585750002647,"{'C': 30.366733789971516, 'map_reps': 1, 'scale': 0.25, 'entanglement': 'circular'}",0.7560975609756098,0.75,0.9642857142857144,0.84375,0.635989010989011,0.3867659655242587,0.6794871794871795,12,27,3,81,ok,0.7097481999662705,1,Loan Approval,0.881780400384649,40.0,"[0.8817408417353189, 0.8817408417353189, 0.881780400384649, 0.881780400384649, 0.881780400384649]",True
8,QSVC,quantum,LDA,gwo,491,123,106.01596009999048,"{'C': 0.037360807869663344, 'map_reps': 1, 'scale': 0.25, 'entanglement': 'circular'}",0.8292682926829268,0.8058252427184466,0.988095238095238,0.8877005347593583,0.7376373626373627,0.5993535138703303,0.8064713064713065,19,20,1,83,ok,0.8073851999943145,1,Loan Approval,0.8578126655798989,56.0,"[0.8418237113173083, 0.8418237113173083, 0.8578126655798989, 0.8578126655798989, 0.8578126655798989, 0.8578126655798989, 0.8578126655798989]",True
9,QSVC,quantum,LDA,gwo,492,122,169.49426340003265,"{'C': 0.05227393785601656, 'map_reps': 1, 'scale': 0.33235056695755405, 'entanglement': 'full'}",0.8278688524590164,0.8058252427184466,0.988095238095238,0.8877005347593583,0.7308897243107769,0.5897536390404527,0.8026315789473684,18,20,1,83,ok,0.5384838999598287,1,Loan Approval,0.8726456235981255,96.0,"[0.870106105283971, 0.870106105283971, 0.870106105283971, 0.870106105283971, 0.8704673932756614, 0.871940529291762, 0.871940529291762, 0.871940529291762, 0.8726456235981255, 0.8726456235981255, 0.8726456235981255, 0.8726456235981255]",False
10,QSVC,quantum,LDA,gwo,491,123,137.27433169999858,"{'C': 0.015068958443395371, 'map_reps': 1, 'scale': 0.49435704215672516, 'entanglement': 'circular'}",0.7804878048780488,0.7959183673469388,0.9176470588235294,0.8524590163934426,0.6956656346749226,0.4493272633335054,0.6900928792569659,18,20,7,78,ok,0.6422006000066176,1,Loan Approval,0.8604278358351832,72.0,"[0.8539457267623206, 0.8539457267623206, 0.8573179686709379, 0.8573179686709379, 0.8604278358351832, 0.8604278358351832, 0.8604278358351832, 0.8604278358351832, 0.8604278358351832]",True
11,QSVC,quantum,LDA,gwo,491,123,127.06577190000098,"{'C': 100.00000000000013, 'map_reps': 1, 'scale': 0.3292755347421316, 'entanglement': 'circular'}",0.8048780487804879,0.7850467289719626,0.9882352941176472,0.875,0.6914860681114552,0.5260373221695098,0.7452012383900928,15,23,1,84,ok,0.705265500000678,1,Loan Approval,0.8694714020824419,64.0,"[0.8663206681046404, 0.8663206681046404, 0.8663206681046404, 0.8694714020824419, 0.8694714020824419, 0.8694714020824419, 0.8694714020824419, 0.8694714020824419]",True
12,QSVC,quantum,LDA,gwo,491,123,125.63431480003057,"{'C': 0.030937314842925154, 'map_reps': 1, 'scale': 0.25, 'entanglement': 'linear'}",0.7967479674796748,0.8041237113402062,0.9285714285714286,0.861878453038674,0.7206959706959707,0.5030646551736576,0.7678571428571429,20,19,6,78,ok,0.7371600999613293,1,Loan Approval,0.8785032667137931,64.0,"[0.8678929895575279, 0.8678929895575279, 0.8678929895575279, 0.8785032667137931, 0.8785032667137931, 0.8785032667137931, 0.8785032667137931, 0.8785032667137931]",True
13,QSVC,quantum,LDA,gwo,491,123,116.0410407000454,"{'C': 25.206773887967802, 'map_reps': 1, 'scale': 0.4315156766088927, 'entanglement': 'linear'}",0.7723577235772358,0.7692307692307693,0.9523809523809524,0.851063829787234,0.6684981684981685,0.4339139940970527,0.7704517704517704,15,24,4,80,ok,0.8270854999427684,1,Loan Approval,0.8743380047829697,64.0,"[0.869602529358627, 0.8707860922146636, 0.8723766869587853, 0.8743380047829697, 0.8743380047829697, 0.8743380047829697, 0.8743380047829697, 0.8743380047829697]",True
14,QSVC,quantum,LDA,gwo,492,122,180.7777998999809,"{'C': 0.02722298148729031, 'map_reps': 3, 'scale': 0.29531728986743494, 'entanglement': 'circular'}",0.7950819672131147,0.7920792079207921,0.9523809523809524,0.8648648648648649,0.699874686716792,0.4903982353957169,0.7139724310776943,17,21,4,80,ok,0.8545756000094116,1,Loan Approval,0.8708939343029489,72.0,"[0.8401258178272158, 0.8662994091776436, 0.8678432188248345, 0.8689875812206544, 0.8708939343029489, 0.8708939343029489, 0.8708939343029489, 0.8708939343029489, 0.8708939343029489]",True
0,QDT,quantum,LDA,gwo,491,123,2.7208759000059217,"{'max_depth': 2, 'min_samples_split': 2, 'map_reps': 3, 'entanglement': 'circular'}",0.4634146341463415,0.8064516129032258,0.2941176470588235,0.4310344827586206,0.5681114551083591,0.1449695045740179,0.5185758513931888,32,6,60,25,ok,0.0336629999801516,1,Loan Approval,0.7525573484625209,33.0,"[0.7035073466185264, 0.7525573484625209, 0.7525573484625209, 0.7525573484625209, 0.7525573484625209, 0.7525573484625209]",True
1,QDT,quantum,LDA,gwo,491,123,3.5630571000510827,"{'max_depth': 12, 'min_samples_split': 12, 'map_reps': 1, 'entanglement': 'circular'}",0.5447154471544715,0.7301587301587301,0.5411764705882353,0.6216216216216216,0.5469040247678019,0.0867152473873035,0.5741486068111454,21,17,39,46,ok,0.0300629999837838,1,Loan Approval,0.6450037417779353,46.0,"[0.6296190627688634, 0.6450037417779353, 0.6450037417779353, 0.6450037417779353, 0.6450037417779353, 0.6450037417779353]",True
2,QDT,quantum,LDA,gwo,491,123,2.7008144999854267,"{'max_depth': 3, 'min_samples_split': 3, 'map_reps': 1, 'entanglement': 'linear'}",0.4390243902439024,0.6923076923076923,0.3214285714285714,0.4390243902439024,0.5068681318681318,0.0137362637362637,0.5528083028083028,27,12,57,27,ok,0.0315580000169575,1,Loan Approval,0.768651394213164,36.0,"[0.768651394213164, 0.768651394213164, 0.768651394213164, 0.768651394213164, 0.768651394213164]",True
3,QDT,quantum,LDA,gwo,491,123,3.255432699981611,"{'max_depth': 2, 'min_samples_split': 7, 'map_reps': 1, 'entanglement': 'linear'}",0.3170731707317073,0.5,0.0238095238095238,0.0454545454545454,0.4862637362637362,-0.0720720850710334,0.4987789987789987,37,2,82,2,ok,0.030767599993851,1,Loan Approval,0.6772129762113948,43.0,"[0.5674322440864263, 0.6676254278644285, 0.6772129762113948, 0.6772129762113948, 0.6772129762113948, 0.6772129762113948, 0.6772129762113948]",True
4,QDT,quantum,LDA,gwo,492,122,3.3408271000371315,"{'max_depth': 2, 'min_samples_split': 24, 'map_reps': 3, 'entanglement': 'circular'}",0.5409836065573771,0.6794871794871795,0.6309523809523809,0.654320987654321,0.4865288220551378,-0.0259832439199313,0.4793233082706767,13,25,31,53,ok,0.0323869999847374,1,Loan Approval,0.7178031503706389,40.0,"[0.7178031503706389, 0.7178031503706389, 0.7178031503706389, 0.7178031503706389, 0.7178031503706389]",True
5,QDT,quantum,LDA,gwo,491,123,4.686210799962282,"{'max_depth': 12, 'min_samples_split': 25, 'map_reps': 1, 'entanglement': 'full'}",0.5447154471544715,0.7735849056603774,0.4823529411764706,0.5942028985507246,0.58328173374613,0.1554154032811572,0.604953560371517,26,12,44,41,ok,0.0242000999860465,1,Loan Approval,0.6555951985436029,69.0,"[0.5953877183440969, 0.6186154896593486, 0.6343094667315553, 0.6533275734273871, 0.6533275734273871, 0.6533275734273871, 0.6555951985436029, 0.6555951985436029, 0.6555951985436029, 0.6555951985436029, 0.6555951985436029]",True
6,QDT,quantum,LDA,gwo,491,123,3.4294525000150315,"{'max_depth': 2, 'min_samples_split': 21, 'map_reps': 1, 'entanglement': 'circular'}",0.3821138211382114,0.6956521739130435,0.188235294117647,0.2962962962962963,0.5020123839009287,0.0047695584256529,0.4657894736842105,31,7,69,16,ok,0.0312973000109195,1,Loan Approval,0.7345346856392867,44.0,"[0.636677337350532, 0.7345346856392867, 0.7345346856392867, 0.7345346856392867, 0.7345346856392867, 0.7345346856392867]",True
7,QDT,quantum,LDA,gwo,491,123,3.0613623000099324,"{'max_depth': 10, 'min_samples_split': 32, 'map_reps': 3, 'entanglement': 'linear'}",0.5203252032520326,0.6865671641791045,0.5476190476190477,0.609271523178808,0.5045787545787546,0.008556928306835,0.4445970695970696,18,21,38,46,ok,0.0340763999847695,1,Loan Approval,0.6272607457293623,44.0,"[0.6190690330165433, 0.6190690330165433, 0.6272607457293623, 0.6272607457293623, 0.6272607457293623, 0.6272607457293623, 0.6272607457293623]",True
8,QDT,quantum,LDA,gwo,491,123,2.69156499998644,"{'max_depth': 2, 'min_samples_split': 27, 'map_reps': 1, 'entanglement': 'circular'}",0.4146341463414634,0.7727272727272727,0.2023809523809523,0.320754716981132,0.5370879120879121,0.0900662954016823,0.5315934065934066,34,5,67,17,ok,0.0432973999995738,1,Loan Approval,0.5721510605207913,32.0,"[0.5721510605207913, 0.5721510605207913, 0.5721510605207913, 0.5721510605207913, 0.5721510605207913]",True
9,QDT,quantum,LDA,gwo,492,122,4.296173100010492,"{'max_depth': 6, 'min_samples_split': 16, 'map_reps': 1, 'entanglement': 'full'}",0.5327868852459017,0.7368421052631579,0.5,0.5957446808510638,0.5526315789473684,0.0977043117667909,0.5560776942355891,23,15,42,42,ok,0.0263092000386677,1,Loan Approval,0.7260936070206953,64.0,"[0.7206159877486574, 0.7206159877486574, 0.7259033637811249, 0.7259033637811249, 0.7259033637811249, 0.7260936070206953, 0.7260936070206953, 0.7260936070206953, 0.7260936070206953, 0.7260936070206953]",True
10,QDT,quantum,LDA,gwo,491,123,3.761710899998434,"{'max_depth': 9, 'min_samples_split': 7, 'map_reps': 1, 'entanglement': 'linear'}",0.5121951219512195,0.7777777777777778,0.4117647058823529,0.5384615384615384,0.5743034055727554,0.1425563010184743,0.5481424148606812,28,10,50,35,ok,0.0280106999562121,1,Loan Approval,0.6859884665884753,54.0,"[0.6745160334647334, 0.6848622910513481, 0.6859884665884753, 0.6859884665884753, 0.6859884665884753, 0.6859884665884753, 0.6859884665884753]",True
11,QDT,quantum,LDA,gwo,491,123,4.169194100017194,"{'max_depth': 3, 'min_samples_split': 19, 'map_reps': 1, 'entanglement': 'full'}",0.4959349593495935,0.8484848484848485,0.3294117647058823,0.4745762711864407,0.5989164086687306,0.2063105193557704,0.613312693498452,33,5,57,28,ok,0.0269655999727547,1,Loan Approval,0.7804401211167535,59.0,"[0.7334229487299293, 0.7334229487299293, 0.7457237909769555, 0.7794300201066525, 0.7794300201066525, 0.7804401211167535, 0.7804401211167535, 0.7804401211167535, 0.7804401211167535, 0.7804401211167535]",True
12,QDT,quantum,LDA,gwo,491,123,4.414062199997716,"{'max_depth': 7, 'min_samples_split': 29, 'map_reps': 3, 'entanglement': 'linear'}",0.6178861788617886,0.7126436781609196,0.7380952380952381,0.7251461988304093,0.5485347985347986,0.0992760060284797,0.5207570207570207,14,25,22,62,ok,0.0265597000252455,1,Loan Approval,0.6190683303126515,57.0,"[0.6154072504708098, 0.6154072504708098, 0.6154072504708098, 0.6177460530039128, 0.6177460530039128, 0.6190683303126515, 0.6190683303126515, 0.6190683303126515, 0.6190683303126515, 0.6190683303126515]",True
13,QDT,quantum,LDA,gwo,491,123,2.6867520000087097,"{'max_depth': 3, 'min_samples_split': 17, 'map_reps': 3, 'entanglement': 'circular'}",0.5121951219512195,0.7,0.5,0.5833333333333334,0.5192307692307692,0.0358057437019716,0.5398351648351648,21,18,42,42,ok,0.0444498999859206,1,Loan Approval,0.6579533130206231,39.0,"[0.6579533130206231, 0.6579533130206231, 0.6579533130206231, 0.6579533130206231, 0.6579533130206231]",True
14,QDT,quantum,LDA,gwo,492,122,2.622810000029858,"{'max_depth': 3, 'min_samples_split': 23, 'map_reps': 1, 'entanglement': 'circular'}",0.4426229508196721,0.6666666666666666,0.3809523809523809,0.4848484848484848,0.4799498746867168,-0.0380138668992385,0.4370300751879699,22,16,52,32,ok,0.0425292999716475,1,Loan Approval,0.7354537087769434,39.0,"[0.7354537087769434, 0.7354537087769434, 0.7354537087769434, 0.7354537087769434, 0.7354537087769434]",True
