fold,model,family,reduction,optimizer,n_train,n_test,inner_f1,n_evaluations,convergence,stopped_early,search_time_s,best_params,accuracy,precision,recall,f1,balanced_accuracy,mcc,roc_auc,tn,fp,fn,tp,status,fit_time_s,n_reduced_features,dataset
0,VQC,quantum,LDA,gwo,1200,10962,0.225871552691094,64,"[0.2252256246988468, 0.2252256246988468, 0.2252256246988468, 0.22587155269109407, 0.22587155269109407, 0.22587155269109407, 0.22587155269109407, 0.22587155269109407]",True,454.7687718999805,"{'n_layers': 4, 'learning_rate': 0.0694467001097624, 'map_reps': 1, 'feature_map': 'angle', 'entanglement': 'full', 'init_scale': 0.37942373859169115}",0.6268016785258165,0.1406783519235147,0.6616702355460385,0.2320255303172517,0.64261214210489,0.1624938269803935,0.6970784800417503,6253,3775,316,618,ok,3.155647500010673,1,HR Promotion
1,VQC,quantum,LDA,gwo,1200,10962,0.2552144884883511,72,"[0.23452187658141901, 0.23452187658141901, 0.24003921357005376, 0.24869346932321315, 0.2552144884883511, 0.2552144884883511, 0.2552144884883511, 0.2552144884883511, 0.2552144884883511]",True,532.9112123000086,"{'n_layers': 3, 'learning_rate': 0.13726827076760573, 'map_reps': 1, 'feature_map': 'angle', 'entanglement': 'linear', 'init_scale': 0.4211993688929848}",0.6558109833971902,0.1531883703884681,0.671306209850107,0.24945295404814,0.6628369900467128,0.1879732420745103,0.7175732360525433,6562,3466,307,627,ok,1.921891500009224,1,HR Promotion
2,VQC,quantum,LDA,gwo,1200,10962,0.2515979634400687,72,"[0.24240694741444388, 0.25051911311788394, 0.25051911311788394, 0.25051911311788394, 0.25159796344006874, 0.25159796344006874, 0.25159796344006874, 0.25159796344006874, 0.25159796344006874]",True,496.0794813000248,"{'n_layers': 3, 'learning_rate': 0.047080341544770844, 'map_reps': 1, 'feature_map': 'angle', 'entanglement': 'linear', 'init_scale': 0.423440604735663}",0.6315453384418902,0.1400417342916763,0.6466809421841542,0.2302267962645321,0.6384082812237085,0.1581993797432608,0.6965890581318774,6319,3709,330,604,ok,2.266288999991957,1,HR Promotion
3,VQC,quantum,LDA,gwo,1200,10961,0.2590958000567034,79,"[0.23875131250179435, 0.24506318427035045, 0.2517980290287794, 0.2517980290287794, 0.25856800115623646, 0.25856800115623646, 0.25909580005670346, 0.25909580005670346, 0.25909580005670346, 0.25909580005670346, 0.25909580005670346]",True,515.9589061000152,"{'n_layers': 3, 'learning_rate': 0.49999999999999994, 'map_reps': 1, 'feature_map': 'angle', 'entanglement': 'circular', 'init_scale': 0.48334265927338305}",0.6461089316668187,0.1447178002894356,0.6430868167202572,0.2362669816893089,0.6447384622093508,0.1665767388003609,0.703781555267972,6482,3546,333,600,ok,2.0002340999781154,1,HR Promotion
4,VQC,quantum,LDA,gwo,1200,10961,0.2467432385465172,72,"[0.2148190045248869, 0.21482091036434656, 0.24267709691438508, 0.24267709691438508, 0.24674323854651722, 0.24674323854651722, 0.24674323854651722, 0.24674323854651722, 0.24674323854651722]",True,566.219275600044,"{'n_layers': 5, 'learning_rate': 0.4107903016973553, 'map_reps': 1, 'feature_map': 'angle', 'entanglement': 'linear', 'init_scale': 0.15395962620309675}",0.7838700848462732,0.1870095902353966,0.4598070739549839,0.2658816237991943,0.6369139079388003,0.1878427518125936,0.6844600926623033,8163,1865,504,429,ok,2.633296999963932,1,HR Promotion
5,VQC,quantum,LDA,gwo,1200,10962,0.2826654929224499,96,"[0.24048814975210916, 0.2634485912311439, 0.2707938792478695, 0.273413913887822, 0.2752998507489525, 0.2768341392782012, 0.2768936388363717, 0.2768936388363717, 0.28266549292244997, 0.28266549292244997, 0.28266549292244997, 0.28266549292244997]",False,492.86489189998247,"{'n_layers': 2, 'learning_rate': 0.49999999999999994, 'map_reps': 1, 'feature_map': 'angle', 'entanglement': 'full', 'init_scale': 0.3481244716296052}",0.70069330414158,0.1551572142227446,0.5653104925053534,0.2434862808392898,0.6393066223994657,0.1681199343477829,0.6840371584830142,7153,2875,406,528,ok,2.0163607000140478,1,HR Promotion
6,VQC,quantum,LDA,gwo,1200,10962,0.2557820006869852,80,"[0.2305671189228081, 0.23555037926009517, 0.23589306654410244, 0.23589306654410244, 0.23775324643212783, 0.25578200068698526, 0.25578200068698526, 0.25578200068698526, 0.25578200068698526, 0.25578200068698526]",True,586.7757486999617,"{'n_layers': 6, 'learning_rate': 0.19541653540472081, 'map_reps': 1, 'feature_map': 'angle', 'entanglement': 'linear', 'init_scale': 0.27313143159881326}",0.7307060755336617,0.1796825396825397,0.6059957173447538,0.277179236043095,0.6741586085726561,0.2148914560228374,0.7302627589217001,7444,2584,368,566,ok,2.8440704000531696,1,HR Promotion
7,VQC,quantum,LDA,gwo,1200,10962,0.2374688317217053,88,"[0.228657326595492, 0.228657326595492, 0.2286912421892043, 0.229780144334659, 0.23089867773821574, 0.23089867773821574, 0.2374688317217053, 0.2374688317217053, 0.2374688317217053, 0.2374688317217053, 0.2374688317217053]",True,451.2377168999519,"{'n_layers': 1, 'learning_rate': 0.49999999999999994, 'map_reps': 1, 'feature_map': 'angle', 'entanglement': 'circular', 'init_scale': 0.13889405677092811}",0.7401021711366539,0.1643883631265334,0.5021413276231264,0.2476894639556377,0.6322034918929353,0.1682360204345657,0.690118631429428,7644,2384,465,469,ok,1.7244191000354476,1,HR Promotion
8,VQC,quantum,LDA,gwo,1200,10961,0.2333712505001746,56,"[0.22511990039491656, 0.22583196944899073, 0.2333712505001746, 0.2333712505001746, 0.2333712505001746, 0.2333712505001746, 0.2333712505001746]",True,384.6509434999898,"{'n_layers': 3, 'learning_rate': 0.03690574618400298, 'map_reps': 1, 'feature_map': 'angle', 'entanglement': 'full', 'init_scale': 0.09663138571237005}",0.672201441474318,0.1594982078853046,0.6677384780278671,0.257491217193635,0.6701775756712929,0.1983196211457985,0.7341699404582496,6745,3283,310,623,ok,3.012129500042647,1,HR Promotion
9,VQC,quantum,LDA,gwo,1200,10961,0.235838779956427,85,"[0.20957551853410458, 0.22396533691916928, 0.2268707410713021, 0.2268707410713021, 0.22706254781269908, 0.22706254781269908, 0.235838779956427, 0.235838779956427, 0.235838779956427, 0.235838779956427, 0.235838779956427]",True,391.4992517000064,"{'n_layers': 1, 'learning_rate': 0.49999999999999994, 'map_reps': 1, 'feature_map': 'angle', 'entanglement': 'linear', 'init_scale': 0.47676762657766847}",0.7105191132195967,0.1636636636636636,0.5841371918542336,0.2556884822894675,0.6532074072553976,0.1859280436673616,0.7157943289336482,7243,2785,388,545,ok,1.7640288999537006,1,HR Promotion
10,VQC,quantum,LDA,gwo,1200,10962,0.2281489700844539,96,"[0.22230445344082828, 0.22230445344082828, 0.22230445344082828, 0.22230445344082828, 0.2255703463708315, 0.2255703463708315, 0.2255703463708315, 0.2255703463708315, 0.22636196637274253, 0.22636196637274253, 0.22814897008445398, 0.22814897008445398]",False,497.9101105000009,"{'n_layers': 1, 'learning_rate': 0.016703199863517957, 'map_reps': 1, 'feature_map': 'angle', 'entanglement': 'circular', 'init_scale': 0.24926401440199028}",0.6247947454844006,0.1428892383733992,0.6809421841541756,0.2362116991643454,0.65025370077274,0.1708374692108407,0.7228167981899076,6213,3815,298,636,ok,1.4264499999699185,1,HR Promotion
11,VQC,quantum,LDA,gwo,1200,10962,0.2269784391132705,80,"[0.21466768699581393, 0.21832275140093618, 0.22433486117696644, 0.22433486117696644, 0.22433486117696644, 0.22697843911327056, 0.22697843911327056, 0.22697843911327056, 0.22697843911327056, 0.22697843911327056]",True,605.4155070999986,"{'n_layers': 5, 'learning_rate': 0.04308498423278966, 'map_reps': 1, 'feature_map': 'angle', 'entanglement': 'full', 'init_scale': 0.30113475896331854}",0.6827221309979931,0.1573275862068965,0.6252676659528907,0.2513990529487731,0.6566705302241518,0.1848523272374334,0.720615146967506,6900,3128,350,584,ok,2.2828734000213444,1,HR Promotion
12,VQC,quantum,LDA,gwo,1200,10962,0.270169976740025,96,"[0.2263685169207171, 0.2263685169207171, 0.2263685169207171, 0.23222969676870386, 0.23222969676870386, 0.23222969676870386, 0.2346795258187663, 0.270169976740025, 0.270169976740025, 0.270169976740025, 0.270169976740025, 0.270169976740025]",True,684.8421923000133,"{'n_layers': 4, 'learning_rate': 0.14651662034144158, 'map_reps': 1, 'feature_map': 'angle', 'entanglement': 'full', 'init_scale': 0.3141704773398996}",0.7155628534938879,0.1617100371747211,0.5588865096359743,0.2508409418548775,0.6445210370277996,0.1770405779861967,0.7042349408807373,7322,2706,412,522,ok,1.7056505999644287,1,HR Promotion
13,VQC,quantum,LDA,gwo,1200,10961,0.2340662055335968,48,"[0.22503548628446365, 0.23406620553359683, 0.23406620553359683, 0.23406620553359683, 0.23406620553359683, 0.23406620553359683]",True,357.06472959998064,"{'n_layers': 4, 'learning_rate': 0.49999999999999994, 'map_reps': 1, 'feature_map': 'angle', 'entanglement': 'full', 'init_scale': 0.12155530851228831}",0.3478697199160661,0.105997210599721,0.8960342979635584,0.1895691609977324,0.5964515327073476,0.1198337807700747,0.686226208630839,2977,7051,97,836,ok,4.045479600026738,1,HR Promotion
14,VQC,quantum,LDA,gwo,1200,10961,0.2594364699627857,96,"[0.21545322394506308, 0.23691865251418723, 0.23691865251418723, 0.24074074074074073, 0.2440961815961816, 0.2440961815961816, 0.2440961815961816, 0.25739896523029054, 0.25739896523029054, 0.25739896523029054, 0.25739896523029054, 0.25943646996278574]",False,674.6914823999978,"{'n_layers': 6, 'learning_rate': 0.49999999999999994, 'map_reps': 1, 'feature_map': 'angle', 'entanglement': 'full', 'init_scale': 0.31230769514993617}",0.5656418210017334,0.1236728273692489,0.6741693461950696,0.2090048180760923,0.6148569108318787,0.128541391862244,0.6724604120253215,5571,4457,304,629,ok,2.3921917999978177,1,HR Promotion
0,QSVC,quantum,LDA,gwo,1200,10962,0.2081043919451975,88,"[0.19951691251620352, 0.19951691251620352, 0.20509941170562931, 0.20738636640375152, 0.20738636640375152, 0.20775193798449612, 0.2081043919451975, 0.2081043919451975, 0.2081043919451975, 0.2081043919451975, 0.2081043919451975]",True,247.15419839997776,"{'C': 2.1667565117641114, 'map_reps': 1, 'scale': 0.25, 'entanglement': 'linear'}",0.6319102353585112,0.1502368599142792,0.7130620985010707,0.2481833426495248,0.6687069567096499,0.1919426063756238,0.7384068185098854,6261,3767,268,666,ok,22.153384500008546,1,HR Promotion
1,QSVC,quantum,LDA,gwo,1200,10962,0.2440685066363186,72,"[0.21176153984194998, 0.22155388717600544, 0.23863006021101688, 0.23946311562037623, 0.2440685066363186, 0.2440685066363186, 0.2440685066363186, 0.2440685066363186, 0.2440685066363186]",True,196.49718519998717,"{'C': 0.010000000000000004, 'map_reps': 1, 'scale': 0.26762006720443, 'entanglement': 'full'}",0.752964787447546,0.1802451333813987,0.5353319057815846,0.2696871628910464,0.6542834239717656,0.1981470995360777,0.2840991690077205,7754,2274,434,500,ok,31.39571860001888,1,HR Promotion
2,QSVC,quantum,LDA,gwo,1200,10962,0.2289016517596917,80,"[0.2133728430898242, 0.22574578653010025, 0.22574578653010025, 0.22716741017394612, 0.22842196280011182, 0.2289016517596917, 0.2289016517596917, 0.2289016517596917, 0.2289016517596917, 0.2289016517596917]",True,290.271179399977,"{'C': 3.118422480353376, 'map_reps': 3, 'scale': 0.25, 'entanglement': 'circular'}",0.6668491151249772,0.1501029866117404,0.6241970021413277,0.2420091324200913,0.6475093506917249,0.1722008369719048,0.6994583794924532,6727,3301,351,583,ok,29.558219099999405,1,HR Promotion
3,QSVC,quantum,LDA,gwo,1200,10961,0.2292788125080721,80,"[0.21839121518347274, 0.22423737934281776, 0.22601009161345986, 0.22885891146260331, 0.2289660321015304, 0.22924643747569706, 0.22924643747569706, 0.2292788125080721, 0.2292788125080721, 0.2292788125080721]",True,222.93543309997767,"{'C': 100.00000000000013, 'map_reps': 1, 'scale': 0.3356332790996471, 'entanglement': 'circular'}",0.6425508621476143,0.1385323322838459,0.6130760986066452,0.2259976293954958,0.6291846388525847,0.1487964210305418,0.6919601535849674,6471,3557,361,572,ok,26.3735619999934,1,HR Promotion
4,QSVC,quantum,LDA,gwo,1200,10961,0.260492254259185,72,"[0.20981742875807888, 0.21867227185146257, 0.23667052125956234, 0.2372939486320699, 0.26049225425918504, 0.26049225425918504, 0.26049225425918504, 0.26049225425918504, 0.26049225425918504]",True,202.33218670001952,"{'C': 0.11314958047229783, 'map_reps': 1, 'scale': 0.25, 'entanglement': 'linear'}",0.747012133929386,0.1661828737300435,0.4908896034297964,0.2483057739224722,0.6308656234141403,0.168354472858922,0.6974686312408858,7730,2298,475,458,ok,31.09572439995827,1,HR Promotion
5,QSVC,quantum,LDA,gwo,1200,10962,0.2599288316840942,56,"[0.2432301153612629, 0.2495016853991213, 0.2599288316840942, 0.2599288316840942, 0.2599288316840942, 0.2599288316840942, 0.2599288316840942]",True,160.67070869996678,"{'C': 0.010000000000000004, 'map_reps': 1, 'scale': 0.3505635525206637, 'entanglement': 'circular'}",0.7521437693851487,0.1669779604034366,0.4785867237687366,0.2475768485184159,0.628104690165182,0.1664965293014204,0.3182977918786712,7798,2230,487,447,ok,33.412856800016016,1,HR Promotion
6,QSVC,quantum,LDA,gwo,1200,10962,0.2383612495385751,96,"[0.21683816660395996, 0.21683816660395996, 0.22212178898977863, 0.2268532445208423, 0.23382790049456714, 0.23442314659245453, 0.23773544667493426, 0.23773544667493426, 0.23773544667493426, 0.2383612495385751, 0.2383612495385751, 0.2383612495385751]",False,244.83372830000008,"{'C': 0.03830968994585285, 'map_reps': 1, 'scale': 0.3786240777740512, 'entanglement': 'circular'}",0.8177339901477833,0.2263374485596707,0.4710920770877944,0.305767894371091,0.6605560106220782,0.2347112569481665,0.730991126345163,8524,1504,494,440,ok,22.35373630002141,1,HR Promotion
7,QSVC,quantum,LDA,gwo,1200,10962,0.2872174122174122,72,"[0.22875988146715728, 0.24116914666792746, 0.2513216858086797, 0.26764711491033494, 0.2872174122174122, 0.2872174122174122, 0.2872174122174122, 0.2872174122174122, 0.2872174122174122]",True,211.6403387999744,"{'C': 0.0743899428878926, 'map_reps': 1, 'scale': 0.25, 'entanglement': 'circular'}",0.7744937055281883,0.1896690879741727,0.5032119914346895,0.2754982415005861,0.6514863307791716,0.2022241701656276,0.7114367778784711,8020,2008,464,470,ok,29.598383200005628,1,HR Promotion
8,QSVC,quantum,LDA,gwo,1200,10961,0.2564645781684321,64,"[0.22099480004952335, 0.24028494808696152, 0.2530252543155769, 0.2564645781684321, 0.2564645781684321, 0.2564645781684321, 0.2564645781684321, 0.2564645781684321]",True,164.56785219995072,"{'C': 0.12105971437509795, 'map_reps': 1, 'scale': 0.25, 'entanglement': 'full'}",0.7594197609707144,0.1762917933130699,0.4973204715969989,0.2603085553997195,0.640562908315452,0.1836577844915561,0.7108584708796079,7860,2168,469,464,ok,32.68429860001197,1,HR Promotion
9,QSVC,quantum,LDA,gwo,1200,10961,0.2868275107259669,71,"[0.23553365245909363, 0.28141496947184147, 0.28141496947184147, 0.28141496947184147, 0.2868275107259669, 0.2868275107259669, 0.2868275107259669, 0.2868275107259669, 0.2868275107259669]",True,191.3895223000436,"{'C': 0.011055028240117852, 'map_reps': 1, 'scale': 0.2510781194737604, 'entanglement': 'circular'}",0.7570477146245781,0.1769977595220313,0.5080385852090032,0.2625311548047632,0.6441269910488574,0.1872079049460843,0.2931191377968056,7824,2204,459,474,ok,30.242275599972345,1,HR Promotion
10,QSVC,quantum,LDA,gwo,1200,10962,0.2851228541731157,88,"[0.27583043140080693, 0.27583043140080693, 0.27583043140080693, 0.2816026496593186, 0.2830878296369856, 0.2837014391987164, 0.2851228541731157, 0.2851228541731157, 0.2851228541731157, 0.2851228541731157, 0.2851228541731157]",True,250.05642799998168,"{'C': 0.012527982353146373, 'map_reps': 1, 'scale': 0.28611294903826584, 'entanglement': 'linear'}",0.8399014778325123,0.2370275464445868,0.3961456102783726,0.2965931863727455,0.6386890795707778,0.2215972591452858,0.2881450140890303,8837,1191,564,370,ok,21.83063640003093,1,HR Promotion
11,QSVC,quantum,LDA,gwo,1200,10962,0.2384799371100741,96,"[0.21542929483405548, 0.2204848772012951, 0.22376899236181255, 0.2285342987097373, 0.2300308746168619, 0.23322092436016484, 0.2369612375911809, 0.2369612375911809, 0.23798998120610546, 0.2384799371100741, 0.2384799371100741, 0.2384799371100741]",False,243.80970410001464,"{'C': 0.01354882860626914, 'map_reps': 1, 'scale': 0.28125874735026496, 'entanglement': 'linear'}",0.7293377120963328,0.1730459954969443,0.576017130620985,0.2661390056888449,0.6598175002925428,0.1979733674171183,0.2820366357496654,7457,2571,396,538,ok,22.429810900008302,1,HR Promotion
12,QSVC,quantum,LDA,gwo,1200,10962,0.2245969237431342,64,"[0.22313166280772148, 0.22313166280772148, 0.22447140195371984, 0.22459692374313422, 0.22459692374313422, 0.22459692374313422, 0.22459692374313422, 0.22459692374313422]",True,201.5546350000077,"{'C': 0.5459193960591588, 'map_reps': 1, 'scale': 0.6320317588398576, 'entanglement': 'linear'}",0.6891078270388615,0.1575304540420819,0.6092077087794433,0.2503299604047514,0.6528786848643926,0.1816100985600715,0.7122134575650705,6985,3043,365,569,ok,30.23217289999593,1,HR Promotion
13,QSVC,quantum,LDA,gwo,1200,10961,0.2461531430270412,96,"[0.2250227385552165, 0.23887074588828974, 0.23887074588828974, 0.23887074588828974, 0.24001612819312212, 0.24001612819312212, 0.24032229447461506, 0.24032229447461506, 0.24325521319362362, 0.24615314302704125, 0.24615314302704125, 0.24615314302704125]",False,251.84788319998188,"{'C': 0.16030973888769653, 'map_reps': 1, 'scale': 0.25, 'entanglement': 'linear'}",0.6917252075540553,0.1523592950540079,0.5744908896034298,0.2408447539878679,0.6385617591216192,0.1656530518843337,0.7026281396013991,7046,2982,397,536,ok,21.089808400021862,1,HR Promotion
14,QSVC,quantum,LDA,gwo,1200,10961,0.2154548297049733,80,"[0.2027359422569003, 0.2095305564560995, 0.21333630064058928, 0.21341611668175284, 0.21341611668175284, 0.21545482970497334, 0.21545482970497334, 0.21545482970497334, 0.21545482970497334, 0.21545482970497334]",True,218.3245417000144,"{'C': 0.11981641734286415, 'map_reps': 1, 'scale': 0.25, 'entanglement': 'circular'}",0.6593376516741173,0.1393252639711563,0.579849946409432,0.2246677740863787,0.623291546798653,0.143870683538892,0.6666445421202198,6686,3342,392,541,ok,26.982126499991864,1,HR Promotion
0,VQC,quantum,LDA,pso,1200,10962,0.2647431406268798,85,"[0.24728350073360064, 0.2539977929373997, 0.2539977929373997, 0.2539977929373997, 0.2647431406268798, 0.2647431406268798, 0.2647431406268798, 0.2647431406268798, 0.2647431406268798, 0.2647431406268798, 0.2647431406268798, 0.2647431406268798]",False,760.1688110000105,"{'n_layers': 5, 'learning_rate': 0.49999999999999994, 'map_reps': 1, 'feature_map': 'angle', 'entanglement': 'circular', 'init_scale': 0.5}",0.8805874840357599,0.3015873015873015,0.3051391862955032,0.3033528472591804,0.6196617351501449,0.2380571068857067,0.7110623444932348,9368,660,649,285,ok,3.935611699998845,1,HR Promotion
1,VQC,quantum,LDA,pso,1200,10962,0.2283615463659289,96,"[0.20629574535100934, 0.22065066906669392, 0.22065066906669392, 0.22129385647221886, 0.22129385647221886, 0.22129385647221886, 0.22129385647221886, 0.22129385647221886, 0.22836154636592898, 0.22836154636592898, 0.22836154636592898, 0.22836154636592898]",False,916.8945834999904,"{'n_layers': 6, 'learning_rate': 0.002882008195248883, 'map_reps': 1, 'feature_map': 'angle', 'entanglement': 'full', 'init_scale': 0.26103542032685473}",0.6941251596424011,0.1582367900536875,0.5995717344753747,0.2503912363067292,0.651251762730308,0.1806263182012835,0.7143310828182161,7049,2979,374,560,ok,2.924377499963157,1,HR Promotion
2,VQC,quantum,LDA,pso,1200,10962,0.249025168380007,96,"[0.24716685240404404, 0.24716685240404404, 0.24716685240404404, 0.24716685240404404, 0.24716685240404404, 0.24716685240404404, 0.24889880237466114, 0.24889880237466114, 0.24889880237466114, 0.24889880237466114, 0.24889880237466114, 0.24902516838000707]",False,932.3252551000332,"{'n_layers': 6, 'learning_rate': 0.08092372262381539, 'map_reps': 1, 'feature_map': 'angle', 'entanglement': 'full', 'init_scale': 0.30857013875730044}",0.6715015508118957,0.1482458454233711,0.6017130620985011,0.2378835978835979,0.6398573288155049,0.1641833346608409,0.7053870148594642,6799,3229,372,562,ok,2.3042830000049435,1,HR Promotion
3,VQC,quantum,LDA,pso,1200,10961,0.2508989340319651,95,"[0.22980613689212417, 0.24779512013525073, 0.24779512013525073, 0.24786369170229583, 0.24786369170229583, 0.24786369170229583, 0.24786369170229583, 0.24786369170229583, 0.24786369170229583, 0.2495556852687376, 0.2495556852687376, 0.25089893403196517]",False,917.831749200006,"{'n_layers': 6, 'learning_rate': 0.12088719169946817, 'map_reps': 1, 'feature_map': 'angle', 'entanglement': 'linear', 'init_scale': 0.020301423872095513}",0.7102454155642733,0.1569287243805445,0.5498392282958199,0.2441694431223227,0.6375043768124493,0.1677518831750501,0.6956927890224628,7272,2756,420,513,ok,2.7643840000382625,1,HR Promotion
4,VQC,quantum,LDA,pso,1200,10961,0.2050471706160329,92,"[0.19728716508491573, 0.19728716508491573, 0.19926152075388925, 0.19989684644857056, 0.19989684644857056, 0.19989684644857056, 0.19989684644857056, 0.19989684644857056, 0.20504717061603292, 0.20504717061603292, 0.20504717061603292, 0.20504717061603292]",False,728.9612403000356,"{'n_layers': 4, 'learning_rate': 0.49999999999999994, 'map_reps': 1, 'feature_map': 'angle', 'entanglement': 'full', 'init_scale': 0.459000860416229}",0.2897545844357266,0.1022753656837706,0.9442658092175776,0.1845605949512936,0.5865625017368303,0.1177738307061829,0.7017302250376332,2295,7733,52,881,ok,3.765571700001601,1,HR Promotion
5,VQC,quantum,LDA,pso,1200,10962,0.2711776987754641,96,"[0.22990655065566742, 0.23612259410629302, 0.24590096417125143, 0.2676688453159041, 0.2691282554283109, 0.2691282554283109, 0.2691282554283109, 0.2691282554283109, 0.2691282554283109, 0.2691282554283109, 0.27117769877546416, 0.27117769877546416]",False,900.9711994000244,"{'n_layers': 6, 'learning_rate': 0.0029902371071847222, 'map_reps': 1, 'feature_map': 'angle', 'entanglement': 'full', 'init_scale': 0.2778139271520717}",0.7120051085568327,0.1620553359683794,0.5706638115631691,0.2524271844660194,0.647916668446124,0.1802242293579444,0.7167290793487016,7272,2756,401,533,ok,3.281325999996625,1,HR Promotion
6,VQC,quantum,LDA,pso,1200,10962,0.2715435527995728,96,"[0.21829164155113523, 0.23254186686569947, 0.23254186686569947, 0.24817543317363003, 0.24817543317363003, 0.24817543317363003, 0.24817543317363003, 0.2715435527995728, 0.2715435527995728, 0.2715435527995728, 0.2715435527995728, 0.2715435527995728]",False,918.8074812000268,"{'n_layers': 6, 'learning_rate': 0.13074164749776895, 'map_reps': 1, 'feature_map': 'angle', 'entanglement': 'linear', 'init_scale': 0.2538462806205629}",0.6452289728151797,0.1524347212420607,0.6937901498929336,0.2499517839922854,0.6672480865140775,0.1916604847489512,0.7214577555435786,6425,3603,286,648,ok,2.7049964999896474,1,HR Promotion
7,VQC,quantum,LDA,pso,1200,10962,0.2567223638799555,96,"[0.2504752681541563, 0.2520071678392191, 0.2520564614055441, 0.2520564614055441, 0.2520564614055441, 0.2520564614055441, 0.2544476492267033, 0.2544476492267033, 0.2544476492267033, 0.2544476492267033, 0.2544476492267033, 0.25672236387995556]",False,861.3486744000111,"{'n_layers': 6, 'learning_rate': 0.013477690398689774, 'map_reps': 1, 'feature_map': 'angle', 'entanglement': 'circular', 'init_scale': 0.037125986041979066}",0.6372012406495166,0.1503102735003447,0.7002141327623126,0.2474929044465468,0.6657732012036532,0.1891894001842799,0.7310400792128934,6331,3697,280,654,ok,3.777561599970795,1,HR Promotion
8,VQC,quantum,LDA,pso,1200,10961,0.2565245241035216,96,"[0.24513270092339254, 0.2523981149988259, 0.2536008081974311, 0.2536008081974311, 0.2536008081974311, 0.25366858755938054, 0.25366858755938054, 0.2565245241035216, 0.2565245241035216, 0.2565245241035216, 0.2565245241035216, 0.2565245241035216]",False,839.4097303000162,"{'n_layers': 4, 'learning_rate': 0.004856946203781264, 'map_reps': 1, 'feature_map': 'angle', 'entanglement': 'full', 'init_scale': 0.19107848511971703}",0.677584162029012,0.1549482621384982,0.6259378349410504,0.2484049340706082,0.6541635724366202,0.1811431175129187,0.7106660300782675,6843,3185,349,584,ok,3.253594500012696,1,HR Promotion
9,VQC,quantum,LDA,pso,1200,10961,0.2509033748958849,93,"[0.21063489542983715, 0.22415413892569505, 0.2245226495254129, 0.2435897435897436, 0.2435897435897436, 0.2435897435897436, 0.2435897435897436, 0.2435897435897436, 0.2435897435897436, 0.2509033748958849, 0.2509033748958849, 0.2509033748958849]",False,877.4380282000056,"{'n_layers': 6, 'learning_rate': 0.3201242899081976, 'map_reps': 1, 'feature_map': 'angle', 'entanglement': 'full', 'init_scale': 0.47591504965571163}",0.4279719003740534,0.1155453104739951,0.8595927116827439,0.2037084074168148,0.6237034160727242,0.1432635221997308,0.7264858824017296,3889,6139,131,802,ok,3.4469538999837823,1,HR Promotion
10,VQC,quantum,LDA,pso,1200,10962,0.2793813114836213,96,"[0.25348997529729417, 0.2793813114836213, 0.2793813114836213, 0.2793813114836213, 0.2793813114836213, 0.2793813114836213, 0.2793813114836213, 0.2793813114836213, 0.2793813114836213, 0.2793813114836213, 0.2793813114836213, 0.2793813114836213]",False,848.404331400001,"{'n_layers': 5, 'learning_rate': 0.13438321769083067, 'map_reps': 1, 'feature_map': 'angle', 'entanglement': 'full', 'init_scale': 0.33427624122680916}",0.6299033023170955,0.1416112003672251,0.6605995717344754,0.2332262332262332,0.6438219238807997,0.1640988355948288,0.7014240746893707,6288,3740,317,617,ok,3.5917628000024706,1,HR Promotion
11,VQC,quantum,LDA,pso,1200,10962,0.2816166029811546,96,"[0.2489494223240353, 0.25363053129080665, 0.26905720315236986, 0.2765385894876913, 0.2765385894876913, 0.2765385894876913, 0.2765385894876913, 0.2765385894876913, 0.2765385894876913, 0.2765385894876913, 0.2765385894876913, 0.28161660298115465]",False,901.025540200004,"{'n_layers': 6, 'learning_rate': 0.02461737334092179, 'map_reps': 1, 'feature_map': 'angle', 'entanglement': 'full', 'init_scale': 0.3387624708376161}",0.6286261631089217,0.1461764042409203,0.6937901498929336,0.2414756847400782,0.6581734953692829,0.1799583938496015,0.7289360668073719,6243,3785,286,648,ok,3.213493600022048,1,HR Promotion
12,VQC,quantum,LDA,pso,1200,10962,0.2042479195131039,96,"[0.18885962088815608, 0.19734802621350533, 0.19734802621350533, 0.1997732770057921, 0.1999205087440382, 0.1999205087440382, 0.1999205087440382, 0.20424791951310398, 0.20424791951310398, 0.20424791951310398, 0.20424791951310398, 0.20424791951310398]",False,897.9238206999726,"{'n_layers': 5, 'learning_rate': 0.00302019128238168, 'map_reps': 1, 'feature_map': 'angle', 'entanglement': 'circular', 'init_scale': 0.39028898857023675}",0.6338259441707718,0.1381578947368421,0.6295503211991434,0.2265895953757225,0.6318872467583272,0.1511056886206535,0.6961012377334896,6360,3668,346,588,ok,3.04103349999059,1,HR Promotion
13,VQC,quantum,LDA,pso,1200,10961,0.1953720242669317,96,"[0.19048851250686114, 0.19118500257880564, 0.19201113072472298, 0.1953720242669317, 0.1953720242669317, 0.1953720242669317, 0.1953720242669317, 0.1953720242669317, 0.1953720242669317, 0.1953720242669317, 0.1953720242669317, 0.1953720242669317]",False,595.7268488000263,"{'n_layers': 3, 'learning_rate': 0.007624514968873399, 'map_reps': 1, 'feature_map': 'angle', 'entanglement': 'linear', 'init_scale': 0.4144239039425587}",0.6886233007937232,0.1670247046186895,0.6666666666666666,0.2671247584281726,0.6786664007445818,0.2105410314800304,0.7362525336346547,6926,3102,311,622,ok,3.345647700014524,1,HR Promotion
14,VQC,quantum,LDA,pso,1200,10961,0.2242584158654425,96,"[0.1911996679119967, 0.21808015092724956, 0.21808015092724956, 0.21907542453901985, 0.21907542453901985, 0.21907542453901985, 0.21925956826725243, 0.2242584158654425, 0.2242584158654425, 0.2242584158654425, 0.2242584158654425, 0.2242584158654425]",False,675.8946809999761,"{'n_layers': 3, 'learning_rate': 0.02551569468664638, 'map_reps': 1, 'feature_map': 'angle', 'entanglement': 'linear', 'init_scale': 0.5}",0.5523218684426603,0.1310805792796138,0.7566988210075026,0.2234530780186738,0.6450027810661765,0.1618820522901727,0.7096691429057588,5348,4680,227,706,ok,3.010434700001497,1,HR Promotion
0,QSVC,quantum,LDA,pso,1200,10962,0.2684297006838973,96,"[0.24156299560208724, 0.24907410051861337, 0.2646853146853147, 0.2646853146853147, 0.2646853146853147, 0.2646853146853147, 0.2646853146853147, 0.2646853146853147, 0.2684297006838973, 0.2684297006838973, 0.2684297006838973, 0.2684297006838973]",False,255.7166461999877,"{'C': 0.14134401880422104, 'map_reps': 1, 'scale': 0.25, 'entanglement': 'circular'}",0.7142857142857143,0.1614294516327788,0.5610278372591007,0.2507177033492823,0.6447939345848754,0.1770885976636584,0.6965196059171366,7306,2722,410,524,ok,23.515917400014587,1,HR Promotion
1,QSVC,quantum,LDA,pso,1200,10962,0.1962800673334897,96,"[0.19152720510954804, 0.19152720510954804, 0.19176232658730538, 0.1918846022533288, 0.19473535188633526, 0.19473535188633526, 0.19473535188633526, 0.1962800673334897, 0.1962800673334897, 0.1962800673334897, 0.1962800673334897, 0.1962800673334897]",False,261.3534989999607,"{'C': 0.8493957818144463, 'map_reps': 1, 'scale': 0.25, 'entanglement': 'linear'}",0.6337347199416165,0.1372733694372498,0.6241970021413277,0.2250530785562632,0.6294100287930412,0.1483250116971646,0.6836083804747136,6364,3664,351,583,ok,22.04024510004092,1,HR Promotion
2,QSVC,quantum,LDA,pso,1200,10962,0.2559519845234131,89,"[0.24637612840879627, 0.24637612840879627, 0.25112581902873693, 0.2544829142639242, 0.2557081807081807, 0.25586336140207727, 0.2559519845234131, 0.2559519845234131, 0.2559519845234131, 0.2559519845234131, 0.2559519845234131, 0.2559519845234131]",False,239.0645595000242,"{'C': 100.00000000000013, 'map_reps': 1, 'scale': 0.4508516556106295, 'entanglement': 'linear'}",0.6552636380222587,0.1478088635800941,0.639186295503212,0.2400965212145586,0.6479736822549965,0.1712817080575072,0.699263475544706,6586,3442,337,597,ok,27.1569007000071,1,HR Promotion
3,QSVC,quantum,LDA,pso,1200,10961,0.2356374209271903,96,"[0.2223528105952566, 0.2283990519284637, 0.23067997117650232, 0.2321040922267916, 0.2321040922267916, 0.23431611968153754, 0.23431611968153754, 0.23449633208087314, 0.23526079673536304, 0.23526079673536304, 0.2356374209271903, 0.2356374209271903]",False,250.62787220004248,"{'C': 0.958509923438483, 'map_reps': 1, 'scale': 0.6998897147052636, 'entanglement': 'linear'}",0.697837788522945,0.1691237830319888,0.6516613076098606,0.2685512367491166,0.6768976661703072,0.2102978239279211,0.740117702587097,7041,2987,325,608,ok,24.724756599985994,1,HR Promotion
4,QSVC,quantum,LDA,pso,1200,10961,0.228450540450749,89,"[0.22445671723904445, 0.22600710483594363, 0.22845054045074906, 0.22845054045074906, 0.22845054045074906, 0.22845054045074906, 0.22845054045074906, 0.22845054045074906, 0.22845054045074906, 0.22845054045074906, 0.22845054045074906, 0.22845054045074906]",False,231.39345299999692,"{'C': 0.019343898011122206, 'map_reps': 1, 'scale': 0.25, 'entanglement': 'circular'}",0.8028464556153636,0.1954365079365079,0.4222936763129689,0.2672092234655815,0.6302732841078207,0.1876713186027278,0.2920728712017925,8406,1622,539,394,ok,28.885610900004394,1,HR Promotion
5,QSVC,quantum,LDA,pso,1200,10962,0.2517652342990678,58,"[0.2261723233316937, 0.22848881312633784, 0.24378487160020726, 0.25176523429906783, 0.25176523429906783, 0.25176523429906783, 0.25176523429906783, 0.25176523429906783, 0.25176523429906783, 0.25176523429906783, 0.25176523429906783, 0.25176523429906783]",False,158.50067000003764,"{'C': 0.010000000000000004, 'map_reps': 1, 'scale': 0.25, 'entanglement': 'linear'}",0.7932858967341726,0.1846590909090909,0.4175588865096359,0.2560735390676297,0.6229198501156078,0.1740259551807438,0.3062723624387048,8306,1722,544,390,ok,33.81210209999699,1,HR Promotion
6,QSVC,quantum,LDA,pso,1200,10962,0.2336043773736502,86,"[0.21158310962780236, 0.2235430411813706, 0.23185614639007157, 0.23185614639007157, 0.23185614639007157, 0.23185614639007157, 0.23185614639007157, 0.23185614639007157, 0.23185614639007157, 0.23236728184096603, 0.23295514234688516, 0.23360437737365022]",False,325.2072043000371,"{'C': 0.06287314532081256, 'map_reps': 3, 'scale': 0.25, 'entanglement': 'linear'}",0.6976829045794563,0.1598056032018296,0.5985010706638115,0.2522563176895306,0.652710846460745,0.1829299277676328,0.7073500408705731,7089,2939,375,559,ok,28.93868109997129,1,HR Promotion
7,QSVC,quantum,LDA,pso,1200,10962,0.2862689393939394,87,"[0.24961023227177484, 0.25144204454549285, 0.2613597552965903, 0.26199960448625587, 0.2862689393939394, 0.2862689393939394, 0.2862689393939394, 0.2862689393939394, 0.2862689393939394, 0.2862689393939394, 0.2862689393939394, 0.2862689393939394]",False,225.41893240000357,"{'C': 0.049235283023461814, 'map_reps': 1, 'scale': 0.25, 'entanglement': 'linear'}",0.7694763729246488,0.1643489254108723,0.4175588865096359,0.2358633202298155,0.6099062880892815,0.1490091599824612,0.6801482615272526,8045,1983,544,390,ok,30.29183959995862,1,HR Promotion
8,QSVC,quantum,LDA,pso,1200,10961,0.272093522093522,79,"[0.2705383262760312, 0.27055005746128596, 0.27209352209352206, 0.27209352209352206, 0.27209352209352206, 0.27209352209352206, 0.27209352209352206, 0.27209352209352206, 0.27209352209352206, 0.27209352209352206, 0.27209352209352206, 0.27209352209352206]",False,205.50401350000172,"{'C': 0.03035120535861826, 'map_reps': 1, 'scale': 0.25, 'entanglement': 'linear'}",0.775932852841894,0.1895637994292703,0.4983922829581994,0.2746603662138216,0.6500736843590358,0.2009648069396154,0.5,8040,1988,468,465,ok,33.075264600047376,1,HR Promotion
9,QSVC,quantum,LDA,pso,1200,10961,0.1962353123067408,89,"[0.19559384026389104, 0.19559384026389104, 0.19559384026389104, 0.19623531230674088, 0.19623531230674088, 0.19623531230674088, 0.19623531230674088, 0.19623531230674088, 0.19623531230674088, 0.19623531230674088, 0.19623531230674088, 0.19623531230674088]",False,281.28619929996785,"{'C': 27.814610241129802, 'map_reps': 2, 'scale': 0.25, 'entanglement': 'full'}",0.6322415837970988,0.1422632794457274,0.6602357984994641,0.2340870226106783,0.6449364074268362,0.1654710452255016,0.7015353259533542,6314,3714,317,616,ok,25.12207089998992,1,HR Promotion
10,QSVC,quantum,LDA,pso,1200,10962,0.2291452624110572,48,"[0.2237495227185949, 0.22503043460978508, 0.22689786901855266, 0.22824986151565632, 0.22914526241105723, 0.22914526241105723, 0.22914526241105723, 0.22914526241105723, 0.22914526241105723, 0.22914526241105723, 0.22914526241105723, 0.22914526241105723]",False,180.6112462000456,"{'C': 100.00000000000013, 'map_reps': 3, 'scale': 0.25, 'entanglement': 'linear'}",0.6149425287356322,0.1390292115088952,0.6777301927194861,0.2307271733187534,0.6434123640103214,0.1624999494637286,0.6859789377750863,6108,3920,301,633,ok,60.31630399997812,1,HR Promotion
11,QSVC,quantum,LDA,pso,1200,10962,0.2591588373588895,90,"[0.24179334796603957, 0.24384094686562938, 0.25579136183163026, 0.25579136183163026, 0.25579136183163026, 0.25579136183163026, 0.25579136183163026, 0.25579136183163026, 0.2591588373588895, 0.2591588373588895, 0.2591588373588895, 0.2591588373588895]",False,233.11640940001237,"{'C': 0.04877662699921687, 'map_reps': 1, 'scale': 0.3002107708925412, 'entanglement': 'full'}",0.7686553548622514,0.1954372623574144,0.550321199143469,0.2884399551066218,0.6696560124157712,0.2218336099793845,0.7227413669989555,7912,2116,420,514,ok,29.102228999952786,1,HR Promotion
12,QSVC,quantum,LDA,pso,1200,10962,0.2788187851938399,91,"[0.2374941951285913, 0.237929137425684, 0.253625981190541, 0.27881878519383996, 0.27881878519383996, 0.27881878519383996, 0.27881878519383996, 0.27881878519383996, 0.27881878519383996, 0.27881878519383996, 0.27881878519383996, 0.27881878519383996]",False,255.62196729995776,"{'C': 0.05439971750823403, 'map_reps': 1, 'scale': 0.25, 'entanglement': 'linear'}",0.7883597883597884,0.189794091316025,0.4539614561027837,0.2676767676767677,0.6367334205125008,0.1895336479113434,0.71022464721905,8218,1810,510,424,ok,23.655255099991336,1,HR Promotion
13,QSVC,quantum,LDA,pso,1200,10961,0.2956740810359231,81,"[0.2658357355803583, 0.2685994441822663, 0.29567408103592313, 0.29567408103592313, 0.29567408103592313, 0.29567408103592313, 0.29567408103592313, 0.29567408103592313, 0.29567408103592313, 0.29567408103592313, 0.29567408103592313, 0.29567408103592313]",False,235.17703209997853,"{'C': 0.01931903187926542, 'map_reps': 1, 'scale': 0.25, 'entanglement': 'linear'}",0.796368944439376,0.202200825309491,0.472668810289389,0.2832369942196532,0.649577324969186,0.2091070385841002,0.457053583300093,8288,1740,492,441,ok,28.56549329997506,1,HR Promotion
14,QSVC,quantum,LDA,pso,1200,10961,0.2717187091616315,79,"[0.2651981913599523, 0.26692075696943657, 0.27171870916163154, 0.27171870916163154, 0.27171870916163154, 0.27171870916163154, 0.27171870916163154, 0.27171870916163154, 0.27171870916163154, 0.27171870916163154, 0.27171870916163154, 0.27171870916163154]",False,200.86784020002236,"{'C': 0.03035120535861826, 'map_reps': 1, 'scale': 0.25, 'entanglement': 'linear'}",0.7372502508895173,0.1756081306231256,0.564844587352626,0.2679206914082359,0.6590676865761933,0.1990996119117075,0.2790835713592509,7554,2474,406,527,ok,32.293284400017,1,HR Promotion
0,VQC,quantum,LDA,random,1200,10962,0.29266511278511,96,"[0.232105891266954, 0.2871560738335364, 0.2871560738335364, 0.2871560738335364, 0.2871560738335364, 0.2871560738335364, 0.2871560738335364, 0.2871560738335364, 0.2871560738335364, 0.2871560738335364, 0.2871560738335364, 0.2871560738335364, 0.2871560738335364, 0.2871560738335364, 0.2871560738335364, 0.2871560738335364, 0.2871560738335364, 0.2871560738335364, 0.2871560738335364, 0.29023429625839264, 0.29023429625839264, 0.29023429625839264, 0.29023429625839264, 0.29023429625839264, 0.29023429625839264, 0.29023429625839264, 0.29023429625839264, 0.29023429625839264, 0.29023429625839264, 0.29023429625839264, 0.29023429625839264, 0.29023429625839264, 0.29023429625839264, 0.29023429625839264, 0.29023429625839264, 0.29023429625839264, 0.29023429625839264, 0.29023429625839264, 0.29023429625839264, 0.29023429625839264, 0.29023429625839264, 0.29023429625839264, 0.29023429625839264, 0.29023429625839264, 0.29023429625839264, 0.29023429625839264, 0.29023429625839264, 0.29023429625839264, 0.29023429625839264, 0.29023429625839264, 0.29023429625839264, 0.29023429625839264, 0.29023429625839264, 0.29023429625839264, 0.29023429625839264, 0.29023429625839264, 0.29023429625839264, 0.29023429625839264, 0.29023429625839264, 0.29023429625839264, 0.29023429625839264, 0.29023429625839264, 0.29023429625839264, 0.29023429625839264, 0.29023429625839264, 0.29023429625839264, 0.29023429625839264, 0.29023429625839264, 0.29023429625839264, 0.29266511278511, 0.29266511278511, 0.29266511278511, 0.29266511278511, 0.29266511278511, 0.29266511278511, 0.29266511278511, 0.29266511278511, 0.29266511278511, 0.29266511278511, 0.29266511278511, 0.29266511278511, 0.29266511278511, 0.29266511278511, 0.29266511278511, 0.29266511278511, 0.29266511278511, 0.29266511278511, 0.29266511278511, 0.29266511278511, 0.29266511278511, 0.29266511278511, 0.29266511278511, 0.29266511278511, 0.29266511278511, 0.29266511278511, 0.29266511278511]",False,736.0918073999928,"{'n_layers': 5, 'learning_rate': 0.1811702416579227, 'map_reps': 1, 'feature_map': 'angle', 'entanglement': 'linear', 'init_scale': 0.4246560612926431}",0.5231709542054369,0.1257192676547515,0.771948608137045,0.2162243214874794,0.6359743040685225,0.1520108123787585,0.7111407117885765,5014,5014,213,721,ok,4.029298599984031,1,HR Promotion
1,VQC,quantum,LDA,random,1200,10962,0.2418386766212853,96,"[0.16083677618204473, 0.16083677618204473, 0.1640160791923784, 0.17658103734053102, 0.20553074235172106, 0.20553074235172106, 0.20553074235172106, 0.20883301096067053, 0.2418386766212853, 0.2418386766212853, 0.2418386766212853, 0.2418386766212853, 0.2418386766212853, 0.2418386766212853, 0.2418386766212853, 0.2418386766212853, 0.2418386766212853, 0.2418386766212853, 0.2418386766212853, 0.2418386766212853, 0.2418386766212853, 0.2418386766212853, 0.2418386766212853, 0.2418386766212853, 0.2418386766212853, 0.2418386766212853, 0.2418386766212853, 0.2418386766212853, 0.2418386766212853, 0.2418386766212853, 0.2418386766212853, 0.2418386766212853, 0.2418386766212853, 0.2418386766212853, 0.2418386766212853, 0.2418386766212853, 0.2418386766212853, 0.2418386766212853, 0.2418386766212853, 0.2418386766212853, 0.2418386766212853, 0.2418386766212853, 0.2418386766212853, 0.2418386766212853, 0.2418386766212853, 0.2418386766212853, 0.2418386766212853, 0.2418386766212853, 0.2418386766212853, 0.2418386766212853, 0.2418386766212853, 0.2418386766212853, 0.2418386766212853, 0.2418386766212853, 0.2418386766212853, 0.2418386766212853, 0.2418386766212853, 0.2418386766212853, 0.2418386766212853, 0.2418386766212853, 0.2418386766212853, 0.2418386766212853, 0.2418386766212853, 0.2418386766212853, 0.2418386766212853, 0.2418386766212853, 0.2418386766212853, 0.2418386766212853, 0.2418386766212853, 0.2418386766212853, 0.2418386766212853, 0.2418386766212853, 0.2418386766212853, 0.2418386766212853, 0.2418386766212853, 0.2418386766212853, 0.2418386766212853, 0.2418386766212853, 0.2418386766212853, 0.2418386766212853, 0.2418386766212853, 0.2418386766212853, 0.2418386766212853, 0.2418386766212853, 0.2418386766212853, 0.2418386766212853, 0.2418386766212853, 0.2418386766212853, 0.2418386766212853, 0.2418386766212853, 0.2418386766212853, 0.2418386766212853, 0.2418386766212853, 0.2418386766212853, 0.2418386766212853, 0.2418386766212853]",False,755.9052048999583,"{'n_layers': 4, 'learning_rate': 0.007016751766988821, 'map_reps': 1, 'feature_map': 'angle', 'entanglement': 'circular', 'init_scale': 0.12370792250690256}",0.6687648239372377,0.150012976901116,0.6188436830835118,0.2414873616043451,0.646129061326359,0.1709005377937702,0.7018020847835911,6753,3275,356,578,ok,2.1399647000362165,1,HR Promotion
2,VQC,quantum,LDA,random,1200,10962,0.2211796338126207,96,"[0.17505373418113931, 0.17505373418113931, 0.21796444628134456, 0.21796444628134456, 0.21796444628134456, 0.21796444628134456, 0.21796444628134456, 0.21796444628134456, 0.21796444628134456, 0.21796444628134456, 0.21796444628134456, 0.21796444628134456, 0.21796444628134456, 0.21796444628134456, 0.21796444628134456, 0.21796444628134456, 0.21796444628134456, 0.21796444628134456, 0.21796444628134456, 0.21796444628134456, 0.21796444628134456, 0.21796444628134456, 0.21796444628134456, 0.21796444628134456, 0.21796444628134456, 0.21796444628134456, 0.21796444628134456, 0.21796444628134456, 0.21796444628134456, 0.21796444628134456, 0.21796444628134456, 0.21796444628134456, 0.21796444628134456, 0.2211796338126207, 0.2211796338126207, 0.2211796338126207, 0.2211796338126207, 0.2211796338126207, 0.2211796338126207, 0.2211796338126207, 0.2211796338126207, 0.2211796338126207, 0.2211796338126207, 0.2211796338126207, 0.2211796338126207, 0.2211796338126207, 0.2211796338126207, 0.2211796338126207, 0.2211796338126207, 0.2211796338126207, 0.2211796338126207, 0.2211796338126207, 0.2211796338126207, 0.2211796338126207, 0.2211796338126207, 0.2211796338126207, 0.2211796338126207, 0.2211796338126207, 0.2211796338126207, 0.2211796338126207, 0.2211796338126207, 0.2211796338126207, 0.2211796338126207, 0.2211796338126207, 0.2211796338126207, 0.2211796338126207, 0.2211796338126207, 0.2211796338126207, 0.2211796338126207, 0.2211796338126207, 0.2211796338126207, 0.2211796338126207, 0.2211796338126207, 0.2211796338126207, 0.2211796338126207, 0.2211796338126207, 0.2211796338126207, 0.2211796338126207, 0.2211796338126207, 0.2211796338126207, 0.2211796338126207, 0.2211796338126207, 0.2211796338126207, 0.2211796338126207, 0.2211796338126207, 0.2211796338126207, 0.2211796338126207, 0.2211796338126207, 0.2211796338126207, 0.2211796338126207, 0.2211796338126207, 0.2211796338126207, 0.2211796338126207, 0.2211796338126207, 0.2211796338126207, 0.2211796338126207]",False,718.4657472000108,"{'n_layers': 1, 'learning_rate': 0.028655386793974065, 'map_reps': 1, 'feature_map': 'angle', 'entanglement': 'full', 'init_scale': 0.2188769633786074}",0.6620142309797482,0.1514465408805031,0.6445396145610278,0.2452638011815033,0.6540907087563814,0.1789670630141769,0.715250350410713,6655,3373,332,602,ok,1.833537999948021,1,HR Promotion
3,VQC,quantum,LDA,random,1200,10961,0.2205273394276764,96,"[0.21714544596710203, 0.21714544596710203, 0.21714544596710203, 0.21714544596710203, 0.21714544596710203, 0.21714544596710203, 0.21714544596710203, 0.21714544596710203, 0.21714544596710203, 0.21714544596710203, 0.21714544596710203, 0.21714544596710203, 0.21714544596710203, 0.21714544596710203, 0.21714544596710203, 0.21714544596710203, 0.21714544596710203, 0.21714544596710203, 0.21714544596710203, 0.21714544596710203, 0.21714544596710203, 0.21714544596710203, 0.21714544596710203, 0.21714544596710203, 0.21714544596710203, 0.21714544596710203, 0.21714544596710203, 0.21714544596710203, 0.21714544596710203, 0.21714544596710203, 0.21714544596710203, 0.21714544596710203, 0.21714544596710203, 0.21714544596710203, 0.21714544596710203, 0.21714544596710203, 0.22052733942767647, 0.22052733942767647, 0.22052733942767647, 0.22052733942767647, 0.22052733942767647, 0.22052733942767647, 0.22052733942767647, 0.22052733942767647, 0.22052733942767647, 0.22052733942767647, 0.22052733942767647, 0.22052733942767647, 0.22052733942767647, 0.22052733942767647, 0.22052733942767647, 0.22052733942767647, 0.22052733942767647, 0.22052733942767647, 0.22052733942767647, 0.22052733942767647, 0.22052733942767647, 0.22052733942767647, 0.22052733942767647, 0.22052733942767647, 0.22052733942767647, 0.22052733942767647, 0.22052733942767647, 0.22052733942767647, 0.22052733942767647, 0.22052733942767647, 0.22052733942767647, 0.22052733942767647, 0.22052733942767647, 0.22052733942767647, 0.22052733942767647, 0.22052733942767647, 0.22052733942767647, 0.22052733942767647, 0.22052733942767647, 0.22052733942767647, 0.22052733942767647, 0.22052733942767647, 0.22052733942767647, 0.22052733942767647, 0.22052733942767647, 0.22052733942767647, 0.22052733942767647, 0.22052733942767647, 0.22052733942767647, 0.22052733942767647, 0.22052733942767647, 0.22052733942767647, 0.22052733942767647, 0.22052733942767647, 0.22052733942767647, 0.22052733942767647, 0.22052733942767647, 0.22052733942767647, 0.22052733942767647, 0.22052733942767647]",False,745.4145619999617,"{'n_layers': 3, 'learning_rate': 0.06949299331453045, 'map_reps': 1, 'feature_map': 'angle', 'entanglement': 'linear', 'init_scale': 0.12386356851627887}",0.6265851655870814,0.1488888888888888,0.7181136120042872,0.2466408982146144,0.6680915088342139,0.1907074364743933,0.7335447884187939,6198,3830,263,670,ok,2.2065853000385687,1,HR Promotion
4,VQC,quantum,LDA,random,1200,10961,0.2699435477968087,96,"[0.2307041160442732, 0.23502020384855182, 0.25032322202512963, 0.25032322202512963, 0.25032322202512963, 0.25032322202512963, 0.25032322202512963, 0.25032322202512963, 0.25032322202512963, 0.2624839262989973, 0.2624839262989973, 0.2624839262989973, 0.2624839262989973, 0.2624839262989973, 0.2624839262989973, 0.2624839262989973, 0.26322617163711487, 0.26554788213627994, 0.26554788213627994, 0.26554788213627994, 0.26554788213627994, 0.26554788213627994, 0.26554788213627994, 0.26554788213627994, 0.26554788213627994, 0.26554788213627994, 0.26554788213627994, 0.26554788213627994, 0.26554788213627994, 0.26554788213627994, 0.26554788213627994, 0.26554788213627994, 0.26554788213627994, 0.26554788213627994, 0.26554788213627994, 0.26554788213627994, 0.26554788213627994, 0.26554788213627994, 0.26554788213627994, 0.26554788213627994, 0.26554788213627994, 0.26554788213627994, 0.26554788213627994, 0.26554788213627994, 0.26554788213627994, 0.26554788213627994, 0.26554788213627994, 0.26554788213627994, 0.26554788213627994, 0.26554788213627994, 0.26554788213627994, 0.26554788213627994, 0.26554788213627994, 0.26554788213627994, 0.26554788213627994, 0.26554788213627994, 0.26554788213627994, 0.26554788213627994, 0.26554788213627994, 0.26554788213627994, 0.26554788213627994, 0.26554788213627994, 0.26554788213627994, 0.26554788213627994, 0.26554788213627994, 0.26554788213627994, 0.26554788213627994, 0.26554788213627994, 0.26554788213627994, 0.26554788213627994, 0.26554788213627994, 0.26554788213627994, 0.26554788213627994, 0.26554788213627994, 0.26554788213627994, 0.26554788213627994, 0.26554788213627994, 0.26554788213627994, 0.26554788213627994, 0.26554788213627994, 0.26554788213627994, 0.26554788213627994, 0.26554788213627994, 0.26554788213627994, 0.26554788213627994, 0.26554788213627994, 0.26554788213627994, 0.26554788213627994, 0.26554788213627994, 0.26554788213627994, 0.26554788213627994, 0.26554788213627994, 0.26554788213627994, 0.26554788213627994, 0.26554788213627994, 0.2699435477968087]",False,749.7019114000141,"{'n_layers': 4, 'learning_rate': 0.07860353894547693, 'map_reps': 1, 'feature_map': 'angle', 'entanglement': 'circular', 'init_scale': 0.2396958370531895}",0.6768543016148162,0.1546200688377018,0.6259378349410504,0.2479830148619957,0.6537646893093765,0.1805834479809681,0.7225222752498791,6835,3193,349,584,ok,2.5277099999948405,1,HR Promotion
5,VQC,quantum,LDA,random,1200,10962,0.2283795121318963,96,"[0.16571255078400782, 0.16846499032169507, 0.20026607538802663, 0.20026607538802663, 0.20026607538802663, 0.20026607538802663, 0.20026607538802663, 0.20026607538802663, 0.20026607538802663, 0.2005116381203338, 0.2005116381203338, 0.2005116381203338, 0.20655152698093493, 0.20655152698093493, 0.20655152698093493, 0.20655152698093493, 0.20655152698093493, 0.20655152698093493, 0.20655152698093493, 0.20655152698093493, 0.20655152698093493, 0.20655152698093493, 0.20655152698093493, 0.2268436580363186, 0.2268436580363186, 0.2268436580363186, 0.2268436580363186, 0.2268436580363186, 0.2268436580363186, 0.2268436580363186, 0.22837951213189636, 0.22837951213189636, 0.22837951213189636, 0.22837951213189636, 0.22837951213189636, 0.22837951213189636, 0.22837951213189636, 0.22837951213189636, 0.22837951213189636, 0.22837951213189636, 0.22837951213189636, 0.22837951213189636, 0.22837951213189636, 0.22837951213189636, 0.22837951213189636, 0.22837951213189636, 0.22837951213189636, 0.22837951213189636, 0.22837951213189636, 0.22837951213189636, 0.22837951213189636, 0.22837951213189636, 0.22837951213189636, 0.22837951213189636, 0.22837951213189636, 0.22837951213189636, 0.22837951213189636, 0.22837951213189636, 0.22837951213189636, 0.22837951213189636, 0.22837951213189636, 0.22837951213189636, 0.22837951213189636, 0.22837951213189636, 0.22837951213189636, 0.22837951213189636, 0.22837951213189636, 0.22837951213189636, 0.22837951213189636, 0.22837951213189636, 0.22837951213189636, 0.22837951213189636, 0.22837951213189636, 0.22837951213189636, 0.22837951213189636, 0.22837951213189636, 0.22837951213189636, 0.22837951213189636, 0.22837951213189636, 0.22837951213189636, 0.22837951213189636, 0.22837951213189636, 0.22837951213189636, 0.22837951213189636, 0.22837951213189636, 0.22837951213189636, 0.22837951213189636, 0.22837951213189636, 0.22837951213189636, 0.22837951213189636, 0.22837951213189636, 0.22837951213189636, 0.22837951213189636, 0.22837951213189636, 0.22837951213189636, 0.22837951213189636]",False,720.5065872000414,"{'n_layers': 5, 'learning_rate': 0.4644185807913725, 'map_reps': 1, 'feature_map': 'angle', 'entanglement': 'circular', 'init_scale': 0.13565130163277306}",0.8371647509578544,0.2256608639587363,0.3747323340471092,0.2816901408450704,0.6274838375460915,0.204240534819763,0.69700860075728,8827,1201,584,350,ok,4.391073299979325,1,HR Promotion
6,VQC,quantum,LDA,random,1200,10962,0.2492114854048162,96,"[0.16013195381616432, 0.22635985204253198, 0.22635985204253198, 0.22635985204253198, 0.22635985204253198, 0.24174160511266526, 0.24174160511266526, 0.24174160511266526, 0.24174160511266526, 0.24174160511266526, 0.24174160511266526, 0.24174160511266526, 0.24174160511266526, 0.24174160511266526, 0.24174160511266526, 0.24174160511266526, 0.24174160511266526, 0.24174160511266526, 0.24174160511266526, 0.24174160511266526, 0.24174160511266526, 0.24174160511266526, 0.24174160511266526, 0.24174160511266526, 0.24174160511266526, 0.24174160511266526, 0.24174160511266526, 0.24174160511266526, 0.24174160511266526, 0.24174160511266526, 0.24174160511266526, 0.24174160511266526, 0.24174160511266526, 0.24174160511266526, 0.24174160511266526, 0.24174160511266526, 0.24174160511266526, 0.24174160511266526, 0.24174160511266526, 0.24174160511266526, 0.24174160511266526, 0.24174160511266526, 0.24174160511266526, 0.24174160511266526, 0.24174160511266526, 0.24174160511266526, 0.24174160511266526, 0.24174160511266526, 0.24441235356409208, 0.24441235356409208, 0.24441235356409208, 0.24441235356409208, 0.24441235356409208, 0.24441235356409208, 0.24441235356409208, 0.24441235356409208, 0.24441235356409208, 0.24441235356409208, 0.24441235356409208, 0.24441235356409208, 0.24441235356409208, 0.24441235356409208, 0.24441235356409208, 0.24441235356409208, 0.24441235356409208, 0.24441235356409208, 0.24441235356409208, 0.24441235356409208, 0.24441235356409208, 0.24441235356409208, 0.24441235356409208, 0.24441235356409208, 0.24441235356409208, 0.24452324665090622, 0.24452324665090622, 0.24921148540481627, 0.24921148540481627, 0.24921148540481627, 0.24921148540481627, 0.24921148540481627, 0.24921148540481627, 0.24921148540481627, 0.24921148540481627, 0.24921148540481627, 0.24921148540481627, 0.24921148540481627, 0.24921148540481627, 0.24921148540481627, 0.24921148540481627, 0.24921148540481627, 0.24921148540481627, 0.24921148540481627, 0.24921148540481627, 0.24921148540481627, 0.24921148540481627, 0.24921148540481627]",False,758.4912934000022,"{'n_layers': 6, 'learning_rate': 0.019856080868431793, 'map_reps': 1, 'feature_map': 'angle', 'entanglement': 'full', 'init_scale': 0.35816336058384607}",0.6629264732713008,0.1509481668773704,0.639186295503212,0.2442217222335856,0.6521619550910556,0.1769201803979326,0.7243155994051773,6670,3358,337,597,ok,2.514388899959158,1,HR Promotion
7,VQC,quantum,LDA,random,1200,10962,0.2199404377334342,96,"[0.1334113561322351, 0.21994043773343427, 0.21994043773343427, 0.21994043773343427, 0.21994043773343427, 0.21994043773343427, 0.21994043773343427, 0.21994043773343427, 0.21994043773343427, 0.21994043773343427, 0.21994043773343427, 0.21994043773343427, 0.21994043773343427, 0.21994043773343427, 0.21994043773343427, 0.21994043773343427, 0.21994043773343427, 0.21994043773343427, 0.21994043773343427, 0.21994043773343427, 0.21994043773343427, 0.21994043773343427, 0.21994043773343427, 0.21994043773343427, 0.21994043773343427, 0.21994043773343427, 0.21994043773343427, 0.21994043773343427, 0.21994043773343427, 0.21994043773343427, 0.21994043773343427, 0.21994043773343427, 0.21994043773343427, 0.21994043773343427, 0.21994043773343427, 0.21994043773343427, 0.21994043773343427, 0.21994043773343427, 0.21994043773343427, 0.21994043773343427, 0.21994043773343427, 0.21994043773343427, 0.21994043773343427, 0.21994043773343427, 0.21994043773343427, 0.21994043773343427, 0.21994043773343427, 0.21994043773343427, 0.21994043773343427, 0.21994043773343427, 0.21994043773343427, 0.21994043773343427, 0.21994043773343427, 0.21994043773343427, 0.21994043773343427, 0.21994043773343427, 0.21994043773343427, 0.21994043773343427, 0.21994043773343427, 0.21994043773343427, 0.21994043773343427, 0.21994043773343427, 0.21994043773343427, 0.21994043773343427, 0.21994043773343427, 0.21994043773343427, 0.21994043773343427, 0.21994043773343427, 0.21994043773343427, 0.21994043773343427, 0.21994043773343427, 0.21994043773343427, 0.21994043773343427, 0.21994043773343427, 0.21994043773343427, 0.21994043773343427, 0.21994043773343427, 0.21994043773343427, 0.21994043773343427, 0.21994043773343427, 0.21994043773343427, 0.21994043773343427, 0.21994043773343427, 0.21994043773343427, 0.21994043773343427, 0.21994043773343427, 0.21994043773343427, 0.21994043773343427, 0.21994043773343427, 0.21994043773343427, 0.21994043773343427, 0.21994043773343427, 0.21994043773343427, 0.21994043773343427, 0.21994043773343427, 0.21994043773343427]",False,735.5567358999979,"{'n_layers': 6, 'learning_rate': 0.0063199010557985985, 'map_reps': 1, 'feature_map': 'angle', 'entanglement': 'circular', 'init_scale': 0.019218217767957388}",0.6896551724137931,0.155499720826354,0.5963597430406852,0.2466784765279008,0.6473521890313119,0.1754188327160564,0.6978974396315584,7003,3025,377,557,ok,4.621137399983127,1,HR Promotion
8,VQC,quantum,LDA,random,1200,10961,0.2514913227399389,96,"[0.1474761036222392, 0.16604284146688117, 0.22300867059329102, 0.22300867059329102, 0.22662673929773705, 0.22662673929773705, 0.22847563472563473, 0.22847563472563473, 0.22847563472563473, 0.22847563472563473, 0.22847563472563473, 0.22847563472563473, 0.23019720712077604, 0.23019720712077604, 0.23019720712077604, 0.23019720712077604, 0.23019720712077604, 0.23019720712077604, 0.23019720712077604, 0.23019720712077604, 0.23019720712077604, 0.23019720712077604, 0.23019720712077604, 0.2376149599643357, 0.25149132273993896, 0.25149132273993896, 0.25149132273993896, 0.25149132273993896, 0.25149132273993896, 0.25149132273993896, 0.25149132273993896, 0.25149132273993896, 0.25149132273993896, 0.25149132273993896, 0.25149132273993896, 0.25149132273993896, 0.25149132273993896, 0.25149132273993896, 0.25149132273993896, 0.25149132273993896, 0.25149132273993896, 0.25149132273993896, 0.25149132273993896, 0.25149132273993896, 0.25149132273993896, 0.25149132273993896, 0.25149132273993896, 0.25149132273993896, 0.25149132273993896, 0.25149132273993896, 0.25149132273993896, 0.25149132273993896, 0.25149132273993896, 0.25149132273993896, 0.25149132273993896, 0.25149132273993896, 0.25149132273993896, 0.25149132273993896, 0.25149132273993896, 0.25149132273993896, 0.25149132273993896, 0.25149132273993896, 0.25149132273993896, 0.25149132273993896, 0.25149132273993896, 0.25149132273993896, 0.25149132273993896, 0.25149132273993896, 0.25149132273993896, 0.25149132273993896, 0.25149132273993896, 0.25149132273993896, 0.25149132273993896, 0.25149132273993896, 0.25149132273993896, 0.25149132273993896, 0.25149132273993896, 0.25149132273993896, 0.25149132273993896, 0.25149132273993896, 0.25149132273993896, 0.25149132273993896, 0.25149132273993896, 0.25149132273993896, 0.25149132273993896, 0.25149132273993896, 0.25149132273993896, 0.25149132273993896, 0.25149132273993896, 0.25149132273993896, 0.25149132273993896, 0.25149132273993896, 0.25149132273993896, 0.25149132273993896, 0.25149132273993896, 0.25149132273993896]",False,742.475062499987,"{'n_layers': 6, 'learning_rate': 0.2998092464478544, 'map_reps': 1, 'feature_map': 'angle', 'entanglement': 'circular', 'init_scale': 0.16728633482212987}",0.7802207827752943,0.1754617414248021,0.427652733118971,0.2488306828811974,0.6203381336117392,0.1656346181191081,0.6817726550011521,8153,1875,534,399,ok,3.8984245999599807,1,HR Promotion
9,VQC,quantum,LDA,random,1200,10961,0.2183328219327756,96,"[0.2067548617589926, 0.2067548617589926, 0.2067548617589926, 0.2067548617589926, 0.2067548617589926, 0.2067548617589926, 0.2067548617589926, 0.2067548617589926, 0.2067548617589926, 0.2067548617589926, 0.2067548617589926, 0.21611504488899316, 0.21611504488899316, 0.21611504488899316, 0.21611504488899316, 0.21611504488899316, 0.21611504488899316, 0.21611504488899316, 0.21611504488899316, 0.21611504488899316, 0.21611504488899316, 0.21611504488899316, 0.21611504488899316, 0.21611504488899316, 0.21611504488899316, 0.21611504488899316, 0.21611504488899316, 0.21611504488899316, 0.21611504488899316, 0.21611504488899316, 0.21611504488899316, 0.21611504488899316, 0.21611504488899316, 0.21611504488899316, 0.21611504488899316, 0.21611504488899316, 0.21611504488899316, 0.21611504488899316, 0.21611504488899316, 0.21611504488899316, 0.21611504488899316, 0.21611504488899316, 0.21611504488899316, 0.21611504488899316, 0.21611504488899316, 0.21611504488899316, 0.21611504488899316, 0.21611504488899316, 0.21611504488899316, 0.21611504488899316, 0.21611504488899316, 0.21611504488899316, 0.21611504488899316, 0.21611504488899316, 0.21611504488899316, 0.21611504488899316, 0.21611504488899316, 0.21611504488899316, 0.21611504488899316, 0.21611504488899316, 0.21611504488899316, 0.21611504488899316, 0.21611504488899316, 0.21611504488899316, 0.21611504488899316, 0.21699057981541406, 0.21699057981541406, 0.21699057981541406, 0.21699057981541406, 0.21699057981541406, 0.21699057981541406, 0.21833282193277562, 0.21833282193277562, 0.21833282193277562, 0.21833282193277562, 0.21833282193277562, 0.21833282193277562, 0.21833282193277562, 0.21833282193277562, 0.21833282193277562, 0.21833282193277562, 0.21833282193277562, 0.21833282193277562, 0.21833282193277562, 0.21833282193277562, 0.21833282193277562, 0.21833282193277562, 0.21833282193277562, 0.21833282193277562, 0.21833282193277562, 0.21833282193277562, 0.21833282193277562, 0.21833282193277562, 0.21833282193277562, 0.21833282193277562, 0.21833282193277562]",False,750.7420518000145,"{'n_layers': 6, 'learning_rate': 0.006834314020652406, 'map_reps': 1, 'feature_map': 'angle', 'entanglement': 'linear', 'init_scale': 0.2404026103327053}",0.6528601404981297,0.1473477406679764,0.6430868167202572,0.2397602397602397,0.6484281311363551,0.1714400254121341,0.7091928773068847,6556,3472,333,600,ok,3.1153914999449626,1,HR Promotion
10,VQC,quantum,LDA,random,1200,10962,0.2236236605404962,96,"[0.14022210790229087, 0.18906004374610552, 0.18906004374610552, 0.18906004374610552, 0.20440392137616903, 0.20440392137616903, 0.20440392137616903, 0.20440392137616903, 0.20440392137616903, 0.20440392137616903, 0.20440392137616903, 0.20440392137616903, 0.20440392137616903, 0.20440392137616903, 0.20440392137616903, 0.20440392137616903, 0.20440392137616903, 0.20440392137616903, 0.21648755656108598, 0.21648755656108598, 0.21648755656108598, 0.21648755656108598, 0.21648755656108598, 0.21648755656108598, 0.21648755656108598, 0.21648755656108598, 0.21648755656108598, 0.21648755656108598, 0.21648755656108598, 0.21648755656108598, 0.21648755656108598, 0.21648755656108598, 0.21648755656108598, 0.21648755656108598, 0.21648755656108598, 0.21648755656108598, 0.21648755656108598, 0.21648755656108598, 0.21648755656108598, 0.21648755656108598, 0.21648755656108598, 0.21648755656108598, 0.21648755656108598, 0.21648755656108598, 0.21648755656108598, 0.21648755656108598, 0.21648755656108598, 0.21648755656108598, 0.21648755656108598, 0.21648755656108598, 0.21648755656108598, 0.21648755656108598, 0.21648755656108598, 0.21648755656108598, 0.21648755656108598, 0.21648755656108598, 0.21648755656108598, 0.21648755656108598, 0.21648755656108598, 0.21648755656108598, 0.21648755656108598, 0.21648755656108598, 0.21648755656108598, 0.21648755656108598, 0.21648755656108598, 0.21648755656108598, 0.21648755656108598, 0.21648755656108598, 0.21969662095088358, 0.21969662095088358, 0.21969662095088358, 0.21969662095088358, 0.21969662095088358, 0.21969662095088358, 0.21969662095088358, 0.21969662095088358, 0.21969662095088358, 0.22362366054049623, 0.22362366054049623, 0.22362366054049623, 0.22362366054049623, 0.22362366054049623, 0.22362366054049623, 0.22362366054049623, 0.22362366054049623, 0.22362366054049623, 0.22362366054049623, 0.22362366054049623, 0.22362366054049623, 0.22362366054049623, 0.22362366054049623, 0.22362366054049623, 0.22362366054049623, 0.22362366054049623, 0.22362366054049623, 0.22362366054049623]",False,761.6364992999588,"{'n_layers': 3, 'learning_rate': 0.20772206236638555, 'map_reps': 1, 'feature_map': 'angle', 'entanglement': 'linear', 'init_scale': 0.4219626974467522}",0.8623426382047071,0.2594142259414226,0.3319057815845824,0.2912165335838422,0.621826444840955,0.2182667695157309,0.7247855896423633,9143,885,624,310,ok,1.462866900023073,1,HR Promotion
11,VQC,quantum,LDA,random,1200,10962,0.2236184728591375,96,"[0.16063030210461335, 0.19507348152318818, 0.19507348152318818, 0.19507348152318818, 0.19507348152318818, 0.19507348152318818, 0.19507348152318818, 0.19507348152318818, 0.19507348152318818, 0.19507348152318818, 0.19507348152318818, 0.19507348152318818, 0.19507348152318818, 0.19507348152318818, 0.19507348152318818, 0.19507348152318818, 0.19507348152318818, 0.19507348152318818, 0.20626144881349692, 0.20626144881349692, 0.20626144881349692, 0.20626144881349692, 0.20626144881349692, 0.20626144881349692, 0.20626144881349692, 0.20626144881349692, 0.20626144881349692, 0.21349666623825692, 0.21349666623825692, 0.21349666623825692, 0.21349666623825692, 0.21349666623825692, 0.21349666623825692, 0.21349666623825692, 0.21349666623825692, 0.21349666623825692, 0.21349666623825692, 0.21349666623825692, 0.2175463311653001, 0.2175463311653001, 0.2175463311653001, 0.2175463311653001, 0.2175463311653001, 0.2175463311653001, 0.2175463311653001, 0.2175463311653001, 0.2175463311653001, 0.2175463311653001, 0.2175463311653001, 0.2175463311653001, 0.2175463311653001, 0.2175463311653001, 0.2175463311653001, 0.2175463311653001, 0.2175463311653001, 0.2175463311653001, 0.2175463311653001, 0.2175463311653001, 0.2175463311653001, 0.2175463311653001, 0.2175463311653001, 0.2175463311653001, 0.2175463311653001, 0.2175463311653001, 0.2175463311653001, 0.2175463311653001, 0.2175463311653001, 0.2236184728591375, 0.2236184728591375, 0.2236184728591375, 0.2236184728591375, 0.2236184728591375, 0.2236184728591375, 0.2236184728591375, 0.2236184728591375, 0.2236184728591375, 0.2236184728591375, 0.2236184728591375, 0.2236184728591375, 0.2236184728591375, 0.2236184728591375, 0.2236184728591375, 0.2236184728591375, 0.2236184728591375, 0.2236184728591375, 0.2236184728591375, 0.2236184728591375, 0.2236184728591375, 0.2236184728591375, 0.2236184728591375, 0.2236184728591375, 0.2236184728591375, 0.2236184728591375, 0.2236184728591375, 0.2236184728591375, 0.2236184728591375]",False,730.4907835000195,"{'n_layers': 1, 'learning_rate': 0.0772768003448901, 'map_reps': 1, 'feature_map': 'angle', 'entanglement': 'linear', 'init_scale': 0.41079359374861274}",0.6143039591315453,0.1400786713286713,0.6862955032119914,0.2326678765880217,0.646947113392992,0.1663850075308096,0.7118068337989818,6093,3935,293,641,ok,1.7363619999960065,1,HR Promotion
12,VQC,quantum,LDA,random,1200,10962,0.2261448290972831,96,"[0.1846261637560933, 0.18573070607553366, 0.18573070607553366, 0.18573070607553366, 0.18573070607553366, 0.1938796659367017, 0.1938796659367017, 0.20147996553209824, 0.20147996553209824, 0.21005054494775308, 0.21005054494775308, 0.21005054494775308, 0.21005054494775308, 0.21005054494775308, 0.21952862026740128, 0.21952862026740128, 0.21952862026740128, 0.21952862026740128, 0.21952862026740128, 0.21952862026740128, 0.21952862026740128, 0.21952862026740128, 0.21952862026740128, 0.21952862026740128, 0.21952862026740128, 0.21952862026740128, 0.21952862026740128, 0.21952862026740128, 0.21952862026740128, 0.21952862026740128, 0.21952862026740128, 0.21952862026740128, 0.21952862026740128, 0.21952862026740128, 0.21952862026740128, 0.2261448290972831, 0.2261448290972831, 0.2261448290972831, 0.2261448290972831, 0.2261448290972831, 0.2261448290972831, 0.2261448290972831, 0.2261448290972831, 0.2261448290972831, 0.2261448290972831, 0.2261448290972831, 0.2261448290972831, 0.2261448290972831, 0.2261448290972831, 0.2261448290972831, 0.2261448290972831, 0.2261448290972831, 0.2261448290972831, 0.2261448290972831, 0.2261448290972831, 0.2261448290972831, 0.2261448290972831, 0.2261448290972831, 0.2261448290972831, 0.2261448290972831, 0.2261448290972831, 0.2261448290972831, 0.2261448290972831, 0.2261448290972831, 0.2261448290972831, 0.2261448290972831, 0.2261448290972831, 0.2261448290972831, 0.2261448290972831, 0.2261448290972831, 0.2261448290972831, 0.2261448290972831, 0.2261448290972831, 0.2261448290972831, 0.2261448290972831, 0.2261448290972831, 0.2261448290972831, 0.2261448290972831, 0.2261448290972831, 0.2261448290972831, 0.2261448290972831, 0.2261448290972831, 0.2261448290972831, 0.2261448290972831, 0.2261448290972831, 0.2261448290972831, 0.2261448290972831, 0.2261448290972831, 0.2261448290972831, 0.2261448290972831, 0.2261448290972831, 0.2261448290972831, 0.2261448290972831, 0.2261448290972831, 0.2261448290972831, 0.2261448290972831]",False,746.7877434000256,"{'n_layers': 5, 'learning_rate': 0.490396853806864, 'map_reps': 1, 'feature_map': 'zz', 'entanglement': 'full', 'init_scale': 0.027364612151057455}",0.6412151067323482,0.1403214200047973,0.6263383297644539,0.2292768959435626,0.6344695238770415,0.1546634554041627,0.6850321775687603,6444,3584,349,585,ok,3.0630871999892406,1,HR Promotion
13,VQC,quantum,LDA,random,1200,10961,0.1923699238143801,96,"[0.18339438339438338, 0.18339438339438338, 0.18339438339438338, 0.18339438339438338, 0.18339438339438338, 0.18339438339438338, 0.18339438339438338, 0.18710314855566654, 0.18710314855566654, 0.18790187835179348, 0.18790187835179348, 0.18790187835179348, 0.18790187835179348, 0.18790187835179348, 0.19236992381438012, 0.19236992381438012, 0.19236992381438012, 0.19236992381438012, 0.19236992381438012, 0.19236992381438012, 0.19236992381438012, 0.19236992381438012, 0.19236992381438012, 0.19236992381438012, 0.19236992381438012, 0.19236992381438012, 0.19236992381438012, 0.19236992381438012, 0.19236992381438012, 0.19236992381438012, 0.19236992381438012, 0.19236992381438012, 0.19236992381438012, 0.19236992381438012, 0.19236992381438012, 0.19236992381438012, 0.19236992381438012, 0.19236992381438012, 0.19236992381438012, 0.19236992381438012, 0.19236992381438012, 0.19236992381438012, 0.19236992381438012, 0.19236992381438012, 0.19236992381438012, 0.19236992381438012, 0.19236992381438012, 0.19236992381438012, 0.19236992381438012, 0.19236992381438012, 0.19236992381438012, 0.19236992381438012, 0.19236992381438012, 0.19236992381438012, 0.19236992381438012, 0.19236992381438012, 0.19236992381438012, 0.19236992381438012, 0.19236992381438012, 0.19236992381438012, 0.19236992381438012, 0.19236992381438012, 0.19236992381438012, 0.19236992381438012, 0.19236992381438012, 0.19236992381438012, 0.19236992381438012, 0.19236992381438012, 0.19236992381438012, 0.19236992381438012, 0.19236992381438012, 0.19236992381438012, 0.19236992381438012, 0.19236992381438012, 0.19236992381438012, 0.19236992381438012, 0.19236992381438012, 0.19236992381438012, 0.19236992381438012, 0.19236992381438012, 0.19236992381438012, 0.19236992381438012, 0.19236992381438012, 0.19236992381438012, 0.19236992381438012, 0.19236992381438012, 0.19236992381438012, 0.19236992381438012, 0.19236992381438012, 0.19236992381438012, 0.19236992381438012, 0.19236992381438012, 0.19236992381438012, 0.19236992381438012, 0.19236992381438012, 0.19236992381438012]",False,755.7153353000176,"{'n_layers': 2, 'learning_rate': 0.06030426945208397, 'map_reps': 1, 'feature_map': 'zz', 'entanglement': 'circular', 'init_scale': 0.1631143543328388}",0.5971170513639267,0.120174482006543,0.5905680600214362,0.1997100398695179,0.5941472130980735,0.106522567280533,0.6262783071280372,5994,4034,382,551,ok,1.4414041999843905,1,HR Promotion
14,VQC,quantum,LDA,random,1200,10961,0.1990195336370349,96,"[0.1700182353204129, 0.1700182353204129, 0.1700182353204129, 0.1700182353204129, 0.1700182353204129, 0.1700182353204129, 0.1700182353204129, 0.1732779071308755, 0.1732779071308755, 0.17991635120316504, 0.17991635120316504, 0.18144931532028305, 0.18144931532028305, 0.18144931532028305, 0.18144931532028305, 0.18144931532028305, 0.18144931532028305, 0.18144931532028305, 0.18144931532028305, 0.1849023199023199, 0.19901953363703498, 0.19901953363703498, 0.19901953363703498, 0.19901953363703498, 0.19901953363703498, 0.19901953363703498, 0.19901953363703498, 0.19901953363703498, 0.19901953363703498, 0.19901953363703498, 0.19901953363703498, 0.19901953363703498, 0.19901953363703498, 0.19901953363703498, 0.19901953363703498, 0.19901953363703498, 0.19901953363703498, 0.19901953363703498, 0.19901953363703498, 0.19901953363703498, 0.19901953363703498, 0.19901953363703498, 0.19901953363703498, 0.19901953363703498, 0.19901953363703498, 0.19901953363703498, 0.19901953363703498, 0.19901953363703498, 0.19901953363703498, 0.19901953363703498, 0.19901953363703498, 0.19901953363703498, 0.19901953363703498, 0.19901953363703498, 0.19901953363703498, 0.19901953363703498, 0.19901953363703498, 0.19901953363703498, 0.19901953363703498, 0.19901953363703498, 0.19901953363703498, 0.19901953363703498, 0.19901953363703498, 0.19901953363703498, 0.19901953363703498, 0.19901953363703498, 0.19901953363703498, 0.19901953363703498, 0.19901953363703498, 0.19901953363703498, 0.19901953363703498, 0.19901953363703498, 0.19901953363703498, 0.19901953363703498, 0.19901953363703498, 0.19901953363703498, 0.19901953363703498, 0.19901953363703498, 0.19901953363703498, 0.19901953363703498, 0.19901953363703498, 0.19901953363703498, 0.19901953363703498, 0.19901953363703498, 0.19901953363703498, 0.19901953363703498, 0.19901953363703498, 0.19901953363703498, 0.19901953363703498, 0.19901953363703498, 0.19901953363703498, 0.19901953363703498, 0.19901953363703498, 0.19901953363703498, 0.19901953363703498, 0.19901953363703498]",False,738.5225096000358,"{'n_layers': 6, 'learning_rate': 0.2367365161988059, 'map_reps': 1, 'feature_map': 'angle', 'entanglement': 'linear', 'init_scale': 0.34148455216808954}",0.6390840251801843,0.1434300542580797,0.6516613076098606,0.2351121423047177,0.644787574427188,0.1659312979811842,0.7070665160059871,6397,3631,325,608,ok,3.854211999976542,1,HR Promotion
0,QSVC,quantum,LDA,random,1200,10962,0.201352463480638,96,"[0.18665381045052162, 0.18665381045052162, 0.18665381045052162, 0.18665381045052162, 0.18665381045052162, 0.19740031897926635, 0.19740031897926635, 0.19740031897926635, 0.19740031897926635, 0.19740031897926635, 0.19740031897926635, 0.19740031897926635, 0.19740031897926635, 0.19740031897926635, 0.19740031897926635, 0.19740031897926635, 0.19740031897926635, 0.19740031897926635, 0.19740031897926635, 0.19740031897926635, 0.19740031897926635, 0.19740031897926635, 0.19740031897926635, 0.19740031897926635, 0.19740031897926635, 0.19740031897926635, 0.19740031897926635, 0.19740031897926635, 0.19740031897926635, 0.19740031897926635, 0.19740031897926635, 0.19740031897926635, 0.1999415731046789, 0.1999415731046789, 0.1999415731046789, 0.1999415731046789, 0.1999415731046789, 0.1999415731046789, 0.1999415731046789, 0.1999415731046789, 0.1999415731046789, 0.1999415731046789, 0.1999415731046789, 0.1999415731046789, 0.1999415731046789, 0.1999415731046789, 0.1999415731046789, 0.1999415731046789, 0.1999415731046789, 0.1999415731046789, 0.1999415731046789, 0.1999415731046789, 0.1999415731046789, 0.1999415731046789, 0.1999415731046789, 0.1999415731046789, 0.1999415731046789, 0.1999415731046789, 0.1999415731046789, 0.1999415731046789, 0.1999415731046789, 0.1999415731046789, 0.1999415731046789, 0.1999415731046789, 0.20133113542747502, 0.20133113542747502, 0.20133113542747502, 0.20133113542747502, 0.20133113542747502, 0.20133113542747502, 0.20133113542747502, 0.20133113542747502, 0.20133113542747502, 0.20133113542747502, 0.20133113542747502, 0.20133113542747502, 0.20133113542747502, 0.20133113542747502, 0.20133113542747502, 0.20133113542747502, 0.20133113542747502, 0.20133113542747502, 0.20133113542747502, 0.20133113542747502, 0.20133113542747502, 0.20133113542747502, 0.20133113542747502, 0.20133113542747502, 0.20133113542747502, 0.20133113542747502, 0.20133113542747502, 0.20133113542747502, 0.20133113542747502, 0.20135246348063807, 0.20135246348063807, 0.20135246348063807]",False,338.2839802000089,"{'C': 2.79750974974914, 'map_reps': 1, 'scale': 0.3290179251542623, 'entanglement': 'linear'}",0.6151249771939427,0.1387728172421376,0.6755888650963597,0.2302499543878854,0.6425411417623801,0.1615436986658497,0.7078648200456281,6112,3916,303,631,ok,33.97112190001644,1,HR Promotion
1,QSVC,quantum,LDA,random,1200,10962,0.2475231812101838,96,"[0.1478288633461047, 0.1503086838537446, 0.1503086838537446, 0.23024539795852925, 0.23024539795852925, 0.23024539795852925, 0.24244663382594414, 0.24244663382594414, 0.24244663382594414, 0.24244663382594414, 0.24244663382594414, 0.24244663382594414, 0.24244663382594414, 0.24244663382594414, 0.24244663382594414, 0.24244663382594414, 0.24244663382594414, 0.24244663382594414, 0.24244663382594414, 0.24244663382594414, 0.24244663382594414, 0.24244663382594414, 0.24411770426123658, 0.24411770426123658, 0.24411770426123658, 0.24411770426123658, 0.24411770426123658, 0.24411770426123658, 0.24411770426123658, 0.24411770426123658, 0.24411770426123658, 0.24411770426123658, 0.24411770426123658, 0.24411770426123658, 0.24411770426123658, 0.24411770426123658, 0.24411770426123658, 0.24752318121018382, 0.24752318121018382, 0.24752318121018382, 0.24752318121018382, 0.24752318121018382, 0.24752318121018382, 0.24752318121018382, 0.24752318121018382, 0.24752318121018382, 0.24752318121018382, 0.24752318121018382, 0.24752318121018382, 0.24752318121018382, 0.24752318121018382, 0.24752318121018382, 0.24752318121018382, 0.24752318121018382, 0.24752318121018382, 0.24752318121018382, 0.24752318121018382, 0.24752318121018382, 0.24752318121018382, 0.24752318121018382, 0.24752318121018382, 0.24752318121018382, 0.24752318121018382, 0.24752318121018382, 0.24752318121018382, 0.24752318121018382, 0.24752318121018382, 0.24752318121018382, 0.24752318121018382, 0.24752318121018382, 0.24752318121018382, 0.24752318121018382, 0.24752318121018382, 0.24752318121018382, 0.24752318121018382, 0.24752318121018382, 0.24752318121018382, 0.24752318121018382, 0.24752318121018382, 0.24752318121018382, 0.24752318121018382, 0.24752318121018382, 0.24752318121018382, 0.24752318121018382, 0.24752318121018382, 0.24752318121018382, 0.24752318121018382, 0.24752318121018382, 0.24752318121018382, 0.24752318121018382, 0.24752318121018382, 0.24752318121018382, 0.24752318121018382, 0.24752318121018382, 0.24752318121018382, 0.24752318121018382]",False,339.0235498000402,"{'C': 0.037349152640088625, 'map_reps': 1, 'scale': 0.32643160602089816, 'entanglement': 'full'}",0.7499543878854223,0.1801769911504424,0.5449678800856531,0.2708167065708965,0.6570072747057703,0.2004421200778643,0.7186381344227598,7712,2316,425,509,ok,32.7793445000425,1,HR Promotion
2,QSVC,quantum,LDA,random,1200,10962,0.2310261093678374,96,"[0.2247740409844925, 0.2247740409844925, 0.2247740409844925, 0.2247740409844925, 0.2247740409844925, 0.2247740409844925, 0.2247740409844925, 0.2247740409844925, 0.2247740409844925, 0.2247740409844925, 0.2247740409844925, 0.2247740409844925, 0.2247740409844925, 0.2247740409844925, 0.2247740409844925, 0.2247740409844925, 0.2247740409844925, 0.22713095467984398, 0.22713095467984398, 0.22713095467984398, 0.22713095467984398, 0.22713095467984398, 0.22713095467984398, 0.22713095467984398, 0.22713095467984398, 0.22713095467984398, 0.22713095467984398, 0.22713095467984398, 0.22713095467984398, 0.22713095467984398, 0.22713095467984398, 0.22713095467984398, 0.22713095467984398, 0.22713095467984398, 0.22713095467984398, 0.22713095467984398, 0.22713095467984398, 0.22713095467984398, 0.22713095467984398, 0.22713095467984398, 0.22713095467984398, 0.22713095467984398, 0.22713095467984398, 0.22713095467984398, 0.22713095467984398, 0.22713095467984398, 0.22713095467984398, 0.22713095467984398, 0.22713095467984398, 0.22713095467984398, 0.22713095467984398, 0.2310189986754144, 0.2310189986754144, 0.2310189986754144, 0.2310189986754144, 0.2310189986754144, 0.2310189986754144, 0.2310189986754144, 0.2310189986754144, 0.2310189986754144, 0.2310189986754144, 0.2310189986754144, 0.2310189986754144, 0.2310189986754144, 0.2310189986754144, 0.2310189986754144, 0.2310189986754144, 0.2310189986754144, 0.2310189986754144, 0.2310189986754144, 0.2310189986754144, 0.2310189986754144, 0.2310189986754144, 0.2310189986754144, 0.2310189986754144, 0.2310189986754144, 0.2310189986754144, 0.2310189986754144, 0.2310261093678374, 0.2310261093678374, 0.2310261093678374, 0.2310261093678374, 0.2310261093678374, 0.2310261093678374, 0.2310261093678374, 0.2310261093678374, 0.2310261093678374, 0.2310261093678374, 0.2310261093678374, 0.2310261093678374, 0.2310261093678374, 0.2310261093678374, 0.2310261093678374, 0.2310261093678374, 0.2310261093678374, 0.2310261093678374]",False,347.4465120000532,"{'C': 0.02768364694392783, 'map_reps': 1, 'scale': 0.7455053504013869, 'entanglement': 'linear'}",0.6849115124977194,0.1587215601300108,0.6274089935760171,0.2533506268914829,0.6588381226356352,0.1876580893218516,0.7090059503625394,6922,3106,348,586,ok,30.803247800038665,1,HR Promotion
3,QSVC,quantum,LDA,random,1200,10961,0.2224561658081211,96,"[0.17165630479834207, 0.17165630479834207, 0.21496400648943023, 0.22017132711609677, 0.22017132711609677, 0.22017132711609677, 0.22017132711609677, 0.22017132711609677, 0.22017132711609677, 0.22017132711609677, 0.22017132711609677, 0.22017132711609677, 0.22017132711609677, 0.22017132711609677, 0.22017132711609677, 0.22017132711609677, 0.22017132711609677, 0.22017132711609677, 0.22017132711609677, 0.22017132711609677, 0.22017132711609677, 0.22017132711609677, 0.22017132711609677, 0.22017132711609677, 0.22017132711609677, 0.2224561658081211, 0.2224561658081211, 0.2224561658081211, 0.2224561658081211, 0.2224561658081211, 0.2224561658081211, 0.2224561658081211, 0.2224561658081211, 0.2224561658081211, 0.2224561658081211, 0.2224561658081211, 0.2224561658081211, 0.2224561658081211, 0.2224561658081211, 0.2224561658081211, 0.2224561658081211, 0.2224561658081211, 0.2224561658081211, 0.2224561658081211, 0.2224561658081211, 0.2224561658081211, 0.2224561658081211, 0.2224561658081211, 0.2224561658081211, 0.2224561658081211, 0.2224561658081211, 0.2224561658081211, 0.2224561658081211, 0.2224561658081211, 0.2224561658081211, 0.2224561658081211, 0.2224561658081211, 0.2224561658081211, 0.2224561658081211, 0.2224561658081211, 0.2224561658081211, 0.2224561658081211, 0.2224561658081211, 0.2224561658081211, 0.2224561658081211, 0.2224561658081211, 0.2224561658081211, 0.2224561658081211, 0.2224561658081211, 0.2224561658081211, 0.2224561658081211, 0.2224561658081211, 0.2224561658081211, 0.2224561658081211, 0.2224561658081211, 0.2224561658081211, 0.2224561658081211, 0.2224561658081211, 0.2224561658081211, 0.2224561658081211, 0.2224561658081211, 0.2224561658081211, 0.2224561658081211, 0.2224561658081211, 0.2224561658081211, 0.2224561658081211, 0.2224561658081211, 0.2224561658081211, 0.2224561658081211, 0.2224561658081211, 0.2224561658081211, 0.2224561658081211, 0.2224561658081211, 0.2224561658081211, 0.2224561658081211, 0.2224561658081211]",False,346.66818699997384,"{'C': 14.441423810398431, 'map_reps': 1, 'scale': 0.5817950161731336, 'entanglement': 'linear'}",0.6971079281087492,0.1551574689396128,0.5755627009646302,0.244424214838416,0.6419895674747363,0.1704915994560693,0.6964581166303482,7104,2924,396,537,ok,31.5229586000205,1,HR Promotion
4,QSVC,quantum,LDA,random,1200,10961,0.2402116402116402,96,"[0.1701128244354432, 0.1738475242209044, 0.17501293886836056, 0.17501293886836056, 0.2320141211445559, 0.2320141211445559, 0.2320141211445559, 0.2320141211445559, 0.2320141211445559, 0.2320141211445559, 0.2320141211445559, 0.2320141211445559, 0.2320141211445559, 0.2320141211445559, 0.2320141211445559, 0.23618042754132104, 0.23618042754132104, 0.23618042754132104, 0.23618042754132104, 0.23618042754132104, 0.23618042754132104, 0.23618042754132104, 0.23618042754132104, 0.23618042754132104, 0.23618042754132104, 0.23618042754132104, 0.23618042754132104, 0.23618042754132104, 0.23618042754132104, 0.23618042754132104, 0.23618042754132104, 0.2382282921029533, 0.2382282921029533, 0.2382282921029533, 0.23880076274986237, 0.23880076274986237, 0.23880076274986237, 0.23880076274986237, 0.23880076274986237, 0.23880076274986237, 0.23880076274986237, 0.23880076274986237, 0.23880076274986237, 0.23880076274986237, 0.23880076274986237, 0.23880076274986237, 0.23880076274986237, 0.23880076274986237, 0.23880076274986237, 0.23880076274986237, 0.23880076274986237, 0.23880076274986237, 0.23880076274986237, 0.23880076274986237, 0.23880076274986237, 0.23880076274986237, 0.23880076274986237, 0.23880076274986237, 0.23880076274986237, 0.23880076274986237, 0.23880076274986237, 0.23880076274986237, 0.23880076274986237, 0.23880076274986237, 0.23880076274986237, 0.23880076274986237, 0.23880076274986237, 0.23880076274986237, 0.23880076274986237, 0.23880076274986237, 0.23880076274986237, 0.23880076274986237, 0.23880076274986237, 0.23880076274986237, 0.23880076274986237, 0.23880076274986237, 0.23880076274986237, 0.23880076274986237, 0.23880076274986237, 0.23880076274986237, 0.2402116402116402, 0.2402116402116402, 0.2402116402116402, 0.2402116402116402, 0.2402116402116402, 0.2402116402116402, 0.2402116402116402, 0.2402116402116402, 0.2402116402116402, 0.2402116402116402, 0.2402116402116402, 0.2402116402116402, 0.2402116402116402, 0.2402116402116402, 0.2402116402116402, 0.2402116402116402]",False,329.8399793999852,"{'C': 0.016253031847661963, 'map_reps': 1, 'scale': 0.28048747984695666, 'entanglement': 'circular'}",0.828574035215765,0.2342696629213483,0.4469453376205787,0.3074087725764836,0.655512956006141,0.2353366472262109,0.5,8665,1363,516,417,ok,34.0008788999985,1,HR Promotion
5,QSVC,quantum,LDA,random,1200,10962,0.260393086210149,96,"[0.23101558733023575, 0.24209026840605788, 0.24209026840605788, 0.24209026840605788, 0.24209026840605788, 0.24209026840605788, 0.24209026840605788, 0.24209026840605788, 0.24209026840605788, 0.24209026840605788, 0.24209026840605788, 0.24209026840605788, 0.24209026840605788, 0.24213118493633612, 0.24213118493633612, 0.24213118493633612, 0.24213118493633612, 0.24213118493633612, 0.24213118493633612, 0.24213118493633612, 0.24213118493633612, 0.24213118493633612, 0.24605373270973105, 0.24605373270973105, 0.24605373270973105, 0.24605373270973105, 0.24605373270973105, 0.24605373270973105, 0.26039308621014906, 0.26039308621014906, 0.26039308621014906, 0.26039308621014906, 0.26039308621014906, 0.26039308621014906, 0.26039308621014906, 0.26039308621014906, 0.26039308621014906, 0.26039308621014906, 0.26039308621014906, 0.26039308621014906, 0.26039308621014906, 0.26039308621014906, 0.26039308621014906, 0.26039308621014906, 0.26039308621014906, 0.26039308621014906, 0.26039308621014906, 0.26039308621014906, 0.26039308621014906, 0.26039308621014906, 0.26039308621014906, 0.26039308621014906, 0.26039308621014906, 0.26039308621014906, 0.26039308621014906, 0.26039308621014906, 0.26039308621014906, 0.26039308621014906, 0.26039308621014906, 0.26039308621014906, 0.26039308621014906, 0.26039308621014906, 0.26039308621014906, 0.26039308621014906, 0.26039308621014906, 0.26039308621014906, 0.26039308621014906, 0.26039308621014906, 0.26039308621014906, 0.26039308621014906, 0.26039308621014906, 0.26039308621014906, 0.26039308621014906, 0.26039308621014906, 0.26039308621014906, 0.26039308621014906, 0.26039308621014906, 0.26039308621014906, 0.26039308621014906, 0.26039308621014906, 0.26039308621014906, 0.26039308621014906, 0.26039308621014906, 0.26039308621014906, 0.26039308621014906, 0.26039308621014906, 0.26039308621014906, 0.26039308621014906, 0.26039308621014906, 0.26039308621014906, 0.26039308621014906, 0.26039308621014906, 0.26039308621014906, 0.26039308621014906, 0.26039308621014906, 0.26039308621014906]",False,349.3594529000111,"{'C': 0.1899057407070018, 'map_reps': 1, 'scale': 0.27093728543176154, 'entanglement': 'full'}",0.6946725050173326,0.1528057553956834,0.5685224839400428,0.2408709457926967,0.6374722511443334,0.164965952822772,0.6927924082376627,7084,2944,403,531,ok,30.350288000016008,1,HR Promotion
6,QSVC,quantum,LDA,random,1200,10962,0.2189772710374085,96,"[0.18782632749186187, 0.18782632749186187, 0.18782632749186187, 0.18782632749186187, 0.18782632749186187, 0.18782632749186187, 0.18823743161700288, 0.18823743161700288, 0.18823743161700288, 0.19325429786805606, 0.19325429786805606, 0.19325429786805606, 0.21776142409626573, 0.21776142409626573, 0.21897727103740858, 0.21897727103740858, 0.21897727103740858, 0.21897727103740858, 0.21897727103740858, 0.21897727103740858, 0.21897727103740858, 0.21897727103740858, 0.21897727103740858, 0.21897727103740858, 0.21897727103740858, 0.21897727103740858, 0.21897727103740858, 0.21897727103740858, 0.21897727103740858, 0.21897727103740858, 0.21897727103740858, 0.21897727103740858, 0.21897727103740858, 0.21897727103740858, 0.21897727103740858, 0.21897727103740858, 0.21897727103740858, 0.21897727103740858, 0.21897727103740858, 0.21897727103740858, 0.21897727103740858, 0.21897727103740858, 0.21897727103740858, 0.21897727103740858, 0.21897727103740858, 0.21897727103740858, 0.21897727103740858, 0.21897727103740858, 0.21897727103740858, 0.21897727103740858, 0.21897727103740858, 0.21897727103740858, 0.21897727103740858, 0.21897727103740858, 0.21897727103740858, 0.21897727103740858, 0.21897727103740858, 0.21897727103740858, 0.21897727103740858, 0.21897727103740858, 0.21897727103740858, 0.21897727103740858, 0.21897727103740858, 0.21897727103740858, 0.21897727103740858, 0.21897727103740858, 0.21897727103740858, 0.21897727103740858, 0.21897727103740858, 0.21897727103740858, 0.21897727103740858, 0.21897727103740858, 0.21897727103740858, 0.21897727103740858, 0.21897727103740858, 0.21897727103740858, 0.21897727103740858, 0.21897727103740858, 0.21897727103740858, 0.21897727103740858, 0.21897727103740858, 0.21897727103740858, 0.21897727103740858, 0.21897727103740858, 0.21897727103740858, 0.21897727103740858, 0.21897727103740858, 0.21897727103740858, 0.21897727103740858, 0.21897727103740858, 0.21897727103740858, 0.21897727103740858, 0.21897727103740858, 0.21897727103740858, 0.21897727103740858, 0.21897727103740858]",False,338.2769212999847,"{'C': 2.6631308536350797, 'map_reps': 1, 'scale': 0.2817610464277601, 'entanglement': 'linear'}",0.6277139208173691,0.145368492224476,0.6905781584582441,0.2401787376652392,0.6562184769155999,0.1777084272474604,0.7197274825349834,6236,3792,289,645,ok,33.90890889998991,1,HR Promotion
7,QSVC,quantum,LDA,random,1200,10962,0.2025180397780746,96,"[0.14880285228750004, 0.19120251979003952, 0.19120251979003952, 0.19120251979003952, 0.19120251979003952, 0.19387626262626265, 0.19387626262626265, 0.19387626262626265, 0.19387626262626265, 0.19387626262626265, 0.19797084420483935, 0.19797084420483935, 0.19797084420483935, 0.19797084420483935, 0.19797084420483935, 0.19797084420483935, 0.20007528736820776, 0.20007528736820776, 0.20007528736820776, 0.20007528736820776, 0.20007528736820776, 0.20007528736820776, 0.20007528736820776, 0.20007528736820776, 0.20007528736820776, 0.20058144469909178, 0.20058144469909178, 0.2021224837316791, 0.2021224837316791, 0.2021224837316791, 0.2021224837316791, 0.2021224837316791, 0.2021224837316791, 0.2021224837316791, 0.2021224837316791, 0.2021224837316791, 0.2021224837316791, 0.2021224837316791, 0.2021224837316791, 0.2021224837316791, 0.2021224837316791, 0.2021224837316791, 0.2021224837316791, 0.2021224837316791, 0.2021224837316791, 0.2021224837316791, 0.2021224837316791, 0.2021224837316791, 0.2021224837316791, 0.2021224837316791, 0.2021224837316791, 0.2021224837316791, 0.2021224837316791, 0.2021224837316791, 0.2021224837316791, 0.2021224837316791, 0.2021224837316791, 0.2021224837316791, 0.2021224837316791, 0.2021224837316791, 0.2021224837316791, 0.2021224837316791, 0.2021224837316791, 0.2021224837316791, 0.2021224837316791, 0.20251803977807467, 0.20251803977807467, 0.20251803977807467, 0.20251803977807467, 0.20251803977807467, 0.20251803977807467, 0.20251803977807467, 0.20251803977807467, 0.20251803977807467, 0.20251803977807467, 0.20251803977807467, 0.20251803977807467, 0.20251803977807467, 0.20251803977807467, 0.20251803977807467, 0.20251803977807467, 0.20251803977807467, 0.20251803977807467, 0.20251803977807467, 0.20251803977807467, 0.20251803977807467, 0.20251803977807467, 0.20251803977807467, 0.20251803977807467, 0.20251803977807467, 0.20251803977807467, 0.20251803977807467, 0.20251803977807467, 0.20251803977807467, 0.20251803977807467, 0.20251803977807467]",False,331.28595920000225,"{'C': 0.010788530518673815, 'map_reps': 1, 'scale': 0.8706788925703391, 'entanglement': 'circular'}",0.6400291917533297,0.1349975763451284,0.5963597430406852,0.2201581027667984,0.6202281363787391,0.1385642108974978,0.6657991990734295,6459,3569,377,557,ok,34.12552100000903,1,HR Promotion
8,QSVC,quantum,LDA,random,1200,10961,0.2392245098089463,96,"[0.15928531004931681, 0.2123120853279583, 0.22134526001929314, 0.22858123947909245, 0.22858123947909245, 0.22858123947909245, 0.22858123947909245, 0.22858123947909245, 0.22858123947909245, 0.22858123947909245, 0.22858123947909245, 0.22858123947909245, 0.22858123947909245, 0.22858123947909245, 0.22858123947909245, 0.22858123947909245, 0.22858123947909245, 0.22858123947909245, 0.22858123947909245, 0.22858123947909245, 0.22858123947909245, 0.22858123947909245, 0.22858123947909245, 0.22858123947909245, 0.22858123947909245, 0.22858123947909245, 0.22858123947909245, 0.22858123947909245, 0.22858123947909245, 0.22858123947909245, 0.22858123947909245, 0.23059239413776064, 0.23059239413776064, 0.23059239413776064, 0.23059239413776064, 0.23059239413776064, 0.23059239413776064, 0.23059239413776064, 0.23059239413776064, 0.23059239413776064, 0.23059239413776064, 0.23059239413776064, 0.23059239413776064, 0.23059239413776064, 0.23059239413776064, 0.23059239413776064, 0.23059239413776064, 0.23059239413776064, 0.23059239413776064, 0.23059239413776064, 0.23059239413776064, 0.23059239413776064, 0.23059239413776064, 0.23059239413776064, 0.23922450980894636, 0.23922450980894636, 0.23922450980894636, 0.23922450980894636, 0.23922450980894636, 0.23922450980894636, 0.23922450980894636, 0.23922450980894636, 0.23922450980894636, 0.23922450980894636, 0.23922450980894636, 0.23922450980894636, 0.23922450980894636, 0.23922450980894636, 0.23922450980894636, 0.23922450980894636, 0.23922450980894636, 0.23922450980894636, 0.23922450980894636, 0.23922450980894636, 0.23922450980894636, 0.23922450980894636, 0.23922450980894636, 0.23922450980894636, 0.23922450980894636, 0.23922450980894636, 0.23922450980894636, 0.23922450980894636, 0.23922450980894636, 0.23922450980894636, 0.23922450980894636, 0.23922450980894636, 0.23922450980894636, 0.23922450980894636, 0.23922450980894636, 0.23922450980894636, 0.23922450980894636, 0.23922450980894636, 0.23922450980894636, 0.23922450980894636, 0.23922450980894636, 0.23922450980894636]",False,339.1019189999788,"{'C': 0.01106029869165823, 'map_reps': 1, 'scale': 0.519860948905052, 'entanglement': 'linear'}",0.6590639540187939,0.1417986714358712,0.594855305466238,0.2290076335877862,0.6299465996816631,0.1513667037411604,0.6389378229702813,6669,3359,378,555,ok,32.13416449999204,1,HR Promotion
9,QSVC,quantum,LDA,random,1200,10961,0.2022348167505127,96,"[0.19130860885139409, 0.19130860885139409, 0.19130860885139409, 0.19130860885139409, 0.19130860885139409, 0.19130860885139409, 0.19130860885139409, 0.19130860885139409, 0.19130860885139409, 0.19130860885139409, 0.19130860885139409, 0.19130860885139409, 0.19130860885139409, 0.19130860885139409, 0.19130860885139409, 0.19130860885139409, 0.19130860885139409, 0.19166963500678993, 0.19166963500678993, 0.19166963500678993, 0.19166963500678993, 0.19166963500678993, 0.19166963500678993, 0.19166963500678993, 0.19166963500678993, 0.19166963500678993, 0.19166963500678993, 0.19166963500678993, 0.19166963500678993, 0.19166963500678993, 0.19166963500678993, 0.19166963500678993, 0.19166963500678993, 0.19166963500678993, 0.19166963500678993, 0.19166963500678993, 0.19166963500678993, 0.19166963500678993, 0.19166963500678993, 0.19251071354631225, 0.19251071354631225, 0.19251071354631225, 0.19251071354631225, 0.19251071354631225, 0.19251071354631225, 0.19251071354631225, 0.19425617227412428, 0.19425617227412428, 0.19425617227412428, 0.19425617227412428, 0.19425617227412428, 0.19705704282818712, 0.19705704282818712, 0.19705704282818712, 0.19705704282818712, 0.19705704282818712, 0.19705704282818712, 0.19705704282818712, 0.19705704282818712, 0.19705704282818712, 0.19705704282818712, 0.19705704282818712, 0.19705704282818712, 0.19705704282818712, 0.19705704282818712, 0.19705704282818712, 0.19705704282818712, 0.19705704282818712, 0.19705704282818712, 0.19705704282818712, 0.19705704282818712, 0.19705704282818712, 0.19705704282818712, 0.19705704282818712, 0.19705704282818712, 0.19705704282818712, 0.19705704282818712, 0.19705704282818712, 0.20223481675051277, 0.20223481675051277, 0.20223481675051277, 0.20223481675051277, 0.20223481675051277, 0.20223481675051277, 0.20223481675051277, 0.20223481675051277, 0.20223481675051277, 0.20223481675051277, 0.20223481675051277, 0.20223481675051277, 0.20223481675051277, 0.20223481675051277, 0.20223481675051277, 0.20223481675051277, 0.20223481675051277, 0.20223481675051277]",False,347.1231819000095,"{'C': 0.02768364694392783, 'map_reps': 1, 'scale': 0.7455053504013869, 'entanglement': 'linear'}",0.7339658790256364,0.1673934921167393,0.5348338692390139,0.2549821154828819,0.6436634443921436,0.180194620343846,0.7063946565906993,7546,2482,434,499,ok,31.311554600019008,1,HR Promotion
10,QSVC,quantum,LDA,random,1200,10962,0.2251782310226659,96,"[0.2159275895366121, 0.2159275895366121, 0.2159275895366121, 0.2159275895366121, 0.2159275895366121, 0.2159275895366121, 0.2159275895366121, 0.2159275895366121, 0.2159275895366121, 0.2159275895366121, 0.2159275895366121, 0.2159275895366121, 0.2159275895366121, 0.21850921615072558, 0.21850921615072558, 0.21850921615072558, 0.21850921615072558, 0.21850921615072558, 0.21850921615072558, 0.21850921615072558, 0.21850921615072558, 0.21850921615072558, 0.22004932682163392, 0.22004932682163392, 0.22004932682163392, 0.22004932682163392, 0.22004932682163392, 0.22004932682163392, 0.22004932682163392, 0.22086154766686258, 0.22472698837244595, 0.22472698837244595, 0.22472698837244595, 0.22472698837244595, 0.22472698837244595, 0.22472698837244595, 0.22472698837244595, 0.22472698837244595, 0.22472698837244595, 0.22472698837244595, 0.22472698837244595, 0.22472698837244595, 0.22472698837244595, 0.22472698837244595, 0.22472698837244595, 0.22472698837244595, 0.22472698837244595, 0.22472698837244595, 0.22472698837244595, 0.22472698837244595, 0.22472698837244595, 0.22472698837244595, 0.22472698837244595, 0.22472698837244595, 0.22472698837244595, 0.22472698837244595, 0.22472698837244595, 0.22472698837244595, 0.22472698837244595, 0.22472698837244595, 0.22472698837244595, 0.22472698837244595, 0.22472698837244595, 0.22472698837244595, 0.22472698837244595, 0.22472698837244595, 0.22472698837244595, 0.22472698837244595, 0.22472698837244595, 0.22472698837244595, 0.22472698837244595, 0.22472698837244595, 0.22472698837244595, 0.22472698837244595, 0.22472698837244595, 0.22472698837244595, 0.22472698837244595, 0.22472698837244595, 0.22472698837244595, 0.22495157225607465, 0.22495157225607465, 0.2251782310226659, 0.2251782310226659, 0.2251782310226659, 0.2251782310226659, 0.2251782310226659, 0.2251782310226659, 0.2251782310226659, 0.2251782310226659, 0.2251782310226659, 0.2251782310226659, 0.2251782310226659, 0.2251782310226659, 0.2251782310226659, 0.2251782310226659, 0.2251782310226659]",False,350.5602265999769,"{'C': 0.011404239957811563, 'map_reps': 3, 'scale': 0.2829058231071416, 'entanglement': 'linear'}",0.7156540777230432,0.1723206244371059,0.6145610278372591,0.2691676436107855,0.6698154161922634,0.2061624977012065,0.7124984198420015,7271,2757,360,574,ok,44.46662630001083,1,HR Promotion
11,QSVC,quantum,LDA,random,1200,10962,0.2159318804938992,96,"[0.13936080249613625, 0.16878587215439902, 0.1702599852481381, 0.19847757659764934, 0.19847757659764934, 0.19847757659764934, 0.19847757659764934, 0.21089947089947092, 0.21089947089947092, 0.21089947089947092, 0.21089947089947092, 0.21089947089947092, 0.21089947089947092, 0.21089947089947092, 0.21089947089947092, 0.21089947089947092, 0.21089947089947092, 0.21089947089947092, 0.21089947089947092, 0.21089947089947092, 0.21089947089947092, 0.21089947089947092, 0.21089947089947092, 0.21089947089947092, 0.21089947089947092, 0.21089947089947092, 0.21089947089947092, 0.21089947089947092, 0.21089947089947092, 0.21089947089947092, 0.21089947089947092, 0.21089947089947092, 0.21089947089947092, 0.21089947089947092, 0.21089947089947092, 0.21089947089947092, 0.21089947089947092, 0.21089947089947092, 0.21089947089947092, 0.21089947089947092, 0.21089947089947092, 0.21089947089947092, 0.21089947089947092, 0.21089947089947092, 0.21089947089947092, 0.21089947089947092, 0.21089947089947092, 0.21089947089947092, 0.21089947089947092, 0.21089947089947092, 0.21089947089947092, 0.21089947089947092, 0.21089947089947092, 0.21089947089947092, 0.21089947089947092, 0.21089947089947092, 0.21089947089947092, 0.21089947089947092, 0.21089947089947092, 0.21089947089947092, 0.21089947089947092, 0.21089947089947092, 0.21089947089947092, 0.21089947089947092, 0.21089947089947092, 0.21089947089947092, 0.21089947089947092, 0.21089947089947092, 0.21089947089947092, 0.21089947089947092, 0.21089947089947092, 0.21089947089947092, 0.21089947089947092, 0.21089947089947092, 0.21089947089947092, 0.2159318804938992, 0.2159318804938992, 0.2159318804938992, 0.2159318804938992, 0.2159318804938992, 0.2159318804938992, 0.2159318804938992, 0.2159318804938992, 0.2159318804938992, 0.2159318804938992, 0.2159318804938992, 0.2159318804938992, 0.2159318804938992, 0.2159318804938992, 0.2159318804938992, 0.2159318804938992, 0.2159318804938992, 0.2159318804938992, 0.2159318804938992, 0.2159318804938992, 0.2159318804938992]",False,341.3670417999965,"{'C': 0.05513523020368106, 'map_reps': 1, 'scale': 0.39333939134113416, 'entanglement': 'circular'}",0.6964057653712826,0.1558366877515813,0.5802997858672377,0.2456935630099728,0.6437597852351745,0.1724711000892573,0.6977239959377127,7092,2936,392,542,ok,33.13384990004124,1,HR Promotion
12,QSVC,quantum,LDA,random,1200,10962,0.2718019966049632,96,"[0.22950668735563085, 0.22950668735563085, 0.22950668735563085, 0.22950668735563085, 0.22950668735563085, 0.22950668735563085, 0.22950668735563085, 0.22950668735563085, 0.22950668735563085, 0.22950668735563085, 0.22950668735563085, 0.22950668735563085, 0.22950668735563085, 0.22950668735563085, 0.22950668735563085, 0.22950668735563085, 0.22950668735563085, 0.22998480766520832, 0.22998480766520832, 0.22998480766520832, 0.22998480766520832, 0.22998480766520832, 0.22998480766520832, 0.22998480766520832, 0.22998480766520832, 0.22998480766520832, 0.22998480766520832, 0.22998480766520832, 0.22998480766520832, 0.22998480766520832, 0.22998480766520832, 0.22998480766520832, 0.22998480766520832, 0.22998480766520832, 0.22998480766520832, 0.22998480766520832, 0.22998480766520832, 0.22998480766520832, 0.22998480766520832, 0.23300735098256556, 0.23300735098256556, 0.23300735098256556, 0.23300735098256556, 0.2350440174146101, 0.2350440174146101, 0.2350440174146101, 0.27180199660496324, 0.27180199660496324, 0.27180199660496324, 0.27180199660496324, 0.27180199660496324, 0.27180199660496324, 0.27180199660496324, 0.27180199660496324, 0.27180199660496324, 0.27180199660496324, 0.27180199660496324, 0.27180199660496324, 0.27180199660496324, 0.27180199660496324, 0.27180199660496324, 0.27180199660496324, 0.27180199660496324, 0.27180199660496324, 0.27180199660496324, 0.27180199660496324, 0.27180199660496324, 0.27180199660496324, 0.27180199660496324, 0.27180199660496324, 0.27180199660496324, 0.27180199660496324, 0.27180199660496324, 0.27180199660496324, 0.27180199660496324, 0.27180199660496324, 0.27180199660496324, 0.27180199660496324, 0.27180199660496324, 0.27180199660496324, 0.27180199660496324, 0.27180199660496324, 0.27180199660496324, 0.27180199660496324, 0.27180199660496324, 0.27180199660496324, 0.27180199660496324, 0.27180199660496324, 0.27180199660496324, 0.27180199660496324, 0.27180199660496324, 0.27180199660496324, 0.27180199660496324, 0.27180199660496324, 0.27180199660496324, 0.27180199660496324]",False,344.6488059000112,"{'C': 0.014375300337858296, 'map_reps': 1, 'scale': 0.2542646509862949, 'entanglement': 'circular'}",0.7380040138660828,0.1614255765199161,0.4946466809421841,0.2434141201264489,0.6276584022979768,0.1622866057492339,0.3386373080428334,7628,2400,472,462,ok,31.17929549998371,1,HR Promotion
13,QSVC,quantum,LDA,random,1200,10961,0.20920889695526,96,"[0.18232173313367658, 0.1980302758104542, 0.1980302758104542, 0.1980302758104542, 0.1980302758104542, 0.1980302758104542, 0.1980302758104542, 0.1980302758104542, 0.1980302758104542, 0.1980302758104542, 0.1980302758104542, 0.1980302758104542, 0.1980302758104542, 0.1980302758104542, 0.1980302758104542, 0.1980302758104542, 0.1980302758104542, 0.1980302758104542, 0.1980302758104542, 0.1980302758104542, 0.1982291609775635, 0.1982291609775635, 0.19833680625178243, 0.19833680625178243, 0.19833680625178243, 0.19833680625178243, 0.20656418795032658, 0.20656418795032658, 0.20656418795032658, 0.20656418795032658, 0.20656418795032658, 0.20656418795032658, 0.20656418795032658, 0.20656418795032658, 0.20656418795032658, 0.20656418795032658, 0.20656418795032658, 0.20656418795032658, 0.20656418795032658, 0.20656418795032658, 0.20656418795032658, 0.20656418795032658, 0.20656418795032658, 0.20656418795032658, 0.20656418795032658, 0.20656418795032658, 0.20656418795032658, 0.20656418795032658, 0.20656418795032658, 0.20656418795032658, 0.20920889695526, 0.20920889695526, 0.20920889695526, 0.20920889695526, 0.20920889695526, 0.20920889695526, 0.20920889695526, 0.20920889695526, 0.20920889695526, 0.20920889695526, 0.20920889695526, 0.20920889695526, 0.20920889695526, 0.20920889695526, 0.20920889695526, 0.20920889695526, 0.20920889695526, 0.20920889695526, 0.20920889695526, 0.20920889695526, 0.20920889695526, 0.20920889695526, 0.20920889695526, 0.20920889695526, 0.20920889695526, 0.20920889695526, 0.20920889695526, 0.20920889695526, 0.20920889695526, 0.20920889695526, 0.20920889695526, 0.20920889695526, 0.20920889695526, 0.20920889695526, 0.20920889695526, 0.20920889695526, 0.20920889695526, 0.20920889695526, 0.20920889695526, 0.20920889695526, 0.20920889695526, 0.20920889695526, 0.20920889695526, 0.20920889695526, 0.20920889695526, 0.20920889695526]",False,348.3995221000514,"{'C': 0.25157136532664537, 'map_reps': 3, 'scale': 0.2733549982284752, 'entanglement': 'linear'}",0.6960131374874555,0.1610624470189319,0.6109324758842444,0.2549194991055456,0.6574307373437975,0.1879172954624478,0.7207026649069637,7059,2969,363,570,ok,45.444035300053656,1,HR Promotion
14,QSVC,quantum,LDA,random,1200,10961,0.2680541261673337,96,"[0.2170948460273897, 0.22814682125026953, 0.22814682125026953, 0.24901643566244214, 0.24901643566244214, 0.24901643566244214, 0.24901643566244214, 0.2596184449339043, 0.2596184449339043, 0.2596184449339043, 0.2596184449339043, 0.2596184449339043, 0.2596184449339043, 0.2596184449339043, 0.2596184449339043, 0.2596184449339043, 0.2596184449339043, 0.2596184449339043, 0.2596184449339043, 0.2596184449339043, 0.2596184449339043, 0.2596184449339043, 0.2596184449339043, 0.2596184449339043, 0.2596184449339043, 0.2596184449339043, 0.2596184449339043, 0.2596184449339043, 0.2596184449339043, 0.2596184449339043, 0.2596184449339043, 0.2596184449339043, 0.2596184449339043, 0.2596184449339043, 0.2596184449339043, 0.2596184449339043, 0.2596184449339043, 0.2596184449339043, 0.2596184449339043, 0.2596184449339043, 0.2596184449339043, 0.2596184449339043, 0.2596184449339043, 0.2596184449339043, 0.2596184449339043, 0.2596184449339043, 0.2596184449339043, 0.2596184449339043, 0.2596184449339043, 0.2596184449339043, 0.2596184449339043, 0.2596184449339043, 0.2596184449339043, 0.2596184449339043, 0.2596184449339043, 0.2596184449339043, 0.2596184449339043, 0.2596184449339043, 0.2596184449339043, 0.2596184449339043, 0.2596184449339043, 0.2596184449339043, 0.2596184449339043, 0.2596184449339043, 0.2596184449339043, 0.2596184449339043, 0.2596184449339043, 0.2596184449339043, 0.2596184449339043, 0.2596184449339043, 0.2596184449339043, 0.2596184449339043, 0.2596184449339043, 0.2596184449339043, 0.2596184449339043, 0.2680541261673337, 0.2680541261673337, 0.2680541261673337, 0.2680541261673337, 0.2680541261673337, 0.2680541261673337, 0.2680541261673337, 0.2680541261673337, 0.2680541261673337, 0.2680541261673337, 0.2680541261673337, 0.2680541261673337, 0.2680541261673337, 0.2680541261673337, 0.2680541261673337, 0.2680541261673337, 0.2680541261673337, 0.2680541261673337, 0.2680541261673337, 0.2680541261673337, 0.2680541261673337]",False,341.8731287000119,"{'C': 0.05513523020368106, 'map_reps': 1, 'scale': 0.39333939134113416, 'entanglement': 'circular'}",0.7731958762886598,0.1855002025111381,0.4908896034297964,0.2692533803644915,0.6451755556040086,0.1939572148872617,0.7169215585428323,8017,2011,475,458,ok,32.306280600023456,1,HR Promotion
0,VQC,quantum,LDA,gwo,491,123,0.877010104742321,96,"[0.810547875064004, 0.8113283163200239, 0.8743816810995387, 0.8743816810995387, 0.8743816810995387, 0.8758117629882078, 0.8767197848629792, 0.8769351290012798, 0.8769351290012798, 0.8769351290012798, 0.877010104742321, 0.877010104742321]",True,602.2914747999748,"{'n_layers': 1, 'learning_rate': 0.005486600653534795, 'map_reps': 1, 'feature_map': 'angle', 'entanglement': 'circular', 'init_scale': 0.1518143808337366}",0.8373983739837398,0.8350515463917526,0.9529411764705882,0.8901098901098901,0.7659442724458204,0.6019346683930221,0.8136222910216719,22,16,4,81,ok,2.156678100000136,1,Loan Approval
1,VQC,quantum,LDA,gwo,491,123,0.876692964654119,72,"[0.8436625599550062, 0.8436625599550062, 0.8728611917375222, 0.8740349945919972, 0.876692964654119, 0.876692964654119, 0.876692964654119, 0.876692964654119, 0.876692964654119]",True,602.0212591000018,"{'n_layers': 3, 'learning_rate': 0.0023039574596111774, 'map_reps': 1, 'feature_map': 'angle', 'entanglement': 'full', 'init_scale': 0.45362842071813814}",0.7886178861788617,0.780952380952381,0.9647058823529412,0.8631578947368421,0.6797213622291022,0.469894169721876,0.6795665634674922,15,23,3,82,ok,3.712125300022308,1,Loan Approval
2,VQC,quantum,LDA,gwo,491,123,0.857051247800506,96,"[0.798454489554119, 0.8400363152389531, 0.8400363152389531, 0.8462355843372112, 0.8524745505970343, 0.8524745505970343, 0.8532580898905077, 0.857051247800506, 0.857051247800506, 0.857051247800506, 0.857051247800506, 0.857051247800506]",True,1048.3248952000283,"{'n_layers': 6, 'learning_rate': 0.0013485578640414094, 'map_reps': 2, 'feature_map': 'angle', 'entanglement': 'full', 'init_scale': 0.08103910140222635}",0.8130081300813008,0.8080808080808081,0.9523809523809524,0.8743169398907104,0.7326007326007326,0.5462479275812389,0.7191697191697191,20,19,4,80,ok,3.141583399963565,1,Loan Approval
3,VQC,quantum,LDA,gwo,491,123,0.8699007890008593,56,"[0.8356023894101733, 0.8507095243937349, 0.8699007890008593, 0.8699007890008593, 0.8699007890008593, 0.8699007890008593, 0.8699007890008593]",True,525.409713400004,"{'n_layers': 2, 'learning_rate': 0.0032251633924676283, 'map_reps': 1, 'feature_map': 'angle', 'entanglement': 'full', 'init_scale': 0.12149624106308832}",0.8455284552845529,0.8350515463917526,0.9642857142857144,0.8950276243093923,0.777014652014652,0.6314400754773088,0.8531746031746031,23,16,3,81,ok,2.9667945000110194,1,Loan Approval
4,VQC,quantum,LDA,gwo,492,122,0.8777210079368892,96,"[0.8413177701770649, 0.8413177701770649, 0.8540074466000392, 0.8619808762665905, 0.8732512390030466, 0.8732512390030466, 0.8762132252843253, 0.8762132252843253, 0.8762132252843253, 0.8777210079368892, 0.8777210079368892, 0.8777210079368892]",False,664.7648572000326,"{'n_layers': 1, 'learning_rate': 0.004957195711527616, 'map_reps': 1, 'feature_map': 'angle', 'entanglement': 'circular', 'init_scale': 0.37452666482132724}",0.7131147540983607,0.7752808988764045,0.8214285714285714,0.7976878612716763,0.6475563909774436,0.3076574869039327,0.6785714285714286,18,20,15,69,ok,1.7896553999744356,1,Loan Approval
5,VQC,quantum,LDA,gwo,491,123,0.8701528120826875,96,"[0.8388079752226094, 0.8608857826851888, 0.8636274710225686, 0.8636274710225686, 0.8636274710225686, 0.8677732367707813, 0.8689581878915477, 0.8689581878915477, 0.8689581878915477, 0.8701528120826875, 0.8701528120826875, 0.8701528120826875]",False,755.8929981000256,"{'n_layers': 3, 'learning_rate': 0.0018907324209808554, 'map_reps': 1, 'feature_map': 'angle', 'entanglement': 'linear', 'init_scale': 0.23040402050157574}",0.7804878048780488,0.8295454545454546,0.8588235294117647,0.8439306358381503,0.7320433436532507,0.4752531602443298,0.8074303405572756,23,15,12,73,ok,2.9570739999762736,1,Loan Approval
6,VQC,quantum,LDA,gwo,491,123,0.8669294264263784,96,"[0.7946018317532761, 0.8004716902024676, 0.8004716902024676, 0.8148286017523102, 0.8636193576946694, 0.8636193576946694, 0.8647322509466718, 0.8647322509466718, 0.8647322509466718, 0.8647322509466718, 0.8649059056720336, 0.8669294264263784]",False,866.9763137999689,"{'n_layers': 3, 'learning_rate': 0.0019476468934609087, 'map_reps': 1, 'feature_map': 'angle', 'entanglement': 'linear', 'init_scale': 0.2730797661357536}",0.8130081300813008,0.8229166666666666,0.9294117647058824,0.8729281767955801,0.7410216718266254,0.5381085006891564,0.7582043343653251,21,17,6,79,ok,2.502826400042977,1,Loan Approval
7,VQC,quantum,LDA,gwo,491,123,0.8784895145996492,64,"[0.8230234914248645, 0.8344999280153272, 0.8749231349569299, 0.8784895145996492, 0.8784895145996492, 0.8784895145996492, 0.8784895145996492, 0.8784895145996492]",True,652.3852337000426,"{'n_layers': 4, 'learning_rate': 0.0014927538388917515, 'map_reps': 1, 'feature_map': 'angle', 'entanglement': 'full', 'init_scale': 0.05197558388324336}",0.8048780487804879,0.7830188679245284,0.988095238095238,0.8736842105263158,0.6991758241758241,0.5371074443955691,0.7197802197802198,16,23,1,83,ok,3.953358899976593,1,Loan Approval
8,VQC,quantum,LDA,gwo,491,123,0.8736120804355635,96,"[0.8349516506671703, 0.8349516506671703, 0.8349516506671703, 0.8683519348419874, 0.8686792767172745, 0.8730625, 0.8730625, 0.8730625, 0.8736120804355635, 0.8736120804355635, 0.8736120804355635, 0.8736120804355635]",False,962.9706024000188,"{'n_layers': 5, 'learning_rate': 0.001408905976932129, 'map_reps': 1, 'feature_map': 'angle', 'entanglement': 'linear', 'init_scale': 0.2853017969656974}",0.7967479674796748,0.8172043010752689,0.9047619047619048,0.8587570621468926,0.7344322344322345,0.5080625311385306,0.7942612942612943,22,17,8,76,ok,3.3321905999910086,1,Loan Approval
9,VQC,quantum,LDA,gwo,492,122,0.8810278304716173,96,"[0.810913582575573, 0.8385684232720502, 0.8742955069868067, 0.8742955069868067, 0.8742955069868067, 0.8790065359477124, 0.8790065359477124, 0.8801952909677927, 0.8801952909677927, 0.8810278304716173, 0.8810278304716173, 0.8810278304716173]",False,642.0511756999767,"{'n_layers': 1, 'learning_rate': 0.0038941560854831893, 'map_reps': 1, 'feature_map': 'angle', 'entanglement': 'circular', 'init_scale': 0.3538072809302091}",0.7295081967213115,0.7524752475247525,0.9047619047619048,0.8216216216216217,0.6234335839598998,0.3028478130813675,0.6757518796992481,13,25,8,76,ok,2.137999900034629,1,Loan Approval
10,VQC,quantum,LDA,gwo,491,123,0.8753850806451613,96,"[0.8277103013945118, 0.8277103013945118, 0.8421712223575222, 0.8575611962447738, 0.8738964594938895, 0.8738964594938895, 0.8738964594938895, 0.8742057977766354, 0.8742057977766354, 0.8753850806451613, 0.8753850806451613, 0.8753850806451613]",False,938.0702611999586,"{'n_layers': 6, 'learning_rate': 0.0011421888287659852, 'map_reps': 1, 'feature_map': 'angle', 'entanglement': 'linear', 'init_scale': 0.14559145948741503}",0.6910569105691057,0.7974683544303798,0.7411764705882353,0.7682926829268293,0.660061919504644,0.3085882557778709,0.7365325077399382,22,16,22,63,ok,3.743406100024004,1,Loan Approval
11,VQC,quantum,LDA,gwo,491,123,0.8657459484231138,40,"[0.8657459484231138, 0.8657459484231138, 0.8657459484231138, 0.8657459484231138, 0.8657459484231138]",True,496.0491989000002,"{'n_layers': 5, 'learning_rate': 0.0010285308451748205, 'map_reps': 1, 'feature_map': 'angle', 'entanglement': 'circular', 'init_scale': 0.10704707467875535}",0.8536585365853658,0.8383838383838383,0.976470588235294,0.9021739130434784,0.7777089783281734,0.6475867576529759,0.8281733746130031,22,16,2,83,ok,6.196126899973024,1,Loan Approval
12,VQC,quantum,LDA,gwo,491,123,0.8722171680731144,96,"[0.819177308762917, 0.8216602229867934, 0.8338156813061556, 0.8391706069355931, 0.8391706069355931, 0.8466611520488017, 0.8466611520488017, 0.8466611520488017, 0.8466611520488017, 0.8534167744295389, 0.8722171680731144, 0.8722171680731144]",False,983.9860047000112,"{'n_layers': 5, 'learning_rate': 0.49164781706243843, 'map_reps': 1, 'feature_map': 'angle', 'entanglement': 'full', 'init_scale': 0.13521687928644108}",0.7723577235772358,0.8333333333333334,0.8333333333333334,0.8333333333333334,0.7371794871794872,0.4743589743589743,0.8244810744810745,25,14,14,70,ok,2.913006499991752,1,Loan Approval
13,VQC,quantum,LDA,gwo,491,123,0.8675535833452263,40,"[0.8675535833452263, 0.8675535833452263, 0.8675535833452263, 0.8675535833452263, 0.8675535833452263]",True,471.7789425000082,"{'n_layers': 1, 'learning_rate': 0.0050550779876228705, 'map_reps': 1, 'feature_map': 'angle', 'entanglement': 'full', 'init_scale': 0.32903432169856056}",0.7235772357723578,0.7659574468085106,0.8571428571428571,0.8089887640449438,0.6465201465201464,0.3212449880957297,0.6837606837606838,17,22,12,72,ok,2.72019049996743,1,Loan Approval
14,VQC,quantum,LDA,gwo,492,122,0.8845150260021635,96,"[0.8684641423957223, 0.8684641423957223, 0.8684641423957223, 0.8709777378508029, 0.8836632211128178, 0.8836632211128178, 0.8836632211128178, 0.8845150260021635, 0.8845150260021635, 0.8845150260021635, 0.8845150260021635, 0.8845150260021635]",True,772.50041649997,"{'n_layers': 3, 'learning_rate': 0.001646976867756915, 'map_reps': 1, 'feature_map': 'angle', 'entanglement': 'full', 'init_scale': 0.4636831928160444}",0.7540983606557377,0.77,0.9166666666666666,0.8369565217391305,0.6557017543859649,0.3750970103121798,0.712406015037594,15,23,7,77,ok,2.870127700036392,1,Loan Approval
0,QSVC,quantum,LDA,gwo,491,123,0.8616765566733461,72,"[0.8601007537507418, 0.8601007537507418, 0.8601007537507418, 0.8601007537507418, 0.8616765566733461, 0.8616765566733461, 0.8616765566733461, 0.8616765566733461, 0.8616765566733461]",True,131.94921079999767,"{'C': 100.00000000000013, 'map_reps': 1, 'scale': 0.3956564812958765, 'entanglement': 'linear'}",0.7235772357723578,0.7802197802197802,0.8352941176470589,0.8068181818181818,0.6544891640866873,0.325412023017365,0.798452012383901,18,20,14,71,ok,0.6286776000051759,1,Loan Approval
1,QSVC,quantum,LDA,gwo,491,123,0.8688303439732507,48,"[0.867300463495163, 0.8688303439732507, 0.8688303439732507, 0.8688303439732507, 0.8688303439732507, 0.8688303439732507]",True,94.92460729996674,"{'C': 0.5706872585262504, 'map_reps': 1, 'scale': 0.73106186610234, 'entanglement': 'linear'}",0.8373983739837398,0.8095238095238095,1.0,0.8947368421052632,0.7368421052631579,0.6192403787032474,0.8498452012383901,18,20,0,85,ok,0.9067588000325486,1,Loan Approval
2,QSVC,quantum,LDA,gwo,491,123,0.8793512755686641,56,"[0.8693994657312222, 0.8705242225405607, 0.8793512755686641, 0.8793512755686641, 0.8793512755686641, 0.8793512755686641, 0.8793512755686641]",True,115.18508259998634,"{'C': 0.010000000000000004, 'map_reps': 1, 'scale': 0.343759168773659, 'entanglement': 'full'}",0.7886178861788617,0.7735849056603774,0.9761904761904762,0.8631578947368421,0.6804029304029304,0.4864835243490902,0.3061660561660561,15,24,2,82,ok,0.841846399998758,1,Loan Approval
3,QSVC,quantum,LDA,gwo,491,123,0.8586997717329031,88,"[0.8491168968207266, 0.8491168968207266, 0.852598848264615, 0.852598848264615, 0.856451149895684, 0.8567018946313905, 0.8586997717329031, 0.8586997717329031, 0.8586997717329031, 0.8586997717329031, 0.8586997717329031]",True,152.39785979996668,"{'C': 0.06293155580273778, 'map_reps': 1, 'scale': 0.3007170266966947, 'entanglement': 'linear'}",0.8211382113821138,0.803921568627451,0.9761904761904762,0.8817204301075269,0.7316849816849816,0.5730468001004143,0.732905982905983,19,20,2,82,ok,0.5868902000365779,1,Loan Approval
4,QSVC,quantum,LDA,gwo,492,122,0.8651194121585285,48,"[0.8580063948749114, 0.8651194121585285, 0.8651194121585285, 0.8651194121585285, 0.8651194121585285, 0.8651194121585285]",True,115.1020859000273,"{'C': 0.1699102952473491, 'map_reps': 2, 'scale': 0.36420669512256565, 'entanglement': 'linear'}",0.7540983606557377,0.7755102040816326,0.9047619047619048,0.8351648351648352,0.662907268170426,0.3795624482525978,0.7192982456140351,16,22,8,76,ok,0.9793509999872184,1,Loan Approval
5,QSVC,quantum,LDA,gwo,491,123,0.8646519758310371,88,"[0.8505539850592259, 0.8530738440787227, 0.8568656482042308, 0.8599277654395765, 0.8631389296676898, 0.8631389296676898, 0.8646519758310371, 0.8646519758310371, 0.8646519758310371, 0.8646519758310371, 0.8646519758310371]",True,154.68275300000096,"{'C': 0.09973474948363506, 'map_reps': 1, 'scale': 0.26229854890279714, 'entanglement': 'linear'}",0.8048780487804879,0.7904761904761904,0.976470588235294,0.8736842105263158,0.6987616099071208,0.5196762393823332,0.793498452012384,16,22,2,83,ok,0.521861799992621,1,Loan Approval
6,QSVC,quantum,LDA,gwo,491,123,0.8692003550391351,56,"[0.8677078945378742, 0.8677078945378742, 0.8692003550391351, 0.8692003550391351, 0.8692003550391351, 0.8692003550391351, 0.8692003550391351]",True,108.9954893999966,"{'C': 0.010000000000000004, 'map_reps': 1, 'scale': 0.25, 'entanglement': 'circular'}",0.8130081300813008,0.7980769230769231,0.976470588235294,0.8783068783068783,0.7119195046439628,0.5418869807034077,0.2201238390092879,17,21,2,83,ok,0.679449699993711,1,Loan Approval
7,QSVC,quantum,LDA,gwo,491,123,0.8682744076775285,48,"[0.8467234957880287, 0.8682744076775285, 0.8682744076775285, 0.8682744076775285, 0.8682744076775285, 0.8682744076775285]",True,95.39841860003072,"{'C': 0.019189206077284034, 'map_reps': 1, 'scale': 0.25, 'entanglement': 'full'}",0.7967479674796748,0.780952380952381,0.9761904761904762,0.8677248677248677,0.6932234432234432,0.5087809677491754,0.7582417582417582,16,23,2,82,ok,0.9121849000221118,1,Loan Approval
8,QSVC,quantum,LDA,gwo,491,123,0.8580346991509783,64,"[0.8517245634694072, 0.8517245634694072, 0.8552986284402834, 0.8580346991509783, 0.8580346991509783, 0.8580346991509783, 0.8580346991509783, 0.8580346991509783]",True,127.54401379998308,"{'C': 0.010000000000000004, 'map_reps': 1, 'scale': 0.38453270951006474, 'entanglement': 'full'}",0.7967479674796748,0.780952380952381,0.9761904761904762,0.8677248677248677,0.6932234432234432,0.5087809677491754,0.7017704517704518,16,23,2,82,ok,0.6411359999910928,1,Loan Approval
9,QSVC,quantum,LDA,gwo,492,122,0.8490704754501879,64,"[0.822933380764706, 0.8335541856568455, 0.835077924391399, 0.8490704754501879, 0.8490704754501879, 0.8490704754501879, 0.8490704754501879, 0.8490704754501879]",True,135.50716249999823,"{'C': 0.022430684686717266, 'map_reps': 1, 'scale': 0.2709202974839445, 'entanglement': 'circular'}",0.8360655737704918,0.8137254901960784,0.988095238095238,0.8924731182795699,0.7440476190476191,0.6105495679931788,0.81203007518797,19,19,1,83,ok,0.571592399966903,1,Loan Approval
10,QSVC,quantum,LDA,gwo,491,123,0.8556274643231165,96,"[0.8262472364122777, 0.8289900014707632, 0.8421740237597014, 0.8461827383566515, 0.8461827383566515, 0.8483659742240978, 0.8501955371520588, 0.8501955371520588, 0.8540134369580162, 0.8556274643231165, 0.8556274643231165, 0.8556274643231165]",False,155.22636400000192,"{'C': 0.015250811086119203, 'map_reps': 1, 'scale': 0.4183600882246506, 'entanglement': 'full'}",0.8455284552845529,0.8235294117647058,0.9882352941176472,0.8983957219251337,0.7572755417956656,0.6318587806154892,0.8117647058823529,20,18,1,84,ok,0.478695300000254,1,Loan Approval
11,QSVC,quantum,LDA,gwo,491,123,0.8617408596837945,72,"[0.8559217807364261, 0.8559217807364261, 0.857019484345041, 0.8570784072424501, 0.8617408596837945, 0.8617408596837945, 0.8617408596837945, 0.8617408596837945, 0.8617408596837945]",True,150.43276240001433,"{'C': 0.03333963369760089, 'map_reps': 1, 'scale': 0.29896500586729585, 'entanglement': 'full'}",0.8536585365853658,0.8316831683168316,0.9882352941176472,0.9032258064516128,0.7704334365325078,0.6521081327216661,0.8210526315789474,21,17,1,84,ok,0.554265699989628,1,Loan Approval
12,QSVC,quantum,LDA,gwo,491,123,0.8721431369988246,56,"[0.8534997217425698, 0.8706180610193198, 0.8721431369988246, 0.8721431369988246, 0.8721431369988246, 0.8721431369988246, 0.8721431369988246]",True,109.21024139999643,"{'C': 0.04031492818137934, 'map_reps': 1, 'scale': 0.480521916827644, 'entanglement': 'linear'}",0.7479674796747967,0.7623762376237624,0.9166666666666666,0.8324324324324325,0.6506410256410257,0.3658248294710308,0.7124542124542125,15,24,7,77,ok,0.7801978000206873,1,Loan Approval
13,QSVC,quantum,LDA,gwo,491,123,0.8677275046323705,96,"[0.8272099611528608, 0.8433332918458776, 0.8463261760683846, 0.8538142673125391, 0.8637616657609216, 0.8637616657609216, 0.8637616657609216, 0.8645594605552355, 0.8677275046323705, 0.8677275046323705, 0.8677275046323705, 0.8677275046323705]",False,173.8819036000059,"{'C': 0.020783848690143446, 'map_reps': 1, 'scale': 0.41566399764455103, 'entanglement': 'linear'}",0.7723577235772358,0.7641509433962265,0.9642857142857144,0.8526315789473684,0.6616300366300366,0.4358596043026113,0.688949938949939,14,25,3,81,ok,0.4266712000244297,1,Loan Approval
14,QSVC,quantum,LDA,gwo,492,122,0.8765591335275448,47,"[0.8720052856091991, 0.8765591335275448, 0.8765591335275448, 0.8765591335275448, 0.8765591335275448, 0.8765591335275448]",True,98.57458730001235,"{'C': 0.010000000000000004, 'map_reps': 1, 'scale': 0.6800051927471025, 'entanglement': 'circular'}",0.8032786885245902,0.7884615384615384,0.9761904761904762,0.8723404255319149,0.6986215538847118,0.5187222655811402,0.743734335839599,16,22,2,82,ok,0.8624848999897949,1,Loan Approval
0,VQC,quantum,LDA,pso,491,123,0.8700002043109613,96,"[0.8069628752624166, 0.8170897656145559, 0.8320921657953279, 0.8459809624537282, 0.8643293492695884, 0.8643293492695884, 0.8643293492695884, 0.8643293492695884, 0.8700002043109613, 0.8700002043109613, 0.8700002043109613, 0.8700002043109613]",False,1107.1149140000343,"{'n_layers': 6, 'learning_rate': 0.0010000000000000002, 'map_reps': 1, 'feature_map': 'angle', 'entanglement': 'linear', 'init_scale': 0.43063677151811064}",0.8292682926829268,0.8076923076923077,0.9882352941176472,0.8888888888888888,0.7309597523219814,0.5905736853246781,0.7808049535603715,18,20,1,84,ok,4.111426800023764,1,Loan Approval
1,VQC,quantum,LDA,pso,491,123,0.8696097008626191,96,"[0.8526765580791666, 0.8648217491332102, 0.8648217491332102, 0.8648217491332102, 0.8648217491332102, 0.8648217491332102, 0.8648217491332102, 0.8696097008626191, 0.8696097008626191, 0.8696097008626191, 0.8696097008626191, 0.8696097008626191]",False,1069.4712340999977,"{'n_layers': 4, 'learning_rate': 0.0014057583288187596, 'map_reps': 1, 'feature_map': 'angle', 'entanglement': 'full', 'init_scale': 0.3428642867960119}",0.8211382113821138,0.794392523364486,1.0,0.8854166666666666,0.7105263157894737,0.5783433776479655,0.7770897832817338,16,22,0,85,ok,3.483189899998252,1,Loan Approval
2,VQC,quantum,LDA,pso,491,123,0.8729805188694043,96,"[0.8299313854869411, 0.8299313854869411, 0.8377593986488151, 0.85363403648618, 0.8665206908157991, 0.8718211352399011, 0.8718422149422557, 0.8729805188694043, 0.8729805188694043, 0.8729805188694043, 0.8729805188694043, 0.8729805188694043]",False,654.525460099976,"{'n_layers': 1, 'learning_rate': 0.003753277681806712, 'map_reps': 1, 'feature_map': 'angle', 'entanglement': 'linear', 'init_scale': 0.01}",0.8130081300813008,0.7961165048543689,0.9761904761904762,0.8770053475935828,0.7188644688644689,0.5520057410983004,0.7289377289377289,18,21,2,82,ok,2.7983911000192165,1,Loan Approval
3,VQC,quantum,LDA,pso,491,123,0.877952075551161,96,"[0.8054548372051308, 0.8054548372051308, 0.8246265371529192, 0.8266866658086441, 0.8481484914813314, 0.8727019527905573, 0.8727019527905573, 0.8727019527905573, 0.8727019527905573, 0.8727019527905573, 0.8727019527905573, 0.877952075551161]",False,786.2466199999908,"{'n_layers': 3, 'learning_rate': 0.0019002204866552979, 'map_reps': 1, 'feature_map': 'angle', 'entanglement': 'full', 'init_scale': 0.23113663552254102}",0.7560975609756098,0.7934782608695652,0.8690476190476191,0.8295454545454546,0.6909340659340659,0.4092706512532025,0.7142857142857143,20,19,11,73,ok,4.045255200006068,1,Loan Approval
4,VQC,quantum,LDA,pso,492,122,0.8788275381431804,96,"[0.8719136232652364, 0.8735890372254009, 0.8742173872132831, 0.8742173872132831, 0.8749655759513373, 0.8755349301361973, 0.8755349301361973, 0.8757252662894145, 0.8757252662894145, 0.877248926556708, 0.877248926556708, 0.8788275381431804]",False,663.6347673999844,"{'n_layers': 1, 'learning_rate': 0.004747849682289861, 'map_reps': 1, 'feature_map': 'angle', 'entanglement': 'full', 'init_scale': 0.29507980589357197}",0.7622950819672131,0.7522935779816514,0.9761904761904762,0.8497409326424871,0.6328320802005012,0.3987305261415279,0.6071428571428572,11,27,2,82,ok,2.4221081999712624,1,Loan Approval
5,VQC,quantum,LDA,pso,491,123,0.8736889709403018,90,"[0.8433466538055212, 0.8533348723978667, 0.8698946245164733, 0.8698946245164733, 0.8698946245164733, 0.8714003651526486, 0.8714003651526486, 0.872118081992849, 0.872118081992849, 0.872118081992849, 0.8736889709403018, 0.8736889709403018]",False,1138.028735400003,"{'n_layers': 6, 'learning_rate': 0.0010000000000000002, 'map_reps': 1, 'feature_map': 'angle', 'entanglement': 'linear', 'init_scale': 0.09623218336110637}",0.7804878048780488,0.7636363636363637,0.9882352941176472,0.8615384615384616,0.6520123839009289,0.4569221460374376,0.6718266253869969,12,26,1,84,ok,3.6332385999849066,1,Loan Approval
6,VQC,quantum,LDA,pso,491,123,0.8623442069741282,94,"[0.8541952864328076, 0.860549441281889, 0.860549441281889, 0.860549441281889, 0.860549441281889, 0.860549441281889, 0.860549441281889, 0.860549441281889, 0.8623442069741282, 0.8623442069741282, 0.8623442069741282, 0.8623442069741282]",False,771.8223839999991,"{'n_layers': 2, 'learning_rate': 0.0016365399095064465, 'map_reps': 1, 'feature_map': 'angle', 'entanglement': 'linear', 'init_scale': 0.4445388582604739}",0.8699186991869918,0.8415841584158416,1.0,0.913978494623656,0.7894736842105263,0.6980207259241646,0.7721362229102167,22,16,0,85,ok,3.3950082999654114,1,Loan Approval
7,VQC,quantum,LDA,pso,491,123,0.8622911650587207,93,"[0.8461793460711365, 0.8515533936928077, 0.8578261648464126, 0.859784546897918, 0.859784546897918, 0.859784546897918, 0.8610653709452468, 0.8622911650587207, 0.8622911650587207, 0.8622911650587207, 0.8622911650587207, 0.8622911650587207]",False,1188.539063300006,"{'n_layers': 6, 'learning_rate': 0.0010000000000000002, 'map_reps': 1, 'feature_map': 'zz', 'entanglement': 'circular', 'init_scale': 0.19938468333349169}",0.6991869918699187,0.7701149425287356,0.7976190476190477,0.783625730994152,0.6423992673992674,0.2912720554231812,0.6520146520146519,19,20,17,67,ok,3.420813200005796,1,Loan Approval
8,VQC,quantum,LDA,pso,491,123,0.8490031597259203,96,"[0.8490031597259203, 0.8490031597259203, 0.8490031597259203, 0.8490031597259203, 0.8490031597259203, 0.8490031597259203, 0.8490031597259203, 0.8490031597259203, 0.8490031597259203, 0.8490031597259203, 0.8490031597259203, 0.8490031597259203]",False,1055.6403710999875,"{'n_layers': 4, 'learning_rate': 0.002745955020053971, 'map_reps': 1, 'feature_map': 'zz', 'entanglement': 'linear', 'init_scale': 0.2904316003902887}",0.6747967479674797,0.7619047619047619,0.7619047619047619,0.7619047619047619,0.6245421245421245,0.2490842490842491,0.724969474969475,19,20,20,64,ok,3.515135299996473,1,Loan Approval
9,VQC,quantum,LDA,pso,492,122,0.863260582010582,93,"[0.7677281767339029, 0.7903836903836904, 0.7977814249897355, 0.7977814249897355, 0.8015000313495029, 0.8484895374208351, 0.8620965871961888, 0.8620965871961888, 0.863260582010582, 0.863260582010582, 0.863260582010582, 0.863260582010582]",False,993.0495457000216,"{'n_layers': 6, 'learning_rate': 0.0010000000000000002, 'map_reps': 1, 'feature_map': 'angle', 'entanglement': 'full', 'init_scale': 0.04109590950267444}",0.8032786885245902,0.8061224489795918,0.9404761904761904,0.8681318681318682,0.7202380952380952,0.5131392329261083,0.7901002506265664,19,19,5,79,ok,4.922009499976412,1,Loan Approval
10,VQC,quantum,LDA,pso,491,123,0.8492398365816087,83,"[0.810984646955993, 0.810984646955993, 0.816490959266643, 0.8492398365816087, 0.8492398365816087, 0.8492398365816087, 0.8492398365816087, 0.8492398365816087, 0.8492398365816087, 0.8492398365816087, 0.8492398365816087, 0.8492398365816087]",False,921.60818140005,"{'n_layers': 4, 'learning_rate': 0.49999999999999994, 'map_reps': 1, 'feature_map': 'zz', 'entanglement': 'circular', 'init_scale': 0.47838417501932}",0.7317073170731707,0.8023255813953488,0.8117647058823529,0.8070175438596491,0.6821981424148607,0.3671344294206871,0.7247678018575853,21,17,16,69,ok,4.478845600038767,1,Loan Approval
11,VQC,quantum,LDA,pso,491,123,0.8666202508446484,95,"[0.8171604905007395, 0.820326353518204, 0.820326353518204, 0.820326353518204, 0.820326353518204, 0.8332804420362024, 0.8447558759425959, 0.8647773021266998, 0.8647773021266998, 0.8647773021266998, 0.865461405033798, 0.8666202508446484]",False,948.2268735999824,"{'n_layers': 1, 'learning_rate': 0.0042460662533293225, 'map_reps': 1, 'feature_map': 'angle', 'entanglement': 'circular', 'init_scale': 0.21671992049997976}",0.8617886178861789,0.8333333333333334,1.0,0.9090909090909092,0.7763157894736843,0.6786208925382962,0.8145510835913312,21,17,0,85,ok,2.024479000014253,1,Loan Approval
12,VQC,quantum,LDA,pso,491,123,0.8735872145536464,96,"[0.8547622410043609, 0.8675509613857052, 0.8685659382492062, 0.872801322938814, 0.8734636243386243, 0.8734636243386243, 0.8735872145536464, 0.8735872145536464, 0.8735872145536464, 0.8735872145536464, 0.8735872145536464, 0.8735872145536464]",False,1203.8211356000393,"{'n_layers': 6, 'learning_rate': 0.0010000000000000002, 'map_reps': 1, 'feature_map': 'angle', 'entanglement': 'linear', 'init_scale': 0.24433367039461912}",0.8211382113821138,0.7924528301886793,1.0,0.8842105263157894,0.717948717948718,0.5877313644420481,0.7219169719169719,17,22,0,84,ok,3.125037199992221,1,Loan Approval
13,VQC,quantum,LDA,pso,491,123,0.8705097800749974,96,"[0.8062549197337977, 0.827272071575869, 0.8301840219648439, 0.8494032572213935, 0.862596162014121, 0.862596162014121, 0.863822891640187, 0.8692886257434874, 0.8692886257434874, 0.8705097800749974, 0.8705097800749974, 0.8705097800749974]",False,1123.1946337000118,"{'n_layers': 6, 'learning_rate': 0.0010000000000000002, 'map_reps': 1, 'feature_map': 'angle', 'entanglement': 'linear', 'init_scale': 0.13575256603448527}",0.7886178861788617,0.8222222222222222,0.8809523809523809,0.8505747126436781,0.7353479853479854,0.4943496175598241,0.7631257631257632,23,16,10,74,ok,3.989863599999808,1,Loan Approval
14,VQC,quantum,LDA,pso,492,122,0.8757514181695031,77,"[0.835949494949495, 0.8487039391993396, 0.8671506102622618, 0.8716676208375288, 0.8722422431401894, 0.8722422431401894, 0.8722422431401894, 0.8722422431401894, 0.875409069658719, 0.875409069658719, 0.8755566887994733, 0.8757514181695031]",False,940.3254251999896,"{'n_layers': 4, 'learning_rate': 0.0011206468366787886, 'map_reps': 1, 'feature_map': 'angle', 'entanglement': 'linear', 'init_scale': 0.5}",0.7540983606557377,0.75,0.9642857142857144,0.84375,0.6268796992481203,0.3687038580062599,0.6036967418546366,11,27,3,81,ok,4.628276899980847,1,Loan Approval
0,QSVC,quantum,LDA,pso,491,123,0.8648551699399157,95,"[0.8491378870968669, 0.858393657736468, 0.8637258644627841, 0.8637258644627841, 0.8637258644627841, 0.8637258644627841, 0.8648551699399157, 0.8648551699399157, 0.8648551699399157, 0.8648551699399157, 0.8648551699399157, 0.8648551699399157]",False,160.08501009998145,"{'C': 0.010000000000000004, 'map_reps': 1, 'scale': 0.587686249714241, 'entanglement': 'linear'}",0.8211382113821138,0.8058252427184466,0.976470588235294,0.8829787234042553,0.725077399380805,0.5636759885756948,0.7012383900928792,18,20,2,83,ok,0.6084115999983624,1,Loan Approval
1,QSVC,quantum,LDA,pso,491,123,0.8717454119969336,88,"[0.8701543586719381, 0.8702674160388, 0.8717454119969336, 0.8717454119969336, 0.8717454119969336, 0.8717454119969336, 0.8717454119969336, 0.8717454119969336, 0.8717454119969336, 0.8717454119969336, 0.8717454119969336, 0.8717454119969336]",False,219.89289289998123,"{'C': 0.033707721504892506, 'map_reps': 3, 'scale': 0.25, 'entanglement': 'circular'}",0.8211382113821138,0.8,0.9882352941176472,0.8842105263157894,0.7178018575851394,0.5694583090427903,0.8102167182662539,17,21,1,84,ok,0.8495338999782689,1,Loan Approval
2,QSVC,quantum,LDA,pso,491,123,0.8691004688728081,83,"[0.8691004688728081, 0.8691004688728081, 0.8691004688728081, 0.8691004688728081, 0.8691004688728081, 0.8691004688728081, 0.8691004688728081, 0.8691004688728081, 0.8691004688728081, 0.8691004688728081, 0.8691004688728081, 0.8691004688728081]",False,143.06581719999667,"{'C': 0.01950800036639862, 'map_reps': 1, 'scale': 0.2991528988059958, 'entanglement': 'linear'}",0.7886178861788617,0.7735849056603774,0.9761904761904762,0.8631578947368421,0.6804029304029304,0.4864835243490902,0.5758547008547008,15,24,2,82,ok,0.794940099993255,1,Loan Approval
3,QSVC,quantum,LDA,pso,491,123,0.8792907572372176,45,"[0.8723116099805983, 0.8730400838796112, 0.8774102678675133, 0.8792907572372176, 0.8792907572372176, 0.8792907572372176, 0.8792907572372176, 0.8792907572372176, 0.8792907572372176, 0.8792907572372176, 0.8792907572372176, 0.8792907572372176]",False,85.63738759997068,"{'C': 0.010000000000000004, 'map_reps': 1, 'scale': 0.25, 'entanglement': 'linear'}",0.7886178861788617,0.7735849056603774,0.9761904761904762,0.8631578947368421,0.6804029304029304,0.4864835243490902,0.5,15,24,2,82,ok,0.9294695000280626,1,Loan Approval
4,QSVC,quantum,LDA,pso,492,122,0.8755437232802176,48,"[0.8692652329749104, 0.8692652329749104, 0.8724899598393575, 0.8755437232802176, 0.8755437232802176, 0.8755437232802176, 0.8755437232802176, 0.8755437232802176, 0.8755437232802176, 0.8755437232802176, 0.8755437232802176, 0.8755437232802176]",False,88.26652179996017,"{'C': 0.010000000000000004, 'map_reps': 1, 'scale': 0.25, 'entanglement': 'linear'}",0.7950819672131147,0.7920792079207921,0.9523809523809524,0.8648648648648649,0.699874686716792,0.4903982353957169,0.5,17,21,4,80,ok,0.8631744000012986,1,Loan Approval
5,QSVC,quantum,LDA,pso,491,123,0.8752186670149319,93,"[0.8740215053763442, 0.8752186670149319, 0.8752186670149319, 0.8752186670149319, 0.8752186670149319, 0.8752186670149319, 0.8752186670149319, 0.8752186670149319, 0.8752186670149319, 0.8752186670149319, 0.8752186670149319, 0.8752186670149319]",False,224.1249052999774,"{'C': 0.02817352544066826, 'map_reps': 3, 'scale': 0.3634545168767194, 'entanglement': 'circular'}",0.7804878048780488,0.7843137254901961,0.9411764705882352,0.8556149732620321,0.6811145510835913,0.4448103329242613,0.7148606811145511,16,22,5,80,ok,0.8179780000355095,1,Loan Approval
6,QSVC,quantum,LDA,pso,491,123,0.8462481066347772,80,"[0.841948323551238, 0.8430727023319616, 0.8462481066347772, 0.8462481066347772, 0.8462481066347772, 0.8462481066347772, 0.8462481066347772, 0.8462481066347772, 0.8462481066347772, 0.8462481066347772, 0.8462481066347772, 0.8462481066347772]",False,203.3545957999886,"{'C': 0.010000000000000004, 'map_reps': 3, 'scale': 0.29035915130020096, 'entanglement': 'full'}",0.8211382113821138,0.8058252427184466,0.976470588235294,0.8829787234042553,0.725077399380805,0.5636759885756948,0.7424148606811145,18,20,2,83,ok,0.9017716000089422,1,Loan Approval
7,QSVC,quantum,LDA,pso,491,123,0.8692521199405543,93,"[0.8661924119241192, 0.8661924119241192, 0.8673116067082615, 0.8692521199405543, 0.8692521199405543, 0.8692521199405543, 0.8692521199405543, 0.8692521199405543, 0.8692521199405543, 0.8692521199405543, 0.8692521199405543, 0.8692521199405543]",False,158.95757420000157,"{'C': 0.15765796914825772, 'map_reps': 1, 'scale': 0.25, 'entanglement': 'linear'}",0.8048780487804879,0.7941176470588235,0.9642857142857144,0.8709677419354839,0.7129120879120879,0.5266141542424756,0.7866300366300367,18,21,3,81,ok,0.6396478000096977,1,Loan Approval
8,QSVC,quantum,LDA,pso,491,123,0.856725802240775,82,"[0.8548164011957345, 0.8559591463962049, 0.856725802240775, 0.856725802240775, 0.856725802240775, 0.856725802240775, 0.856725802240775, 0.856725802240775, 0.856725802240775, 0.856725802240775, 0.856725802240775, 0.856725802240775]",False,142.18380860000616,"{'C': 0.03035120535861826, 'map_reps': 1, 'scale': 0.25, 'entanglement': 'linear'}",0.8617886178861789,0.845360824742268,0.9761904761904762,0.9060773480662984,0.7957875457875458,0.6742318822451926,0.8504273504273504,24,15,2,82,ok,0.7962603999767452,1,Loan Approval
9,QSVC,quantum,LDA,pso,492,122,0.8820657027593003,78,"[0.8769196114742206, 0.8817855643294662, 0.8817855643294662, 0.8817855643294662, 0.8817855643294662, 0.8817855643294662, 0.8818422892552089, 0.8818422892552089, 0.8820657027593003, 0.8820657027593003, 0.8820657027593003, 0.8820657027593003]",False,161.28213619999588,"{'C': 100.00000000000013, 'map_reps': 1, 'scale': 0.25, 'entanglement': 'circular'}",0.7540983606557377,0.7454545454545455,0.9761904761904762,0.845360824742268,0.6196741854636592,0.3721987854633017,0.6669799498746868,10,28,2,82,ok,0.60551470000064,1,Loan Approval
10,QSVC,quantum,LDA,pso,491,123,0.8630819691893494,71,"[0.8615429929431131, 0.8630819691893494, 0.8630819691893494, 0.8630819691893494, 0.8630819691893494, 0.8630819691893494, 0.8630819691893494, 0.8630819691893494, 0.8630819691893494, 0.8630819691893494, 0.8630819691893494, 0.8630819691893494]",False,188.3266292000189,"{'C': 0.010000000000000004, 'map_reps': 3, 'scale': 0.36685768337655233, 'entanglement': 'circular'}",0.8292682926829268,0.8137254901960784,0.976470588235294,0.8877005347593583,0.7382352941176471,0.5850966686926822,0.7219814241486069,19,19,2,83,ok,0.94395300000906,1,Loan Approval
11,QSVC,quantum,LDA,pso,491,123,0.8654842769077487,47,"[0.8406207288605053, 0.8573155482622535, 0.8654842769077487, 0.8654842769077487, 0.8654842769077487, 0.8654842769077487, 0.8654842769077487, 0.8654842769077487, 0.8654842769077487, 0.8654842769077487, 0.8654842769077487, 0.8654842769077487]",False,102.7110176999704,"{'C': 0.010000000000000004, 'map_reps': 1, 'scale': 0.25, 'entanglement': 'linear'}",0.8292682926829268,0.8076923076923077,0.9882352941176472,0.8888888888888888,0.7309597523219814,0.5905736853246781,0.5,18,20,1,84,ok,0.8575574000133201,1,Loan Approval
12,QSVC,quantum,LDA,pso,491,123,0.8785485001963821,86,"[0.8474482771408837, 0.8535950180410209, 0.855195309003014, 0.8622557511304804, 0.8771180261323807, 0.8774087381870549, 0.8774087381870549, 0.8785485001963821, 0.8785485001963821, 0.8785485001963821, 0.8785485001963821, 0.8785485001963821]",False,161.44279079994885,"{'C': 0.06677049474370325, 'map_reps': 1, 'scale': 0.25, 'entanglement': 'circular'}",0.7804878048780488,0.7714285714285715,0.9642857142857144,0.8571428571428571,0.6744505494505495,0.459349641498663,0.655982905982906,15,24,3,81,ok,0.5594325000420213,1,Loan Approval
13,QSVC,quantum,LDA,pso,491,123,0.8693822910690381,87,"[0.866796335988222, 0.866796335988222, 0.8678210108192331, 0.8678210108192331, 0.8678210108192331, 0.8678210108192331, 0.8678210108192331, 0.8678210108192331, 0.8693822910690381, 0.8693822910690381, 0.8693822910690381, 0.8693822910690381]",False,146.3480572999688,"{'C': 0.040862449546999455, 'map_reps': 1, 'scale': 0.3697753861508013, 'entanglement': 'linear'}",0.7886178861788617,0.7636363636363637,1.0,0.865979381443299,0.6666666666666666,0.504524979109513,0.8238705738705738,13,26,0,84,ok,0.663010900025256,1,Loan Approval
14,QSVC,quantum,LDA,pso,492,122,0.8637195719399875,80,"[0.8618071603890217, 0.8618071603890217, 0.8618071603890217, 0.8618071603890217, 0.8618071603890217, 0.8621931076957532, 0.8637195719399875, 0.8637195719399875, 0.8637195719399875, 0.8637195719399875, 0.8637195719399875, 0.8637195719399875]",False,138.25923570001032,"{'C': 0.10652408400897331, 'map_reps': 1, 'scale': 0.25, 'entanglement': 'linear'}",0.8360655737704918,0.8137254901960784,0.988095238095238,0.8924731182795699,0.7440476190476191,0.6105495679931788,0.7503132832080202,19,19,1,83,ok,0.7083067999919876,1,Loan Approval
0,VQC,quantum,LDA,random,491,123,0.8679720693114449,96,"[0.8427963653553233, 0.8427963653553233, 0.8427963653553233, 0.8427963653553233, 0.8427963653553233, 0.8427963653553233, 0.8427963653553233, 0.8427963653553233, 0.8427963653553233, 0.8427963653553233, 0.8679720693114449, 0.8679720693114449, 0.8679720693114449, 0.8679720693114449, 0.8679720693114449, 0.8679720693114449, 0.8679720693114449, 0.8679720693114449, 0.8679720693114449, 0.8679720693114449, 0.8679720693114449, 0.8679720693114449, 0.8679720693114449, 0.8679720693114449, 0.8679720693114449, 0.8679720693114449, 0.8679720693114449, 0.8679720693114449, 0.8679720693114449, 0.8679720693114449, 0.8679720693114449, 0.8679720693114449, 0.8679720693114449, 0.8679720693114449, 0.8679720693114449, 0.8679720693114449, 0.8679720693114449, 0.8679720693114449, 0.8679720693114449, 0.8679720693114449, 0.8679720693114449, 0.8679720693114449, 0.8679720693114449, 0.8679720693114449, 0.8679720693114449, 0.8679720693114449, 0.8679720693114449, 0.8679720693114449, 0.8679720693114449, 0.8679720693114449, 0.8679720693114449, 0.8679720693114449, 0.8679720693114449, 0.8679720693114449, 0.8679720693114449, 0.8679720693114449, 0.8679720693114449, 0.8679720693114449, 0.8679720693114449, 0.8679720693114449, 0.8679720693114449, 0.8679720693114449, 0.8679720693114449, 0.8679720693114449, 0.8679720693114449, 0.8679720693114449, 0.8679720693114449, 0.8679720693114449, 0.8679720693114449, 0.8679720693114449, 0.8679720693114449, 0.8679720693114449, 0.8679720693114449, 0.8679720693114449, 0.8679720693114449, 0.8679720693114449, 0.8679720693114449, 0.8679720693114449, 0.8679720693114449, 0.8679720693114449, 0.8679720693114449, 0.8679720693114449, 0.8679720693114449, 0.8679720693114449, 0.8679720693114449, 0.8679720693114449, 0.8679720693114449, 0.8679720693114449, 0.8679720693114449, 0.8679720693114449, 0.8679720693114449, 0.8679720693114449, 0.8679720693114449, 0.8679720693114449, 0.8679720693114449, 0.8679720693114449]",False,1052.9055324000074,"{'n_layers': 6, 'learning_rate': 0.0015941564204819119, 'map_reps': 1, 'feature_map': 'angle', 'entanglement': 'linear', 'init_scale': 0.068061014818295}",0.7642276422764228,0.78,0.9176470588235294,0.8432432432432433,0.6693498452012383,0.4013766859741767,0.701857585139319,16,22,7,78,ok,7.051524400012568,1,Loan Approval
1,VQC,quantum,LDA,random,491,123,0.8701609478699263,96,"[0.3945068664169788, 0.3945068664169788, 0.687527707271367, 0.7781099124296608, 0.8040497896213185, 0.8040497896213185, 0.8040497896213185, 0.8148866306499208, 0.8148866306499208, 0.8148866306499208, 0.8148866306499208, 0.8469470497847711, 0.8469470497847711, 0.8469470497847711, 0.8469470497847711, 0.8469470497847711, 0.8469470497847711, 0.8469470497847711, 0.8469470497847711, 0.8469470497847711, 0.8469470497847711, 0.8469470497847711, 0.8469470497847711, 0.8469470497847711, 0.8469470497847711, 0.8469470497847711, 0.8640893755876334, 0.8640893755876334, 0.8640893755876334, 0.8640893755876334, 0.8640893755876334, 0.8640893755876334, 0.8640893755876334, 0.8640893755876334, 0.8640893755876334, 0.8640893755876334, 0.8640893755876334, 0.8640893755876334, 0.8701609478699263, 0.8701609478699263, 0.8701609478699263, 0.8701609478699263, 0.8701609478699263, 0.8701609478699263, 0.8701609478699263, 0.8701609478699263, 0.8701609478699263, 0.8701609478699263, 0.8701609478699263, 0.8701609478699263, 0.8701609478699263, 0.8701609478699263, 0.8701609478699263, 0.8701609478699263, 0.8701609478699263, 0.8701609478699263, 0.8701609478699263, 0.8701609478699263, 0.8701609478699263, 0.8701609478699263, 0.8701609478699263, 0.8701609478699263, 0.8701609478699263, 0.8701609478699263, 0.8701609478699263, 0.8701609478699263, 0.8701609478699263, 0.8701609478699263, 0.8701609478699263, 0.8701609478699263, 0.8701609478699263, 0.8701609478699263, 0.8701609478699263, 0.8701609478699263, 0.8701609478699263, 0.8701609478699263, 0.8701609478699263, 0.8701609478699263, 0.8701609478699263, 0.8701609478699263, 0.8701609478699263, 0.8701609478699263, 0.8701609478699263, 0.8701609478699263, 0.8701609478699263, 0.8701609478699263, 0.8701609478699263, 0.8701609478699263, 0.8701609478699263, 0.8701609478699263, 0.8701609478699263, 0.8701609478699263, 0.8701609478699263, 0.8701609478699263, 0.8701609478699263, 0.8701609478699263]",False,1095.7147827000008,"{'n_layers': 6, 'learning_rate': 0.0011133242005300205, 'map_reps': 1, 'feature_map': 'angle', 'entanglement': 'circular', 'init_scale': 0.0783347238314317}",0.8373983739837398,0.8350515463917526,0.9529411764705882,0.8901098901098901,0.7659442724458204,0.6019346683930221,0.7941176470588235,22,16,4,81,ok,3.761796200007666,1,Loan Approval
2,VQC,quantum,LDA,random,491,123,0.8680334888174932,96,"[0.7155394675523974, 0.7420654871635263, 0.8127970912630355, 0.8169398540915568, 0.8169398540915568, 0.8169398540915568, 0.8169398540915568, 0.8680334888174932, 0.8680334888174932, 0.8680334888174932, 0.8680334888174932, 0.8680334888174932, 0.8680334888174932, 0.8680334888174932, 0.8680334888174932, 0.8680334888174932, 0.8680334888174932, 0.8680334888174932, 0.8680334888174932, 0.8680334888174932, 0.8680334888174932, 0.8680334888174932, 0.8680334888174932, 0.8680334888174932, 0.8680334888174932, 0.8680334888174932, 0.8680334888174932, 0.8680334888174932, 0.8680334888174932, 0.8680334888174932, 0.8680334888174932, 0.8680334888174932, 0.8680334888174932, 0.8680334888174932, 0.8680334888174932, 0.8680334888174932, 0.8680334888174932, 0.8680334888174932, 0.8680334888174932, 0.8680334888174932, 0.8680334888174932, 0.8680334888174932, 0.8680334888174932, 0.8680334888174932, 0.8680334888174932, 0.8680334888174932, 0.8680334888174932, 0.8680334888174932, 0.8680334888174932, 0.8680334888174932, 0.8680334888174932, 0.8680334888174932, 0.8680334888174932, 0.8680334888174932, 0.8680334888174932, 0.8680334888174932, 0.8680334888174932, 0.8680334888174932, 0.8680334888174932, 0.8680334888174932, 0.8680334888174932, 0.8680334888174932, 0.8680334888174932, 0.8680334888174932, 0.8680334888174932, 0.8680334888174932, 0.8680334888174932, 0.8680334888174932, 0.8680334888174932, 0.8680334888174932, 0.8680334888174932, 0.8680334888174932, 0.8680334888174932, 0.8680334888174932, 0.8680334888174932, 0.8680334888174932, 0.8680334888174932, 0.8680334888174932, 0.8680334888174932, 0.8680334888174932, 0.8680334888174932, 0.8680334888174932, 0.8680334888174932, 0.8680334888174932, 0.8680334888174932, 0.8680334888174932, 0.8680334888174932, 0.8680334888174932, 0.8680334888174932, 0.8680334888174932, 0.8680334888174932, 0.8680334888174932, 0.8680334888174932, 0.8680334888174932, 0.8680334888174932, 0.8680334888174932]",False,1031.611690699996,"{'n_layers': 5, 'learning_rate': 0.3618891762722067, 'map_reps': 1, 'feature_map': 'angle', 'entanglement': 'linear', 'init_scale': 0.042766632306305286}",0.5528455284552846,0.8536585365853658,0.4166666666666667,0.56,0.6314102564102564,0.2594372608313854,0.7802197802197802,33,6,49,35,ok,6.547407299978659,1,Loan Approval
3,VQC,quantum,LDA,random,491,123,0.8681801452136381,96,"[0.7948700806282352, 0.7948700806282352, 0.7948700806282352, 0.7948700806282352, 0.7948700806282352, 0.7948700806282352, 0.8123044242489695, 0.8123044242489695, 0.8123044242489695, 0.8123044242489695, 0.8123044242489695, 0.8123044242489695, 0.8123044242489695, 0.8123044242489695, 0.8123044242489695, 0.8123044242489695, 0.8123044242489695, 0.8123044242489695, 0.8123044242489695, 0.8123044242489695, 0.8123044242489695, 0.8123044242489695, 0.8123044242489695, 0.8123044242489695, 0.8123044242489695, 0.8123044242489695, 0.8123044242489695, 0.8123044242489695, 0.8123044242489695, 0.8123044242489695, 0.8123044242489695, 0.8123044242489695, 0.8123044242489695, 0.8123044242489695, 0.8123044242489695, 0.8123044242489695, 0.8123044242489695, 0.8123044242489695, 0.8123044242489695, 0.8123044242489695, 0.8123044242489695, 0.8123044242489695, 0.8123044242489695, 0.8123044242489695, 0.8123044242489695, 0.8681801452136381, 0.8681801452136381, 0.8681801452136381, 0.8681801452136381, 0.8681801452136381, 0.8681801452136381, 0.8681801452136381, 0.8681801452136381, 0.8681801452136381, 0.8681801452136381, 0.8681801452136381, 0.8681801452136381, 0.8681801452136381, 0.8681801452136381, 0.8681801452136381, 0.8681801452136381, 0.8681801452136381, 0.8681801452136381, 0.8681801452136381, 0.8681801452136381, 0.8681801452136381, 0.8681801452136381, 0.8681801452136381, 0.8681801452136381, 0.8681801452136381, 0.8681801452136381, 0.8681801452136381, 0.8681801452136381, 0.8681801452136381, 0.8681801452136381, 0.8681801452136381, 0.8681801452136381, 0.8681801452136381, 0.8681801452136381, 0.8681801452136381, 0.8681801452136381, 0.8681801452136381, 0.8681801452136381, 0.8681801452136381, 0.8681801452136381, 0.8681801452136381, 0.8681801452136381, 0.8681801452136381, 0.8681801452136381, 0.8681801452136381, 0.8681801452136381, 0.8681801452136381, 0.8681801452136381, 0.8681801452136381, 0.8681801452136381, 0.8681801452136381]",False,1071.7541755999555,"{'n_layers': 1, 'learning_rate': 0.0042996430295964005, 'map_reps': 1, 'feature_map': 'angle', 'entanglement': 'linear', 'init_scale': 0.286326303447068}",0.7723577235772358,0.7857142857142857,0.9166666666666666,0.8461538461538461,0.6891025641025641,0.4373370968300497,0.709096459096459,18,21,7,77,ok,2.6199672000366263,1,Loan Approval
4,VQC,quantum,LDA,random,492,122,0.8605333982908353,96,"[0.7632947699232848, 0.8161027166296412, 0.8161027166296412, 0.8161027166296412, 0.8161027166296412, 0.8161027166296412, 0.8346519635522194, 0.853723711706905, 0.853723711706905, 0.853723711706905, 0.853723711706905, 0.853723711706905, 0.853723711706905, 0.853723711706905, 0.853723711706905, 0.853723711706905, 0.853723711706905, 0.853723711706905, 0.853723711706905, 0.853723711706905, 0.853723711706905, 0.853723711706905, 0.853723711706905, 0.853723711706905, 0.853723711706905, 0.853723711706905, 0.853723711706905, 0.853723711706905, 0.853723711706905, 0.853723711706905, 0.853723711706905, 0.853723711706905, 0.853723711706905, 0.853723711706905, 0.853723711706905, 0.853723711706905, 0.853723711706905, 0.853723711706905, 0.853723711706905, 0.853723711706905, 0.853723711706905, 0.853723711706905, 0.853723711706905, 0.853723711706905, 0.853723711706905, 0.853723711706905, 0.853723711706905, 0.853723711706905, 0.853723711706905, 0.853723711706905, 0.853723711706905, 0.853723711706905, 0.853723711706905, 0.8605333982908353, 0.8605333982908353, 0.8605333982908353, 0.8605333982908353, 0.8605333982908353, 0.8605333982908353, 0.8605333982908353, 0.8605333982908353, 0.8605333982908353, 0.8605333982908353, 0.8605333982908353, 0.8605333982908353, 0.8605333982908353, 0.8605333982908353, 0.8605333982908353, 0.8605333982908353, 0.8605333982908353, 0.8605333982908353, 0.8605333982908353, 0.8605333982908353, 0.8605333982908353, 0.8605333982908353, 0.8605333982908353, 0.8605333982908353, 0.8605333982908353, 0.8605333982908353, 0.8605333982908353, 0.8605333982908353, 0.8605333982908353, 0.8605333982908353, 0.8605333982908353, 0.8605333982908353, 0.8605333982908353, 0.8605333982908353, 0.8605333982908353, 0.8605333982908353, 0.8605333982908353, 0.8605333982908353, 0.8605333982908353, 0.8605333982908353, 0.8605333982908353, 0.8605333982908353, 0.8605333982908353]",False,1087.5687451000558,"{'n_layers': 6, 'learning_rate': 0.0013890456653042119, 'map_reps': 2, 'feature_map': 'angle', 'entanglement': 'full', 'init_scale': 0.16242780092112957}",0.7950819672131147,0.797979797979798,0.9404761904761904,0.8633879781420765,0.7070802005012531,0.4903639090920727,0.6845238095238095,18,20,5,79,ok,4.375735500012524,1,Loan Approval
5,VQC,quantum,LDA,random,491,123,0.8468800917863396,96,"[0.7158523620028013, 0.7158523620028013, 0.7988385062112995, 0.8364624585097026, 0.8364624585097026, 0.8364624585097026, 0.8364624585097026, 0.8364624585097026, 0.8364624585097026, 0.8364624585097026, 0.8364624585097026, 0.8364624585097026, 0.8364624585097026, 0.8364624585097026, 0.8364624585097026, 0.8364624585097026, 0.8364624585097026, 0.8364624585097026, 0.8364624585097026, 0.8364624585097026, 0.8364624585097026, 0.8364624585097026, 0.8364624585097026, 0.8364624585097026, 0.8364624585097026, 0.8364624585097026, 0.8364624585097026, 0.8364624585097026, 0.8364624585097026, 0.8364624585097026, 0.8364624585097026, 0.8364624585097026, 0.8364624585097026, 0.8364624585097026, 0.8364624585097026, 0.8364624585097026, 0.8364624585097026, 0.8364624585097026, 0.8364624585097026, 0.8364624585097026, 0.8468800917863396, 0.8468800917863396, 0.8468800917863396, 0.8468800917863396, 0.8468800917863396, 0.8468800917863396, 0.8468800917863396, 0.8468800917863396, 0.8468800917863396, 0.8468800917863396, 0.8468800917863396, 0.8468800917863396, 0.8468800917863396, 0.8468800917863396, 0.8468800917863396, 0.8468800917863396, 0.8468800917863396, 0.8468800917863396, 0.8468800917863396, 0.8468800917863396, 0.8468800917863396, 0.8468800917863396, 0.8468800917863396, 0.8468800917863396, 0.8468800917863396, 0.8468800917863396, 0.8468800917863396, 0.8468800917863396, 0.8468800917863396, 0.8468800917863396, 0.8468800917863396, 0.8468800917863396, 0.8468800917863396, 0.8468800917863396, 0.8468800917863396, 0.8468800917863396, 0.8468800917863396, 0.8468800917863396, 0.8468800917863396, 0.8468800917863396, 0.8468800917863396, 0.8468800917863396, 0.8468800917863396, 0.8468800917863396, 0.8468800917863396, 0.8468800917863396, 0.8468800917863396, 0.8468800917863396, 0.8468800917863396, 0.8468800917863396, 0.8468800917863396, 0.8468800917863396, 0.8468800917863396, 0.8468800917863396, 0.8468800917863396, 0.8468800917863396]",False,1049.6645295000053,"{'n_layers': 4, 'learning_rate': 0.0012608206258919502, 'map_reps': 1, 'feature_map': 'zz', 'entanglement': 'circular', 'init_scale': 0.20173264272981795}",0.8130081300813008,0.7980769230769231,0.976470588235294,0.8783068783068783,0.7119195046439628,0.5418869807034077,0.7535603715170278,17,21,2,83,ok,5.027675100020133,1,Loan Approval
6,VQC,quantum,LDA,random,491,123,0.8657378154976696,96,"[0.6698464571013591, 0.796294612146863, 0.796294612146863, 0.8482103454144808, 0.8482103454144808, 0.8482103454144808, 0.8482103454144808, 0.8482103454144808, 0.8577477058666804, 0.8577477058666804, 0.8577477058666804, 0.8577477058666804, 0.8577477058666804, 0.8577477058666804, 0.8577477058666804, 0.8577477058666804, 0.8657378154976696, 0.8657378154976696, 0.8657378154976696, 0.8657378154976696, 0.8657378154976696, 0.8657378154976696, 0.8657378154976696, 0.8657378154976696, 0.8657378154976696, 0.8657378154976696, 0.8657378154976696, 0.8657378154976696, 0.8657378154976696, 0.8657378154976696, 0.8657378154976696, 0.8657378154976696, 0.8657378154976696, 0.8657378154976696, 0.8657378154976696, 0.8657378154976696, 0.8657378154976696, 0.8657378154976696, 0.8657378154976696, 0.8657378154976696, 0.8657378154976696, 0.8657378154976696, 0.8657378154976696, 0.8657378154976696, 0.8657378154976696, 0.8657378154976696, 0.8657378154976696, 0.8657378154976696, 0.8657378154976696, 0.8657378154976696, 0.8657378154976696, 0.8657378154976696, 0.8657378154976696, 0.8657378154976696, 0.8657378154976696, 0.8657378154976696, 0.8657378154976696, 0.8657378154976696, 0.8657378154976696, 0.8657378154976696, 0.8657378154976696, 0.8657378154976696, 0.8657378154976696, 0.8657378154976696, 0.8657378154976696, 0.8657378154976696, 0.8657378154976696, 0.8657378154976696, 0.8657378154976696, 0.8657378154976696, 0.8657378154976696, 0.8657378154976696, 0.8657378154976696, 0.8657378154976696, 0.8657378154976696, 0.8657378154976696, 0.8657378154976696, 0.8657378154976696, 0.8657378154976696, 0.8657378154976696, 0.8657378154976696, 0.8657378154976696, 0.8657378154976696, 0.8657378154976696, 0.8657378154976696, 0.8657378154976696, 0.8657378154976696, 0.8657378154976696, 0.8657378154976696, 0.8657378154976696, 0.8657378154976696, 0.8657378154976696, 0.8657378154976696, 0.8657378154976696, 0.8657378154976696, 0.8657378154976696]",False,1083.6288870999706,"{'n_layers': 6, 'learning_rate': 0.0010546431589474835, 'map_reps': 1, 'feature_map': 'angle', 'entanglement': 'full', 'init_scale': 0.10743111191838779}",0.7804878048780488,0.7959183673469388,0.9176470588235294,0.8524590163934426,0.6956656346749226,0.4493272633335054,0.7424148606811146,18,20,7,78,ok,4.3032938000396825,1,Loan Approval
7,VQC,quantum,LDA,random,491,123,0.8795848282369464,96,"[0.6354993270472544, 0.8237728919341749, 0.8237728919341749, 0.8237728919341749, 0.8330781843430541, 0.8330781843430541, 0.8330781843430541, 0.8330781843430541, 0.8330781843430541, 0.8330781843430541, 0.8330781843430541, 0.8330781843430541, 0.8330781843430541, 0.8795848282369464, 0.8795848282369464, 0.8795848282369464, 0.8795848282369464, 0.8795848282369464, 0.8795848282369464, 0.8795848282369464, 0.8795848282369464, 0.8795848282369464, 0.8795848282369464, 0.8795848282369464, 0.8795848282369464, 0.8795848282369464, 0.8795848282369464, 0.8795848282369464, 0.8795848282369464, 0.8795848282369464, 0.8795848282369464, 0.8795848282369464, 0.8795848282369464, 0.8795848282369464, 0.8795848282369464, 0.8795848282369464, 0.8795848282369464, 0.8795848282369464, 0.8795848282369464, 0.8795848282369464, 0.8795848282369464, 0.8795848282369464, 0.8795848282369464, 0.8795848282369464, 0.8795848282369464, 0.8795848282369464, 0.8795848282369464, 0.8795848282369464, 0.8795848282369464, 0.8795848282369464, 0.8795848282369464, 0.8795848282369464, 0.8795848282369464, 0.8795848282369464, 0.8795848282369464, 0.8795848282369464, 0.8795848282369464, 0.8795848282369464, 0.8795848282369464, 0.8795848282369464, 0.8795848282369464, 0.8795848282369464, 0.8795848282369464, 0.8795848282369464, 0.8795848282369464, 0.8795848282369464, 0.8795848282369464, 0.8795848282369464, 0.8795848282369464, 0.8795848282369464, 0.8795848282369464, 0.8795848282369464, 0.8795848282369464, 0.8795848282369464, 0.8795848282369464, 0.8795848282369464, 0.8795848282369464, 0.8795848282369464, 0.8795848282369464, 0.8795848282369464, 0.8795848282369464, 0.8795848282369464, 0.8795848282369464, 0.8795848282369464, 0.8795848282369464, 0.8795848282369464, 0.8795848282369464, 0.8795848282369464, 0.8795848282369464, 0.8795848282369464, 0.8795848282369464, 0.8795848282369464, 0.8795848282369464, 0.8795848282369464, 0.8795848282369464, 0.8795848282369464]",False,1068.9311890000245,"{'n_layers': 2, 'learning_rate': 0.428675284585412, 'map_reps': 1, 'feature_map': 'angle', 'entanglement': 'full', 'init_scale': 0.2596333724801182}",0.7073170731707317,0.7448979591836735,0.8690476190476191,0.8021978021978022,0.614010989010989,0.263672971212306,0.6971916971916973,14,25,11,73,ok,3.027425999986008,1,Loan Approval
8,VQC,quantum,LDA,random,491,123,0.8601860592856808,96,"[0.6067917267917268, 0.6645741526010921, 0.8201270818404881, 0.8201270818404881, 0.8201270818404881, 0.8201270818404881, 0.8201270818404881, 0.8201270818404881, 0.8201270818404881, 0.8201270818404881, 0.8201270818404881, 0.8201270818404881, 0.8201270818404881, 0.8201270818404881, 0.8201270818404881, 0.8201270818404881, 0.8201270818404881, 0.8201270818404881, 0.8201270818404881, 0.8201270818404881, 0.8201270818404881, 0.8201270818404881, 0.8201270818404881, 0.8201270818404881, 0.8201270818404881, 0.8201270818404881, 0.8201270818404881, 0.8201270818404881, 0.8201270818404881, 0.8201270818404881, 0.8201270818404881, 0.8201270818404881, 0.8201270818404881, 0.8201270818404881, 0.8201270818404881, 0.8201270818404881, 0.8201270818404881, 0.8201270818404881, 0.8201270818404881, 0.8201270818404881, 0.8201270818404881, 0.8201270818404881, 0.8201270818404881, 0.8201270818404881, 0.8601860592856808, 0.8601860592856808, 0.8601860592856808, 0.8601860592856808, 0.8601860592856808, 0.8601860592856808, 0.8601860592856808, 0.8601860592856808, 0.8601860592856808, 0.8601860592856808, 0.8601860592856808, 0.8601860592856808, 0.8601860592856808, 0.8601860592856808, 0.8601860592856808, 0.8601860592856808, 0.8601860592856808, 0.8601860592856808, 0.8601860592856808, 0.8601860592856808, 0.8601860592856808, 0.8601860592856808, 0.8601860592856808, 0.8601860592856808, 0.8601860592856808, 0.8601860592856808, 0.8601860592856808, 0.8601860592856808, 0.8601860592856808, 0.8601860592856808, 0.8601860592856808, 0.8601860592856808, 0.8601860592856808, 0.8601860592856808, 0.8601860592856808, 0.8601860592856808, 0.8601860592856808, 0.8601860592856808, 0.8601860592856808, 0.8601860592856808, 0.8601860592856808, 0.8601860592856808, 0.8601860592856808, 0.8601860592856808, 0.8601860592856808, 0.8601860592856808, 0.8601860592856808, 0.8601860592856808, 0.8601860592856808, 0.8601860592856808, 0.8601860592856808, 0.8601860592856808]",False,1066.9704417000175,"{'n_layers': 5, 'learning_rate': 0.001003589589134944, 'map_reps': 1, 'feature_map': 'angle', 'entanglement': 'full', 'init_scale': 0.02555974775593331}",0.8455284552845529,0.8282828282828283,0.9761904761904762,0.8961748633879781,0.7701465201465201,0.6344218056553759,0.8064713064713065,22,17,2,82,ok,6.0173322999617085,1,Loan Approval
9,VQC,quantum,LDA,random,492,122,0.8584696500453811,96,"[0.8110248822518797, 0.8110248822518797, 0.8110248822518797, 0.8162080319120993, 0.8162080319120993, 0.8162080319120993, 0.8162080319120993, 0.8162080319120993, 0.8162080319120993, 0.8162080319120993, 0.8162080319120993, 0.8185542374872918, 0.8185542374872918, 0.8185542374872918, 0.8185542374872918, 0.8185542374872918, 0.8185542374872918, 0.8185542374872918, 0.8185542374872918, 0.8185542374872918, 0.8185542374872918, 0.8185542374872918, 0.8185542374872918, 0.8185542374872918, 0.8249119503434809, 0.8338420404641806, 0.8338420404641806, 0.8338420404641806, 0.8338420404641806, 0.8338420404641806, 0.8338420404641806, 0.8338420404641806, 0.8338420404641806, 0.8338420404641806, 0.8338420404641806, 0.8338420404641806, 0.8338420404641806, 0.8338420404641806, 0.8338420404641806, 0.8338420404641806, 0.8338420404641806, 0.8338420404641806, 0.8338420404641806, 0.8338420404641806, 0.8338420404641806, 0.8338420404641806, 0.8338420404641806, 0.8338420404641806, 0.8338420404641806, 0.8338420404641806, 0.8338420404641806, 0.8338420404641806, 0.8338420404641806, 0.8338420404641806, 0.8338420404641806, 0.8338420404641806, 0.8338420404641806, 0.8338420404641806, 0.8338420404641806, 0.8338420404641806, 0.8338420404641806, 0.8338420404641806, 0.8338420404641806, 0.8576032446228464, 0.8576032446228464, 0.8576032446228464, 0.8576032446228464, 0.8576032446228464, 0.8576032446228464, 0.8576032446228464, 0.8576032446228464, 0.8576032446228464, 0.8576032446228464, 0.8576032446228464, 0.8576032446228464, 0.8576032446228464, 0.8576032446228464, 0.8576032446228464, 0.8584696500453811, 0.8584696500453811, 0.8584696500453811, 0.8584696500453811, 0.8584696500453811, 0.8584696500453811, 0.8584696500453811, 0.8584696500453811, 0.8584696500453811, 0.8584696500453811, 0.8584696500453811, 0.8584696500453811, 0.8584696500453811, 0.8584696500453811, 0.8584696500453811, 0.8584696500453811, 0.8584696500453811, 0.8584696500453811]",False,1086.9964779000147,"{'n_layers': 2, 'learning_rate': 0.002372909218575459, 'map_reps': 1, 'feature_map': 'angle', 'entanglement': 'linear', 'init_scale': 0.33903406890533777}",0.8032786885245902,0.7941176470588235,0.9642857142857144,0.8709677419354839,0.7058270676691729,0.5149307653036181,0.7700501253132832,17,21,3,81,ok,2.1488342999946326,1,Loan Approval
10,VQC,quantum,LDA,random,491,123,0.8569407444034688,96,"[0.7740049566342767, 0.8000362629622656, 0.8000362629622656, 0.8000362629622656, 0.8089610321748385, 0.8089610321748385, 0.8089610321748385, 0.8089610321748385, 0.8089610321748385, 0.8206131334209239, 0.8206131334209239, 0.8206131334209239, 0.8206131334209239, 0.8206131334209239, 0.8206131334209239, 0.853731104909316, 0.853731104909316, 0.853731104909316, 0.853731104909316, 0.853731104909316, 0.853731104909316, 0.853731104909316, 0.853731104909316, 0.853731104909316, 0.853731104909316, 0.853731104909316, 0.853731104909316, 0.853731104909316, 0.853731104909316, 0.853731104909316, 0.853731104909316, 0.853731104909316, 0.853731104909316, 0.853731104909316, 0.853731104909316, 0.853731104909316, 0.853731104909316, 0.853731104909316, 0.853731104909316, 0.853731104909316, 0.853731104909316, 0.853731104909316, 0.853731104909316, 0.853731104909316, 0.853731104909316, 0.853731104909316, 0.853731104909316, 0.853731104909316, 0.853731104909316, 0.853731104909316, 0.853731104909316, 0.853731104909316, 0.853731104909316, 0.853731104909316, 0.853731104909316, 0.853731104909316, 0.853731104909316, 0.853731104909316, 0.853731104909316, 0.853731104909316, 0.853731104909316, 0.853731104909316, 0.853731104909316, 0.853731104909316, 0.853731104909316, 0.853731104909316, 0.853731104909316, 0.853731104909316, 0.853731104909316, 0.853731104909316, 0.853731104909316, 0.853731104909316, 0.853731104909316, 0.853731104909316, 0.853731104909316, 0.853731104909316, 0.8569407444034688, 0.8569407444034688, 0.8569407444034688, 0.8569407444034688, 0.8569407444034688, 0.8569407444034688, 0.8569407444034688, 0.8569407444034688, 0.8569407444034688, 0.8569407444034688, 0.8569407444034688, 0.8569407444034688, 0.8569407444034688, 0.8569407444034688, 0.8569407444034688, 0.8569407444034688, 0.8569407444034688, 0.8569407444034688, 0.8569407444034688, 0.8569407444034688]",False,1097.3651699000038,"{'n_layers': 2, 'learning_rate': 0.0024988517514326365, 'map_reps': 2, 'feature_map': 'angle', 'entanglement': 'full', 'init_scale': 0.483937260698839}",0.6422764227642277,0.7530864197530864,0.7176470588235294,0.7349397590361446,0.5956656346749226,0.1864318285789502,0.6436532507739938,18,20,24,61,ok,1.9548714999691583,1,Loan Approval
11,VQC,quantum,LDA,random,491,123,0.8726719160104986,96,"[0.6960203605118146, 0.8141470180305131, 0.8141470180305131, 0.8141470180305131, 0.8141470180305131, 0.8141470180305131, 0.8141470180305131, 0.8141470180305131, 0.8141470180305131, 0.8141470180305131, 0.8233193410065448, 0.8233193410065448, 0.8233193410065448, 0.8233193410065448, 0.8233193410065448, 0.8233193410065448, 0.8233193410065448, 0.8233193410065448, 0.8726719160104986, 0.8726719160104986, 0.8726719160104986, 0.8726719160104986, 0.8726719160104986, 0.8726719160104986, 0.8726719160104986, 0.8726719160104986, 0.8726719160104986, 0.8726719160104986, 0.8726719160104986, 0.8726719160104986, 0.8726719160104986, 0.8726719160104986, 0.8726719160104986, 0.8726719160104986, 0.8726719160104986, 0.8726719160104986, 0.8726719160104986, 0.8726719160104986, 0.8726719160104986, 0.8726719160104986, 0.8726719160104986, 0.8726719160104986, 0.8726719160104986, 0.8726719160104986, 0.8726719160104986, 0.8726719160104986, 0.8726719160104986, 0.8726719160104986, 0.8726719160104986, 0.8726719160104986, 0.8726719160104986, 0.8726719160104986, 0.8726719160104986, 0.8726719160104986, 0.8726719160104986, 0.8726719160104986, 0.8726719160104986, 0.8726719160104986, 0.8726719160104986, 0.8726719160104986, 0.8726719160104986, 0.8726719160104986, 0.8726719160104986, 0.8726719160104986, 0.8726719160104986, 0.8726719160104986, 0.8726719160104986, 0.8726719160104986, 0.8726719160104986, 0.8726719160104986, 0.8726719160104986, 0.8726719160104986, 0.8726719160104986, 0.8726719160104986, 0.8726719160104986, 0.8726719160104986, 0.8726719160104986, 0.8726719160104986, 0.8726719160104986, 0.8726719160104986, 0.8726719160104986, 0.8726719160104986, 0.8726719160104986, 0.8726719160104986, 0.8726719160104986, 0.8726719160104986, 0.8726719160104986, 0.8726719160104986, 0.8726719160104986, 0.8726719160104986, 0.8726719160104986, 0.8726719160104986, 0.8726719160104986, 0.8726719160104986, 0.8726719160104986, 0.8726719160104986]",False,1057.3315317999804,"{'n_layers': 1, 'learning_rate': 0.00557607321013571, 'map_reps': 1, 'feature_map': 'angle', 'entanglement': 'full', 'init_scale': 0.02206403008741309}",0.8130081300813008,0.81,0.9529411764705882,0.8756756756756757,0.7264705882352941,0.5367587674407865,0.8024767801857585,19,19,4,81,ok,2.5773011000128463,1,Loan Approval
12,VQC,quantum,LDA,random,491,123,0.8646420089448211,96,"[0.7323997256697861, 0.7323997256697861, 0.7323997256697861, 0.7872871626761829, 0.7872871626761829, 0.7872871626761829, 0.7872871626761829, 0.8110603131834133, 0.8110603131834133, 0.8110603131834133, 0.8323788608194219, 0.8323788608194219, 0.8323788608194219, 0.8323788608194219, 0.8323788608194219, 0.8323788608194219, 0.8361257052479623, 0.8361257052479623, 0.8361257052479623, 0.8361257052479623, 0.8361257052479623, 0.8361257052479623, 0.8361257052479623, 0.8361257052479623, 0.8361257052479623, 0.8361257052479623, 0.8361257052479623, 0.8361257052479623, 0.8361257052479623, 0.8361257052479623, 0.8361257052479623, 0.8361257052479623, 0.8361257052479623, 0.8361257052479623, 0.8361257052479623, 0.8376163104888233, 0.8376163104888233, 0.8376163104888233, 0.8376163104888233, 0.8376163104888233, 0.8376163104888233, 0.8376163104888233, 0.8376163104888233, 0.8376163104888233, 0.8376163104888233, 0.8511401970877296, 0.8646420089448211, 0.8646420089448211, 0.8646420089448211, 0.8646420089448211, 0.8646420089448211, 0.8646420089448211, 0.8646420089448211, 0.8646420089448211, 0.8646420089448211, 0.8646420089448211, 0.8646420089448211, 0.8646420089448211, 0.8646420089448211, 0.8646420089448211, 0.8646420089448211, 0.8646420089448211, 0.8646420089448211, 0.8646420089448211, 0.8646420089448211, 0.8646420089448211, 0.8646420089448211, 0.8646420089448211, 0.8646420089448211, 0.8646420089448211, 0.8646420089448211, 0.8646420089448211, 0.8646420089448211, 0.8646420089448211, 0.8646420089448211, 0.8646420089448211, 0.8646420089448211, 0.8646420089448211, 0.8646420089448211, 0.8646420089448211, 0.8646420089448211, 0.8646420089448211, 0.8646420089448211, 0.8646420089448211, 0.8646420089448211, 0.8646420089448211, 0.8646420089448211, 0.8646420089448211, 0.8646420089448211, 0.8646420089448211, 0.8646420089448211, 0.8646420089448211, 0.8646420089448211, 0.8646420089448211, 0.8646420089448211, 0.8646420089448211]",False,1075.9169209000538,"{'n_layers': 4, 'learning_rate': 0.0015869831522831183, 'map_reps': 1, 'feature_map': 'angle', 'entanglement': 'linear', 'init_scale': 0.19619850874680805}",0.7886178861788617,0.79,0.9404761904761904,0.8586956521739131,0.701007326007326,0.4797885841943016,0.7371794871794871,18,21,5,79,ok,3.713688900053967,1,Loan Approval
13,VQC,quantum,LDA,random,491,123,0.8629839573647037,96,"[0.8125455361294422, 0.8125455361294422, 0.8125455361294422, 0.8125455361294422, 0.8125455361294422, 0.8439687267311987, 0.8439687267311987, 0.8451208743606404, 0.8451208743606404, 0.8451208743606404, 0.8451208743606404, 0.8451208743606404, 0.8451208743606404, 0.8451208743606404, 0.8451208743606404, 0.8451208743606404, 0.8451208743606404, 0.8451208743606404, 0.8451208743606404, 0.8451208743606404, 0.8451208743606404, 0.8451208743606404, 0.8451208743606404, 0.8451208743606404, 0.8451208743606404, 0.8451208743606404, 0.8451208743606404, 0.8451208743606404, 0.8451208743606404, 0.8451208743606404, 0.8451208743606404, 0.8451208743606404, 0.8451208743606404, 0.8451208743606404, 0.8451208743606404, 0.8451208743606404, 0.8451208743606404, 0.8451208743606404, 0.8451208743606404, 0.8451208743606404, 0.8451208743606404, 0.8451208743606404, 0.850119516992582, 0.850119516992582, 0.850119516992582, 0.850119516992582, 0.850119516992582, 0.850119516992582, 0.850119516992582, 0.850119516992582, 0.850119516992582, 0.850119516992582, 0.850119516992582, 0.850119516992582, 0.850119516992582, 0.850119516992582, 0.850119516992582, 0.850119516992582, 0.850119516992582, 0.850119516992582, 0.850119516992582, 0.850119516992582, 0.850119516992582, 0.850119516992582, 0.850119516992582, 0.850119516992582, 0.850119516992582, 0.850119516992582, 0.850119516992582, 0.850119516992582, 0.850119516992582, 0.850119516992582, 0.850119516992582, 0.850119516992582, 0.850119516992582, 0.850119516992582, 0.850119516992582, 0.850119516992582, 0.850119516992582, 0.850119516992582, 0.8629839573647037, 0.8629839573647037, 0.8629839573647037, 0.8629839573647037, 0.8629839573647037, 0.8629839573647037, 0.8629839573647037, 0.8629839573647037, 0.8629839573647037, 0.8629839573647037, 0.8629839573647037, 0.8629839573647037, 0.8629839573647037, 0.8629839573647037, 0.8629839573647037, 0.8629839573647037]",False,1098.7485719000106,"{'n_layers': 4, 'learning_rate': 0.0030794811892295567, 'map_reps': 2, 'feature_map': 'angle', 'entanglement': 'linear', 'init_scale': 0.13010586337647914}",0.7479674796747967,0.7789473684210526,0.8809523809523809,0.8268156424581006,0.6712454212454213,0.380084441189201,0.7414529914529915,18,21,10,74,ok,3.0306721000233665,1,Loan Approval
14,VQC,quantum,LDA,random,492,122,0.8640243973298404,96,"[0.8111715150827946, 0.8111715150827946, 0.8111715150827946, 0.8111715150827946, 0.8111715150827946, 0.8371162357112992, 0.8371162357112992, 0.8453126174973947, 0.8453126174973947, 0.8453126174973947, 0.8453126174973947, 0.8453126174973947, 0.8453126174973947, 0.8453126174973947, 0.8453126174973947, 0.8453126174973947, 0.8453126174973947, 0.8453126174973947, 0.8453126174973947, 0.8453126174973947, 0.8453126174973947, 0.8453126174973947, 0.8453126174973947, 0.8640243973298404, 0.8640243973298404, 0.8640243973298404, 0.8640243973298404, 0.8640243973298404, 0.8640243973298404, 0.8640243973298404, 0.8640243973298404, 0.8640243973298404, 0.8640243973298404, 0.8640243973298404, 0.8640243973298404, 0.8640243973298404, 0.8640243973298404, 0.8640243973298404, 0.8640243973298404, 0.8640243973298404, 0.8640243973298404, 0.8640243973298404, 0.8640243973298404, 0.8640243973298404, 0.8640243973298404, 0.8640243973298404, 0.8640243973298404, 0.8640243973298404, 0.8640243973298404, 0.8640243973298404, 0.8640243973298404, 0.8640243973298404, 0.8640243973298404, 0.8640243973298404, 0.8640243973298404, 0.8640243973298404, 0.8640243973298404, 0.8640243973298404, 0.8640243973298404, 0.8640243973298404, 0.8640243973298404, 0.8640243973298404, 0.8640243973298404, 0.8640243973298404, 0.8640243973298404, 0.8640243973298404, 0.8640243973298404, 0.8640243973298404, 0.8640243973298404, 0.8640243973298404, 0.8640243973298404, 0.8640243973298404, 0.8640243973298404, 0.8640243973298404, 0.8640243973298404, 0.8640243973298404, 0.8640243973298404, 0.8640243973298404, 0.8640243973298404, 0.8640243973298404, 0.8640243973298404, 0.8640243973298404, 0.8640243973298404, 0.8640243973298404, 0.8640243973298404, 0.8640243973298404, 0.8640243973298404, 0.8640243973298404, 0.8640243973298404, 0.8640243973298404, 0.8640243973298404, 0.8640243973298404, 0.8640243973298404, 0.8640243973298404, 0.8640243973298404, 0.8640243973298404]",False,1077.164335999987,"{'n_layers': 2, 'learning_rate': 0.0024945490212176925, 'map_reps': 1, 'feature_map': 'angle', 'entanglement': 'circular', 'init_scale': 0.07736849999739515}",0.8442622950819673,0.8217821782178217,0.988095238095238,0.8972972972972973,0.7572055137844611,0.631061052131479,0.7575187969924813,20,18,1,83,ok,2.3878154999692924,1,Loan Approval
0,QSVC,quantum,LDA,random,491,123,0.858678980429139,96,"[0.8397631539842028, 0.8397631539842028, 0.8397631539842028, 0.8397631539842028, 0.8397631539842028, 0.849330263396216, 0.849330263396216, 0.849330263396216, 0.849330263396216, 0.849330263396216, 0.849330263396216, 0.849330263396216, 0.849330263396216, 0.849330263396216, 0.849330263396216, 0.849330263396216, 0.849330263396216, 0.854457794610596, 0.854457794610596, 0.854457794610596, 0.854457794610596, 0.854457794610596, 0.854457794610596, 0.854457794610596, 0.854457794610596, 0.854457794610596, 0.854457794610596, 0.854457794610596, 0.854457794610596, 0.854457794610596, 0.854457794610596, 0.854457794610596, 0.854457794610596, 0.854457794610596, 0.854457794610596, 0.854457794610596, 0.854457794610596, 0.854457794610596, 0.854457794610596, 0.854457794610596, 0.854457794610596, 0.854457794610596, 0.854457794610596, 0.854457794610596, 0.854457794610596, 0.854457794610596, 0.854457794610596, 0.854457794610596, 0.854457794610596, 0.854457794610596, 0.854457794610596, 0.854457794610596, 0.854457794610596, 0.854457794610596, 0.854457794610596, 0.8571459666536067, 0.8571459666536067, 0.8571459666536067, 0.8571459666536067, 0.8571459666536067, 0.8571459666536067, 0.8571459666536067, 0.8571459666536067, 0.8571459666536067, 0.8571459666536067, 0.8571459666536067, 0.8571459666536067, 0.8586356221105745, 0.858678980429139, 0.858678980429139, 0.858678980429139, 0.858678980429139, 0.858678980429139, 0.858678980429139, 0.858678980429139, 0.858678980429139, 0.858678980429139, 0.858678980429139, 0.858678980429139, 0.858678980429139, 0.858678980429139, 0.858678980429139, 0.858678980429139, 0.858678980429139, 0.858678980429139, 0.858678980429139, 0.858678980429139, 0.858678980429139, 0.858678980429139, 0.858678980429139, 0.858678980429139, 0.858678980429139, 0.858678980429139, 0.858678980429139, 0.858678980429139, 0.858678980429139]",False,239.98200590000488,"{'C': 0.03749955317234623, 'map_reps': 2, 'scale': 0.28973957337055367, 'entanglement': 'circular'}",0.8536585365853658,0.8383838383838383,0.976470588235294,0.9021739130434784,0.7777089783281734,0.6475867576529759,0.5,22,16,2,83,ok,1.1544769000029191,1,Loan Approval
1,QSVC,quantum,LDA,random,491,123,0.8757306731080926,96,"[0.690540547692556, 0.7528972090244085, 0.7528972090244085, 0.8734873837981407, 0.8734873837981407, 0.8734873837981407, 0.8734873837981407, 0.8734873837981407, 0.8734873837981407, 0.8734873837981407, 0.8734873837981407, 0.8734873837981407, 0.8734873837981407, 0.8734873837981407, 0.8734873837981407, 0.8734873837981407, 0.8734873837981407, 0.8734873837981407, 0.8734873837981407, 0.8734873837981407, 0.8734873837981407, 0.8734873837981407, 0.8734873837981407, 0.8734873837981407, 0.8734873837981407, 0.8734873837981407, 0.8734873837981407, 0.8734873837981407, 0.8734873837981407, 0.8734873837981407, 0.8734873837981407, 0.8734873837981407, 0.8734873837981407, 0.8734873837981407, 0.8734873837981407, 0.8734873837981407, 0.8734873837981407, 0.8757306731080926, 0.8757306731080926, 0.8757306731080926, 0.8757306731080926, 0.8757306731080926, 0.8757306731080926, 0.8757306731080926, 0.8757306731080926, 0.8757306731080926, 0.8757306731080926, 0.8757306731080926, 0.8757306731080926, 0.8757306731080926, 0.8757306731080926, 0.8757306731080926, 0.8757306731080926, 0.8757306731080926, 0.8757306731080926, 0.8757306731080926, 0.8757306731080926, 0.8757306731080926, 0.8757306731080926, 0.8757306731080926, 0.8757306731080926, 0.8757306731080926, 0.8757306731080926, 0.8757306731080926, 0.8757306731080926, 0.8757306731080926, 0.8757306731080926, 0.8757306731080926, 0.8757306731080926, 0.8757306731080926, 0.8757306731080926, 0.8757306731080926, 0.8757306731080926, 0.8757306731080926, 0.8757306731080926, 0.8757306731080926, 0.8757306731080926, 0.8757306731080926, 0.8757306731080926, 0.8757306731080926, 0.8757306731080926, 0.8757306731080926, 0.8757306731080926, 0.8757306731080926, 0.8757306731080926, 0.8757306731080926, 0.8757306731080926, 0.8757306731080926, 0.8757306731080926, 0.8757306731080926, 0.8757306731080926, 0.8757306731080926, 0.8757306731080926, 0.8757306731080926, 0.8757306731080926, 0.8757306731080926]",False,242.58682069997303,"{'C': 0.037349152640088625, 'map_reps': 1, 'scale': 0.32643160602089816, 'entanglement': 'full'}",0.8048780487804879,0.8080808080808081,0.9411764705882352,0.8695652173913043,0.7205882352941176,0.5143874747243538,0.7696594427244582,19,19,5,80,ok,0.7802535000373609,1,Loan Approval
2,QSVC,quantum,LDA,random,491,123,0.8640303641876418,96,"[0.8529377830324935, 0.855722891566265, 0.855722891566265, 0.855722891566265, 0.855722891566265, 0.855722891566265, 0.855722891566265, 0.855722891566265, 0.855722891566265, 0.855722891566265, 0.855722891566265, 0.855722891566265, 0.855722891566265, 0.855722891566265, 0.855722891566265, 0.855722891566265, 0.855722891566265, 0.855722891566265, 0.855722891566265, 0.855722891566265, 0.855722891566265, 0.855722891566265, 0.855722891566265, 0.855722891566265, 0.855722891566265, 0.855722891566265, 0.855722891566265, 0.855722891566265, 0.855722891566265, 0.855722891566265, 0.855722891566265, 0.855722891566265, 0.855722891566265, 0.855722891566265, 0.855722891566265, 0.855722891566265, 0.855722891566265, 0.855722891566265, 0.855722891566265, 0.855722891566265, 0.855722891566265, 0.8590122041514862, 0.8590122041514862, 0.8590122041514862, 0.8590122041514862, 0.8609318025211491, 0.8639609392143953, 0.8639609392143953, 0.8639609392143953, 0.8639609392143953, 0.8639609392143953, 0.8639609392143953, 0.8639609392143953, 0.8639609392143953, 0.8639609392143953, 0.8639609392143953, 0.8639609392143953, 0.8639609392143953, 0.8639609392143953, 0.8639609392143953, 0.8639609392143953, 0.8639609392143953, 0.8639609392143953, 0.8639609392143953, 0.8639609392143953, 0.8639609392143953, 0.8639609392143953, 0.8639609392143953, 0.8639609392143953, 0.8639609392143953, 0.8639609392143953, 0.8639609392143953, 0.8639609392143953, 0.8639609392143953, 0.8639609392143953, 0.8639609392143953, 0.8639609392143953, 0.8639609392143953, 0.8640303641876418, 0.8640303641876418, 0.8640303641876418, 0.8640303641876418, 0.8640303641876418, 0.8640303641876418, 0.8640303641876418, 0.8640303641876418, 0.8640303641876418, 0.8640303641876418, 0.8640303641876418, 0.8640303641876418, 0.8640303641876418, 0.8640303641876418, 0.8640303641876418, 0.8640303641876418, 0.8640303641876418, 0.8640303641876418]",False,244.8919411000097,"{'C': 0.02768364694392783, 'map_reps': 1, 'scale': 0.7455053504013869, 'entanglement': 'linear'}",0.8048780487804879,0.7830188679245284,0.988095238095238,0.8736842105263158,0.6991758241758241,0.5371074443955691,0.7435897435897436,16,23,1,83,ok,0.6022497999947518,1,Loan Approval
3,QSVC,quantum,LDA,random,491,123,0.8768130081300813,96,"[0.770349273312564, 0.770349273312564, 0.8740908635025965, 0.8740908635025965, 0.8740908635025965, 0.8740908635025965, 0.8740908635025965, 0.8740908635025965, 0.8740908635025965, 0.8740908635025965, 0.8753197278911564, 0.8753197278911564, 0.8753197278911564, 0.8753197278911564, 0.8753197278911564, 0.8765464480874318, 0.8765464480874318, 0.8765464480874318, 0.8765464480874318, 0.8765464480874318, 0.8765464480874318, 0.8765464480874318, 0.8765464480874318, 0.8765464480874318, 0.8765464480874318, 0.8765464480874318, 0.8768130081300813, 0.8768130081300813, 0.8768130081300813, 0.8768130081300813, 0.8768130081300813, 0.8768130081300813, 0.8768130081300813, 0.8768130081300813, 0.8768130081300813, 0.8768130081300813, 0.8768130081300813, 0.8768130081300813, 0.8768130081300813, 0.8768130081300813, 0.8768130081300813, 0.8768130081300813, 0.8768130081300813, 0.8768130081300813, 0.8768130081300813, 0.8768130081300813, 0.8768130081300813, 0.8768130081300813, 0.8768130081300813, 0.8768130081300813, 0.8768130081300813, 0.8768130081300813, 0.8768130081300813, 0.8768130081300813, 0.8768130081300813, 0.8768130081300813, 0.8768130081300813, 0.8768130081300813, 0.8768130081300813, 0.8768130081300813, 0.8768130081300813, 0.8768130081300813, 0.8768130081300813, 0.8768130081300813, 0.8768130081300813, 0.8768130081300813, 0.8768130081300813, 0.8768130081300813, 0.8768130081300813, 0.8768130081300813, 0.8768130081300813, 0.8768130081300813, 0.8768130081300813, 0.8768130081300813, 0.8768130081300813, 0.8768130081300813, 0.8768130081300813, 0.8768130081300813, 0.8768130081300813, 0.8768130081300813, 0.8768130081300813, 0.8768130081300813, 0.8768130081300813, 0.8768130081300813, 0.8768130081300813, 0.8768130081300813, 0.8768130081300813, 0.8768130081300813, 0.8768130081300813, 0.8768130081300813, 0.8768130081300813, 0.8768130081300813, 0.8768130081300813, 0.8768130081300813, 0.8768130081300813, 0.8768130081300813]",False,244.84341809997568,"{'C': 0.01957394892458657, 'map_reps': 3, 'scale': 0.40234758761269496, 'entanglement': 'linear'}",0.8048780487804879,0.7941176470588235,0.9642857142857144,0.8709677419354839,0.7129120879120879,0.5266141542424756,0.7322954822954824,18,21,3,81,ok,1.105520599987358,1,Loan Approval
4,QSVC,quantum,LDA,random,492,122,0.8795386904761905,96,"[0.6643818742908733, 0.6713588114944004, 0.6812698412698412, 0.6812698412698412, 0.8585893116379782, 0.8585893116379782, 0.8585893116379782, 0.8585893116379782, 0.8585893116379782, 0.8585893116379782, 0.8585893116379782, 0.8585893116379782, 0.8585893116379782, 0.8585893116379782, 0.8585893116379782, 0.8681557049488332, 0.8681557049488332, 0.8681557049488332, 0.8681557049488332, 0.8681557049488332, 0.8681557049488332, 0.8681557049488332, 0.8681557049488332, 0.8681557049488332, 0.8681557049488332, 0.8681557049488332, 0.8681557049488332, 0.8681557049488332, 0.8681557049488332, 0.8681557049488332, 0.8681557049488332, 0.8681557049488332, 0.8681557049488332, 0.8681557049488332, 0.8681557049488332, 0.8681557049488332, 0.8681557049488332, 0.8681557049488332, 0.8681557049488332, 0.8681557049488332, 0.8681557049488332, 0.8681557049488332, 0.8681557049488332, 0.8681557049488332, 0.8681557049488332, 0.8681557049488332, 0.8681557049488332, 0.8681557049488332, 0.8681557049488332, 0.8681557049488332, 0.8681557049488332, 0.8681557049488332, 0.8681557049488332, 0.8681557049488332, 0.8681557049488332, 0.8681557049488332, 0.8681557049488332, 0.8681557049488332, 0.8681557049488332, 0.8681557049488332, 0.8681557049488332, 0.8681557049488332, 0.8681557049488332, 0.8681557049488332, 0.8681557049488332, 0.8681557049488332, 0.8681557049488332, 0.8681557049488332, 0.8681557049488332, 0.8681557049488332, 0.8681557049488332, 0.8681557049488332, 0.8681557049488332, 0.8681557049488332, 0.8681557049488332, 0.8681557049488332, 0.8681557049488332, 0.8681557049488332, 0.8681557049488332, 0.8681557049488332, 0.8795386904761905, 0.8795386904761905, 0.8795386904761905, 0.8795386904761905, 0.8795386904761905, 0.8795386904761905, 0.8795386904761905, 0.8795386904761905, 0.8795386904761905, 0.8795386904761905, 0.8795386904761905, 0.8795386904761905, 0.8795386904761905, 0.8795386904761905, 0.8795386904761905, 0.8795386904761905]",False,239.09575779997976,"{'C': 0.016253031847661963, 'map_reps': 1, 'scale': 0.28048747984695666, 'entanglement': 'circular'}",0.7786885245901639,0.7614678899082569,0.988095238095238,0.8601036269430051,0.6519423558897244,0.4560950593835873,0.6870300751879699,12,26,1,83,ok,0.9630166999995708,1,Loan Approval
5,QSVC,quantum,LDA,random,491,123,0.8745870661561529,96,"[0.8653732399156521, 0.8668924962237529, 0.8668924962237529, 0.8668924962237529, 0.8668924962237529, 0.8668924962237529, 0.8668924962237529, 0.8668924962237529, 0.8668924962237529, 0.8668924962237529, 0.8668924962237529, 0.8668924962237529, 0.8668924962237529, 0.8668924962237529, 0.8668924962237529, 0.8668924962237529, 0.8668924962237529, 0.8668924962237529, 0.8668924962237529, 0.8668924962237529, 0.8668924962237529, 0.8668924962237529, 0.8668924962237529, 0.8668924962237529, 0.8668924962237529, 0.8668924962237529, 0.8668924962237529, 0.8668924962237529, 0.8668924962237529, 0.8668924962237529, 0.8668924962237529, 0.8668924962237529, 0.8668924962237529, 0.8668924962237529, 0.8668924962237529, 0.8668924962237529, 0.8668924962237529, 0.8669392584563971, 0.8669392584563971, 0.8669519890260631, 0.8669519890260631, 0.8669519890260631, 0.8669519890260631, 0.8669519890260631, 0.8669519890260631, 0.8704762752966339, 0.8745870661561529, 0.8745870661561529, 0.8745870661561529, 0.8745870661561529, 0.8745870661561529, 0.8745870661561529, 0.8745870661561529, 0.8745870661561529, 0.8745870661561529, 0.8745870661561529, 0.8745870661561529, 0.8745870661561529, 0.8745870661561529, 0.8745870661561529, 0.8745870661561529, 0.8745870661561529, 0.8745870661561529, 0.8745870661561529, 0.8745870661561529, 0.8745870661561529, 0.8745870661561529, 0.8745870661561529, 0.8745870661561529, 0.8745870661561529, 0.8745870661561529, 0.8745870661561529, 0.8745870661561529, 0.8745870661561529, 0.8745870661561529, 0.8745870661561529, 0.8745870661561529, 0.8745870661561529, 0.8745870661561529, 0.8745870661561529, 0.8745870661561529, 0.8745870661561529, 0.8745870661561529, 0.8745870661561529, 0.8745870661561529, 0.8745870661561529, 0.8745870661561529, 0.8745870661561529, 0.8745870661561529, 0.8745870661561529, 0.8745870661561529, 0.8745870661561529, 0.8745870661561529, 0.8745870661561529, 0.8745870661561529, 0.8745870661561529]",False,246.62168370001015,"{'C': 0.014375300337858296, 'map_reps': 1, 'scale': 0.2542646509862949, 'entanglement': 'circular'}",0.7723577235772358,0.7766990291262136,0.9411764705882352,0.851063829787234,0.6679566563467492,0.4206247920251917,0.5,15,23,5,80,ok,0.5388814000179991,1,Loan Approval
6,QSVC,quantum,LDA,random,491,123,0.8820353615943043,96,"[0.6217098381749041, 0.6217098381749041, 0.6217098381749041, 0.6217098381749041, 0.7630434782608696, 0.7630434782608696, 0.8001128245991742, 0.8001128245991742, 0.8001128245991742, 0.8001128245991742, 0.8001128245991742, 0.8001128245991742, 0.8001128245991742, 0.8693440230846163, 0.8693440230846163, 0.8693440230846163, 0.8693440230846163, 0.8693440230846163, 0.8693440230846163, 0.8693440230846163, 0.8693440230846163, 0.8693440230846163, 0.8713465322618158, 0.8713465322618158, 0.8713465322618158, 0.8713465322618158, 0.8713465322618158, 0.8713465322618158, 0.8713465322618158, 0.8713465322618158, 0.8713465322618158, 0.8713465322618158, 0.8713465322618158, 0.8713465322618158, 0.8713465322618158, 0.8713465322618158, 0.8713465322618158, 0.8713465322618158, 0.8713465322618158, 0.8713465322618158, 0.8713465322618158, 0.8713465322618158, 0.8740232678679248, 0.8740232678679248, 0.8740232678679248, 0.8740232678679248, 0.8740232678679248, 0.8740232678679248, 0.8740232678679248, 0.8740232678679248, 0.8740232678679248, 0.8740232678679248, 0.8740232678679248, 0.8740232678679248, 0.8740232678679248, 0.8740232678679248, 0.8740614776665695, 0.8740614776665695, 0.8740614776665695, 0.8740614776665695, 0.8740614776665695, 0.8740614776665695, 0.8740614776665695, 0.8740614776665695, 0.8740614776665695, 0.8740614776665695, 0.8740614776665695, 0.8740614776665695, 0.8740614776665695, 0.8740614776665695, 0.8740614776665695, 0.8740614776665695, 0.8740614776665695, 0.8740614776665695, 0.8740614776665695, 0.8740614776665695, 0.8820353615943043, 0.8820353615943043, 0.8820353615943043, 0.8820353615943043, 0.8820353615943043, 0.8820353615943043, 0.8820353615943043, 0.8820353615943043, 0.8820353615943043, 0.8820353615943043, 0.8820353615943043, 0.8820353615943043, 0.8820353615943043, 0.8820353615943043, 0.8820353615943043, 0.8820353615943043, 0.8820353615943043, 0.8820353615943043, 0.8820353615943043, 0.8820353615943043]",False,239.9855593999964,"{'C': 0.012865649507529565, 'map_reps': 3, 'scale': 0.28250875208779713, 'entanglement': 'full'}",0.7723577235772358,0.7663551401869159,0.9647058823529412,0.8541666666666666,0.653405572755418,0.4214252112125984,0.7173374613003096,13,25,3,82,ok,1.6196040000068024,1,Loan Approval
7,QSVC,quantum,LDA,random,491,123,0.8682640136518393,96,"[0.8385604260519591, 0.8385604260519591, 0.8385604260519591, 0.8385604260519591, 0.8385604260519591, 0.8385604260519591, 0.8385604260519591, 0.8385604260519591, 0.8385604260519591, 0.8528666020671835, 0.8528666020671835, 0.8528666020671835, 0.8528666020671835, 0.8528666020671835, 0.8528666020671835, 0.8528666020671835, 0.8528666020671835, 0.8528666020671835, 0.8528666020671835, 0.8528666020671835, 0.8528666020671835, 0.8528666020671835, 0.8528666020671835, 0.8528666020671835, 0.8528666020671835, 0.8528666020671835, 0.8528666020671835, 0.8528666020671835, 0.8528666020671835, 0.8528666020671835, 0.8528666020671835, 0.8528666020671835, 0.8634496826199304, 0.8634496826199304, 0.8634496826199304, 0.8634496826199304, 0.8634496826199304, 0.8634496826199304, 0.8634496826199304, 0.8634496826199304, 0.8634496826199304, 0.8634496826199304, 0.8634496826199304, 0.8634496826199304, 0.8634496826199304, 0.8634496826199304, 0.8634496826199304, 0.8634496826199304, 0.8634496826199304, 0.8634496826199304, 0.8634496826199304, 0.8634496826199304, 0.8634496826199304, 0.8634496826199304, 0.8682640136518393, 0.8682640136518393, 0.8682640136518393, 0.8682640136518393, 0.8682640136518393, 0.8682640136518393, 0.8682640136518393, 0.8682640136518393, 0.8682640136518393, 0.8682640136518393, 0.8682640136518393, 0.8682640136518393, 0.8682640136518393, 0.8682640136518393, 0.8682640136518393, 0.8682640136518393, 0.8682640136518393, 0.8682640136518393, 0.8682640136518393, 0.8682640136518393, 0.8682640136518393, 0.8682640136518393, 0.8682640136518393, 0.8682640136518393, 0.8682640136518393, 0.8682640136518393, 0.8682640136518393, 0.8682640136518393, 0.8682640136518393, 0.8682640136518393, 0.8682640136518393, 0.8682640136518393, 0.8682640136518393, 0.8682640136518393, 0.8682640136518393, 0.8682640136518393, 0.8682640136518393, 0.8682640136518393, 0.8682640136518393, 0.8682640136518393, 0.8682640136518393, 0.8682640136518393]",False,242.15513349999677,"{'C': 0.017532463563323043, 'map_reps': 1, 'scale': 0.26057742959989505, 'entanglement': 'circular'}",0.8048780487804879,0.7830188679245284,0.988095238095238,0.8736842105263158,0.6991758241758241,0.5371074443955691,0.2181013431013431,16,23,1,83,ok,0.6899725999683142,1,Loan Approval
8,QSVC,quantum,LDA,random,491,123,0.8577276786486191,96,"[0.5990784894291207, 0.8212657712657713, 0.8491780455153949, 0.8491780455153949, 0.8491780455153949, 0.8491780455153949, 0.8491780455153949, 0.8491780455153949, 0.8491780455153949, 0.8491780455153949, 0.8491780455153949, 0.8495378338751833, 0.8495378338751833, 0.8495378338751833, 0.8495378338751833, 0.8495378338751833, 0.8495378338751833, 0.8495378338751833, 0.8495378338751833, 0.8495378338751833, 0.8495378338751833, 0.8495378338751833, 0.8495378338751833, 0.8495378338751833, 0.8495378338751833, 0.8495378338751833, 0.8495378338751833, 0.8495378338751833, 0.8495378338751833, 0.8495378338751833, 0.8495378338751833, 0.854579850681906, 0.854579850681906, 0.854579850681906, 0.854579850681906, 0.854579850681906, 0.854579850681906, 0.854579850681906, 0.854579850681906, 0.854579850681906, 0.854579850681906, 0.854579850681906, 0.854579850681906, 0.854579850681906, 0.854579850681906, 0.854579850681906, 0.854579850681906, 0.854579850681906, 0.854579850681906, 0.854579850681906, 0.854579850681906, 0.854579850681906, 0.854579850681906, 0.854579850681906, 0.8577276786486191, 0.8577276786486191, 0.8577276786486191, 0.8577276786486191, 0.8577276786486191, 0.8577276786486191, 0.8577276786486191, 0.8577276786486191, 0.8577276786486191, 0.8577276786486191, 0.8577276786486191, 0.8577276786486191, 0.8577276786486191, 0.8577276786486191, 0.8577276786486191, 0.8577276786486191, 0.8577276786486191, 0.8577276786486191, 0.8577276786486191, 0.8577276786486191, 0.8577276786486191, 0.8577276786486191, 0.8577276786486191, 0.8577276786486191, 0.8577276786486191, 0.8577276786486191, 0.8577276786486191, 0.8577276786486191, 0.8577276786486191, 0.8577276786486191, 0.8577276786486191, 0.8577276786486191, 0.8577276786486191, 0.8577276786486191, 0.8577276786486191, 0.8577276786486191, 0.8577276786486191, 0.8577276786486191, 0.8577276786486191, 0.8577276786486191, 0.8577276786486191, 0.8577276786486191]",False,243.7165534000378,"{'C': 0.01106029869165823, 'map_reps': 1, 'scale': 0.519860948905052, 'entanglement': 'linear'}",0.8130081300813008,0.7961165048543689,0.9761904761904762,0.8770053475935828,0.7188644688644689,0.5520057410983004,0.7384004884004884,18,21,2,82,ok,0.6400567999808118,1,Loan Approval
9,QSVC,quantum,LDA,random,492,122,0.8491755781318071,96,"[0.6513771789196756, 0.6584866001681049, 0.8396862962066461, 0.8396862962066461, 0.8396862962066461, 0.8396862962066461, 0.8396862962066461, 0.8396862962066461, 0.8396862962066461, 0.8396862962066461, 0.8440798898071625, 0.8440798898071625, 0.8440798898071625, 0.8440798898071625, 0.8440798898071625, 0.8440798898071625, 0.8440798898071625, 0.8440798898071625, 0.8440798898071625, 0.8440798898071625, 0.8440798898071625, 0.8440798898071625, 0.8440798898071625, 0.8440798898071625, 0.8440798898071625, 0.8440798898071625, 0.8440798898071625, 0.8440798898071625, 0.8440798898071625, 0.8457050626978956, 0.8457050626978956, 0.8457050626978956, 0.8457050626978956, 0.8457050626978956, 0.8457050626978956, 0.8457050626978956, 0.8457050626978956, 0.8457050626978956, 0.8457050626978956, 0.8457050626978956, 0.8457050626978956, 0.8457050626978956, 0.8457050626978956, 0.8457050626978956, 0.8457050626978956, 0.8457050626978956, 0.8457050626978956, 0.8457050626978956, 0.8457050626978956, 0.8457050626978956, 0.8457050626978956, 0.8457050626978956, 0.8457050626978956, 0.8457050626978956, 0.8457050626978956, 0.8457050626978956, 0.8457050626978956, 0.8457050626978956, 0.8457050626978956, 0.8457050626978956, 0.8457050626978956, 0.8457050626978956, 0.8457050626978956, 0.8457050626978956, 0.8457050626978956, 0.8457050626978956, 0.8457050626978956, 0.8457050626978956, 0.8457050626978956, 0.8457050626978956, 0.8457050626978956, 0.8457050626978956, 0.8457050626978956, 0.8457050626978956, 0.8457050626978956, 0.8457050626978956, 0.8457050626978956, 0.8457050626978956, 0.8457050626978956, 0.8457050626978956, 0.8457050626978956, 0.8457050626978956, 0.8457050626978956, 0.8457050626978956, 0.8457050626978956, 0.8457050626978956, 0.8457050626978956, 0.8457050626978956, 0.8457050626978956, 0.8457050626978956, 0.8491755781318071, 0.8491755781318071, 0.8491755781318071, 0.8491755781318071, 0.8491755781318071, 0.8491755781318071]",False,239.64519239997023,"{'C': 0.04713377446041191, 'map_reps': 1, 'scale': 0.4438404001667786, 'entanglement': 'full'}",0.860655737704918,0.845360824742268,0.9761904761904762,0.9060773480662984,0.7907268170426065,0.6670995674806329,0.8026315789473685,23,15,2,82,ok,0.9135873999912292,1,Loan Approval
10,QSVC,quantum,LDA,random,491,123,0.8606024449372978,96,"[0.8275762636950704, 0.8437329421793595, 0.8437329421793595, 0.8437329421793595, 0.8437329421793595, 0.8437329421793595, 0.8437329421793595, 0.8437329421793595, 0.8437329421793595, 0.8437329421793595, 0.8437329421793595, 0.8437329421793595, 0.8437329421793595, 0.8437329421793595, 0.8437329421793595, 0.8437329421793595, 0.8437329421793595, 0.8437329421793595, 0.8437329421793595, 0.8437329421793595, 0.8437329421793595, 0.8437329421793595, 0.8437329421793595, 0.8437329421793595, 0.8437329421793595, 0.8437329421793595, 0.8437329421793595, 0.8437329421793595, 0.8606024449372978, 0.8606024449372978, 0.8606024449372978, 0.8606024449372978, 0.8606024449372978, 0.8606024449372978, 0.8606024449372978, 0.8606024449372978, 0.8606024449372978, 0.8606024449372978, 0.8606024449372978, 0.8606024449372978, 0.8606024449372978, 0.8606024449372978, 0.8606024449372978, 0.8606024449372978, 0.8606024449372978, 0.8606024449372978, 0.8606024449372978, 0.8606024449372978, 0.8606024449372978, 0.8606024449372978, 0.8606024449372978, 0.8606024449372978, 0.8606024449372978, 0.8606024449372978, 0.8606024449372978, 0.8606024449372978, 0.8606024449372978, 0.8606024449372978, 0.8606024449372978, 0.8606024449372978, 0.8606024449372978, 0.8606024449372978, 0.8606024449372978, 0.8606024449372978, 0.8606024449372978, 0.8606024449372978, 0.8606024449372978, 0.8606024449372978, 0.8606024449372978, 0.8606024449372978, 0.8606024449372978, 0.8606024449372978, 0.8606024449372978, 0.8606024449372978, 0.8606024449372978, 0.8606024449372978, 0.8606024449372978, 0.8606024449372978, 0.8606024449372978, 0.8606024449372978, 0.8606024449372978, 0.8606024449372978, 0.8606024449372978, 0.8606024449372978, 0.8606024449372978, 0.8606024449372978, 0.8606024449372978, 0.8606024449372978, 0.8606024449372978, 0.8606024449372978, 0.8606024449372978, 0.8606024449372978, 0.8606024449372978, 0.8606024449372978, 0.8606024449372978, 0.8606024449372978]",False,246.4715564000071,"{'C': 0.1899057407070018, 'map_reps': 1, 'scale': 0.27093728543176154, 'entanglement': 'full'}",0.8048780487804879,0.7904761904761904,0.976470588235294,0.8736842105263158,0.6987616099071208,0.5196762393823332,0.7769349845201239,16,22,2,83,ok,0.5375006999820471,1,Loan Approval
11,QSVC,quantum,LDA,random,491,123,0.8739822216149332,96,"[0.5977461123647045, 0.8112930051539782, 0.8719876567560765, 0.8719876567560765, 0.8719876567560765, 0.8719876567560765, 0.8719876567560765, 0.8719876567560765, 0.8719876567560765, 0.8719876567560765, 0.8719876567560765, 0.8719876567560765, 0.8719876567560765, 0.8719876567560765, 0.8719876567560765, 0.8719876567560765, 0.8719876567560765, 0.8719876567560765, 0.8719876567560765, 0.8719876567560765, 0.8739822216149332, 0.8739822216149332, 0.8739822216149332, 0.8739822216149332, 0.8739822216149332, 0.8739822216149332, 0.8739822216149332, 0.8739822216149332, 0.8739822216149332, 0.8739822216149332, 0.8739822216149332, 0.8739822216149332, 0.8739822216149332, 0.8739822216149332, 0.8739822216149332, 0.8739822216149332, 0.8739822216149332, 0.8739822216149332, 0.8739822216149332, 0.8739822216149332, 0.8739822216149332, 0.8739822216149332, 0.8739822216149332, 0.8739822216149332, 0.8739822216149332, 0.8739822216149332, 0.8739822216149332, 0.8739822216149332, 0.8739822216149332, 0.8739822216149332, 0.8739822216149332, 0.8739822216149332, 0.8739822216149332, 0.8739822216149332, 0.8739822216149332, 0.8739822216149332, 0.8739822216149332, 0.8739822216149332, 0.8739822216149332, 0.8739822216149332, 0.8739822216149332, 0.8739822216149332, 0.8739822216149332, 0.8739822216149332, 0.8739822216149332, 0.8739822216149332, 0.8739822216149332, 0.8739822216149332, 0.8739822216149332, 0.8739822216149332, 0.8739822216149332, 0.8739822216149332, 0.8739822216149332, 0.8739822216149332, 0.8739822216149332, 0.8739822216149332, 0.8739822216149332, 0.8739822216149332, 0.8739822216149332, 0.8739822216149332, 0.8739822216149332, 0.8739822216149332, 0.8739822216149332, 0.8739822216149332, 0.8739822216149332, 0.8739822216149332, 0.8739822216149332, 0.8739822216149332, 0.8739822216149332, 0.8739822216149332, 0.8739822216149332, 0.8739822216149332, 0.8739822216149332, 0.8739822216149332, 0.8739822216149332, 0.8739822216149332]",False,241.24539809999987,"{'C': 0.03391745724522161, 'map_reps': 2, 'scale': 0.2645544172975016, 'entanglement': 'circular'}",0.8211382113821138,0.8058252427184466,0.976470588235294,0.8829787234042553,0.725077399380805,0.5636759885756948,0.426625386996904,18,20,2,83,ok,1.0977992999833075,1,Loan Approval
12,QSVC,quantum,LDA,random,491,123,0.858612073558616,96,"[0.5737195588974081, 0.7589525484262326, 0.8518199139994976, 0.8518199139994976, 0.8518199139994976, 0.8518199139994976, 0.8518199139994976, 0.8518199139994976, 0.8518199139994976, 0.8518199139994976, 0.8518199139994976, 0.8518199139994976, 0.8518199139994976, 0.8518199139994976, 0.8518199139994976, 0.8518199139994976, 0.8518199139994976, 0.8518199139994976, 0.8518199139994976, 0.8518199139994976, 0.8518199139994976, 0.8518199139994976, 0.8518199139994976, 0.8518199139994976, 0.8518199139994976, 0.8518199139994976, 0.8518199139994976, 0.8518199139994976, 0.8518199139994976, 0.8518199139994976, 0.8518199139994976, 0.8518199139994976, 0.8518199139994976, 0.8518199139994976, 0.8518199139994976, 0.858612073558616, 0.858612073558616, 0.858612073558616, 0.858612073558616, 0.858612073558616, 0.858612073558616, 0.858612073558616, 0.858612073558616, 0.858612073558616, 0.858612073558616, 0.858612073558616, 0.858612073558616, 0.858612073558616, 0.858612073558616, 0.858612073558616, 0.858612073558616, 0.858612073558616, 0.858612073558616, 0.858612073558616, 0.858612073558616, 0.858612073558616, 0.858612073558616, 0.858612073558616, 0.858612073558616, 0.858612073558616, 0.858612073558616, 0.858612073558616, 0.858612073558616, 0.858612073558616, 0.858612073558616, 0.858612073558616, 0.858612073558616, 0.858612073558616, 0.858612073558616, 0.858612073558616, 0.858612073558616, 0.858612073558616, 0.858612073558616, 0.858612073558616, 0.858612073558616, 0.858612073558616, 0.858612073558616, 0.858612073558616, 0.858612073558616, 0.858612073558616, 0.858612073558616, 0.858612073558616, 0.858612073558616, 0.858612073558616, 0.858612073558616, 0.858612073558616, 0.858612073558616, 0.858612073558616, 0.858612073558616, 0.858612073558616, 0.858612073558616, 0.858612073558616, 0.858612073558616, 0.858612073558616, 0.858612073558616, 0.858612073558616]",False,248.496607100009,"{'C': 0.018521451125354086, 'map_reps': 3, 'scale': 0.2528498855170603, 'entanglement': 'linear'}",0.8211382113821138,0.8163265306122449,0.9523809523809524,0.8791208791208791,0.7454212454212454,0.5675851910433575,0.7731990231990232,21,18,4,80,ok,0.8516517999814823,1,Loan Approval
13,QSVC,quantum,LDA,random,491,123,0.8702781998311786,96,"[0.8082972666615144, 0.8082972666615144, 0.8082972666615144, 0.8082972666615144, 0.8082972666615144, 0.8082972666615144, 0.8247155719098518, 0.8247155719098518, 0.8247155719098518, 0.8247155719098518, 0.8652529097558096, 0.8652529097558096, 0.8652529097558096, 0.8652529097558096, 0.8652529097558096, 0.8652529097558096, 0.8652529097558096, 0.8652529097558096, 0.8652529097558096, 0.8652529097558096, 0.8652529097558096, 0.8652529097558096, 0.8652529097558096, 0.8652529097558096, 0.8652529097558096, 0.8652529097558096, 0.8652529097558096, 0.8652529097558096, 0.8652529097558096, 0.8652529097558096, 0.8652529097558096, 0.8652529097558096, 0.8652529097558096, 0.8652529097558096, 0.8652529097558096, 0.8652529097558096, 0.8652529097558096, 0.8652529097558096, 0.8652529097558096, 0.8652529097558096, 0.8652529097558096, 0.8652529097558096, 0.8652529097558096, 0.8652529097558096, 0.8652529097558096, 0.8652529097558096, 0.8652529097558096, 0.8652529097558096, 0.8652529097558096, 0.8652529097558096, 0.8652529097558096, 0.8652529097558096, 0.8652529097558096, 0.8652529097558096, 0.8652529097558096, 0.8652529097558096, 0.8652529097558096, 0.8652529097558096, 0.8652529097558096, 0.8652529097558096, 0.8652529097558096, 0.8652529097558096, 0.8652529097558096, 0.8652529097558096, 0.8652529097558096, 0.8702781998311786, 0.8702781998311786, 0.8702781998311786, 0.8702781998311786, 0.8702781998311786, 0.8702781998311786, 0.8702781998311786, 0.8702781998311786, 0.8702781998311786, 0.8702781998311786, 0.8702781998311786, 0.8702781998311786, 0.8702781998311786, 0.8702781998311786, 0.8702781998311786, 0.8702781998311786, 0.8702781998311786, 0.8702781998311786, 0.8702781998311786, 0.8702781998311786, 0.8702781998311786, 0.8702781998311786, 0.8702781998311786, 0.8702781998311786, 0.8702781998311786, 0.8702781998311786, 0.8702781998311786, 0.8702781998311786, 0.8702781998311786, 0.8702781998311786, 0.8702781998311786]",False,244.06065820000367,"{'C': 0.011461845249137525, 'map_reps': 3, 'scale': 0.42906715021614195, 'entanglement': 'circular'}",0.8048780487804879,0.7777777777777778,1.0,0.875,0.6923076923076923,0.5469417694282447,0.6394993894993894,15,24,0,84,ok,1.1137507999665104,1,Loan Approval
14,QSVC,quantum,LDA,random,492,122,0.8569580881769433,96,"[0.550085840787928, 0.7593812150755653, 0.8536982167352538, 0.8536982167352538, 0.8536982167352538, 0.8536982167352538, 0.8536982167352538, 0.8536982167352538, 0.8536982167352538, 0.8536982167352538, 0.8553349156748573, 0.8553349156748573, 0.8553349156748573, 0.8553349156748573, 0.8553349156748573, 0.8553349156748573, 0.8553349156748573, 0.8553349156748573, 0.8553349156748573, 0.8553349156748573, 0.8553349156748573, 0.8553349156748573, 0.8553349156748573, 0.8553349156748573, 0.8553349156748573, 0.8553349156748573, 0.8553349156748573, 0.8553349156748573, 0.8553349156748573, 0.8569580881769433, 0.8569580881769433, 0.8569580881769433, 0.8569580881769433, 0.8569580881769433, 0.8569580881769433, 0.8569580881769433, 0.8569580881769433, 0.8569580881769433, 0.8569580881769433, 0.8569580881769433, 0.8569580881769433, 0.8569580881769433, 0.8569580881769433, 0.8569580881769433, 0.8569580881769433, 0.8569580881769433, 0.8569580881769433, 0.8569580881769433, 0.8569580881769433, 0.8569580881769433, 0.8569580881769433, 0.8569580881769433, 0.8569580881769433, 0.8569580881769433, 0.8569580881769433, 0.8569580881769433, 0.8569580881769433, 0.8569580881769433, 0.8569580881769433, 0.8569580881769433, 0.8569580881769433, 0.8569580881769433, 0.8569580881769433, 0.8569580881769433, 0.8569580881769433, 0.8569580881769433, 0.8569580881769433, 0.8569580881769433, 0.8569580881769433, 0.8569580881769433, 0.8569580881769433, 0.8569580881769433, 0.8569580881769433, 0.8569580881769433, 0.8569580881769433, 0.8569580881769433, 0.8569580881769433, 0.8569580881769433, 0.8569580881769433, 0.8569580881769433, 0.8569580881769433, 0.8569580881769433, 0.8569580881769433, 0.8569580881769433, 0.8569580881769433, 0.8569580881769433, 0.8569580881769433, 0.8569580881769433, 0.8569580881769433, 0.8569580881769433, 0.8569580881769433, 0.8569580881769433, 0.8569580881769433, 0.8569580881769433, 0.8569580881769433, 0.8569580881769433]",False,241.53727069997692,"{'C': 0.01362982465546954, 'map_reps': 3, 'scale': 0.3593763847691882, 'entanglement': 'circular'}",0.7950819672131147,0.780952380952381,0.9761904761904762,0.8677248677248677,0.6854636591478697,0.4960222417881545,0.6823308270676692,15,23,2,82,ok,1.398471400025301,1,Loan Approval
