fold,model,family,reduction,optimizer,n_train,n_test,search_time_s,best_params,accuracy,precision,recall,f1,balanced_accuracy,mcc,roc_auc,tn,fp,fn,tp,status,fit_time_s,n_reduced_features,dataset,inner_f1,n_evaluations,convergence,stopped_early
0,LogReg,classical,PCA,default,1200,10962,2.00001522898674e-07,{},0.6165845648604269,0.1246842709529276,0.5813704496788008,0.205331820760068,0.600617414707769,0.114812062196788,0.6312994920432637,6216,3812,391,543,ok,0.1082496000453829,4,HR Promotion,,,,
1,LogReg,classical,PCA,default,1200,10962,4.00003045797348e-07,{},0.5988870644043058,0.1191994721794589,0.5802997858672377,0.1977741288086115,0.5904590273572328,0.1025183724244546,0.62347637535671,6023,4005,392,542,ok,0.1026849999907426,4,HR Promotion,,,,
2,LogReg,classical,PCA,default,1200,10962,3.00002284348011e-07,{},0.5574712643678161,0.1121014062190532,0.6059957173447538,0.1892027410997827,0.5794737262431786,0.0890281907434301,0.6146113686816101,5545,4483,368,566,ok,0.1067689000046812,4,HR Promotion,,,,
3,LogReg,classical,PCA,default,1200,10961,7.00005330145359e-07,{},0.5851655870814707,0.1143832693128467,0.5744908896034298,0.190781277807439,0.5803248225440364,0.090619100657579,0.6112185452009827,5878,4150,397,536,ok,0.1040856000036001,4,HR Promotion,,,,
4,LogReg,classical,PCA,default,1200,10961,7.00005330145359e-07,{},0.6039594927470121,0.1158701532912533,0.5509110396570204,0.1914695474017508,0.5799030666972776,0.090856374184987,0.6206645508332296,6106,3922,419,514,ok,0.0804728000075556,4,HR Promotion,,,,
5,LogReg,classical,PCA,default,1200,10962,5.00003807246685e-07,{},0.6343732895457034,0.1256697515830492,0.5524625267665952,0.2047619047619047,0.5972324600326793,0.1121700705996806,0.6317850703255723,6438,3590,418,516,ok,0.1137637000065296,4,HR Promotion,,,,
6,LogReg,classical,PCA,default,1200,10962,7.00005330145359e-07,{},0.6155810983397191,0.1224677716390423,0.569593147751606,0.2015915119363395,0.5947287637441716,0.1081394549546454,0.6272345889752803,6216,3812,402,532,ok,0.1066164000076241,4,HR Promotion,,,,
7,LogReg,classical,PCA,default,1200,10962,3.00002284348011e-07,{},0.578179164386061,0.111087689713322,0.5642398286937902,0.18562874251497,0.5718586458985504,0.0809826392592905,0.5985615544142354,5811,4217,407,527,ok,0.0893083999981172,4,HR Promotion,,,,
8,LogReg,classical,PCA,default,1200,10961,6.00004568696022e-07,{},0.5625399142414014,0.1034907597535934,0.5401929260450161,0.1737032569360675,0.5524059963292491,0.0588640557647179,0.5788630526914778,5662,4366,429,504,ok,0.0954842999926768,4,HR Promotion,,,,
9,LogReg,classical,PCA,default,1200,10961,3.00002284348011e-07,{},0.6516741173250615,0.1256164028030106,0.5187566988210075,0.2022565816966151,0.5913986924499932,0.1068426740238728,0.6205887181486693,6659,3369,449,484,ok,0.1066453999956138,4,HR Promotion,,,,
10,LogReg,classical,PCA,default,1200,10962,5.00003807246685e-07,{},0.5892172961138479,0.116813399184024,0.582441113490364,0.194598461813629,0.5861447689510058,0.097306946039312,0.6167161284591581,5915,4113,390,544,ok,0.1098766000359319,4,HR Promotion,,,,
11,LogReg,classical,PCA,default,1200,10962,6.999471224844456e-07,{},0.5881226053639846,0.1174962614825892,0.588865096359743,0.1959038290293855,0.5884592733493968,0.0998550990230444,0.6266136829724737,5897,4131,384,550,ok,0.1010737000033259,4,HR Promotion,,,,
12,LogReg,classical,PCA,default,1200,10962,6.00004568696022e-07,{},0.5741652983032294,0.1185124642419288,0.6209850107066381,0.1990391214824982,0.5953947789871443,0.1071471031871461,0.6254949738163549,5714,4314,354,580,ok,0.1145826000138185,4,HR Promotion,,,,
13,LogReg,classical,PCA,default,1200,10961,4.00003045797348e-07,{},0.6239394215856218,0.1202667301738509,0.5412647374062165,0.1968043647700701,0.5864480846983217,0.0992482448726596,0.6305936625038316,6334,3694,428,505,ok,0.0995333000319078,4,HR Promotion,,,,
14,LogReg,classical,PCA,default,1200,10961,6.00004568696022e-07,{},0.5843444941155004,0.1105138679853794,0.5509110396570204,0.1840974212034384,0.5691830826526028,0.0781250017643933,0.6040088288697328,5891,4137,419,514,ok,0.1006137999938801,4,HR Promotion,,,,
0,SVC,classical,PCA,default,1200,10962,3.00002284348011e-07,{},0.4769202700237183,0.1017258546299369,0.6563169164882227,0.1761494252873563,0.5582641622728309,0.0653897931812098,0.575488471679725,4615,5413,321,613,ok,0.4103863000054844,4,HR Promotion,,,,
1,SVC,classical,PCA,default,1200,10962,3.00002284348011e-07,{},0.5022806057288816,0.1055478018143754,0.6477516059957173,0.1815181518151815,0.5682415788255412,0.0762879117796771,0.4119253563256286,4901,5127,329,605,ok,0.4354000000166707,4,HR Promotion,,,,
2,SVC,classical,PCA,default,1200,10962,3.00002284348011e-07,{},0.4694398832329867,0.0959947037404832,0.6209850107066381,0.1662844036697247,0.5381550502276709,0.042834106699651,0.5598682361763935,4566,5462,354,580,ok,0.446813199960161,4,HR Promotion,,,,
3,SVC,classical,PCA,default,1200,10961,4.00003045797348e-07,{},0.5542377520299243,0.1033513947421232,0.5519828510182208,0.174104124408384,0.5532151989434941,0.0596472288140988,0.5903425392822925,5560,4468,418,515,ok,0.4619713999563828,4,HR Promotion,,,,
4,SVC,classical,PCA,default,1200,10961,4.00003045797348e-07,{},0.6018611440561993,0.1059039742706179,0.4941050375133976,0.1744230041619372,0.5529958773526302,0.0604492220082213,0.5746729628636816,6136,3892,472,461,ok,0.3431673999875784,4,HR Promotion,,,,
5,SVC,classical,PCA,default,1200,10962,5.00003807246685e-07,{},0.4351395730706076,0.1060833083608031,0.7580299785867237,0.1861198738170347,0.5815478971513595,0.0933045609102623,0.5977645355317744,4062,5966,226,708,ok,0.3640864000190049,4,HR Promotion,,,,
6,SVC,classical,PCA,default,1200,10962,3.00002284348011e-07,{},0.5675059295748951,0.1184606133493686,0.632762312633833,0.1995610332601722,0.5970951571146828,0.1088692311564799,0.6356218647743492,5630,4398,343,591,ok,0.3404795000096783,4,HR Promotion,,,,
7,SVC,classical,PCA,default,1200,10962,3.00002284348011e-07,{},0.580642218573253,0.1145022100610397,0.582441113490364,0.1913808267370272,0.581457892205892,0.091784740573676,0.6129097093448835,5821,4207,390,544,ok,0.4113986000302247,4,HR Promotion,,,,
8,SVC,classical,PCA,default,1200,10961,6.00004568696022e-07,{},0.6141775385457531,0.1078058067586863,0.4855305466237942,0.1764362220058422,0.55583866780731,0.0640978970605427,0.5508376652553985,6279,3749,480,453,ok,0.4250108999549411,4,HR Promotion,,,,
9,SVC,classical,PCA,default,1200,10961,3.00002284348011e-07,{},0.5691998905209379,0.1179673321234119,0.6270096463022508,0.1985743380855397,0.5954154733306227,0.1069921068433205,0.6335623063567777,5654,4374,348,585,ok,0.3089557999628596,4,HR Promotion,,,,
10,SVC,classical,PCA,default,1200,10962,2.00001522898674e-07,{},0.4623243933588761,0.1064741351951761,0.7184154175588865,0.185461580983969,0.5784438475907715,0.0886007352497801,0.620906162957851,4397,5631,263,671,ok,0.407077300013043,4,HR Promotion,,,,
11,SVC,classical,PCA,default,1200,10962,3.00002284348011e-07,{},0.5822842546980478,0.1098265895953757,0.5492505353319058,0.1830508474576271,0.5673057622810307,0.0759972832609158,0.604511436500283,5870,4158,421,513,ok,0.3591328000184148,4,HR Promotion,,,,
12,SVC,classical,PCA,default,1200,10962,2.00001522898674e-07,{},0.5640394088669951,0.1137231263813542,0.6059957173447538,0.1915073591608865,0.5830636743883721,0.0931549285874316,0.608905930631918,5617,4411,368,566,ok,0.376534300041385,4,HR Promotion,,,,
13,SVC,classical,PCA,default,1200,10961,3.00002284348011e-07,{},0.6201988869628684,0.1158420551855375,0.5219721329046088,0.1896048277204594,0.5756549934566921,0.0868374906427355,0.5985039317563555,6311,3717,446,487,ok,0.3949401000281796,4,HR Promotion,,,,
14,SVC,classical,PCA,default,1200,10961,7.00005330145359e-07,{},0.5037861508986407,0.1025052928722653,0.6227224008574491,0.176033934252386,0.5577213918926256,0.06446869921126,0.5830231087146771,4941,5087,352,581,ok,0.3767772000283003,4,HR Promotion,,,,
0,DecisionTree,classical,PCA,default,1200,10962,3.00002284348011e-07,{},0.5,0.0835317823777248,0.4882226980728051,0.1426560300328484,0.4946598133363627,-0.0059636305481366,0.4946598133363628,5025,5003,478,456,ok,0.0603014000225812,4,HR Promotion,,,,
1,DecisionTree,classical,PCA,default,1200,10962,2.00001522898674e-07,{},0.5479839445356687,0.0991026919242273,0.5321199143468951,0.1670869053622457,0.540790711062558,0.0457180222316769,0.540790711062558,5510,4518,437,497,ok,0.0692613999708555,4,HR Promotion,,,,
2,DecisionTree,classical,PCA,default,1200,10962,1.00000761449337e-07,{},0.4774676153986499,0.0909556313993174,0.5706638115631691,0.1569031498380924,0.5197256034281741,0.0220811586912419,0.5197256034281742,4701,5327,401,533,ok,0.0683581999619491,4,HR Promotion,,,,
3,DecisionTree,classical,PCA,default,1200,10961,2.00001522898674e-07,{},0.4691177812243408,0.0901006711409396,0.5755627009646302,0.1558102422747715,0.51738845060198,0.0194844122130792,0.51738845060198,4605,5423,396,537,ok,0.0729080000310204,4,HR Promotion,,,,
4,DecisionTree,classical,PCA,default,1200,10961,2.00001522898674e-07,{},0.5350789161572849,0.0913017867661496,0.4983922829581994,0.1543312313308994,0.5184422523686091,0.0206376408467762,0.518442252368609,5400,4628,468,465,ok,0.0777229000232182,4,HR Promotion,,,,
5,DecisionTree,classical,PCA,default,1200,10962,3.00002284348011e-07,{},0.4927932858967341,0.0934973637961335,0.569593147751606,0.1606280193236715,0.5276166775854161,0.0308630037900841,0.5276166775854161,4870,5158,402,532,ok,0.0858890999807044,4,HR Promotion,,,,
6,DecisionTree,classical,PCA,default,1200,10962,2.00001522898674e-07,{},0.4710819193577814,0.0863945578231292,0.5438972162740899,0.1491047842676841,0.5040985881928886,0.0045892201062326,0.5040985881928887,4656,5372,426,508,ok,0.0870070999953895,4,HR Promotion,,,,
7,DecisionTree,classical,PCA,default,1200,10962,2.00001522898674e-07,{},0.4861339171683999,0.0931601731601731,0.576017130620985,0.160381576986138,0.5268896981385739,0.0300720063936428,0.5268896981385739,4791,5237,396,538,ok,0.0827141999616287,4,HR Promotion,,,,
8,DecisionTree,classical,PCA,default,1200,10961,3.00002284348011e-07,{},0.550132287200073,0.0945233265720081,0.4994640943193998,0.1589629882312809,0.5271552621577055,0.0304658890499573,0.5271552621577055,5564,4464,467,466,ok,0.0700147000025026,4,HR Promotion,,,,
9,DecisionTree,classical,PCA,default,1200,10961,2.999440766870976e-07,{},0.5710245415564273,0.095687620682257,0.4780278670953912,0.1594565606006435,0.5288523858811619,0.0325724094878781,0.5288523858811618,5813,4215,487,446,ok,0.0688291999977082,4,HR Promotion,,,,
10,DecisionTree,classical,PCA,default,1200,10962,2.00001522898674e-07,{},0.4978106185002737,0.0870822041553748,0.5160599571734475,0.1490183954243314,0.5060854233414107,0.0067961455122664,0.5060854233414107,4975,5053,452,482,ok,0.0663518999936059,4,HR Promotion,,,,
11,DecisionTree,classical,PCA,default,1200,10962,2.00001522898674e-07,{},0.5695128626163108,0.1051533486334237,0.5396145610278372,0.1760083813514929,0.5559560639203804,0.062986380789374,0.5559560639203805,5739,4289,430,504,ok,0.0661608999944292,4,HR Promotion,,,,
12,DecisionTree,classical,PCA,default,1200,10962,2.00001522898674e-07,{},0.541507024265645,0.091779728651237,0.4925053533190578,0.1547258661284897,0.5192881772578536,0.0216191079927681,0.5192881772578536,5476,4552,474,460,ok,0.0644560000509955,4,HR Promotion,,,,
13,DecisionTree,classical,PCA,default,1200,10961,2.00001522898674e-07,{},0.5713894717635253,0.0976704424022227,0.4898177920685959,0.1628652886671418,0.534398325631426,0.0388141245364753,0.5343983256314261,5806,4222,476,457,ok,0.0604134000022895,4,HR Promotion,,,,
14,DecisionTree,classical,PCA,default,1200,10961,1.00000761449337e-07,{},0.5602591004470395,0.0900653870491457,0.457663451232583,0.1505111032781106,0.5137339992501169,0.0154719420294965,0.5137339992501168,5714,4314,506,427,ok,0.0591355999931693,4,HR Promotion,,,,
0,RandomForest,classical,PCA,default,1200,10962,2.00001522898674e-07,{},0.5524539317642766,0.1160092807424593,0.6423982869379015,0.1965280052407468,0.5932374362491661,0.1042875295540606,0.6159683293630085,5456,4572,334,600,ok,0.8689732000348158,4,HR Promotion,,,,
1,RandomForest,classical,PCA,default,1200,10962,2.00001522898674e-07,{},0.4991789819376026,0.1020265548567435,0.6252676659528907,0.1754280564734154,0.5563514237223568,0.0629916420873743,0.5861094823146153,4888,5140,350,584,ok,0.9069432999822312,4,HR Promotion,,,,
2,RandomForest,classical,PCA,default,1200,10962,2.00001522898674e-07,{},0.5343003101623791,0.0944973750729146,0.5203426124197003,0.1599473424387033,0.5279714657631009,0.0312963276995107,0.5390557936706558,5371,4657,448,486,ok,0.95109180000145,4,HR Promotion,,,,
3,RandomForest,classical,PCA,default,1200,10961,2.00001522898674e-07,{},0.5001368488276617,0.1003867791842475,0.6120042872454448,0.1724814982631022,0.5508665233594595,0.0568200165662948,0.5682781138856219,4911,5117,362,571,ok,0.9284393000416458,4,HR Promotion,,,,
4,RandomForest,classical,PCA,default,1200,10961,2.00001522898674e-07,{},0.5783231456983852,0.1078035296619179,0.5434083601286174,0.1799148332150461,0.5624899798249788,0.0704665640571759,0.580294842180373,5832,4196,426,507,ok,0.9202104000141844,4,HR Promotion,,,,
5,RandomForest,classical,PCA,default,1200,10962,4.00003045797348e-07,{},0.5316548075168764,0.1064467766116941,0.6081370449678801,0.1811802232854864,0.5663341786466844,0.0741037486716444,0.5921068225243409,5260,4768,366,568,ok,0.9088402999914252,4,HR Promotion,,,,
6,RandomForest,classical,PCA,default,1200,10962,2.00001522898674e-07,{},0.5393176427659186,0.1058981233243967,0.5920770877944326,0.1796621182586094,0.5632403787596016,0.070701833889092,0.5939827796943717,5359,4669,381,553,ok,0.9176104000071064,4,HR Promotion,,,,
7,RandomForest,classical,PCA,default,1200,10962,2.00001522898674e-07,{},0.5105820105820106,0.0899500277623542,0.5203426124197003,0.1533848824364841,0.5150077641276802,0.0167614185520465,0.5304728665518134,5111,4917,448,486,ok,0.8870511000277475,4,HR Promotion,,,,
8,RandomForest,classical,PCA,default,1200,10961,3.00002284348011e-07,{},0.5515920080284645,0.0956539398862713,0.5048231511254019,0.1608331910534403,0.5303832548606666,0.0340912296867281,0.5402464204193959,5575,4453,462,471,ok,0.9123058000113816,4,HR Promotion,,,,
9,RandomForest,classical,PCA,default,1200,10961,2.00001522898674e-07,{},0.5235836146337013,0.1008747440908244,0.5809217577706324,0.1718997779892166,0.5495853304210162,0.0553598076855412,0.5736479123192467,5197,4831,391,542,ok,0.8946550999535248,4,HR Promotion,,,,
10,RandomForest,classical,PCA,default,1200,10962,5.00003807246685e-07,{},0.5293742017879949,0.0969280671627552,0.5438972162740899,0.1645344129554656,0.5359593779814805,0.0401957108524625,0.5636929659053153,5295,4733,426,508,ok,0.8672862999956124,4,HR Promotion,,,,
11,RandomForest,classical,PCA,default,1200,10962,3.00002284348011e-07,{},0.5572888159095055,0.1077077077077077,0.576017130620985,0.1814808568055321,0.5657808030448364,0.0737503358226451,0.5825429696208219,5571,4457,396,538,ok,0.9165323000052013,4,HR Promotion,,,,
12,RandomForest,classical,PCA,default,1200,10962,2.00001522898674e-07,{},0.5128626163108921,0.0969630442736919,0.5674518201284796,0.165625,0.537615020554866,0.0420062317629159,0.5452895169755947,5092,4936,404,530,ok,0.9254542000126094,4,HR Promotion,,,,
13,RandomForest,classical,PCA,default,1200,10961,4.00003045797348e-07,{},0.472037222881124,0.0915516661056883,0.5830653804930332,0.1582545454545454,0.5223863001388181,0.0250775659243123,0.5196643396346607,4630,5398,389,544,ok,0.9205699999583884,4,HR Promotion,,,,
14,RandomForest,classical,PCA,default,1200,10961,3.00002284348011e-07,{},0.5625399142414014,0.107041107041107,0.5637727759914255,0.1799213271763297,0.5630989927025336,0.0708129759371773,0.5776374917647522,5640,4388,407,526,ok,0.9292993999551982,4,HR Promotion,,,,
0,MLP,classical,PCA,default,1200,10962,2.00001522898674e-07,{},0.4890530925013683,0.104558549398407,0.6605995717344754,0.1805413313825896,0.5668374803227623,0.0748599770608186,0.5965361228389204,4744,5284,317,617,ok,0.1644671999965794,4,HR Promotion,,,,
1,MLP,classical,PCA,default,1200,10962,2.00001522898674e-07,{},0.6147600802773217,0.1162193698949825,0.5331905781584583,0.1908411573098294,0.5777739887202343,0.0889977173753227,0.6051759569992031,6241,3787,436,498,ok,0.1346855000010691,4,HR Promotion,,,,
2,MLP,classical,PCA,default,1200,10962,3.00002284348011e-07,{},0.680259076810801,0.1119830968910353,0.3972162740899357,0.1747115611019543,0.5519188670010907,0.0631281052615257,0.5893042308089811,7086,2942,563,371,ok,0.120215900009498,4,HR Promotion,,,,
3,MLP,classical,PCA,default,1200,10961,2.00001522898674e-07,{},0.4441200620381352,0.0991298943443132,0.6838156484458735,0.1731578233138825,0.5528172777530524,0.0598737809648359,0.5888701881249115,4230,5798,295,638,ok,0.1296306999865919,4,HR Promotion,,,,
4,MLP,classical,PCA,default,1200,10961,3.00002284348011e-07,{},0.5867165404616367,0.1025414364640883,0.4973204715969989,0.1700256504213997,0.5461771883314074,0.0523465611509459,0.5696472171595844,5967,4061,469,464,ok,0.1702933000051416,4,HR Promotion,,,,
5,MLP,classical,PCA,default,1200,10962,2.00001522898674e-07,{},0.5597518700966977,0.1095505617977528,0.5845824411134903,0.1845217979046975,0.5710108057182928,0.0796284137913757,0.6083929665032128,5590,4438,388,546,ok,0.2026401000330224,4,HR Promotion,,,,
6,MLP,classical,PCA,default,1200,10962,2.00001522898674e-07,{},0.6444079547527823,0.1037433155080213,0.4154175588865096,0.1660248181429182,0.5405767491281371,0.0477884894579776,0.5651225818244248,6676,3352,546,388,ok,0.1290642999811098,4,HR Promotion,,,,
7,MLP,classical,PCA,default,1200,10962,2.999440766870976e-07,{},0.5155081189563948,0.1114858867388602,0.6723768736616702,0.1912593269377189,0.5866371803489843,0.096788145837998,0.6287611497229598,5023,5005,306,628,ok,0.1734476000419818,4,HR Promotion,,,,
8,MLP,classical,PCA,default,1200,10961,2.00001522898674e-07,{},0.5089864063497856,0.1093942054433713,0.6677384780278671,0.187990343995172,0.5809773363414166,0.0904594984795471,0.6155661254596455,4956,5072,310,623,ok,0.1515364999650046,4,HR Promotion,,,,
9,MLP,classical,PCA,default,1200,10961,2.00001522898674e-07,{},0.4985858954474956,0.1119237965640415,0.7052518756698821,0.1931884908984145,0.5923048369175099,0.1033078632678381,0.6407412407103625,4807,5221,275,658,ok,0.1454262000042945,4,HR Promotion,,,,
10,MLP,classical,PCA,default,1200,10962,3.00002284348011e-07,{},0.4989965334792921,0.1105604921394395,0.6927194860813705,0.1906867079280872,0.5868364083777415,0.0971963239903797,0.6094997710906249,4823,5205,287,647,ok,0.1448211999959312,4,HR Promotion,,,,
11,MLP,classical,PCA,default,1200,10962,2.00001522898674e-07,{},0.5608465608465608,0.1143141153081511,0.6156316916488223,0.192823608316566,0.5856878043405659,0.0960163179053333,0.6184020929833298,5573,4455,359,575,ok,0.1646183999837376,4,HR Promotion,,,,
12,MLP,classical,PCA,default,1200,10962,4.00003045797348e-07,{},0.6075533661740559,0.1202074875958502,0.5706638115631691,0.1985842026825633,0.5908265208593668,0.1033321243405561,0.6291824540109963,6127,3901,401,533,ok,0.1544626000104472,4,HR Promotion,,,,
13,MLP,classical,PCA,default,1200,10961,3.00002284348011e-07,{},0.5261381260833865,0.1124249590685828,0.662379421221865,0.1922239502332814,0.5879208633831703,0.0981412783360193,0.6328981958768396,5149,4879,315,618,ok,0.1922025000094436,4,HR Promotion,,,,
14,MLP,classical,PCA,default,1200,10961,2.00001522898674e-07,{},0.4887327798558525,0.1044877222692633,0.6613076098606645,0.1804621234279028,0.5669920578222349,0.075004585434311,0.605135684392383,4740,5288,316,617,ok,0.1201066000503487,4,HR Promotion,,,,
0,XGBoost,classical,PCA,default,1200,10962,3.00002284348011e-07,{},0.5890348476555373,0.1043651672944826,0.5042826552462527,0.1729392326051037,0.550605627583238,0.0574156857594345,0.5663375418208032,5986,4042,463,471,ok,0.6663989999797195,4,HR Promotion,,,,
1,XGBoost,classical,PCA,default,1200,10962,3.00002284348011e-07,{},0.4955300127713921,0.091829484902309,0.5535331905781584,0.1575258988421694,0.5218304165894382,0.0243878408389992,0.5322306855579537,4915,5113,417,517,ok,0.6388658999931067,4,HR Promotion,,,,
2,XGBoost,classical,PCA,default,1200,10962,2.00001522898674e-07,{},0.5660463419084109,0.1005224660397074,0.5149892933618844,0.1682112257387655,0.5428955242238221,0.0482939584781147,0.5569406197977569,5724,4304,453,481,ok,0.694000999967102,4,HR Promotion,,,,
3,XGBoost,classical,PCA,default,1200,10961,2.00001522898674e-07,{},0.5039686160021896,0.0909916454776607,0.5369774919614148,0.1556142258114614,0.5189374894988565,0.0211390226559025,0.5360978541968875,5023,5005,432,501,ok,0.7885295999585651,4,HR Promotion,,,,
4,XGBoost,classical,PCA,default,1200,10961,3.00002284348011e-07,{},0.5647294954839887,0.0985355648535564,0.5048231511254019,0.1648870995974094,0.5375631511510536,0.0422762714628715,0.5621904433930118,5719,4309,462,471,ok,0.7867785000125878,4,HR Promotion,,,,
5,XGBoost,classical,PCA,default,1200,10962,2.00001522898674e-07,{},0.5155081189563948,0.0943466172381835,0.5449678800856531,0.1608468952441143,0.528866070078726,0.0322397691110086,0.5358395849223887,5142,4886,425,509,ok,0.8404765999875963,4,HR Promotion,,,,
6,XGBoost,classical,PCA,default,1200,10962,4.00003045797348e-07,{},0.5582010582010583,0.0942495329042972,0.4860813704496788,0.157885585115632,0.5254997997042969,0.0286878564322839,0.53318497286826,5665,4363,480,454,ok,0.8494695000117645,4,HR Promotion,,,,
7,XGBoost,classical,PCA,default,1200,10962,2.00001522898674e-07,{},0.5669585841999635,0.092541141269502,0.4635974304068522,0.1542846962408694,0.520091495418823,0.0226810317560633,0.5407949817598519,5782,4246,501,433,ok,0.8702403000206687,4,HR Promotion,,,,
8,XGBoost,classical,PCA,default,1200,10961,5.00003807246685e-07,{},0.5265942888422589,0.0974271660991297,0.5519828510182208,0.1656214825534651,0.5381075004991382,0.0425639507338299,0.5546818319209963,5257,4771,418,515,ok,0.8286023000255227,4,HR Promotion,,,,
9,XGBoost,classical,PCA,default,1200,10961,6.00004568696022e-07,{},0.5142778943527051,0.097967405237136,0.5734190782422294,0.1673443853612762,0.5410972535207956,0.0458747115627351,0.5642574852577841,5102,4926,398,535,ok,0.8277474999777041,4,HR Promotion,,,,
10,XGBoost,classical,PCA,default,1200,10962,2.00001522898674e-07,{},0.4936143039591315,0.0923538760374359,0.5599571734475375,0.1585569198120357,0.5236961774696802,0.0264769923307915,0.5339587698341859,4888,5140,411,523,ok,0.8274465000140481,4,HR Promotion,,,,
11,XGBoost,classical,PCA,default,1200,10962,4.00003045797348e-07,{},0.5862068965517241,0.1074542284219703,0.5278372591006424,0.1785584932995291,0.5597403287924432,0.0676177119075257,0.5875704344751185,5933,4095,441,493,ok,0.8387445000116713,4,HR Promotion,,,,
12,XGBoost,classical,PCA,default,1200,10962,1.600012183189392e-06,{},0.5317460317460317,0.1030440536963509,0.5835117773019272,0.1751566768439659,0.555218194195439,0.0617020539143322,0.5716628344276284,5284,4744,389,545,ok,0.8071620999835432,4,HR Promotion,,,,
13,XGBoost,classical,PCA,default,1200,10961,7.00005330145359e-07,{},0.5334367302253444,0.1033959400493265,0.5841371918542336,0.1756931012250161,0.5564283885078907,0.0630337270311094,0.5792840603651683,5302,4726,388,545,ok,0.8054072000086308,4,HR Promotion,,,,
14,XGBoost,classical,PCA,default,1200,10961,4.00003045797348e-07,{},0.5393668460906852,0.1052934407364787,0.5884244372990354,0.178623718887262,0.5616134950755249,0.0688569391486865,0.5851999716976817,5363,4665,384,549,ok,0.7797668999992311,4,HR Promotion,,,,
0,VQC,quantum,PCA,default,1200,10962,2.00001522898674e-07,{},0.5,0.0877606527651858,0.5182012847965739,0.1501007908202822,0.508253015752894,0.0092166230243226,0.513469886032172,4997,5031,450,484,ok,11.285517600015735,4,HR Promotion,,,,
1,VQC,quantum,PCA,default,1200,10962,9.994255378842355e-08,{},0.5184272942893633,0.0803554181958663,0.4453961456102783,0.1361479299623629,0.4853127517042217,-0.0164270761054549,0.4865008596913653,5267,4761,518,416,ok,11.164919800008647,4,HR Promotion,,,,
2,VQC,quantum,PCA,default,1200,10962,2.00001522898674e-07,{},0.5462506841817186,0.0884270578647106,0.4646680942184154,0.1485792536802465,0.5092586581981586,0.010396452235628,0.5007307163069743,5554,4474,500,434,ok,11.633766899991317,4,HR Promotion,,,,
3,VQC,quantum,PCA,default,1200,10961,2.00001522898674e-07,{},0.5259556609798376,0.0873184898354307,0.4833869239013934,0.1479173499508035,0.5066515792223361,0.0074370961604513,0.5017560156321144,5314,4714,482,451,ok,11.56094600004144,4,HR Promotion,,,,
4,VQC,quantum,PCA,default,1200,10961,3.00002284348011e-07,{},0.4996806860687893,0.0848385331143951,0.4983922829581994,0.1449953227315248,0.4990964206972887,-0.0010086118687213,0.5018845410770528,5012,5016,468,465,ok,11.414523900020868,4,HR Promotion,,,,
5,VQC,quantum,PCA,default,1200,10962,2.00001522898674e-07,{},0.5016420361247947,0.0841138659320477,0.4903640256959314,0.1435961749490515,0.4965282434024133,-0.0038771216864547,0.5023374593963454,5041,4987,476,458,ok,11.626246800005902,4,HR Promotion,,,,
6,VQC,quantum,PCA,default,1200,10962,2.00001522898674e-07,{},0.4942528735632184,0.089126559714795,0.5353319057815846,0.1528117359413203,0.5128793553638678,0.0143868342358213,0.51042573300113,4918,5110,434,500,ok,11.46907980000833,4,HR Promotion,,,,
7,VQC,quantum,PCA,default,1200,10962,2.00001522898674e-07,{},0.5000912242291553,0.084156604463959,0.4925053533190578,0.14375,0.4966515597867726,-0.0037393401244041,0.4952443650284556,5022,5006,474,460,ok,11.718211899977176,4,HR Promotion,,,,
8,VQC,quantum,PCA,default,1200,10961,2.00001522898674e-07,{},0.517744731320135,0.0880181714934696,0.4983922829581994,0.1496138996138996,0.5089687780965708,0.0100178208222825,0.5167031775123972,5210,4818,468,465,ok,11.114589900011197,4,HR Promotion,,,,
9,VQC,quantum,PCA,default,1200,10961,3.00002284348011e-07,{},0.4698476416385366,0.0880067567567567,0.5584137191854234,0.1520501969940172,0.5100106090941078,0.0112103528133581,0.5078841409113433,4629,5399,412,521,ok,11.365631900029255,4,HR Promotion,,,,
10,VQC,quantum,PCA,default,1200,10962,2.00001522898674e-07,{},0.4836708629812078,0.0805821796237131,0.4860813704496788,0.138246041412911,0.4847638603345322,-0.0170213895903055,0.4858023871489593,4848,5180,480,454,ok,10.79460740002105,4,HR Promotion,,,,
11,VQC,quantum,PCA,default,1200,10962,2.00001522898674e-07,{},0.4792008757525999,0.0904100188711614,0.5642398286937902,0.155847996451279,0.5177601217661213,0.0198734778759859,0.519155518723164,4726,5302,407,527,ok,11.001018200011458,4,HR Promotion,,,,
12,VQC,quantum,PCA,default,1200,10962,3.00002284348011e-07,{},0.5160554643313264,0.0891144952058657,0.5074946466809421,0.1516072285303054,0.5121737294034946,0.0136007926668549,0.5140948491974078,5183,4845,460,474,ok,11.628922300005796,4,HR Promotion,,,,
13,VQC,quantum,PCA,default,1200,10961,4.00003045797348e-07,{},0.495575221238938,0.0877287405812701,0.5241157556270096,0.1502996772706316,0.5085177900592168,0.0095092867118821,0.5069429391914857,4943,5085,444,489,ok,11.280076599970926,4,HR Promotion,,,,
14,VQC,quantum,PCA,default,1200,10961,2.00001522898674e-07,{},0.4763251528145242,0.0838095238095238,0.5187566988210075,0.1443053070960047,0.49556702112969,-0.0049554305160095,0.4930956451624625,4737,5291,449,484,ok,11.662507499975618,4,HR Promotion,,,,
0,QNN,quantum,PCA,default,1200,10962,2.00001522898674e-07,{},0.5404123335157818,0.1004672897196261,0.5524625267665952,0.1700164744645799,0.5458762574000506,0.0513334944888302,0.5726250225279281,5408,4620,418,516,ok,13.364172700035851,4,HR Promotion,,,,
1,QNN,quantum,PCA,default,1200,10962,3.00002284348011e-07,{},0.4701696770662288,0.0946440452428476,0.6092077087794433,0.1638353008926,0.5332137466912773,0.0372663089543505,0.5453655353874248,4585,5443,365,569,ok,13.480973400000948,4,HR Promotion,,,,
2,QNN,quantum,PCA,default,1200,10962,2.00001522898674e-07,{},0.4955300127713921,0.0962754743499648,0.5867237687366167,0.165408994868699,0.5368800335505979,0.0412158395410805,0.5464950814379268,4884,5144,386,548,ok,13.867006700020283,4,HR Promotion,,,,
3,QNN,quantum,PCA,default,1200,10961,2.00001522898674e-07,{},0.534896451053736,0.1084790374130475,0.6184351554126474,0.1845809341010876,0.5727796040326101,0.0812748417449407,0.599899488292374,5286,4742,356,577,ok,13.83212120004464,4,HR Promotion,,,,
4,QNN,quantum,PCA,default,1200,10961,2.00001522898674e-07,{},0.5906395401879391,0.1077262693156732,0.5230439442658092,0.1786564158887058,0.5599862720930163,0.0679894452291817,0.5814653589456489,5986,4042,445,488,ok,13.414462800021283,4,HR Promotion,,,,
5,QNN,quantum,PCA,default,1200,10962,2.00001522898674e-07,{},0.6007115489874111,0.1128850910726332,0.5374732334047109,0.1865824196246051,0.5720373745802971,0.0819176901929117,0.591903056879709,6083,3945,432,502,ok,13.506291499943472,4,HR Promotion,,,,
6,QNN,quantum,PCA,default,1200,10962,1.00000761449337e-07,{},0.5037401933953658,0.097534833869239,0.5845824411134903,0.1671769748928352,0.5403965257023375,0.0451225650856851,0.5631626520688539,4976,5052,388,546,ok,13.079899200005457,4,HR Promotion,,,,
7,QNN,quantum,PCA,default,1200,10962,3.00002284348011e-07,{},0.4589490968801313,0.1001760281645063,0.6702355460385439,0.174300431574551,0.5547527949578439,0.0617536891929593,0.5543079484509754,4405,5623,308,626,ok,13.598702299990691,4,HR Promotion,,,,
8,QNN,quantum,PCA,default,1200,10961,3.00002284348011e-07,{},0.592190493568105,0.0979768129120254,0.4619506966773847,0.1616654163540885,0.5331293172258085,0.0377220574022901,0.5405211068173102,6060,3968,502,431,ok,13.70003429998178,4,HR Promotion,,,,
9,QNN,quantum,PCA,default,1200,10961,2.00001522898674e-07,{},0.5066143600036493,0.0953156086091517,0.564844587352626,0.163107397090684,0.5330206183671786,0.0368603968353869,0.5540854845446683,5026,5002,406,527,ok,13.535841000033544,4,HR Promotion,,,,
10,QNN,quantum,PCA,default,1200,10962,3.00002284348011e-07,{},0.4854041233351578,0.1029188459591699,0.6531049250535332,0.1778166448039644,0.5614447640824108,0.0688459308722063,0.5812582371074055,4711,5317,324,610,ok,13.2854036000208,4,HR Promotion,,,,
11,QNN,quantum,PCA,default,1200,10962,4.00003045797348e-07,{},0.4413428206531655,0.0975496277915632,0.6734475374732334,0.1704145218098076,0.5465861540577176,0.0528535500522496,0.5781578710232335,4209,5819,305,629,ok,13.599758199998178,4,HR Promotion,,,,
12,QNN,quantum,PCA,default,1200,10962,2.00001522898674e-07,{},0.5656814449917899,0.1037481880306481,0.5364025695931478,0.1738677771993753,0.5524055129577227,0.0589416769354553,0.5697141686361699,5700,4328,433,501,ok,12.919107499998065,4,HR Promotion,,,,
13,QNN,quantum,PCA,default,1200,10961,2.00001522898674e-07,{},0.4969437095155551,0.0932338838572189,0.5627009646302251,0.159963436928702,0.5267633263518098,0.0298855809044833,0.533148181875315,4922,5106,408,525,ok,13.20968620001804,4,HR Promotion,,,,
14,QNN,quantum,PCA,default,1200,10961,2.00001522898674e-07,{},0.5587081470668734,0.1069271043093032,0.5691318327974276,0.1800305136463807,0.5634350827329779,0.0711229135943483,0.5788531661187902,5593,4435,402,531,ok,13.685703900002409,4,HR Promotion,,,,
0,QSVC,quantum,PCA,default,1200,10962,2.00001522898674e-07,{},0.474730888523992,0.0872689938398357,0.5460385438972163,0.1504868692829743,0.5070639468588595,0.0079059265544363,0.4934581992690274,4694,5334,424,510,ok,477.147314700007,4,HR Promotion,,,,
1,QSVC,quantum,PCA,default,1200,10962,2.00001522898674e-07,{},0.5158730158730159,0.0892353935750516,0.5085653104925053,0.1518299504554898,0.5125594801365598,0.0140314637770266,0.5222433930177516,5180,4848,459,475,ok,472.7376483999542,4,HR Promotion,,,,
2,QSVC,quantum,PCA,default,1200,10962,3.00002284348011e-07,{},0.4601350118591498,0.0841121495327102,0.5396145610278372,0.1455385503898354,0.4961734552247283,-0.0042919366117703,0.4974125446608169,4540,5488,430,504,ok,474.2988095000037,4,HR Promotion,,,,
3,QSVC,quantum,PCA,default,1200,10961,1.00000761449337e-07,{},0.5525043335462093,0.0910214168039538,0.4737406216505895,0.1527034030057004,0.5167865453685736,0.0188606708319137,0.5109363129432658,5614,4414,491,442,ok,476.18887910002377,4,HR Promotion,,,,
4,QSVC,quantum,PCA,default,1200,10961,1.00000761449337e-07,{},0.506158197244777,0.0943498732343353,0.5584137191854234,0.161425251742835,0.5298550446744827,0.033326367185542,0.5341835999608385,5027,5001,412,521,ok,475.9515479999827,4,HR Promotion,,,,
5,QSVC,quantum,PCA,default,1200,10962,2.00001522898674e-07,{},0.5330231709542055,0.0839133028435076,0.4518201284796574,0.1415394935435183,0.4962032433383528,-0.0042544690442984,0.4923958633171872,5421,4607,512,422,ok,476.9225255000056,4,HR Promotion,,,,
6,QSVC,quantum,PCA,default,1200,10962,1.00000761449337e-07,{},0.5103995621237001,0.0863967158051875,0.4957173447537473,0.1471476243445098,0.5037421985037185,0.0041800861012982,0.5091159101411123,5132,4896,471,463,ok,477.9613962000003,4,HR Promotion,,,,
7,QSVC,quantum,PCA,default,1200,10962,2.00001522898674e-07,{},0.4455391351943076,0.0870263326910725,0.5802997858672377,0.1513543702876291,0.5066437102451467,0.0074891555468364,0.5038128785439313,4342,5686,392,542,ok,478.6277311000158,4,HR Promotion,,,,
8,QSVC,quantum,PCA,default,1200,10961,3.00002284348011e-07,{},0.5673752394854484,0.0910457375993128,0.4544480171489817,0.1516994633273703,0.5161649738716588,0.0182512143617758,0.4849922895421223,5795,4233,509,424,ok,474.4441231000237,4,HR Promotion,,,,
9,QSVC,quantum,PCA,default,1200,10961,3.00002284348011e-07,{},0.521211568287565,0.0897509032135387,0.5058949624866024,0.1524547803617571,0.5142657899788416,0.0159370749226355,0.471509890206671,5241,4787,461,472,ok,478.1894005999784,4,HR Promotion,,,,
10,QSVC,quantum,PCA,default,1200,10962,1.9994331523776054e-07,{},0.5048348841452289,0.0832715133531157,0.480728051391863,0.1419538412899146,0.4939041134502194,-0.0068083979589502,0.4992561512988472,5085,4943,485,449,ok,476.0809520000476,4,HR Promotion,,,,
11,QSVC,quantum,PCA,default,1200,10962,3.00002284348011e-07,{},0.4740923189199051,0.0811513785330327,0.5010706638115632,0.1396806446798985,0.4863251204977241,-0.0152920726622574,0.4937591766608101,4729,5299,466,468,ok,475.89184679999016,4,HR Promotion,,,,
12,QSVC,quantum,PCA,default,1200,10962,2.00001522898674e-07,{},0.4997263273125342,0.0865139949109414,0.5096359743040685,0.1479179614667495,0.5042196624611687,0.0047122865793433,0.4875098653107488,5002,5026,458,476,ok,476.5031147000264,4,HR Promotion,,,,
13,QSVC,quantum,PCA,default,1200,10961,3.00002284348011e-07,{},0.5150077547669009,0.0901440059846643,0.5166130760986066,0.1535031847133758,0.5157357362942175,0.0175700805641582,0.524024211308016,5163,4865,451,482,ok,476.99025799997617,4,HR Promotion,,,,
14,QSVC,quantum,PCA,default,1200,10961,5.00003807246685e-07,{},0.5306085211203357,0.0813121272365805,0.4383708467309753,0.1371792721784336,0.4887805569913353,-0.0125661234655337,0.5,5407,4621,524,409,ok,473.6605160000036,4,HR Promotion,,,,
0,QDT,quantum,PCA,default,1200,10962,1.00000761449337e-07,{},0.4143404488232074,0.086024750980984,0.6102783725910065,0.1507936507936507,0.503184658972009,0.0036366639947567,0.5084545392814467,3972,6056,364,570,ok,0.5757766999886371,4,HR Promotion,,,,
1,QDT,quantum,PCA,default,1200,10962,2.00001522898674e-07,{},0.5099434409779238,0.085233644859813,0.4882226980728051,0.1451304901336728,0.5000945959450583,0.0001056689506351,0.5077936488752264,5134,4894,478,456,ok,0.6231435999507084,4,HR Promotion,,,,
2,QDT,quantum,PCA,default,1200,10962,2.00001522898674e-07,{},0.3903484765553731,0.0810377495991837,0.5952890792291221,0.1426555484284798,0.4832747749556061,-0.0192994073225835,0.4790482259950511,3723,6305,378,556,ok,0.6994214000296779,4,HR Promotion,,,,
3,QDT,quantum,PCA,default,1200,10961,1.9994331523776054e-07,{},0.454885503147523,0.0849522555153111,0.5530546623794212,0.147281290138433,0.4994032785371378,-0.000670025105336,0.4908260621599286,4470,5558,417,516,ok,0.669141500024125,4,HR Promotion,,,,
4,QDT,quantum,PCA,default,1200,10961,2.00001522898674e-07,{},0.6581516285010491,0.0819964349376114,0.2958199356913183,0.1284019539427774,0.4938413599477732,-0.0074514682846597,0.4909457698508485,6938,3090,657,276,ok,0.6675079999840818,4,HR Promotion,,,,
5,QDT,quantum,PCA,default,1200,10962,2.999440766870976e-07,{},0.3992884510125889,0.0813453845014076,0.5877944325481799,0.1429129246388129,0.4847627926602088,-0.0174904317454229,0.4827454220260359,3828,6200,385,549,ok,0.6524341000476852,4,HR Promotion,,,,
6,QDT,quantum,PCA,default,1200,10962,4.00003045797348e-07,{},0.5576537128261266,0.0774875890351823,0.3843683083511777,0.1289743129153943,0.4790808434456327,-0.023645911977731,0.4824793575846303,5754,4274,575,359,ok,0.6247091999975964,4,HR Promotion,,,,
7,QDT,quantum,PCA,default,1200,10962,4.00003045797348e-07,{},0.3887976646597336,0.0868443680137575,0.6488222698072805,0.1531850353892821,0.5067007240540192,0.0077787028648744,0.5036391145477886,3656,6372,328,606,ok,0.6287631999584846,4,HR Promotion,,,,
8,QDT,quantum,PCA,default,1200,10961,3.00002284348011e-07,{},0.681050998996442,0.087012568482114,0.2893890675241157,0.1337958374628345,0.5034400463268764,0.0042618226323468,0.515585300066566,7195,2833,663,270,ok,0.6112257000058889,4,HR Promotion,,,,
9,QDT,quantum,PCA,default,1200,10961,3.00002284348011e-07,{},0.5798740990785513,0.0800548947849954,0.37513397642015,0.1319509896324222,0.487028495988296,-0.0147849031530735,0.4884243731699152,6006,4022,583,350,ok,0.673912999976892,4,HR Promotion,,,,
10,QDT,quantum,PCA,default,1200,10962,5.00003807246685e-07,{},0.5225323846013501,0.0852623456790123,0.4732334047109208,0.1444916639424648,0.5001787286817467,0.0001998865551351,0.5074082718281745,5286,4742,492,442,ok,0.6072595999576151,4,HR Promotion,,,,
11,QDT,quantum,PCA,default,1200,10962,4.00003045797348e-07,{},0.6105637657361795,0.0893868505294262,0.3886509635974304,0.1453453453453453,0.5099417562303068,0.011494794145201,0.5030598478435969,6330,3698,571,363,ok,0.582464599981904,4,HR Promotion,,,,
12,QDT,quantum,PCA,default,1200,10962,4.00003045797348e-07,{},0.5739828498449188,0.0854416333777186,0.4122055674518201,0.1415441176470588,0.50062811280449,0.0007128052483711,0.5005473966256366,5907,4121,549,385,ok,0.6600561999948695,4,HR Promotion,,,,
13,QDT,quantum,PCA,default,1200,10961,3.00002284348011e-07,{},0.25800565641821,0.0841035120147874,0.7802786709539121,0.151840650745646,0.4948461563784319,-0.0070585440353932,0.5059513426713883,2100,7928,205,728,ok,0.5824544000206515,4,HR Promotion,,,,
14,QDT,quantum,PCA,default,1200,10961,3.00002284348011e-07,{},0.5330718000182465,0.0839133028435076,0.4523043944265809,0.1415632338141563,0.4964453763118146,-0.0039813487520866,0.4993185212166918,5421,4607,511,422,ok,0.6059513999498449,4,HR Promotion,,,,
0,LogReg,classical,PCA,gwo,1200,10962,5.111637900001369,{'C': 0.005066341778354262},0.5884875022806058,0.1142980375242613,0.5674518201284796,0.1902710464907556,0.5789492846154962,0.0892298129592503,0.6073512366658154,5921,4107,404,530,ok,0.0505663999938406,4,HR Promotion,0.190154804699438,76.0,"[0.18954394661368026, 0.1898046508217529, 0.1898046508217529, 0.1898046508217529, 0.1898046508217529, 0.190154804699438, 0.190154804699438, 0.190154804699438, 0.190154804699438, 0.190154804699438]",True
1,LogReg,classical,PCA,gwo,1200,10962,3.1340710999793373,{'C': 0.0010724904830835573},0.575442437511403,0.1158612143742255,0.6006423982869379,0.1942520775623268,0.5868688656771746,0.097675724980903,0.6278753537205034,5747,4281,373,561,ok,0.0725139999995008,4,HR Promotion,0.1646540009133537,39.0,"[0.16449089744279832, 0.16465400091335378, 0.16465400091335378, 0.16465400091335378, 0.16465400091335378, 0.16465400091335378]",True
2,LogReg,classical,PCA,gwo,1200,10962,4.026646299986169,{'C': 0.027927499990991155},0.5834701696770662,0.1192872117400419,0.6092077087794433,0.1995091164095371,0.5951403521958645,0.1071521002339467,0.6316644765107378,5827,4201,365,569,ok,0.0631532000261358,4,HR Promotion,0.2139349622495689,56.0,"[0.2127946127946128, 0.213223136267829, 0.21393496224956898, 0.21393496224956898, 0.21393496224956898, 0.21393496224956898, 0.21393496224956898]",True
3,LogReg,classical,PCA,gwo,1200,10961,2.8120780999888666,{'C': 0.471294816146497},0.5650031931393121,0.1074718526100307,0.5627009646302251,0.180474389824682,0.5639591779672865,0.0718190550933023,0.5866896377174993,5668,4360,408,525,ok,0.074188900005538,4,HR Promotion,0.198786876206231,37.0,"[0.19878687620623103, 0.19878687620623103, 0.19878687620623103, 0.19878687620623103, 0.19878687620623103]",True
4,LogReg,classical,PCA,gwo,1200,10961,2.473980800015852,{'C': 16.252702695013618},0.6041419578505611,0.1174752920035938,0.5605573419078242,0.1942432683379758,0.5843771950863413,0.0958889031364442,0.6289983971995241,6099,3929,410,523,ok,0.0701818999950774,4,HR Promotion,0.2320011375392867,30.0,"[0.23200113753928678, 0.23200113753928678, 0.23200113753928678, 0.23200113753928678, 0.23200113753928678]",True
5,LogReg,classical,PCA,gwo,1200,10962,4.088491300004534,{'C': 0.0025657349406580823},0.5824667031563583,0.117090603321421,0.5963597430406852,0.1957476717624319,0.5887662297173908,0.1000048129139985,0.6271754932014768,5828,4200,377,557,ok,0.0627566999755799,4,HR Promotion,0.1742396407430088,61.0,"[0.17376232901539576, 0.17388862499117694, 0.17388862499117694, 0.1742396407430088, 0.1742396407430088, 0.1742396407430088, 0.1742396407430088, 0.1742396407430088]",True
6,LogReg,classical,PCA,gwo,1200,10962,3.777279400033876,{'C': 0.05218452389442822},0.5917715745301952,0.1158602733781731,0.5717344753747323,0.1926754465091106,0.5826861447475975,0.0935299189621454,0.6210882548137164,5953,4075,400,534,ok,0.0644042000058107,4,HR Promotion,0.1908716054499616,55.0,"[0.1905262011451332, 0.19061701370600814, 0.1908716054499616, 0.1908716054499616, 0.1908716054499616, 0.1908716054499616, 0.1908716054499616]",True
7,LogReg,classical,PCA,gwo,1200,10962,2.3874319000169635,{'C': 0.0010000000000000002},0.559843094325853,0.1060943510832152,0.5610278372591007,0.1784437255235825,0.5603802927819237,0.0677610093220498,0.5813259276595126,5613,4415,410,524,ok,0.0807435000315308,4,HR Promotion,0.1942501942501942,31.0,"[0.19273628685752717, 0.19425019425019427, 0.19425019425019427, 0.19425019425019427, 0.19425019425019427, 0.19425019425019427]",True
8,LogReg,classical,PCA,gwo,1200,10961,3.659070599998813,{'C': 0.0037321922123044813},0.5648207280357631,0.116069641785071,0.6216505894962486,0.1956155143338954,0.5905919481186868,0.1015182416725322,0.6229429515897822,5611,4417,353,580,ok,0.0663063999963924,4,HR Promotion,0.2016655028262129,48.0,"[0.20150363581245742, 0.20150363581245742, 0.20166550282621298, 0.20166550282621298, 0.20166550282621298, 0.20166550282621298, 0.20166550282621298]",True
9,LogReg,classical,PCA,gwo,1200,10961,5.183695100015029,{'C': 0.015019188732610093},0.5668278441748016,0.0957830048739139,0.4844587352625938,0.1599433828733192,0.529475079637679,0.0332235546454828,0.5532479047947633,5761,4267,481,452,ok,0.0467737999861128,4,HR Promotion,0.1841003254401476,80.0,"[0.18016943418117584, 0.18064868402782894, 0.18064868402782894, 0.18064868402782894, 0.18272504571141088, 0.18410032544014765, 0.18410032544014765, 0.18410032544014765, 0.18410032544014765, 0.18410032544014765]",True
10,LogReg,classical,PCA,gwo,1200,10962,2.3152993000112474,{'C': 0.0010048884723145306},0.560572888159095,0.1099055656017681,0.5856531049250535,0.1850786668922348,0.5719450207513181,0.0806854900130512,0.6024689221357928,5598,4430,387,547,ok,0.0705224999692291,4,HR Promotion,0.1849738722100531,32.0,"[0.18497387221005313, 0.18497387221005313, 0.18497387221005313, 0.18497387221005313, 0.18497387221005313]",True
11,LogReg,classical,PCA,gwo,1200,10962,4.36940590001177,{'C': 0.002212206451762309},0.6464148877941981,0.1251274209989806,0.525695931477516,0.2021407986825854,0.5916772437602977,0.1067783028282442,0.6300225535524087,6595,3433,443,491,ok,0.0526060999836772,4,HR Promotion,0.1772265344403236,63.0,"[0.17657374807325155, 0.17657374807325155, 0.17657374807325155, 0.17719655591613737, 0.17719655591613737, 0.17722653444032363, 0.17722653444032363, 0.17722653444032363]",True
12,LogReg,classical,PCA,gwo,1200,10962,3.9002386999782175,{'C': 0.17317665739233187},0.577175697865353,0.1106669471912476,0.563169164882227,0.1849832952347459,0.5708247100837143,0.0797995908791424,0.5993563311806172,5801,4227,408,526,ok,0.0587889999733306,4,HR Promotion,0.1981533098198929,56.0,"[0.19674872677149682, 0.19736329192753269, 0.1981533098198929, 0.1981533098198929, 0.1981533098198929, 0.1981533098198929, 0.1981533098198929]",True
13,LogReg,classical,PCA,gwo,1200,10961,2.142025500012096,{'C': 0.0010000000000000002},0.5888148891524496,0.1197872340425531,0.6034297963558414,0.1998934848215871,0.5954424610020133,0.1076338384703662,0.6435962691388015,5891,4137,370,563,ok,0.070330299960915,4,HR Promotion,0.1904677566314151,32.0,"[0.1901370870254631, 0.1901370870254631, 0.19046775663141516, 0.19046775663141516, 0.19046775663141516, 0.19046775663141516, 0.19046775663141516]",True
14,LogReg,classical,PCA,gwo,1200,10961,2.347604299953673,{'C': 0.006598160114848117},0.5750387738345042,0.1130272179513816,0.5830653804930332,0.1893491124260355,0.5786786814710878,0.0884830721787343,0.6055819161866602,5759,4269,389,544,ok,0.0647292000357993,4,HR Promotion,0.1919749281766891,35.0,"[0.19197492817668912, 0.19197492817668912, 0.19197492817668912, 0.19197492817668912, 0.19197492817668912]",True
0,SVC,classical,PCA,gwo,1200,10962,5.385435800009873,"{'C': 16.378307816563098, 'gamma': 0.00018884012939936345}",0.6165845648604269,0.1158636897767332,0.5278372591006424,0.1900173443823472,0.576343838963963,0.0874723221050617,0.4004801011130291,6266,3762,441,493,ok,0.3807411000016145,4,HR Promotion,0.1638995070594746,56.0,"[0.1581824063356211, 0.15974916431292271, 0.16389950705947462, 0.16389950705947462, 0.16389950705947462, 0.16389950705947462, 0.16389950705947462]",True
1,SVC,classical,PCA,gwo,1200,10962,6.197836900013499,"{'C': 0.8021560352119268, 'gamma': 0.08599526454659683}",0.5395913154533845,0.0905833167429822,0.487152034261242,0.1527614571092831,0.5158137514744583,0.0177217764524004,0.4712256965293752,5460,4568,479,455,ok,0.304097099986393,4,HR Promotion,0.1907493922438557,64.0,"[0.18778061821459102, 0.18778061821459102, 0.18778061821459102, 0.19074939224385576, 0.19074939224385576, 0.19074939224385576, 0.19074939224385576, 0.19074939224385576]",True
2,SVC,classical,PCA,gwo,1200,10962,8.394362199993338,"{'C': 20.666940999043796, 'gamma': 0.005517439701744478}",0.6080094873198322,0.1198281709247117,0.5674518201284796,0.19787194325182,0.5896194082692657,0.1019996144393757,0.6261751357441134,6135,3893,404,530,ok,0.2412257000105455,4,HR Promotion,0.2261100504602556,96.0,"[0.21164403083124042, 0.21164403083124042, 0.21164403083124042, 0.21469581052574413, 0.21727275506469304, 0.21800798978961558, 0.22314748780834673, 0.22314748780834673, 0.22314748780834673, 0.22314748780834673, 0.22597257953374209, 0.22611005046025565]",False
3,SVC,classical,PCA,gwo,1200,10961,5.926988199993502,"{'C': 0.059236888569042884, 'gamma': 0.0011831009615268016}",0.5411914971261746,0.1093094238840137,0.6141479099678456,0.1855870445344129,0.5742757898463081,0.0829882683060178,0.4019488732727356,5359,4669,360,573,ok,0.3406492999638431,4,HR Promotion,0.1968587891653764,56.0,"[0.1965003180447061, 0.1965003180447061, 0.19685878916537644, 0.19685878916537644, 0.19685878916537644, 0.19685878916537644, 0.19685878916537644]",True
4,SVC,classical,PCA,gwo,1200,10961,8.711867599980906,"{'C': 100.00000000000013, 'gamma': 0.007698014040827587}",0.6296870723474136,0.1257183908045977,0.5627009646302251,0.2055196711685261,0.599310195119261,0.114134422144302,0.6349847971232532,6377,3651,408,525,ok,0.2607902000308968,4,HR Promotion,0.1939683054067621,88.0,"[0.1818095724790214, 0.1818095724790214, 0.18540941097332075, 0.18723782954107984, 0.18731880774992304, 0.18731880774992304, 0.1939683054067621, 0.1939683054067621, 0.1939683054067621, 0.1939683054067621, 0.1939683054067621]",True
5,SVC,classical,PCA,gwo,1200,10962,6.665299100044649,"{'C': 16.404835403953182, 'gamma': 0.00010000000000000009}",0.5560116767013319,0.1098988295973021,0.5931477516059958,0.185439330543933,0.5728503018101778,0.0816180233148658,0.6089833904040849,5541,4487,380,554,ok,0.3626672999816946,4,HR Promotion,0.2270570956065179,72.0,"[0.22385314350881066, 0.22654361678751922, 0.22654361678751922, 0.22654361678751922, 0.22705709560651796, 0.22705709560651796, 0.22705709560651796, 0.22705709560651796, 0.22705709560651796]",True
6,SVC,classical,PCA,gwo,1200,10962,7.52653619996272,"{'C': 0.1724164531737287, 'gamma': 0.0034754904297452692}",0.601715015508119,0.1191744340878828,0.5749464668094219,0.1974264705882353,0.5895773419009216,0.101655624572009,0.3803986952165627,6059,3969,397,537,ok,0.2800660000066273,4,HR Promotion,0.2073197704385823,80.0,"[0.2041136738528326, 0.20420781508080185, 0.20420781508080185, 0.20420781508080185, 0.2056915519831121, 0.20731977043858232, 0.20731977043858232, 0.20731977043858232, 0.20731977043858232, 0.20731977043858232]",True
7,SVC,classical,PCA,gwo,1200,10962,8.603403699991759,"{'C': 97.7863861067131, 'gamma': 0.00024313234218923812}",0.5528188286808976,0.1121970289288506,0.6145610278372591,0.1897520661157024,0.5808146184260089,0.0904494332026362,0.6083868273758529,5486,4542,360,574,ok,0.2912608000333421,4,HR Promotion,0.2033224927325281,96.0,"[0.19673236816093956, 0.19673236816093956, 0.19995021160069704, 0.20018959421586816, 0.20018959421586816, 0.20126373759758073, 0.20126373759758073, 0.20126373759758073, 0.20274018753181475, 0.20274018753181475, 0.2033224927325281, 0.2033224927325281]",False
8,SVC,classical,PCA,gwo,1200,10961,6.845534599968232,"{'C': 77.61297548073355, 'gamma': 0.00010000000000000009}",0.6343399324879117,0.1249085142717736,0.5487674169346195,0.2034976152623211,0.5955344862894079,0.1101980315394132,0.641804661845012,6441,3587,421,512,ok,0.2823046999983489,4,HR Promotion,0.2001752232937673,70.0,"[0.18997187485508085, 0.19463967405143878, 0.19463967405143878, 0.19897717910091214, 0.20017522329376733, 0.20017522329376733, 0.20017522329376733, 0.20017522329376733, 0.20017522329376733]",True
9,SVC,classical,PCA,gwo,1200,10961,6.317771400033962,"{'C': 53.52159473979834, 'gamma': 0.00010000000000000009}",0.60085758598668,0.1085077343039126,0.5112540192926045,0.1790204541189716,0.5602241376877861,0.0685807710272663,0.5784644367689012,6109,3919,456,477,ok,0.3463846999802626,4,HR Promotion,0.1776052742855305,63.0,"[0.1757679141761187, 0.17706568793525315, 0.17706568793525315, 0.17760527428553052, 0.17760527428553052, 0.17760527428553052, 0.17760527428553052, 0.17760527428553052]",True
10,SVC,classical,PCA,gwo,1200,10962,8.603993099997751,"{'C': 9.564736033357685, 'gamma': 0.08997346091798784}",0.6018974639664295,0.1024571163653222,0.4732334047109208,0.1684451219512195,0.5435572687695011,0.0497835268540509,0.5693996317804793,6156,3872,492,442,ok,0.2377833999926224,4,HR Promotion,0.2091436778444652,96.0,"[0.18781528304300862, 0.1951113501177686, 0.1951113501177686, 0.20278340698112562, 0.20441732578701508, 0.20441732578701508, 0.20441732578701508, 0.20441732578701508, 0.20914367784446528, 0.20914367784446528, 0.20914367784446528, 0.20914367784446528]",False
11,SVC,classical,PCA,gwo,1200,10962,6.398199699993711,"{'C': 16.50485430385794, 'gamma': 0.00013503538767981112}",0.6394818463783981,0.0993096123207647,0.4004282655246253,0.1591489361702127,0.5310876868109764,0.0365521787842841,0.4325093165261464,6636,3392,560,374,ok,0.3521507999976165,4,HR Promotion,0.1986161003873428,62.0,"[0.19002780194397195, 0.19287992907464527, 0.19287992907464527, 0.19861610038734287, 0.19861610038734287, 0.19861610038734287, 0.19861610038734287, 0.19861610038734287]",True
12,SVC,classical,PCA,gwo,1200,10962,4.920352799992543,"{'C': 3.4296657349390154, 'gamma': 0.0007531428318469927}",0.5098522167487685,0.1129904097646033,0.6937901498929336,0.194331983805668,0.5932552664103679,0.1042535860194133,0.6485676828648521,4941,5087,286,648,ok,0.3843284000176936,4,HR Promotion,0.2299607577446169,48.0,"[0.21773543875256382, 0.2299607577446169, 0.2299607577446169, 0.2299607577446169, 0.2299607577446169, 0.2299607577446169]",True
13,SVC,classical,PCA,gwo,1200,10961,4.893468400056008,"{'C': 1.0013064029397198, 'gamma': 0.009934388540494022}",0.5109022899370496,0.1091101694915254,0.662379421221865,0.1873578899499772,0.5795941781019576,0.0888960929661222,0.6100430049879629,4982,5046,315,618,ok,0.3414165000431239,4,HR Promotion,0.1922644797976362,48.0,"[0.1842632469305716, 0.19226447979763628, 0.19226447979763628, 0.19226447979763628, 0.19226447979763628, 0.19226447979763628]",True
14,SVC,classical,PCA,gwo,1200,10961,8.572056300006807,"{'C': 100.00000000000013, 'gamma': 0.0005838529953889827}",0.6113493294407445,0.1228746316028111,0.5809217577706324,0.2028443113772455,0.5975510264720733,0.1110249649842436,0.5,6159,3869,391,542,ok,0.2775184999918565,4,HR Promotion,0.1943839093426315,96.0,"[0.18700655279440356, 0.18700655279440356, 0.18700655279440356, 0.18700655279440356, 0.18861566601007906, 0.1887178091717877, 0.19299327365936678, 0.19299327365936678, 0.19299327365936678, 0.194167646366853, 0.19435042309606768, 0.19438390934263153]",False
0,DecisionTree,classical,PCA,gwo,1200,10962,2.3059676000266336,"{'max_depth': 2, 'min_samples_leaf': 20}",0.2023353402663747,0.0877322635135135,0.8897216274089935,0.1597155487218912,0.5140171758903763,0.0228379511944596,0.5417690210451421,1387,8641,103,831,ok,0.0959739999962039,4,HR Promotion,0.1912408790761075,31.0,"[0.19124087907610757, 0.19124087907610757, 0.19124087907610757, 0.19124087907610757, 0.19124087907610757]",True
1,DecisionTree,classical,PCA,gwo,1200,10962,3.7286009999806993,"{'max_depth': 2, 'min_samples_leaf': 9}",0.3551359241014413,0.0978104103841615,0.7987152034261242,0.174278705758673,0.5562682518925595,0.0682887600442089,0.55913346270699,3147,6881,188,746,ok,0.0520136000122875,4,HR Promotion,0.1754979570990807,50.0,"[0.17390883558316253, 0.17390883558316253, 0.17390883558316253, 0.1754979570990807, 0.1754979570990807, 0.1754979570990807, 0.1754979570990807, 0.1754979570990807]",True
2,DecisionTree,classical,PCA,gwo,1200,10962,3.3562366999685764,"{'max_depth': 7, 'min_samples_leaf': 4}",0.449826673964605,0.0950262196090894,0.6402569593147751,0.1654905216549052,0.5361735534507661,0.0408470753646853,0.5444327617147361,4333,5695,336,598,ok,0.0631855000392533,4,HR Promotion,0.182737702472117,44.0,"[0.16522427784162466, 0.17785712624314257, 0.18131465911393843, 0.18131465911393843, 0.18273770247211707, 0.18273770247211707, 0.18273770247211707, 0.18273770247211707, 0.18273770247211707]",True
3,DecisionTree,classical,PCA,gwo,1200,10961,3.031582299969159,"{'max_depth': 2, 'min_samples_leaf': 3}",0.6546847915336192,0.1191239316239316,0.4780278670953912,0.1907205473594184,0.574574364341473,0.087764981920038,0.5790439502511937,6730,3298,487,446,ok,0.0698671000427566,4,HR Promotion,0.1811006323157218,41.0,"[0.17361275036937954, 0.17361275036937954, 0.1811006323157218, 0.1811006323157218, 0.1811006323157218, 0.1811006323157218, 0.1811006323157218]",True
4,DecisionTree,classical,PCA,gwo,1200,10961,4.115403299976606,"{'max_depth': 4, 'min_samples_leaf': 19}",0.3734148344129185,0.0941047736287785,0.737406216505895,0.1669092673459485,0.5384777392860548,0.0455672378409047,0.576808141918598,3405,6623,245,688,ok,0.04887709999457,4,HR Promotion,0.1830044840526383,60.0,"[0.17430883187872537, 0.17430883187872537, 0.17430883187872537, 0.17430883187872537, 0.17959746766119455, 0.18300448405263836, 0.18300448405263836, 0.18300448405263836, 0.18300448405263836, 0.18300448405263836]",True
5,DecisionTree,classical,PCA,gwo,1200,10962,4.36185560002923,"{'max_depth': 6, 'min_samples_leaf': 11}",0.5163291370187922,0.1017505470459518,0.5974304068522484,0.1738859457775007,0.5531029178258051,0.0593019868462139,0.5866402232208061,5102,4926,376,558,ok,0.047362899989821,4,HR Promotion,0.1805402925869824,63.0,"[0.18037769818919372, 0.18037769818919372, 0.18037769818919372, 0.18037769818919372, 0.18054029258698243, 0.18054029258698243, 0.18054029258698243, 0.18054029258698243, 0.18054029258698243]",True
6,DecisionTree,classical,PCA,gwo,1200,10962,2.841284300026018,"{'max_depth': 13, 'min_samples_leaf': 5}",0.6351030833789455,0.10078125,0.4143468950749465,0.1621281943862589,0.5350055177409037,0.0409713717743195,0.5470977835935185,6575,3453,547,387,ok,0.0705732000060379,4,HR Promotion,0.1680657999070234,39.0,"[0.16145002034295805, 0.1680657999070234, 0.1680657999070234, 0.1680657999070234, 0.1680657999070234, 0.1680657999070234]",True
7,DecisionTree,classical,PCA,gwo,1200,10962,3.437278299999889,"{'max_depth': 7, 'min_samples_leaf': 2}",0.538770297390987,0.0982456140350877,0.5396145610278372,0.1662269129287599,0.5391531121852389,0.0438136510459552,0.5563908742886086,5402,4626,430,504,ok,0.0610653000185266,4,HR Promotion,0.181889667196974,45.0,"[0.17977065650340765, 0.17977065650340765, 0.17977065650340765, 0.17977065650340765, 0.18136377796441427, 0.18154170430593194, 0.181889667196974, 0.181889667196974, 0.181889667196974, 0.181889667196974, 0.181889667196974]",True
8,DecisionTree,classical,PCA,gwo,1200,10961,2.0130833000293933,"{'max_depth': 2, 'min_samples_leaf': 8}",0.6207462822735151,0.0916919959473151,0.3879957127545552,0.1483302601925835,0.5151984945902812,0.0176700615373013,0.5160740174029331,6442,3586,571,362,ok,0.0786052999901585,4,HR Promotion,0.195864796638052,27.0,"[0.195864796638052, 0.195864796638052, 0.195864796638052, 0.195864796638052, 0.195864796638052]",True
9,DecisionTree,classical,PCA,gwo,1200,10961,3.37783039995702,"{'max_depth': 9, 'min_samples_leaf': 6}",0.6215673752394855,0.1035758323057953,0.45016077170418,0.1684041700080192,0.5438378649107258,0.0506779055665902,0.5512765756417936,6393,3635,513,420,ok,0.0610051000257954,4,HR Promotion,0.1690773860216885,47.0,"[0.16105044205328925, 0.1644502931754176, 0.1644502931754176, 0.16907738602168854, 0.16907738602168854, 0.16907738602168854, 0.16907738602168854, 0.16907738602168854]",True
10,DecisionTree,classical,PCA,gwo,1200,10962,3.274469500000123,"{'max_depth': 11, 'min_samples_leaf': 14}",0.6091041780696953,0.1017352032327073,0.4582441113490364,0.1665045710951176,0.5406996384427671,0.0467306922889424,0.5786140882616468,6249,3779,506,428,ok,0.0628411999787204,4,HR Promotion,0.1625042014901121,41.0,"[0.15757672436780154, 0.16250420149011216, 0.16250420149011216, 0.16250420149011216, 0.16250420149011216, 0.16250420149011216]",True
11,DecisionTree,classical,PCA,gwo,1200,10962,3.215558299969416,"{'max_depth': 10, 'min_samples_leaf': 11}",0.4159824849480021,0.0955621301775147,0.6916488222698073,0.1679230569274759,0.5409779811388925,0.0470608516922538,0.5682460630576996,3914,6114,288,646,ok,0.063227700011339,4,HR Promotion,0.1829513195039172,43.0,"[0.16940622140376604, 0.1761808693860856, 0.18295131950391727, 0.18295131950391727, 0.18295131950391727, 0.18295131950391727, 0.18295131950391727]",True
12,DecisionTree,classical,PCA,gwo,1200,10962,2.5956641999655403,"{'max_depth': 2, 'min_samples_leaf': 11}",0.8748403575989783,0.1490384615384615,0.0995717344753747,0.1193838254172015,0.5233099996668856,0.0561748996117921,0.541075459804624,9497,531,841,93,ok,0.0636778000043705,4,HR Promotion,0.187850120264113,33.0,"[0.18027319281742457, 0.187850120264113, 0.187850120264113, 0.187850120264113, 0.187850120264113, 0.187850120264113]",True
13,DecisionTree,classical,PCA,gwo,1200,10961,3.039504299988039,"{'max_depth': 3, 'min_samples_leaf': 17}",0.6335188395219414,0.0994805194805194,0.4105037513397642,0.1601505331381977,0.5323859004006359,0.0378650253596183,0.5792506597817644,6561,3467,550,383,ok,0.0709278000285849,4,HR Promotion,0.1943262193089086,43.0,"[0.1890099569746786, 0.19432621930890867, 0.19432621930890867, 0.19432621930890867, 0.19432621930890867, 0.19432621930890867]",True
14,DecisionTree,classical,PCA,gwo,1200,10961,2.218698599957861,"{'max_depth': 2, 'min_samples_leaf': 1}",0.5408265669190767,0.1057692307692307,0.5894962486602358,0.1793575737811837,0.562897306619707,0.0703006627499258,0.5664945761727826,5378,4650,383,550,ok,0.0940390999894589,4,HR Promotion,0.2373458071292861,27.0,"[0.20556477284752375, 0.20556477284752375, 0.2070325632153589, 0.23734580712928618, 0.23734580712928618, 0.23734580712928618, 0.23734580712928618, 0.23734580712928618]",True
0,RandomForest,classical,PCA,gwo,1200,10962,66.19690260000061,"{'max_depth': 3, 'min_samples_leaf': 8, 'max_features': 'log2'}",0.5593869731800766,0.0998356614626129,0.5203426124197003,0.1675284384694932,0.5416830732621039,0.0468429047874008,0.5595834874343273,5646,4382,448,486,ok,0.3961332999751903,4,HR Promotion,0.159428530898115,64.0,"[0.15761404825184097, 0.15761404825184097, 0.15761404825184097, 0.15828275145531642, 0.159428530898115, 0.159428530898115, 0.159428530898115, 0.159428530898115, 0.159428530898115]",True
1,RandomForest,classical,PCA,gwo,1200,10962,50.92458479997004,"{'max_depth': 3, 'min_samples_leaf': 4, 'max_features': 'sqrt'}",0.5821018062397373,0.1147263891823367,0.5813704496788008,0.1916357861302276,0.5817701869455033,0.0921781885746066,0.6135097956983828,5838,4190,391,543,ok,0.5086945000221021,4,HR Promotion,0.1896032133434149,45.0,"[0.17522066203378783, 0.17522066203378783, 0.18062073907384066, 0.18062073907384066, 0.1896032133434149, 0.1896032133434149, 0.1896032133434149, 0.1896032133434149, 0.1896032133434149]",True
2,RandomForest,classical,PCA,gwo,1200,10962,52.996081899967976,"{'max_depth': 2, 'min_samples_leaf': 10, 'max_features': 'log2'}",0.4947089947089947,0.1063429646093349,0.6659528907922913,0.1833996756597375,0.5723561821332817,0.0809855493824518,0.5981839180060285,4801,5227,312,622,ok,0.4183805999928154,4,HR Promotion,0.1823587615594517,48.0,"[0.17760570988917446, 0.17760570988917446, 0.18235876155945177, 0.18235876155945177, 0.18235876155945177, 0.18235876155945177, 0.18235876155945177]",True
3,RandomForest,classical,PCA,gwo,1200,10961,69.3743942999863,"{'max_depth': 13, 'min_samples_leaf': 12, 'max_features': None}",0.4736794088130645,0.0975366178428761,0.6280814576634512,0.1688517504682322,0.543697689342296,0.0490046539831263,0.5610962937216308,4606,5422,347,586,ok,0.3988573999959044,4,HR Promotion,0.1685359732493407,69.0,"[0.1645668569703439, 0.16837856957174593, 0.16837856957174593, 0.16837856957174593, 0.16853597324934078, 0.16853597324934078, 0.16853597324934078, 0.16853597324934078, 0.16853597324934078]",True
4,RandomForest,classical,PCA,gwo,1200,10961,67.26031429995783,"{'max_depth': 18, 'min_samples_leaf': 1, 'max_features': None}",0.5658242861052823,0.1071868583162217,0.5594855305466238,0.1799069446837842,0.5629497856163513,0.0707071699890537,0.5802387826411877,5680,4348,411,522,ok,0.5487708000000566,4,HR Promotion,0.1953604030556401,64.0,"[0.19228440363348462, 0.19228440363348462, 0.1942220527809548, 0.1948887367223324, 0.1948887367223324, 0.1948887367223324, 0.1948887367223324, 0.19536040305564017, 0.19536040305564017, 0.19536040305564017, 0.19536040305564017, 0.19536040305564017]",True
5,RandomForest,classical,PCA,gwo,1200,10962,58.036048399982974,"{'max_depth': 2, 'min_samples_leaf': 4, 'max_features': 'sqrt'}",0.5987046159459952,0.112155809267965,0.5364025695931478,0.1855211997778189,0.570454974465501,0.0800616809770068,0.5974620633959389,6062,3966,433,501,ok,0.4110646999906748,4,HR Promotion,0.1980072823568354,55.0,"[0.18646162651646203, 0.18646162651646203, 0.18646162651646203, 0.1880926091452407, 0.19062726956318585, 0.19062726956318585, 0.1951285204940821, 0.19800728235683548, 0.19800728235683548, 0.19800728235683548, 0.19800728235683548, 0.19800728235683548]",True
6,RandomForest,classical,PCA,gwo,1200,10962,62.06512889999431,"{'max_depth': 8, 'min_samples_leaf': 11, 'max_features': None}",0.5236270753512133,0.1032568467801628,0.5974304068522484,0.1760807825812559,0.5570917490982423,0.0637627447489347,0.5750860118434977,5182,4846,376,558,ok,0.491761100012809,4,HR Promotion,0.2120890583623118,58.0,"[0.20864674835050154, 0.20864674835050154, 0.20864674835050154, 0.21208905836231187, 0.21208905836231187, 0.21208905836231187, 0.21208905836231187, 0.21208905836231187]",True
7,RandomForest,classical,PCA,gwo,1200,10962,40.64432899997337,"{'max_depth': 8, 'min_samples_leaf': 6, 'max_features': 'log2'}",0.5483488414522897,0.090018371096142,0.4721627408993576,0.1512086404937425,0.5138037477931172,0.0155027987162097,0.5215319482323157,5570,4458,493,441,ok,0.6399271000409499,4,HR Promotion,0.1868813222164636,34.0,"[0.18688132221646367, 0.18688132221646367, 0.18688132221646367, 0.18688132221646367, 0.18688132221646367]",True
8,RandomForest,classical,PCA,gwo,1200,10961,66.56494359998032,"{'max_depth': 4, 'min_samples_leaf': 3, 'max_features': None}",0.5214852659428885,0.0964058405091726,0.5519828510182208,0.1641434262948207,0.5353153186084323,0.0394329847693093,0.5532319793965963,5201,4827,418,515,ok,0.4323384000454098,4,HR Promotion,0.172976415005248,62.0,"[0.17166345321936402, 0.17166345321936402, 0.17166345321936402, 0.172976415005248, 0.172976415005248, 0.172976415005248, 0.172976415005248, 0.172976415005248]",True
9,RandomForest,classical,PCA,gwo,1200,10961,57.530565799970645,"{'max_depth': 7, 'min_samples_leaf': 1, 'max_features': 'log2'}",0.584070796460177,0.1106099656357388,0.5519828510182208,0.1842905707640007,0.569519546769581,0.0784938951699488,0.5849225063712281,5887,4141,418,515,ok,0.6480534999864176,4,HR Promotion,0.2146415213724354,52.0,"[0.2093243042758972, 0.2098124784836273, 0.2146415213724354, 0.2146415213724354, 0.2146415213724354, 0.2146415213724354, 0.2146415213724354]",True
10,RandomForest,classical,PCA,gwo,1200,10962,63.76322090002941,"{'max_depth': 10, 'min_samples_leaf': 10, 'max_features': None}",0.4431673052362707,0.0998452012383901,0.6905781584582441,0.1744657830673519,0.5553509061138449,0.0628226608428347,0.5711641771348575,4213,5815,289,645,ok,0.4760807999991812,4,HR Promotion,0.1724467439684122,59.0,"[0.1693664154775266, 0.1693664154775266, 0.1699873991742684, 0.17161394665778396, 0.17161394665778396, 0.17244674396841228, 0.17244674396841228, 0.17244674396841228, 0.17244674396841228, 0.17244674396841228]",True
11,RandomForest,classical,PCA,gwo,1200,10962,39.79732090001926,"{'max_depth': 20, 'min_samples_leaf': 20, 'max_features': 'sqrt'}",0.5980660463419084,0.1160990712074303,0.5620985010706638,0.1924486803519061,0.5817572680861895,0.0927318138732617,0.6193605442234975,6031,3997,409,525,ok,0.5425522999721579,4,HR Promotion,0.1484827539932951,34.0,"[0.14043829733484905, 0.1484827539932951, 0.1484827539932951, 0.1484827539932951, 0.1484827539932951, 0.1484827539932951]",True
12,RandomForest,classical,PCA,gwo,1200,10962,38.30182350001997,"{'max_depth': 2, 'min_samples_leaf': 1, 'max_features': 'sqrt'}",0.5301952198503923,0.1134946828016135,0.6627408993576017,0.1938008766437069,0.590295459650879,0.1008374784067594,0.6281881289135602,5193,4835,315,619,ok,0.6463776999735273,4,HR Promotion,0.2079463825730048,32.0,"[0.19197030639958754, 0.2079463825730048, 0.2079463825730048, 0.2079463825730048, 0.2079463825730048, 0.2079463825730048]",True
13,RandomForest,classical,PCA,gwo,1200,10961,35.4235711999936,"{'max_depth': 2, 'min_samples_leaf': 2, 'max_features': None}",0.6438281178724569,0.1222984998728705,0.5155412647374062,0.197698314837649,0.5856525629630389,0.0996645002390059,0.6183648271442319,6576,3452,452,481,ok,0.5064086000202224,4,HR Promotion,0.1857400601033877,31.0,"[0.1751741977023579, 0.18164585512529366, 0.18394949228193083, 0.18538393474726242, 0.18574006010338776, 0.18574006010338776, 0.18574006010338776, 0.18574006010338776, 0.18574006010338776]",True
14,RandomForest,classical,PCA,gwo,1200,10961,42.32267199998023,"{'max_depth': 9, 'min_samples_leaf': 18, 'max_features': None}",0.5311559164309826,0.1088169642857142,0.6270096463022508,0.1854493580599144,0.574623690323044,0.0833131362832728,0.6030669858586739,5237,4791,348,585,ok,0.6498360999976285,4,HR Promotion,0.2008464862396101,36.0,"[0.20079269041230421, 0.20079269041230421, 0.20079269041230421, 0.20079269041230421, 0.20084648623961013]",True
0,MLP,classical,PCA,gwo,1200,10962,44.08405930001754,"{'alpha': 0.0013802308122193752, 'learning_rate_init': 0.00012345548532196118}",0.5614851304506477,0.1135501895829175,0.6092077087794433,0.1914213624894869,0.5831239979876475,0.0931708039830757,0.6203330353810187,5586,4442,365,569,ok,0.2224549999809824,4,HR Promotion,0.186977554220966,86.0,"[0.18673249442159112, 0.18673249442159112, 0.18673249442159112, 0.1868492109669069, 0.1868492109669069, 0.1868492109669069, 0.18697755422096607, 0.18697755422096607, 0.18697755422096607, 0.18697755422096607, 0.18697755422096607]",True
1,MLP,classical,PCA,gwo,1200,10962,60.47257020004327,"{'alpha': 0.0007240977841224972, 'learning_rate_init': 0.0005343709755447658}",0.6083743842364532,0.1104152168870331,0.5096359743040685,0.1815061963775023,0.5636033880295771,0.0727040093767505,0.5879404903956289,6193,3835,458,476,ok,0.0905878999619744,4,HR Promotion,0.1686888454011741,96.0,"[0.1606435985290611, 0.1606435985290611, 0.1606435985290611, 0.1658531164427834, 0.1658531164427834, 0.1658531164427834, 0.1658531164427834, 0.16665092111478508, 0.16665092111478508, 0.16696990038113277, 0.16868884540117415, 0.16868884540117415]",False
2,MLP,classical,PCA,gwo,1200,10962,54.65313089999836,"{'alpha': 0.00010747710378165623, 'learning_rate_init': 0.000162042409733779}",0.5775405947819741,0.1059475591558303,0.5321199143468951,0.1767111111111111,0.5569454777159286,0.0642641429729878,0.5872148989254071,5834,4194,437,497,ok,0.1336480000172741,4,HR Promotion,0.1762243251553031,96.0,"[0.17048165084014302, 0.1722280089592729, 0.1722280089592729, 0.1722818184892135, 0.1722818184892135, 0.17246289458018793, 0.17246289458018793, 0.17489172825709776, 0.17550280179990585, 0.17550280179990585, 0.17622432515530315, 0.17622432515530315]",False
3,MLP,classical,PCA,gwo,1200,10961,48.07415030000266,"{'alpha': 0.002225777005243783, 'learning_rate_init': 0.0001204938738469827}",0.551683240580239,0.1080921441228588,0.5884244372990354,0.1826347305389221,0.5683446478477626,0.0764946168734147,0.5976093839713966,5498,4530,384,549,ok,0.1259811000199988,4,HR Promotion,0.1787878787878788,72.0,"[0.17047661478997658, 0.17601008898553436, 0.17601008898553436, 0.17601008898553436, 0.17878142634240193, 0.17878142634240193, 0.17878142634240193, 0.17878142634240193, 0.1787878787878788]",True
4,MLP,classical,PCA,gwo,1200,10961,40.2139412999968,"{'alpha': 0.00029198449066123513, 'learning_rate_init': 0.06276593706261396}",0.4669281999817535,0.0970124753775443,0.6334405144694534,0.1682562277580071,0.5424382468637654,0.0476689493942048,0.56614346924004,4527,5501,342,591,ok,0.0820290999836288,4,HR Promotion,0.1553521148370933,55.0,"[0.14803462466297715, 0.15436423667791854, 0.15535211483709335, 0.15535211483709335, 0.15535211483709335, 0.15535211483709335, 0.15535211483709335]",True
5,MLP,classical,PCA,gwo,1200,10962,37.08751700003632,"{'alpha': 0.001847449679178554, 'learning_rate_init': 0.005270134222638638}",0.5623973727422004,0.1047677511765909,0.5481798715203426,0.1759147912729771,0.5559507255487632,0.0628524206526403,0.5797890104708956,5653,4375,422,512,ok,0.0899101999821141,4,HR Promotion,0.1733638910109498,48.0,"[0.1621671574612751, 0.17336389101094984, 0.17336389101094984, 0.17336389101094984, 0.17336389101094984, 0.17336389101094984]",True
6,MLP,classical,PCA,gwo,1200,10962,32.09034969995264,"{'alpha': 3.036755214586025e-05, 'learning_rate_init': 0.00010000000000000009}",0.6777960226236088,0.1025091799265605,0.3586723768736616,0.1594478819609709,0.5330956619111029,0.0403984360818999,0.5381592141575324,7095,2933,599,335,ok,0.2963388000498526,4,HR Promotion,0.2068939698262784,46.0,"[0.19363215143651644, 0.20689396982627842, 0.20689396982627842, 0.20689396982627842, 0.20689396982627842, 0.20689396982627842]",True
7,MLP,classical,PCA,gwo,1200,10962,58.62036919995444,"{'alpha': 0.0015018357415716437, 'learning_rate_init': 0.0015611824444793335}",0.4659733625250866,0.1060217809096732,0.708779443254818,0.1844524937308442,0.5760690195931051,0.0857843371575438,0.6040766795157713,4446,5582,272,662,ok,0.0817702999920584,4,HR Promotion,0.2092298908896369,96.0,"[0.1906996319127603, 0.19100836754380066, 0.1947121069706801, 0.1947121069706801, 0.20279106858054227, 0.20279106858054227, 0.20279106858054227, 0.20279106858054227, 0.205582060001561, 0.20922989088963698, 0.20922989088963698, 0.20922989088963698]",False
8,MLP,classical,PCA,gwo,1200,10961,28.836207700020168,"{'alpha': 0.05173344388172448, 'learning_rate_init': 0.002563156107775606}",0.629595839795639,0.1138552729068905,0.4941050375133976,0.1850662384584504,0.5681534361878915,0.078811570921418,0.5992834746525377,6440,3588,472,461,ok,0.1585404999786988,4,HR Promotion,0.1642334887644554,40.0,"[0.16423348876445543, 0.16423348876445543, 0.16423348876445543, 0.16423348876445543, 0.16423348876445543]",True
9,MLP,classical,PCA,gwo,1200,10961,35.02933089999715,"{'alpha': 1.1032698019216774e-06, 'learning_rate_init': 0.0701856966280757}",0.6435544202171335,0.1183264887063655,0.4941050375133976,0.1909297991302547,0.5757820759964276,0.0883647231793583,0.6175530593651816,6593,3435,472,461,ok,0.0783145999885164,4,HR Promotion,0.1791402962880043,56.0,"[0.17170083261556127, 0.17170083261556127, 0.1791402962880043, 0.1791402962880043, 0.1791402962880043, 0.1791402962880043, 0.1791402962880043]",True
10,MLP,classical,PCA,gwo,1200,10962,61.89305830001831,"{'alpha': 0.00010798569569464767, 'learning_rate_init': 0.0010283647119300528}",0.4410691479656997,0.0956237346207755,0.6573875802997858,0.166961250849762,0.5391545001618594,0.0443828508345158,0.5715409594036056,4221,5807,320,614,ok,0.0922599999466911,4,HR Promotion,0.1746676617548255,96.0,"[0.17250132908027646, 0.17250132908027646, 0.17274925482906603, 0.17274925482906603, 0.17382708652428946, 0.17382708652428946, 0.17382708652428946, 0.17459627920927387, 0.17459627920927387, 0.17459627920927387, 0.1746676617548255, 0.1746676617548255]",True
11,MLP,classical,PCA,gwo,1200,10962,30.329438199987635,"{'alpha': 0.04268089837530242, 'learning_rate_init': 0.00011132226960093115}",0.5571975916803503,0.1141732283464567,0.6209850107066381,0.1928832723644828,0.5861207462787279,0.0964326307402732,0.625518782953768,5528,4500,354,580,ok,0.2794934000121429,4,HR Promotion,0.1775555877699747,47.0,"[0.17727114130279986, 0.17755558776997474, 0.17755558776997474, 0.17755558776997474, 0.17755558776997474, 0.17755558776997474]",True
12,MLP,classical,PCA,gwo,1200,10962,39.76716099999612,"{'alpha': 6.366030595805126e-06, 'learning_rate_init': 0.00011617846032733705}",0.6421273490239008,0.1057768398839356,0.4293361884368308,0.1697354497354497,0.5456413690488902,0.0535799749101322,0.5774566225275866,6638,3390,533,401,ok,0.2392934000235982,4,HR Promotion,0.1984911013924377,64.0,"[0.19674312249304016, 0.19674312249304016, 0.19674312249304016, 0.19849110139243772, 0.19849110139243772, 0.19849110139243772, 0.19849110139243772, 0.19849110139243772]",True
13,MLP,classical,PCA,gwo,1200,10961,31.75305669999216,"{'alpha': 0.07646997965959801, 'learning_rate_init': 0.0002191932236959154}",0.5038773834504151,0.1035029044182362,0.6302250803858521,0.1778046567886301,0.5611735693113944,0.0683301612206111,0.5980608529771516,4935,5093,345,588,ok,0.2045109000173397,4,HR Promotion,0.2007251475292881,40.0,"[0.20072514752928816, 0.20072514752928816, 0.20072514752928816, 0.20072514752928816, 0.20072514752928816]",True
14,MLP,classical,PCA,gwo,1200,10961,21.095824100018945,"{'alpha': 0.10000000000000006, 'learning_rate_init': 0.10000000000000006}",0.5478514734057112,0.0858554663372452,0.4469453376205787,0.144041450777202,0.5020925331900261,0.0023510346024789,0.5113421433918575,5588,4440,516,417,ok,0.0874159999657422,4,HR Promotion,0.1833090963165528,42.0,"[0.16303040462890916, 0.18330909631655282, 0.18330909631655282, 0.18330909631655282, 0.18330909631655282, 0.18330909631655282]",True
0,XGBoost,classical,PCA,gwo,1200,10962,13.229054900002666,"{'max_depth': 10, 'learning_rate': 0.0019482024861118116, 'subsample': 0.6251250698885376}",0.5469804780149607,0.1023668639053254,0.5556745182012848,0.1728847435043304,0.5509226200898725,0.0570277173886546,0.5827455074399818,5477,4551,415,519,ok,0.333211500023026,4,HR Promotion,0.1969445577768711,48.0,"[0.1882082763375927, 0.19694455777687112, 0.19694455777687112, 0.19694455777687112, 0.19694455777687112, 0.19694455777687112]",True
1,XGBoost,classical,PCA,gwo,1200,10962,21.40169430000242,"{'max_depth': 4, 'learning_rate': 0.0010000000000000002, 'subsample': 0.8927391717404818}",0.4600437876299945,0.1020277822129969,0.684154175588865,0.1775739891621509,0.5616622493420991,0.0695722471555014,0.5772706336604403,4404,5624,295,639,ok,0.1351591999991797,4,HR Promotion,0.1982814786737841,88.0,"[0.1863352988196434, 0.189514579400042, 0.1912554769800365, 0.19285908662287574, 0.19486529303575265, 0.19618498975553622, 0.19828147867378418, 0.19828147867378418, 0.19828147867378418, 0.19828147867378418, 0.19828147867378418]",True
2,XGBoost,classical,PCA,gwo,1200,10962,21.06606969999848,"{'max_depth': 7, 'learning_rate': 0.006975772956773204, 'subsample': 0.6050106679594335}",0.5007297938332421,0.091007388718688,0.5406852248394004,0.1557920715718031,0.5188468006925362,0.0210485342464704,0.5296688010188175,4984,5044,429,505,ok,0.1948070999933406,4,HR Promotion,0.1844103816532236,80.0,"[0.1738010697536272, 0.18196788287939766, 0.18196788287939766, 0.18196788287939766, 0.18196788287939766, 0.18441038165322365, 0.18441038165322365, 0.18441038165322365, 0.18441038165322365, 0.18441038165322365]",True
3,XGBoost,classical,PCA,gwo,1200,10961,18.46824260003632,"{'max_depth': 10, 'learning_rate': 0.026758439351473394, 'subsample': 0.7838272275717537}",0.5784143782501596,0.0956140350877193,0.4673097534833869,0.158747496814127,0.528030624647557,0.0317398171969226,0.538164094447658,5904,4124,497,436,ok,0.2827101000002585,4,HR Promotion,0.1510470640059071,72.0,"[0.14390082748797842, 0.14390082748797842, 0.1458555911680912, 0.1484019187754332, 0.15104706400590717, 0.15104706400590717, 0.15104706400590717, 0.15104706400590717, 0.15104706400590717]",True
4,XGBoost,classical,PCA,gwo,1200,10961,15.292940399958752,"{'max_depth': 7, 'learning_rate': 0.004117810433547553, 'subsample': 1.0}",0.5308822187756591,0.0969162995594713,0.5423365487674169,0.1644458888527787,0.5360765312644424,0.0403153060555292,0.5440116548262934,5313,4715,427,506,ok,0.2737774000270292,4,HR Promotion,0.2012035827579772,56.0,"[0.19604423682151517, 0.1977776383573485, 0.20120358275797723, 0.20120358275797723, 0.20120358275797723, 0.20120358275797723, 0.20120358275797723]",True
5,XGBoost,classical,PCA,gwo,1200,10962,10.149412599974312,"{'max_depth': 2, 'learning_rate': 0.01653009499870773, 'subsample': 0.940192718211514}",0.5291005291005291,0.1044161676646706,0.5974304068522484,0.1777636189869385,0.5600833725525701,0.0671182781228051,0.584021218105365,5242,4786,376,558,ok,0.1470785000128671,4,HR Promotion,0.1888897553292302,40.0,"[0.18888975532923027, 0.18888975532923027, 0.18888975532923027, 0.18888975532923027, 0.18888975532923027]",True
6,XGBoost,classical,PCA,gwo,1200,10962,18.15200159995584,"{'max_depth': 2, 'learning_rate': 0.0011403595916655424, 'subsample': 0.8684552404360744}",0.5634920634920635,0.1027439653393852,0.5331905781584583,0.1722885313959522,0.5497524490313632,0.055935859961666,0.5770136444507841,5679,4349,436,498,ok,0.1228438999969512,4,HR Promotion,0.1618221989352308,88.0,"[0.14418431355335243, 0.14635644166043607, 0.1530558567991723, 0.1530558567991723, 0.1592462702689905, 0.1592462702689905, 0.1618221989352308, 0.1618221989352308, 0.1618221989352308, 0.1618221989352308, 0.1618221989352308]",True
7,XGBoost,classical,PCA,gwo,1200,10962,22.312883700011295,"{'max_depth': 8, 'learning_rate': 0.0012676975649418027, 'subsample': 0.5007963416130311}",0.6049078635285532,0.1041715217897926,0.4785867237687366,0.1711004784688995,0.547630019243762,0.0544899771527126,0.5614828266720421,6184,3844,487,447,ok,0.1718324000248685,4,HR Promotion,0.2102645281749759,96.0,"[0.19684092042516288, 0.19684092042516288, 0.2053105984365485, 0.2059447490626777, 0.20869441807062886, 0.20869441807062886, 0.20869441807062886, 0.20923950957340035, 0.20923950957340035, 0.210074119509991, 0.21026452817497596, 0.21026452817497596]",False
8,XGBoost,classical,PCA,gwo,1200,10961,17.261446100019384,"{'max_depth': 2, 'learning_rate': 0.0010018867214267107, 'subsample': 0.9148944847443405}",0.6067877018520208,0.1206470456077286,0.5755627009646302,0.1994799405646359,0.5926277804783263,0.1052688664666733,0.6347166305192193,6114,3914,396,537,ok,0.1277252999716438,4,HR Promotion,0.192707477601032,91.0,"[0.19017468060481024, 0.19017468060481024, 0.19104539251598074, 0.19104539251598074, 0.19104539251598074, 0.1916968502855739, 0.1916968502855739, 0.1916968502855739, 0.19270747760103202, 0.19270747760103202, 0.19270747760103202, 0.19270747760103202]",False
9,XGBoost,classical,PCA,gwo,1200,10961,14.75010679999832,"{'max_depth': 10, 'learning_rate': 0.011725280461221677, 'subsample': 0.8182609282482043}",0.5615363561718821,0.1075987841945288,0.5691318327974276,0.1809815950920245,0.5649807548510473,0.0728961497183289,0.5802177803543433,5624,4404,402,531,ok,0.2990303999977186,4,HR Promotion,0.1972505654136365,48.0,"[0.19448288033765138, 0.19725056541363659, 0.19725056541363659, 0.19725056541363659, 0.19725056541363659, 0.19725056541363659]",True
10,XGBoost,classical,PCA,gwo,1200,10962,19.40952619997552,"{'max_depth': 2, 'learning_rate': 0.0013710622397429331, 'subsample': 0.5076742884162024}",0.578544061302682,0.1108530405405405,0.5620985010706638,0.1851851851851851,0.5710871444324201,0.0801292836835775,0.5897722458486687,5817,4211,409,525,ok,0.1080255000269971,4,HR Promotion,0.2031063112403229,96.0,"[0.1842453186552264, 0.18906403940886699, 0.19135429030899412, 0.19577461093389673, 0.19577461093389673, 0.19801395659790053, 0.19857846908491672, 0.2024915438812341, 0.20310631124032294, 0.20310631124032294, 0.20310631124032294, 0.20310631124032294]",False
11,XGBoost,classical,PCA,gwo,1200,10962,13.343991299974732,"{'max_depth': 3, 'learning_rate': 0.0023556176072852277, 'subsample': 0.6041778984201126}",0.5665024630541872,0.1065539983511953,0.5535331905781584,0.1787072243346007,0.5606218007138897,0.0681488337039404,0.5886616510174083,5693,4335,417,517,ok,0.2321867999853566,4,HR Promotion,0.175422533723967,48.0,"[0.17493455089580126, 0.175422533723967, 0.175422533723967, 0.175422533723967, 0.175422533723967, 0.175422533723967]",True
12,XGBoost,classical,PCA,gwo,1200,10962,17.6120804999955,"{'max_depth': 2, 'learning_rate': 0.0010797707704771487, 'subsample': 0.5034165344065595}",0.6714103265827404,0.1337177375068643,0.5214132762312634,0.2128496503496503,0.6033971048088906,0.1225726183814508,0.6436023032724645,6873,3155,447,487,ok,0.1260088999988511,4,HR Promotion,0.1959262571766538,88.0,"[0.17820276198514204, 0.17820276198514204, 0.19271324697828465, 0.19568784824259278, 0.19568784824259278, 0.19568784824259278, 0.19585018329281167, 0.19592625717665388, 0.19592625717665388, 0.19592625717665388, 0.19592625717665388]",True
13,XGBoost,classical,PCA,gwo,1200,10961,19.230415099998936,"{'max_depth': 2, 'learning_rate': 0.08770334171885659, 'subsample': 0.9320716967983858}",0.539914241401332,0.0953131153997636,0.5187566988210075,0.1610380968224921,0.5303197135907989,0.0339357383120847,0.543999630616268,5434,4594,449,484,ok,0.11403389996849,4,HR Promotion,0.1995987228454682,88.0,"[0.18073075771188976, 0.18073075771188976, 0.18073075771188976, 0.18340844493159245, 0.19413446863201864, 0.19413446863201864, 0.19959872284546828, 0.19959872284546828, 0.19959872284546828, 0.19959872284546828, 0.19959872284546828]",True
14,XGBoost,classical,PCA,gwo,1200,10961,10.596001100027934,"{'max_depth': 2, 'learning_rate': 0.01702420045524136, 'subsample': 0.5893413714847671}",0.5143691269044796,0.101633393829401,0.6002143622722401,0.1738320658078535,0.5532982461540699,0.0594945258900094,0.5695562606908586,5078,4950,373,560,ok,0.1346697999979369,4,HR Promotion,0.1831904541621965,40.0,"[0.18319045416219656, 0.18319045416219656, 0.18319045416219656, 0.18319045416219656, 0.18319045416219656]",True
0,VQC,quantum,PCA,gwo,1200,10962,1962.9118223999976,"{'n_layers': 2, 'learning_rate': 0.1802421617023712, 'map_reps': 3, 'feature_map': 'angle', 'entanglement': 'full', 'init_scale': 0.4375947083819313}",0.5728881590950556,0.0954231433506044,0.4732334047109208,0.1588214157384118,0.5277016644615633,0.0313134075598092,0.5361394412561316,5838,4190,492,442,ok,12.532716499990784,4,HR Promotion,0.1896590139777995,72.0,"[0.15643500643500644, 0.17354602126879357, 0.17531963149613775, 0.18426694651031925, 0.18965901397779952, 0.18965901397779952, 0.18965901397779952, 0.18965901397779952, 0.18965901397779952]",True
1,VQC,quantum,PCA,gwo,1200,10962,1571.3992566000088,"{'n_layers': 3, 'learning_rate': 0.04213816282611032, 'map_reps': 1, 'feature_map': 'zz', 'entanglement': 'full', 'init_scale': 0.4812543126304259}",0.5061120233534027,0.0830230826507818,0.4775160599571734,0.141452584839835,0.4931457443782676,-0.0076559129616249,0.4993180764096077,5102,4926,488,446,ok,14.276423999981487,4,HR Promotion,0.1747212209897737,48.0,"[0.1587920614736252, 0.17472122098977372, 0.17472122098977372, 0.17472122098977372, 0.17472122098977372, 0.17472122098977372]",True
2,VQC,quantum,PCA,gwo,1200,10962,2713.0517316000187,"{'n_layers': 3, 'learning_rate': 0.008355926293426604, 'map_reps': 1, 'feature_map': 'angle', 'entanglement': 'linear', 'init_scale': 0.20881179948039444}",0.6075533661740559,0.1050656660412758,0.4796573875802998,0.1723739899961523,0.5495614420948967,0.0567640483651531,0.5713454148512644,6212,3816,486,448,ok,7.16257260000566,4,HR Promotion,0.2262531651340754,96.0,"[0.1948181467974517, 0.2247961144875591, 0.2247961144875591, 0.2247961144875591, 0.2253792630504959, 0.2256442791917221, 0.2256442791917221, 0.2256442791917221, 0.22625316513407542, 0.22625316513407542, 0.22625316513407542, 0.22625316513407542]",False
3,VQC,quantum,PCA,gwo,1200,10961,2936.3241507000057,"{'n_layers': 6, 'learning_rate': 0.004480909153947284, 'map_reps': 1, 'feature_map': 'angle', 'entanglement': 'circular', 'init_scale': 0.15653395269016038}",0.4839886871635799,0.0987255734919286,0.6227224008574491,0.1704312114989733,0.5469016870661398,0.0524967484147894,0.5641003154725184,4724,5304,352,581,ok,12.8748797000153,4,HR Promotion,0.1956635318704284,80.0,"[0.1738128832897172, 0.18019756719447122, 0.18019756719447122, 0.18019756719447122, 0.18738610532387642, 0.19566353187042843, 0.19566353187042843, 0.19566353187042843, 0.19566353187042843, 0.19566353187042843]",True
4,VQC,quantum,PCA,gwo,1200,10961,1138.7820105999708,"{'n_layers': 3, 'learning_rate': 0.015251259400138481, 'map_reps': 1, 'feature_map': 'angle', 'entanglement': 'circular', 'init_scale': 0.3172351955179978}",0.6000364930207098,0.1171510982915464,0.5659163987138264,0.1941176470588235,0.5845637039440692,0.095918795771293,0.6172370096847798,6049,3979,405,528,ok,12.15262820001226,4,HR Promotion,0.1990716005909375,48.0,"[0.18306387581846262, 0.19907160059093756, 0.19907160059093756, 0.19907160059093756, 0.19907160059093756, 0.19907160059093756]",True
5,VQC,quantum,PCA,gwo,1200,10962,2950.3596741000074,"{'n_layers': 6, 'learning_rate': 0.03724990607097912, 'map_reps': 1, 'feature_map': 'angle', 'entanglement': 'linear', 'init_scale': 0.37525872183919007}",0.5736179529282978,0.1128364389233954,0.5835117773019272,0.1891047883414295,0.5781041136210474,0.0878435474808814,0.6127732071826295,5743,4285,389,545,ok,12.228605500014964,4,HR Promotion,0.2189849826557214,80.0,"[0.18896618630327677, 0.2107205532569807, 0.2107205532569807, 0.2107205532569807, 0.2107205532569807, 0.21898498265572144, 0.21898498265572144, 0.21898498265572144, 0.21898498265572144, 0.21898498265572144]",True
6,VQC,quantum,PCA,gwo,1200,10962,3374.1840269000386,"{'n_layers': 6, 'learning_rate': 0.006391270282996929, 'map_reps': 1, 'feature_map': 'angle', 'entanglement': 'linear', 'init_scale': 0.17431401568850408}",0.6621966794380587,0.1289198606271777,0.5149892933618844,0.2062165058949625,0.5954483762381819,0.1124779353284135,0.6317192482035311,6778,3250,453,481,ok,10.53120119997766,4,HR Promotion,0.2054652560249417,96.0,"[0.17273403881734462, 0.17273403881734462, 0.1816603417913039, 0.19226446451043186, 0.19226446451043186, 0.19828662362160987, 0.19928334871599981, 0.20546525602494178, 0.20546525602494178, 0.20546525602494178, 0.20546525602494178, 0.20546525602494178]",True
7,VQC,quantum,PCA,gwo,1200,10962,2199.9873169000493,"{'n_layers': 4, 'learning_rate': 0.13512358988616924, 'map_reps': 2, 'feature_map': 'angle', 'entanglement': 'circular', 'init_scale': 0.4542433326529039}",0.4757343550446998,0.0898244417930799,0.5642398286937902,0.1549772092339361,0.5158654269117136,0.017761605543858,0.5341133156925064,4688,5340,407,527,ok,12.647268100001384,4,HR Promotion,0.1718503718503718,56.0,"[0.155709975093235, 0.155709975093235, 0.17185037185037186, 0.17185037185037186, 0.17185037185037186, 0.17185037185037186, 0.17185037185037186]",True
8,VQC,quantum,PCA,gwo,1200,10961,2411.024501599953,"{'n_layers': 4, 'learning_rate': 0.017269688024045556, 'map_reps': 1, 'feature_map': 'angle', 'entanglement': 'full', 'init_scale': 0.25776738758577833}",0.459903293495119,0.099694975116391,0.6655948553054662,0.173415247137671,0.5531803554548871,0.0599235705010342,0.5892233258131252,4420,5608,312,621,ok,11.267680200049654,4,HR Promotion,0.2118556258407991,72.0,"[0.18424290776266938, 0.18424290776266938, 0.19318413413773694, 0.19776919297175485, 0.21185562584079917, 0.21185562584079917, 0.21185562584079917, 0.21185562584079917, 0.21185562584079917]",True
9,VQC,quantum,PCA,gwo,1200,10961,1627.2260088999756,"{'n_layers': 1, 'learning_rate': 0.04704709647596145, 'map_reps': 2, 'feature_map': 'angle', 'entanglement': 'linear', 'init_scale': 0.23282682632896728}",0.4471307362466928,0.0914741035856573,0.6152197213290461,0.1592674805771365,0.5233557721124689,0.0263490039188691,0.524895084759458,4327,5701,359,574,ok,4.823213599971496,4,HR Promotion,0.1839714902120077,64.0,"[0.1722001742726952, 0.1722001742726952, 0.1765607095442178, 0.18397149021200776, 0.18397149021200776, 0.18397149021200776, 0.18397149021200776, 0.18397149021200776]",True
10,VQC,quantum,PCA,gwo,1200,10962,2580.476048899989,"{'n_layers': 3, 'learning_rate': 0.010133554670047638, 'map_reps': 1, 'feature_map': 'angle', 'entanglement': 'linear', 'init_scale': 0.156495017961657}",0.5998905309250137,0.1105595667870036,0.5246252676659529,0.1826313827804696,0.5657629728836346,0.0748230776235212,0.6004850230916603,6086,3942,444,490,ok,8.00626990001183,4,HR Promotion,0.1930870167005529,96.0,"[0.1653500878137595, 0.1653500878137595, 0.1876008135212848, 0.1891735715265127, 0.1891735715265127, 0.1906528924812649, 0.1906528924812649, 0.19308701670055292, 0.19308701670055292, 0.19308701670055292, 0.19308701670055292, 0.19308701670055292]",True
11,VQC,quantum,PCA,gwo,1200,10962,1289.1223486999515,"{'n_layers': 6, 'learning_rate': 0.004686948425227158, 'map_reps': 1, 'feature_map': 'angle', 'entanglement': 'circular', 'init_scale': 0.4401067537739327}",0.5327494982667397,0.1123657904479822,0.6498929336188437,0.1916035353535353,0.5858658924177187,0.0958995564896595,0.6120531142351736,5233,4795,327,607,ok,22.922627300024036,4,HR Promotion,0.1884883836345562,40.0,"[0.1884883836345562, 0.1884883836345562, 0.1884883836345562, 0.1884883836345562, 0.1884883836345562]",True
12,VQC,quantum,PCA,gwo,1200,10962,2616.493656100007,"{'n_layers': 5, 'learning_rate': 0.005812122496326997, 'map_reps': 1, 'feature_map': 'angle', 'entanglement': 'full', 'init_scale': 0.46987267125316323}",0.625615763546798,0.1053286852589641,0.4528907922912205,0.1709090909090909,0.5472970116222756,0.054812556243803,0.5753497274013918,6435,3593,511,423,ok,12.096055500034709,4,HR Promotion,0.211896562084504,72.0,"[0.17124327370564282, 0.1772304324028462, 0.1881241591928251, 0.19968539241374442, 0.211896562084504, 0.211896562084504, 0.211896562084504, 0.211896562084504, 0.211896562084504]",True
13,VQC,quantum,PCA,gwo,1200,10961,3276.9213058000314,"{'n_layers': 6, 'learning_rate': 0.009166708195796255, 'map_reps': 1, 'feature_map': 'angle', 'entanglement': 'linear', 'init_scale': 0.4779933765246684}",0.527780312015327,0.1109481019622226,0.6484458735262594,0.1894769808957093,0.5824997616534369,0.0920907392820878,0.60160110105424,5180,4848,328,605,ok,11.176953099959064,4,HR Promotion,0.2060820339096511,96.0,"[0.17096352959944805, 0.1910093389847075, 0.1910093389847075, 0.1952486871990727, 0.19839988371136705, 0.2001491251839028, 0.2001491251839028, 0.20608203390965119, 0.20608203390965119, 0.20608203390965119, 0.20608203390965119, 0.20608203390965119]",True
14,VQC,quantum,PCA,gwo,1200,10961,1861.957082900044,"{'n_layers': 2, 'learning_rate': 0.006381772066580852, 'map_reps': 1, 'feature_map': 'zz', 'entanglement': 'linear', 'init_scale': 0.09694090009696218}",0.4838974546118055,0.0867739678096571,0.5316184351554126,0.1491953677244698,0.5055379770511805,0.0061874296710833,0.5121676454908036,4808,5220,437,496,ok,11.997466499975417,4,HR Promotion,0.1676103917962035,72.0,"[0.1558715160053555, 0.15653635215960596, 0.1566262972780983, 0.1566262972780983, 0.1676103917962035, 0.1676103917962035, 0.1676103917962035, 0.1676103917962035, 0.1676103917962035]",True
0,QNN,quantum,PCA,gwo,1200,10962,2944.891754399985,"{'n_layers': 3, 'learning_rate': 0.08347870253964677, 'feature_map': 'angle', 'entanglement': 'circular', 'init_scale': 0.23269697218190888}",0.5984309432585294,0.1057298772169167,0.4978586723768736,0.1744186046511628,0.5528284187572441,0.0601819574708369,0.5693947204785914,6095,3933,469,465,ok,6.820157999987714,4,HR Promotion,0.1992739147833316,88.0,"[0.1782420695013154, 0.18254058485527205, 0.18528814390716852, 0.18645640074211503, 0.18645640074211503, 0.18645640074211503, 0.1992739147833316, 0.1992739147833316, 0.1992739147833316, 0.1992739147833316, 0.1992739147833316]",True
1,QNN,quantum,PCA,gwo,1200,10962,2210.675807300024,"{'n_layers': 1, 'learning_rate': 0.006488933757160241, 'feature_map': 'angle', 'entanglement': 'circular', 'init_scale': 0.5}",0.548440065681445,0.1037884767166535,0.563169164882227,0.1752749083638787,0.5551186869484929,0.0617285521565465,0.5790580272453405,5486,4542,408,526,ok,3.5876451999647543,4,HR Promotion,0.1792536272838723,72.0,"[0.16838023113428066, 0.1692128100083697, 0.1764749307141982, 0.1764749307141982, 0.17925362728387237, 0.17925362728387237, 0.17925362728387237, 0.17925362728387237, 0.17925362728387237]",True
2,QNN,quantum,PCA,gwo,1200,10962,2278.2416075000074,"{'n_layers': 5, 'learning_rate': 0.08387759888726422, 'feature_map': 'angle', 'entanglement': 'linear', 'init_scale': 0.22388816997846575}",0.59861339171684,0.1142030276046304,0.5492505353319058,0.1890895687430888,0.5762307722531088,0.0865503645952646,0.5984611930278304,6049,3979,421,513,ok,15.244659700023476,4,HR Promotion,0.1941186916261533,72.0,"[0.18245102710278335, 0.18245102710278335, 0.18245102710278335, 0.18245102710278335, 0.19411869162615336, 0.19411869162615336, 0.19411869162615336, 0.19411869162615336, 0.19411869162615336]",True
3,QNN,quantum,PCA,gwo,1200,10961,1972.5127761000183,"{'n_layers': 2, 'learning_rate': 0.2981806947144923, 'feature_map': 'angle', 'entanglement': 'linear', 'init_scale': 0.06617204834897271}",0.4071708785694736,0.0944468736335811,0.6945337620578779,0.1662817551963048,0.5374842723332868,0.0432355936670907,0.5442251513554117,3815,6213,285,648,ok,9.358431999979077,4,HR Promotion,0.1918669720932178,64.0,"[0.16862490345463454, 0.17314888217462407, 0.18614729713128983, 0.19186697209321787, 0.19186697209321787, 0.19186697209321787, 0.19186697209321787, 0.19186697209321787]",True
4,QNN,quantum,PCA,gwo,1200,10961,2275.128300499986,"{'n_layers': 2, 'learning_rate': 0.0010000000000000002, 'feature_map': 'zz', 'entanglement': 'linear', 'init_scale': 0.26811620446432427}",0.4779673387464647,0.0832027850304612,0.5123258306538049,0.1431566337226714,0.4935482364278198,-0.0072101220508985,0.5011114110928842,4761,5267,455,478,ok,8.344960299960803,4,HR Promotion,0.1722150557102013,64.0,"[0.16346067956135232, 0.1709739934932286, 0.1709739934932286, 0.17221505571020135, 0.17221505571020135, 0.17221505571020135, 0.17221505571020135, 0.17221505571020135]",True
5,QNN,quantum,PCA,gwo,1200,10962,1720.2465894999914,"{'n_layers': 1, 'learning_rate': 0.2517268181594916, 'feature_map': 'angle', 'entanglement': 'circular', 'init_scale': 0.4635945808445596}",0.50866630176975,0.0992077781778898,0.5899357601713062,0.1698520345252774,0.5455163443856132,0.0508342817833666,0.5735384179116461,5025,5003,383,551,ok,5.030708299949765,4,HR Promotion,0.20543941481514,80.0,"[0.17949780409708058, 0.18701778578621275, 0.18701778578621275, 0.18747010332908973, 0.1889530116682435, 0.20543941481514005, 0.20543941481514005, 0.20543941481514005, 0.20543941481514005, 0.20543941481514005]",True
6,QNN,quantum,PCA,gwo,1200,10962,2143.6408854999463,"{'n_layers': 1, 'learning_rate': 0.016630708534277876, 'feature_map': 'angle', 'entanglement': 'circular', 'init_scale': 0.07977260300163799}",0.6411238825031929,0.1246246246246246,0.5331905781584583,0.2020283975659229,0.5921836416919136,0.1069448762832772,0.6320134992470761,6530,3498,436,498,ok,4.587033500021789,4,HR Promotion,0.2278801117468078,96.0,"[0.17533756566014633, 0.19879674360350688, 0.19879674360350688, 0.2026017440015537, 0.22159725742678418, 0.22159725742678418, 0.22159725742678418, 0.22203675161220604, 0.22203675161220604, 0.22788011174680786, 0.22788011174680786, 0.22788011174680786]",False
7,QNN,quantum,PCA,gwo,1200,10962,2448.64522419998,"{'n_layers': 6, 'learning_rate': 0.04552035753644569, 'feature_map': 'angle', 'entanglement': 'linear', 'init_scale': 0.5}",0.5010034665207079,0.0858290723155588,0.5032119914346895,0.1466458658346333,0.5020048788445886,0.0022389227447218,0.5045293947824037,5022,5006,464,470,ok,16.620464799983893,4,HR Promotion,0.1916292167719614,56.0,"[0.16698182335441136, 0.1748224831271091, 0.19162921677196146, 0.19162921677196146, 0.19162921677196146, 0.19162921677196146, 0.19162921677196146]",True
8,QNN,quantum,PCA,gwo,1200,10961,1599.7184482000305,"{'n_layers': 2, 'learning_rate': 0.05919611592020501, 'feature_map': 'angle', 'entanglement': 'circular', 'init_scale': 0.1184555819419947}",0.5931028190858498,0.1126729628816165,0.5498392282958199,0.1870215092963908,0.5734836348898326,0.083225906490606,0.6077311502070729,5988,4040,420,513,ok,10.07327399996575,4,HR Promotion,0.2327117114326135,72.0,"[0.2042806902422174, 0.21415875311625784, 0.2200891741894876, 0.2200891741894876, 0.23271171143261352, 0.23271171143261352, 0.23271171143261352, 0.23271171143261352, 0.23271171143261352]",True
9,QNN,quantum,PCA,gwo,1200,10961,1926.6842618000228,"{'n_layers': 1, 'learning_rate': 0.08049573033353674, 'feature_map': 'angle', 'entanglement': 'linear', 'init_scale': 0.16017280405216278}",0.5290575677401697,0.0956205775482883,0.5359056806002144,0.1622849724115546,0.5321630517081646,0.0359395650902147,0.5566375028804663,5299,4729,433,500,ok,4.761362899967935,4,HR Promotion,0.1904970170685852,64.0,"[0.17881263616557733, 0.17881263616557733, 0.17881263616557733, 0.19049701706858524, 0.19049701706858524, 0.19049701706858524, 0.19049701706858524, 0.19049701706858524]",True
10,QNN,quantum,PCA,gwo,1200,10962,3001.3613993999898,"{'n_layers': 5, 'learning_rate': 0.017029648456859864, 'feature_map': 'zz', 'entanglement': 'linear', 'init_scale': 0.16916681539183787}",0.528370735267287,0.0832349468713105,0.4528907922912205,0.140625,0.4941458349170502,-0.0065549527884974,0.4939500768298443,5369,4659,511,423,ok,14.108145800011698,4,HR Promotion,0.1671808498367448,64.0,"[0.16404959900733682, 0.1650641259150726, 0.1650641259150726, 0.16718084983674483, 0.16718084983674483, 0.16718084983674483, 0.16718084983674483, 0.16718084983674483]",True
11,QNN,quantum,PCA,gwo,1200,10962,1478.4731835999992,"{'n_layers': 1, 'learning_rate': 0.010716755262001115, 'feature_map': 'angle', 'entanglement': 'circular', 'init_scale': 0.06507273431753915}",0.4921547162926473,0.1043552519214346,0.6541755888650964,0.179997054058035,0.5656199045242913,0.0734513550112633,0.590777194305623,4784,5244,323,611,ok,5.838075799983926,4,HR Promotion,0.2030092973130947,40.0,"[0.20300929731309478, 0.20300929731309478, 0.20300929731309478, 0.20300929731309478, 0.20300929731309478]",True
12,QNN,quantum,PCA,gwo,1200,10962,2623.0570755000226,"{'n_layers': 3, 'learning_rate': 0.02805797181041456, 'feature_map': 'angle', 'entanglement': 'linear', 'init_scale': 0.18560142797216028}",0.5057471264367817,0.0992134429746156,0.5942184154175589,0.1700367647058823,0.5458626979361428,0.0512274467956727,0.5731914771402385,4989,5039,379,555,ok,8.054335799999535,4,HR Promotion,0.2116675837492958,72.0,"[0.19067692008300993, 0.19583673028694934, 0.200751392667444, 0.20410557184750733, 0.21166758374929584, 0.21166758374929584, 0.21166758374929584, 0.21166758374929584, 0.21166758374929584]",True
13,QNN,quantum,PCA,gwo,1200,10961,2152.3691149999504,"{'n_layers': 5, 'learning_rate': 0.010053536817901132, 'feature_map': 'angle', 'entanglement': 'linear', 'init_scale': 0.48515224548821717}",0.5305172885685613,0.1058933582787652,0.6066452304394426,0.1803122013380057,0.5650398070825056,0.0726222700751812,0.5928988863336997,5249,4779,367,566,ok,17.368460200028494,4,HR Promotion,0.1991893978383942,48.0,"[0.18220262468050077, 0.19918939783839426, 0.19918939783839426, 0.19918939783839426, 0.19918939783839426, 0.19918939783839426]",True
14,QNN,quantum,PCA,gwo,1200,10961,2771.9882907000137,"{'n_layers': 2, 'learning_rate': 0.007292522488745787, 'feature_map': 'angle', 'entanglement': 'linear', 'init_scale': 0.1747304346634618}",0.4688440835690174,0.1054075867635189,0.69989281886388,0.1832210998877665,0.5736201230338547,0.0828851723210693,0.5958974036684422,4486,5542,280,653,ok,5.06559210002888,4,HR Promotion,0.18323925920611,96.0,"[0.1708672086720867, 0.1708672086720867, 0.1708672086720867, 0.1733908711793537, 0.1733908711793537, 0.1733908711793537, 0.18022683086136862, 0.18022683086136862, 0.18323925920611006, 0.18323925920611006, 0.18323925920611006, 0.18323925920611006]",False
0,QSVC,quantum,PCA,gwo,1200,10962,3032.7184176999726,"{'C': 0.20141766385245524, 'map_reps': 2, 'scale': 0.9499034180977449, 'entanglement': 'full'}",0.5997993066958585,0.084676449362521,0.3768736616702355,0.1382832449420546,0.4987180434398246,-0.0014752982542915,0.5078470859751155,6223,3805,582,352,ok,430.739378200029,4,HR Promotion,0.1827640576562914,88.0,"[0.17719226690594667, 0.17719226690594667, 0.17719226690594667, 0.17719226690594667, 0.180498053632382, 0.18262532858961955, 0.18276405765629142, 0.18276405765629142, 0.18276405765629142, 0.18276405765629142, 0.18276405765629142]",True
1,QSVC,quantum,PCA,gwo,1200,10962,3217.837367800006,"{'C': 2.822553847004711, 'map_reps': 2, 'scale': 0.330103147545261, 'entanglement': 'linear'}",0.4749133369823025,0.0943808882907133,0.6006423982869379,0.1631288165164292,0.5319227148993525,0.0357771454700309,0.557003665966557,4645,5383,373,561,ok,267.2591324999812,4,HR Promotion,0.1960674009818371,96.0,"[0.17892070225050075, 0.17892070225050075, 0.17892070225050075, 0.17892070225050075, 0.18976849222132655, 0.18976849222132655, 0.18976849222132655, 0.19606740098183714, 0.19606740098183714, 0.19606740098183714, 0.19606740098183714, 0.19606740098183714]",True
2,QSVC,quantum,PCA,gwo,1200,10962,1875.931750100048,"{'C': 3.5869438464175367, 'map_reps': 2, 'scale': 0.25, 'entanglement': 'linear'}",0.5295566502463054,0.0966571155682903,0.5417558886509636,0.1640460366347868,0.5350881557335392,0.0392237582691683,0.55504619186193,5299,4729,428,506,ok,417.6528439999674,4,HR Promotion,0.1676617612413155,48.0,"[0.15655762223309946, 0.16766176124131557, 0.16766176124131557, 0.16766176124131557, 0.16766176124131557, 0.16766176124131557]",True
3,QSVC,quantum,PCA,gwo,1200,10961,1650.8249375000014,"{'C': 0.23275254247177463, 'map_reps': 1, 'scale': 0.5972818541996292, 'entanglement': 'full'}",0.6878934403795274,0.0918635170603674,0.30010718113612,0.1406681738256719,0.5120400285417337,0.0149977956684809,0.5432804225339468,7260,2768,653,280,ok,359.4612084000255,4,HR Promotion,0.1958561527274977,56.0,"[0.1797298945186269, 0.1797298945186269, 0.19585615272749776, 0.19585615272749776, 0.19585615272749776, 0.19585615272749776, 0.19585615272749776]",True
4,QSVC,quantum,PCA,gwo,1200,10961,1533.5866582000162,"{'C': 0.2538085715447863, 'map_reps': 3, 'scale': 0.6300739568618107, 'entanglement': 'linear'}",0.5078003831767175,0.0913919413919413,0.5348338692390139,0.1561082433912091,0.5200595353374966,0.0223914235530026,0.4765416747362476,5067,4961,434,499,ok,645.0667669000104,4,HR Promotion,0.2101476199582912,40.0,"[0.2101476199582912, 0.2101476199582912, 0.2101476199582912, 0.2101476199582912, 0.2101476199582912]",True
5,QSVC,quantum,PCA,gwo,1200,10962,2438.8469702000148,"{'C': 0.06856731792779439, 'map_reps': 1, 'scale': 0.5838576107554415, 'entanglement': 'linear'}",0.4758255792738551,0.0889989750597881,0.5578158458244111,0.1535061873895109,0.5130024582133623,0.0145540633116043,0.4731231139533076,4695,5333,413,521,ok,175.77957559999777,4,HR Promotion,0.1973885163899531,96.0,"[0.1679378990138772, 0.18524399128608945, 0.18524399128608945, 0.18662464985994398, 0.19356325001403282, 0.19356325001403282, 0.19356325001403282, 0.19404225654225657, 0.19738851638995317, 0.19738851638995317, 0.19738851638995317, 0.19738851638995317]",False
6,QSVC,quantum,PCA,gwo,1200,10962,1343.7609654999687,"{'C': 0.1557021143124812, 'map_reps': 1, 'scale': 0.5694440915281915, 'entanglement': 'full'}",0.4198139025725232,0.0956780923994038,0.6873661670235546,0.1679748822605965,0.5411302314974175,0.047131782222728,0.4415564150571121,3960,6068,292,642,ok,384.2622243000078,4,HR Promotion,0.1682276978456133,40.0,"[0.16822769784561334, 0.16822769784561334, 0.16822769784561334, 0.16822769784561334, 0.16822769784561334]",True
7,QSVC,quantum,PCA,gwo,1200,10962,2668.048039000016,"{'C': 0.10433051017149453, 'map_reps': 1, 'scale': 1.4236516582436947, 'entanglement': 'circular'}",0.5932311621966795,0.078853046594982,0.3533190578158458,0.1289314319202969,0.4844477219673565,-0.0178746741752391,0.511567076852906,6173,3855,604,330,ok,192.29178420000244,4,HR Promotion,0.1758992362650898,72.0,"[0.16235144800620535, 0.16235144800620535, 0.16235144800620535, 0.16235144800620535, 0.17589923626508988, 0.17589923626508988, 0.17589923626508988, 0.17589923626508988, 0.17589923626508988]",True
8,QSVC,quantum,PCA,gwo,1200,10961,1256.341810599959,"{'C': 0.1213758605398102, 'map_reps': 1, 'scale': 0.25, 'entanglement': 'linear'}",0.6092509807499316,0.1102838529548627,0.5080385852090032,0.1812272987956413,0.5633531577820046,0.072423270816406,0.4050542724743707,6204,3824,459,474,ok,255.62084799999135,4,HR Promotion,0.1804235907461714,48.0,"[0.15907810878909145, 0.1804235907461714, 0.1804235907461714, 0.1804235907461714, 0.1804235907461714, 0.1804235907461714]",True
9,QSVC,quantum,PCA,gwo,1200,10961,3329.3131679000217,"{'C': 0.036949050649564434, 'map_reps': 3, 'scale': 1.3094939814973816, 'entanglement': 'linear'}",0.5660067512088313,0.0816192560175054,0.3997856377277599,0.1355624204979102,0.4906287582336446,-0.0106079780800526,0.5068893913761724,5831,4197,560,373,ok,361.9211850999855,4,HR Promotion,0.1759508052844381,88.0,"[0.1583220872694557, 0.16845845814633528, 0.17274231596620393, 0.17274231596620393, 0.17274231596620393, 0.17274231596620393, 0.17595080528443816, 0.17595080528443816, 0.17595080528443816, 0.17595080528443816, 0.17595080528443816]",True
10,QSVC,quantum,PCA,gwo,1200,10962,1219.555508600024,"{'C': 1.754305815563514, 'map_reps': 1, 'scale': 0.3981827248799822, 'entanglement': 'linear'}",0.5790001824484583,0.1054662379421221,0.5267665952890792,0.1757456688694409,0.5553158863960355,0.0624694671829081,0.4918266327516358,5855,4173,442,492,ok,258.4919067999581,4,HR Promotion,0.1815742033790046,40.0,"[0.18157420337900465, 0.18157420337900465, 0.18157420337900465, 0.18157420337900465, 0.18157420337900465]",True
11,QSVC,quantum,PCA,gwo,1200,10962,2656.660672900034,"{'C': 4.341596321993321, 'map_reps': 1, 'scale': 0.36520994048404987, 'entanglement': 'circular'}",0.4869549352307973,0.0955501897205933,0.5931477516059958,0.1645870469399881,0.535105985894741,0.0392698776444131,0.5397657437120388,4784,5244,380,554,ok,195.11721119994763,4,HR Promotion,0.1928322440087146,96.0,"[0.17041878320830503, 0.17041878320830503, 0.17041878320830503, 0.17041878320830503, 0.17495074428051194, 0.18359107947100192, 0.18359107947100192, 0.18814548580592147, 0.18814548580592147, 0.18991367248549187, 0.18991367248549187, 0.1928322440087146]",False
12,QSVC,quantum,PCA,gwo,1200,10962,3455.8383122999803,"{'C': 0.012854287087597374, 'map_reps': 3, 'scale': 0.28791734030015925, 'entanglement': 'linear'}",0.5534573982849845,0.1023890784982935,0.5460385438972163,0.1724429416737109,0.5500934642102755,0.0561754410248739,0.4239362120110799,5557,4471,424,510,ok,336.69693919998826,4,HR Promotion,0.1925440441491646,96.0,"[0.16054082548547494, 0.16099797073570468, 0.16482393903560635, 0.16482393903560635, 0.17460420733029713, 0.17460420733029713, 0.17460420733029713, 0.18648412473403306, 0.18648412473403306, 0.18648412473403306, 0.18648412473403306, 0.1925440441491646]",False
13,QSVC,quantum,PCA,gwo,1200,10961,2727.762618699984,"{'C': 11.439320565652444, 'map_reps': 2, 'scale': 0.4072709543159445, 'entanglement': 'linear'}",0.4980385001368488,0.0918349115597641,0.5509110396570204,0.157427258805513,0.5220151528560331,0.0245797605253407,0.5327792791117347,4945,5083,419,514,ok,297.2835297000129,4,HR Promotion,0.2135436029241338,96.0,"[0.18856462179868969, 0.18856462179868969, 0.18949546891054203, 0.19639955448202348, 0.19750977318935573, 0.19775436355896125, 0.20666212109653137, 0.20666212109653137, 0.2111085816008164, 0.21112688941483235, 0.21354360292413388, 0.21354360292413388]",False
14,QSVC,quantum,PCA,gwo,1200,10961,1904.4172815000056,"{'C': 6.20951583244248, 'map_reps': 2, 'scale': 1.3085474380318074, 'entanglement': 'circular'}",0.5041510811057385,0.0811313732787495,0.4673097534833869,0.1382590772157919,0.4874442664505087,-0.0140178660027336,0.5108680154303213,5090,4938,497,436,ok,475.68550300004426,4,HR Promotion,0.1831823066421499,48.0,"[0.16561349285476903, 0.18318230664214993, 0.18318230664214993, 0.18318230664214993, 0.18318230664214993, 0.18318230664214993]",True
0,QDT,quantum,PCA,gwo,1200,10962,8.654565100034233,"{'max_depth': 12, 'min_samples_split': 4, 'map_reps': 2, 'entanglement': 'linear'}",0.527002371829958,0.0863981319322825,0.4753747323340471,0.1462209780997859,0.5035928308658668,0.0040200797216367,0.5011489777231888,5333,4695,490,444,ok,0.5441530999960378,4,HR Promotion,0.1812933625829868,55.0,"[0.16104703843129584, 0.16649468826192965, 0.18016125948389763, 0.18016125948389763, 0.1812933625829868, 0.1812933625829868, 0.1812933625829868, 0.1812933625829868, 0.1812933625829868]",True
1,QDT,quantum,PCA,gwo,1200,10962,9.05185640003765,"{'max_depth': 10, 'min_samples_split': 23, 'map_reps': 1, 'entanglement': 'linear'}",0.4756431308155446,0.0871355060034305,0.5438972162740899,0.1502069781194559,0.5065916077381618,0.0073760584595734,0.5174454781429983,4706,5322,426,508,ok,0.3728904000017792,4,HR Promotion,0.1959807462330267,54.0,"[0.17288133486700608, 0.17288133486700608, 0.19598074623302675, 0.19598074623302675, 0.19598074623302675, 0.19598074623302675, 0.19598074623302675]",True
2,QDT,quantum,PCA,gwo,1200,10962,8.139545900048688,"{'max_depth': 2, 'min_samples_split': 23, 'map_reps': 2, 'entanglement': 'linear'}",0.8336982302499544,0.0802644003777148,0.0910064239828693,0.0852985449071751,0.4969391912495121,-0.0057851606181,0.4968716074648372,9054,974,849,85,ok,0.565158799989149,4,HR Promotion,0.1713557426792469,47.0,"[0.15675562205259239, 0.1709713701431493, 0.17135574267924691, 0.17135574267924691, 0.17135574267924691, 0.17135574267924691, 0.17135574267924691]",True
3,QDT,quantum,PCA,gwo,1200,10961,11.354349500034004,"{'max_depth': 11, 'min_samples_split': 24, 'map_reps': 3, 'entanglement': 'linear'}",0.5216677310464374,0.0874808575803981,0.4898177920685959,0.1484489199285366,0.5072244125879477,0.008073028985495,0.5098177407652997,5261,4767,476,457,ok,0.4896425000042654,4,HR Promotion,0.1793314703058753,63.0,"[0.16653745007236664, 0.1705839355183697, 0.17444155739521017, 0.17933147030587535, 0.17933147030587535, 0.17933147030587535, 0.17933147030587535, 0.17933147030587535]",True
4,QDT,quantum,PCA,gwo,1200,10961,13.332841800001916,"{'max_depth': 8, 'min_samples_split': 18, 'map_reps': 3, 'entanglement': 'linear'}",0.4609068515646383,0.0850567044696464,0.5466237942122186,0.1472073892336556,0.49977779259873,-0.0002491414926048,0.5028097105168764,4542,5486,423,510,ok,0.400968300004024,4,HR Promotion,0.1670054726797541,77.0,"[0.15585254766192966, 0.15585254766192966, 0.15897927104823656, 0.15897927104823656, 0.16200990000820675, 0.16200990000820675, 0.16700547267975419, 0.16700547267975419, 0.16700547267975419, 0.16700547267975419, 0.16700547267975419]",True
5,QDT,quantum,PCA,gwo,1200,10962,12.012792800029274,"{'max_depth': 4, 'min_samples_split': 6, 'map_reps': 3, 'entanglement': 'full'}",0.4486407589855866,0.0856308790139474,0.5653104925053534,0.1487323943661971,0.5015423623276667,0.0017360237327829,0.5070446219536048,4390,5638,406,528,ok,0.6366919999709353,4,HR Promotion,0.1697683918528651,59.0,"[0.16244963586631397, 0.16244963586631397, 0.16934397966374712, 0.16934397966374712, 0.16934397966374712, 0.16976839185286519, 0.16976839185286519, 0.16976839185286519, 0.16976839185286519, 0.16976839185286519]",True
6,QDT,quantum,PCA,gwo,1200,10962,9.685365199984515,"{'max_depth': 10, 'min_samples_split': 7, 'map_reps': 1, 'entanglement': 'circular'}",0.5180623973727422,0.0850982636901354,0.4775160599571734,0.1444534412955465,0.4996774555868835,-0.000360542998641,0.4973405834114159,5233,4795,488,446,ok,0.2935841999715194,4,HR Promotion,0.180258703977869,59.0,"[0.14964982416063002, 0.1622367135058513, 0.16543953381537627, 0.17661030595813207, 0.18025870397786906, 0.18025870397786906, 0.18025870397786906, 0.18025870397786906, 0.18025870397786906]",True
7,QDT,quantum,PCA,gwo,1200,10962,7.437506199989002,"{'max_depth': 6, 'min_samples_split': 7, 'map_reps': 1, 'entanglement': 'full'}",0.3831417624521073,0.0841894977168949,0.6316916488222698,0.1485771845882649,0.4958418355798625,-0.0048350044190539,0.4895634301044869,3610,6418,344,590,ok,0.3869688000413589,4,HR Promotion,0.1806790766343065,43.0,"[0.17353904390100058, 0.18067907663430657, 0.18067907663430657, 0.18067907663430657, 0.18067907663430657, 0.18067907663430657]",True
8,QDT,quantum,PCA,gwo,1200,10961,7.62634600000456,"{'max_depth': 7, 'min_samples_split': 13, 'map_reps': 3, 'entanglement': 'circular'}",0.5477602408539367,0.088211215718379,0.4619506966773847,0.1481354184567795,0.5088473068548471,0.0099343440844101,0.5119255046213582,5573,4455,502,431,ok,0.9428188999881968,4,HR Promotion,0.1837594636869134,38.0,"[0.1837594636869134, 0.1837594636869134, 0.1837594636869134, 0.1837594636869134, 0.1837594636869134]",True
9,QDT,quantum,PCA,gwo,1200,10961,11.692904399998952,"{'max_depth': 11, 'min_samples_split': 28, 'map_reps': 3, 'entanglement': 'linear'}",0.4605419213575403,0.0873384156446801,0.564844587352626,0.1512846275297832,0.507841120959919,0.0087975592337741,0.5075763745756255,4521,5507,406,527,ok,0.496357399970293,4,HR Promotion,0.1598717714660063,66.0,"[0.15538392578158045, 0.15538392578158045, 0.15538392578158045, 0.15538392578158045, 0.1598717714660063, 0.1598717714660063, 0.1598717714660063, 0.1598717714660063, 0.1598717714660063]",True
10,QDT,quantum,PCA,gwo,1200,10962,8.49413360003382,"{'max_depth': 12, 'min_samples_split': 9, 'map_reps': 1, 'entanglement': 'linear'}",0.5327494982667397,0.0868192580899763,0.4710920770877944,0.1466177940686437,0.5047921494334067,0.0053668267990206,0.5065225825931503,5400,4628,494,440,ok,0.3685826000291854,4,HR Promotion,0.1686461871046555,53.0,"[0.15826050279745763, 0.16681680924079365, 0.16681680924079365, 0.16681680924079365, 0.16864618710465554, 0.16864618710465554, 0.16864618710465554, 0.16864618710465554, 0.16864618710465554]",True
11,QDT,quantum,PCA,gwo,1200,10962,8.413112899987027,"{'max_depth': 5, 'min_samples_split': 2, 'map_reps': 1, 'entanglement': 'linear'}",0.5162379127896369,0.0843006660323501,0.4743040685224839,0.1431572144126676,0.4972238332241459,-0.0031028862322059,0.4978091322882653,5216,4812,491,443,ok,0.3599819000228308,4,HR Promotion,0.1655766958770015,53.0,"[0.15638653228229962, 0.16044953675562668, 0.16394943519162966, 0.16394943519162966, 0.164336546419338, 0.164336546419338, 0.164336546419338, 0.16557669587700155, 0.16557669587700155, 0.16557669587700155, 0.16557669587700155, 0.16557669587700155]",True
12,QDT,quantum,PCA,gwo,1200,10962,9.643487699970136,"{'max_depth': 4, 'min_samples_split': 26, 'map_reps': 3, 'entanglement': 'full'}",0.4394271118409049,0.0871494216447472,0.588865096359743,0.1518288474810214,0.5071868361734894,0.0081194400894624,0.501133603212931,4267,5761,384,550,ok,0.7692111000069417,4,HR Promotion,0.1722118864797213,47.0,"[0.16669823983627285, 0.1722118864797213, 0.1722118864797213, 0.1722118864797213, 0.1722118864797213, 0.1722118864797213]",True
13,QDT,quantum,PCA,gwo,1200,10961,10.742217799997889,"{'max_depth': 5, 'min_samples_split': 29, 'map_reps': 2, 'entanglement': 'circular'}",0.5162850104917435,0.0874409820585458,0.4962486602357985,0.1486833654463712,0.5071989212626938,0.0080403348600301,0.5046260609628517,5196,4832,470,463,ok,0.4141067999880761,4,HR Promotion,0.1863697183337748,61.0,"[0.1797807786898051, 0.1797807786898051, 0.1797807786898051, 0.18365436705922653, 0.1861772486772487, 0.18636971833377483, 0.18636971833377483, 0.18636971833377483, 0.18636971833377483, 0.18636971833377483]",True
14,QDT,quantum,PCA,gwo,1200,10961,10.881808799982537,"{'max_depth': 5, 'min_samples_split': 15, 'map_reps': 1, 'entanglement': 'linear'}",0.4882766170969802,0.0845771144278607,0.5101822079314041,0.1450998323426306,0.498210370020748,-0.001998381452533,0.4959163645116289,4876,5152,457,476,ok,0.2553888999973424,4,HR Promotion,0.1728519048323714,66.0,"[0.1651776896832892, 0.1651776896832892, 0.1651776896832892, 0.1651776896832892, 0.17285190483237145, 0.17285190483237145, 0.17285190483237145, 0.17285190483237145, 0.17285190483237145]",True
0,LogReg,classical,LDA,default,1200,10962,4.00003045797348e-07,{},0.6585477102718482,0.1441601216113504,0.6092077087794433,0.2331489448883425,0.6361754539110619,0.1584024983662447,0.689261075412827,6650,3378,365,569,ok,0.080924900015816,1,HR Promotion,,,,
1,LogReg,classical,LDA,default,1200,10962,4.999455995857716e-07,{},0.680988870644043,0.1610685003967204,0.6520342612419701,0.2583244962884411,0.667859970668851,0.1971795800237717,0.7335077948767006,6856,3172,325,609,ok,0.0804948000004515,1,HR Promotion,,,,
2,LogReg,classical,LDA,default,1200,10962,4.00003045797348e-07,{},0.6970443349753694,0.1640866873065015,0.6241970021413277,0.2598618230443503,0.6640131400814338,0.1956644104467473,0.7261566970085473,7058,2970,351,583,ok,0.0835282999905757,1,HR Promotion,,,,
3,LogReg,classical,LDA,default,1200,10961,3.00002284348011e-07,{},0.6090685156463826,0.1401889222842421,0.69989281886388,0.2335896977284922,0.650255543855554,0.1696426661363499,0.7060275708188561,6023,4005,280,653,ok,0.0781718000071123,1,HR Promotion,,,,
4,LogReg,classical,LDA,default,1200,10961,5.00003807246685e-07,{},0.6647203722288112,0.1537878787878787,0.6527331189710611,0.2489270386266094,0.6592843895613183,0.1850646899124754,0.7203185849182846,6677,3351,324,609,ok,0.0873197999899275,1,HR Promotion,,,,
5,LogReg,classical,LDA,default,1200,10962,4.00003045797348e-07,{},0.6621054552089035,0.151484650226472,0.6445396145610278,0.2453137734311328,0.654140569147287,0.1790346844376871,0.7055779684122145,6656,3372,332,602,ok,0.0973568999907001,1,HR Promotion,,,,
6,LogReg,classical,LDA,default,1200,10962,4.00003045797348e-07,{},0.6525269111476008,0.1533638775018085,0.6809421841541756,0.2503444203896871,0.6654112596080013,0.1904476935675414,0.7211371863279605,6517,3511,298,636,ok,0.1009766000206582,1,HR Promotion,,,,
7,LogReg,classical,LDA,default,1200,10962,4.00003045797348e-07,{},0.6065498996533479,0.1329567673256571,0.6552462526766595,0.2210583348383601,0.6286303062346201,0.1455254664726057,0.6859285969307353,6037,3991,322,612,ok,0.077508799964562,1,HR Promotion,,,,
8,LogReg,classical,LDA,default,1200,10961,7.00005330145359e-07,{},0.6329714442112946,0.1391872956562354,0.6387995712754555,0.2285714285714285,0.635614384760185,0.1551331764419858,0.692578465184942,6342,3686,337,596,ok,0.1020070000085979,1,HR Promotion,,,,
9,LogReg,classical,LDA,default,1200,10961,4.00003045797348e-07,{},0.6676398138855943,0.1546890927624872,0.6505894962486602,0.2499485278978793,0.6599078314909037,0.1861613154805275,0.7195405918091723,6711,3317,326,607,ok,0.077467399998568,1,HR Promotion,,,,
10,LogReg,classical,LDA,default,1200,10962,3.00002284348011e-07,{},0.6410326582740375,0.1441783258240455,0.6509635974304069,0.2360706658901184,0.6455356479373813,0.1670272007220316,0.7098308355448428,6419,3609,326,608,ok,0.0749747999943792,1,HR Promotion,,,,
11,LogReg,classical,LDA,default,1200,10962,3.00002284348011e-07,{},0.6289910600255428,0.1453475209418157,0.6873661670235546,0.2399551485703606,0.655460107843648,0.1769746393592089,0.7175687518203847,6253,3775,292,642,ok,0.0742607000283896,1,HR Promotion,,,,
12,LogReg,classical,LDA,default,1200,10962,4.00003045797348e-07,{},0.6572705710636745,0.1527675276752767,0.6648822269807281,0.2484496899379876,0.6607219272119436,0.1857912855854492,0.7139775758497192,6584,3444,313,621,ok,0.0853197999531403,1,HR Promotion,,,,
13,LogReg,classical,LDA,default,1200,10961,3.00002284348011e-07,{},0.6085211203357358,0.1376780319378506,0.6838156484458735,0.2292078318663553,0.6426657021646998,0.1611835165056063,0.7084627672741405,6032,3996,295,638,ok,0.0615243000211194,1,HR Promotion,,,,
14,LogReg,classical,LDA,default,1200,10961,2.00001522898674e-07,{},0.6327889791077457,0.1397949673811742,0.6430868167202572,0.2296650717703349,0.637458845137153,0.1571775285533036,0.6903015607745259,6336,3692,333,600,ok,0.0596448000287637,1,HR Promotion,,,,
0,SVC,classical,LDA,default,1200,10962,3.00002284348011e-07,{},0.6399379675241744,0.1430940535418147,0.6466809421841542,0.2343355965082444,0.6429954371870112,0.1640827539744949,0.6720377269128239,6411,3617,330,604,ok,0.1949168000137433,1,HR Promotion,,,,
1,SVC,classical,LDA,default,1200,10962,2.00001522898674e-07,{},0.6067323481116584,0.139132293225048,0.6970021413276232,0.2319615179048637,0.6476634160965997,0.1666953384942199,0.6938379283189083,6000,4028,283,651,ok,0.2278049999731592,1,HR Promotion,,,,
2,SVC,classical,LDA,default,1200,10962,2.00001522898674e-07,{},0.6413975551906587,0.1419354838709677,0.6359743040685225,0.2320765774565344,0.6389384882927376,0.159685944619833,0.6792299548416467,6437,3591,340,594,ok,0.223610799992457,1,HR Promotion,,,,
3,SVC,classical,LDA,default,1200,10961,3.00002284348011e-07,{},0.609342213301706,0.1402792696025778,0.69989281886388,0.2337151037938439,0.6504051250282703,0.1698258470141941,0.6880777766519554,6026,4002,280,653,ok,0.2394444000092335,1,HR Promotion,,,,
4,SVC,classical,LDA,default,1200,10961,3.00002284348011e-07,{},0.6914515098987318,0.1569066965536565,0.6002143622722401,0.2487783207463349,0.6500772649015768,0.178746947237888,0.6688309175893778,7019,3009,373,560,ok,0.2597854000050574,1,HR Promotion,,,,
5,SVC,classical,LDA,default,1200,10962,3.00002284348011e-07,{},0.7202152891808065,0.1703245749613601,0.5899357601713062,0.2643319740945071,0.6611425908953859,0.1972778562131933,0.712120996968659,7344,2684,383,551,ok,0.2460354999639094,1,HR Promotion,,,,
6,SVC,classical,LDA,default,1200,10962,2.00001522898674e-07,{},0.6668491151249772,0.148473874806001,0.6145610278372591,0.2391666666666666,0.6431401070578397,0.1672762199410055,0.6706242862597147,6736,3292,360,574,ok,0.2694243000005372,1,HR Promotion,,,,
7,SVC,classical,LDA,default,1200,10962,3.00002284348011e-07,{},0.7074438970990695,0.1640555719775347,0.5942184154175589,0.2571230020847811,0.6561040222281254,0.1886981912867736,0.6899736946400186,7200,2828,379,555,ok,0.2473100000061094,1,HR Promotion,,,,
8,SVC,classical,LDA,default,1200,10961,3.00002284348011e-07,{},0.6598850469847641,0.1578947368421052,0.6913183279742765,0.2570745316859306,0.6741394192723397,0.2010069656205274,0.7286158242451682,6588,3440,288,645,ok,0.2069919999921694,1,HR Promotion,,,,
9,SVC,classical,LDA,default,1200,10961,2.00001522898674e-07,{},0.6496670011860232,0.156301726176401,0.7084673097534834,0.2561022859356838,0.6763317801260437,0.2021704491004023,0.7103428193127839,6460,3568,272,661,ok,0.2427945000235922,1,HR Promotion,,,,
10,SVC,classical,LDA,default,1200,10962,4.00003045797348e-07,{},0.6455938697318008,0.1502725764399146,0.6788008565310493,0.246070250339608,0.6606509268694336,0.1843582128361516,0.6958183574214896,6443,3585,300,634,ok,0.2299441000213846,1,HR Promotion,,,,
11,SVC,classical,LDA,default,1200,10962,3.00002284348011e-07,{},0.6126619230067506,0.1401564537157757,0.6905781584582441,0.2330202312138728,0.6479915124161982,0.1674347276136425,0.6912227668310316,6071,3957,289,645,ok,0.2120579000329598,1,HR Promotion,,,,
12,SVC,classical,LDA,default,1200,10962,2.00001522898674e-07,{},0.6930304688925378,0.1659796647430612,0.6466809421841542,0.2641591952766237,0.6720141846939918,0.2039573276018425,0.699935042694161,6993,3035,330,604,ok,0.2038833000115119,1,HR Promotion,,,,
13,SVC,classical,LDA,default,1200,10961,3.00002284348011e-07,{},0.6634431165039686,0.156015976035946,0.669882100750268,0.2530876695687386,0.6663630687237578,0.1928105809890862,0.6969502007455225,6647,3381,308,625,ok,0.2348695999826304,1,HR Promotion,,,,
14,SVC,classical,LDA,default,1200,10961,3.00002284348011e-07,{},0.7034942067329624,0.1637155297532656,0.6045016077170418,0.2576518958428506,0.658603017659877,0.1906783685821758,0.6916775044879697,7147,2881,369,564,ok,0.194411400007084,1,HR Promotion,,,,
0,DecisionTree,classical,LDA,default,1200,10962,1.00000761449337e-07,{},0.6037219485495348,0.130632582322357,0.645610278372591,0.2172972972972973,0.6227153904826657,0.1387799402321907,0.6227153904826657,6015,4013,331,603,ok,0.0633231999818235,1,HR Promotion,,,,
1,DecisionTree,classical,LDA,default,1200,10962,1.00000761449337e-07,{},0.6045429666119321,0.121690767519466,0.5856531049250535,0.2015104070731258,0.5959777291677522,0.1089594213645183,0.5981611231592228,6080,3948,387,547,ok,0.062605400045868,1,HR Promotion,,,,
2,DecisionTree,classical,LDA,default,1200,10962,3.00002284348011e-07,{},0.6502463054187192,0.1398410332836562,0.6027837259100642,0.227016129032258,0.6287253292494079,0.149101900875381,0.6287253292494079,6565,3463,371,563,ok,0.0640120999887585,1,HR Promotion,,,,
3,DecisionTree,classical,LDA,default,1200,10961,2.00001522898674e-07,{},0.6472037222881124,0.1384918679152292,0.602357984994641,0.2252053696653977,0.6268670658918158,0.1466398197127531,0.626867065891816,6532,3496,371,562,ok,0.0615797000355087,1,HR Promotion,,,,
4,DecisionTree,classical,LDA,default,1200,10961,2.00001522898674e-07,{},0.6164583523401149,0.1307292842628132,0.6205787781350482,0.2159641924654979,0.6183268840814851,0.1345815358973622,0.6183268840814851,6178,3850,354,579,ok,0.0677099999738857,1,HR Promotion,,,,
5,DecisionTree,classical,LDA,default,1200,10962,4.00003045797348e-07,{},0.6126619230067506,0.1303571428571428,0.6252676659528907,0.2157369782046546,0.6183777500087548,0.13445815794884,0.6183777500087548,6132,3896,350,584,ok,0.0709110000170767,1,HR Promotion,,,,
6,DecisionTree,classical,LDA,default,1200,10962,2.00001522898674e-07,{},0.5799124247400109,0.131351677043583,0.7002141327623126,0.2212075088787417,0.6344608757150214,0.1507911895521067,0.6344608757150214,5703,4325,280,654,ok,0.0733388000517152,1,HR Promotion,,,,
7,DecisionTree,classical,LDA,default,1200,10962,1.00000761449337e-07,{},0.6165845648604269,0.1260581102722489,0.5899357601713062,0.2077285579641847,0.604501186826778,0.1191696764285236,0.604501186826778,6208,3820,383,551,ok,0.0687253999640233,1,HR Promotion,,,,
8,DecisionTree,classical,LDA,default,1200,10961,2.00001522898674e-07,{},0.6130827479244595,0.1327708703374778,0.6409431939978564,0.2199742505057936,0.6257169101221831,0.1426123362307693,0.6257169101221831,6122,3906,335,598,ok,0.0712441999930888,1,HR Promotion,,,,
9,DecisionTree,classical,LDA,default,1200,10961,1.00000761449337e-07,{},0.6323328163488733,0.1305177761870675,0.5862808145766345,0.2135050741608118,0.6114491428288039,0.1279975179129279,0.6114491428288039,6384,3644,386,547,ok,0.0644802000024356,1,HR Promotion,,,,
10,DecisionTree,classical,LDA,default,1200,10962,1.9994331523776054e-07,{},0.6546250684181719,0.142964446670005,0.6113490364025695,0.231737012987013,0.635002400131879,0.1566368658705071,0.6350024001318791,6605,3423,363,571,ok,0.0656785000464879,1,HR Promotion,,,,
11,DecisionTree,classical,LDA,default,1200,10962,2.00001522898674e-07,{},0.5793650793650794,0.1172184051634395,0.6027837259100642,0.1962698274359421,0.5899838055158617,0.1012659769995381,0.5899838055158617,5788,4240,371,563,ok,0.0661341999657452,1,HR Promotion,,,,
12,DecisionTree,classical,LDA,default,1200,10962,4.00003045797348e-07,{},0.6045429666119321,0.1321652606532554,0.6541755888650964,0.2199028252654309,0.6270479061198239,0.1436500513728883,0.6270479061198239,6016,4012,323,611,ok,0.0618465999723412,1,HR Promotion,,,,
13,DecisionTree,classical,LDA,default,1200,10961,2.00001522898674e-07,{},0.6118054921996168,0.1303960836671117,0.6280814576634512,0.2159572507831214,0.6191863211731696,0.1352497374242685,0.6191863211731696,6120,3908,347,586,ok,0.0612970999791286,1,HR Promotion,,,,
14,DecisionTree,classical,LDA,default,1200,10961,3.00002284348011e-07,{},0.6184654684791534,0.1297013904718486,0.609860664523044,0.2139097744360902,0.6145633597844578,0.1305043700841938,0.6145633597844578,6210,3818,364,569,ok,0.0594459999701939,1,HR Promotion,,,,
0,RandomForest,classical,LDA,default,1200,10962,2.00001522898674e-07,{},0.5676883780332056,0.1206380857427716,0.6477516059957173,0.203395528660279,0.6039914791047594,0.1165531227520162,0.6697739904285134,5618,4410,329,605,ok,0.6738643999560736,1,HR Promotion,,,,
1,RandomForest,classical,LDA,default,1200,10962,2.00001522898674e-07,{},0.557106367451195,0.1120126657431229,0.6059957173447538,0.189076332052781,0.5792742846795568,0.0887996561760555,0.6230405506978747,5541,4487,368,566,ok,0.6823906999779865,1,HR Promotion,,,,
2,RandomForest,classical,LDA,default,1200,10962,2.00001522898674e-07,{},0.6062762269658821,0.1232174688057041,0.5920770877944326,0.2039837698266322,0.5998379056842127,0.1133687314104097,0.6639226012988044,6093,3935,381,553,ok,0.6857697999803349,1,HR Promotion,,,,
3,RandomForest,classical,LDA,default,1200,10961,1.00000761449337e-07,{},0.5967521211568287,0.1265795673591775,0.6334405144694534,0.2109960728311317,0.6133895831222416,0.1279808071492303,0.67283316253611,5950,4078,342,591,ok,0.6871887999586761,1,HR Promotion,,,,
4,RandomForest,classical,LDA,default,1200,10961,1.00000761449337e-07,{},0.6531338381534532,0.1376610255114928,0.5841371918542336,0.222812755519215,0.6218452213758603,0.1415737309764277,0.6858227830242523,6614,3414,388,545,ok,0.6377612999640405,1,HR Promotion,,,,
5,RandomForest,classical,LDA,default,1200,10962,2.00001522898674e-07,{},0.6551724137931034,0.1458437033349925,0.6274089935760171,0.2366720516962843,0.6425836352004537,0.1652229823389838,0.7029408128332746,6596,3432,348,586,ok,0.7117556000011973,1,HR Promotion,,,,
6,RandomForest,classical,LDA,default,1200,10962,3.00002284348011e-07,{},0.578179164386061,0.1320303151176705,0.708779443254818,0.222595830531271,0.6373973004068266,0.1539966067477596,0.6834957942173051,5676,4352,272,662,ok,0.641047700017225,1,HR Promotion,,,,
7,RandomForest,classical,LDA,default,1200,10962,3.00002284348011e-07,{},0.6725050173326036,0.1499736425935688,0.6092077087794433,0.2406937394247039,0.643804093719598,0.1687851306588214,0.6954725377081217,6803,3225,365,569,ok,0.7020606999867596,1,HR Promotion,,,,
8,RandomForest,classical,LDA,default,1200,10961,2.00001522898674e-07,{},0.611440561992519,0.1297862867319679,0.62486602357985,0.2149308755760368,0.6175287437404635,0.1333778230845808,0.6686097255658433,6119,3909,350,583,ok,0.7226130000199191,1,HR Promotion,,,,
9,RandomForest,classical,LDA,default,1200,10961,6.00004568696022e-07,{},0.6182830033756044,0.1301478953356086,0.6130760986066452,0.2147147147147147,0.615921774871731,0.1320119126160081,0.6812672640935498,6205,3823,361,572,ok,0.7623125999816693,1,HR Promotion,,,,
10,RandomForest,classical,LDA,default,1200,10962,4.00003045797348e-07,{},0.6213282247765006,0.1321747084381431,0.6188436830835118,0.2178255134727718,0.6202016580555174,0.1370634194343742,0.6834782309746841,6233,3795,356,578,ok,0.7479562000371516,1,HR Promotion,,,,
11,RandomForest,classical,LDA,default,1200,10962,3.00002284348011e-07,{},0.6026272577996716,0.1265822784810126,0.6209850107066381,0.2102973168963016,0.6109512209496493,0.1256043847002692,0.6788875516861139,6026,4002,354,580,ok,0.7604364000144415,1,HR Promotion,,,,
12,RandomForest,classical,LDA,default,1200,10962,3.00002284348011e-07,{},0.6541689472723955,0.1384459630473297,0.5856531049250535,0.2239508700102354,0.6231017818203249,0.1431632131575029,0.6854330892772187,6624,3404,387,547,ok,0.6405042000114918,1,HR Promotion,,,,
13,RandomForest,classical,LDA,default,1200,10961,2.00001522898674e-07,{},0.6061490739895995,0.1286215978928885,0.6280814576634512,0.2135179449808708,0.6160949769370307,0.1314740329387535,0.6799999657978026,6058,3970,347,586,ok,0.6604768999968655,1,HR Promotion,,,,
14,RandomForest,classical,LDA,default,1200,10961,4.00003045797348e-07,{},0.5986680047440927,0.1250540891389009,0.6195069667738478,0.2081008100810081,0.6081180625652247,0.1221942832844972,0.6680651624540248,5984,4044,355,578,ok,0.7197078000172041,1,HR Promotion,,,,
0,MLP,classical,LDA,default,1200,10962,2.00001522898674e-07,{},0.7022441160372195,0.1663802978235967,0.6220556745182013,0.2625395390872119,0.6658842393332929,0.1988008805321702,0.7271248107013424,7117,2911,353,581,ok,0.1575256999931298,1,HR Promotion,,,,
1,MLP,classical,LDA,default,1200,10962,1.00000761449337e-07,{},0.6552636380222587,0.150920245398773,0.658458244111349,0.2455579956079057,0.6567121695227667,0.1810649843397139,0.7230059900800243,6568,3460,319,615,ok,0.1577572000096552,1,HR Promotion,,,,
2,MLP,classical,LDA,default,1200,10962,2.00001522898674e-07,{},0.6748768472906403,0.1523003701745108,0.6167023554603854,0.2442748091603053,0.6484987644872728,0.1744256910932677,0.7140727590156555,6822,3206,358,576,ok,0.1422382000018842,1,HR Promotion,,,,
3,MLP,classical,LDA,default,1200,10961,2.00001522898674e-07,{},0.7035854392847368,0.1670500287521564,0.6227224008574491,0.2634323282702335,0.6669156479755933,0.200157732054744,0.7403606985114777,7131,2897,352,581,ok,0.1155054999981075,1,HR Promotion,,,,
4,MLP,classical,LDA,default,1200,10961,2.00001522898674e-07,{},0.6596113493294408,0.15025,0.6441586280814576,0.2436651125076018,0.6526038453530543,0.1769202909321043,0.6974058915850196,6629,3399,332,601,ok,0.1545811999822035,1,HR Promotion,,,,
5,MLP,classical,LDA,default,1200,10962,2.00001522898674e-07,{},0.69896004378763,0.1724806201550387,0.6670235546038544,0.2740871095468544,0.6844790688854931,0.2191493334226608,0.7404226944000054,7039,2989,311,623,ok,0.1292332999873906,1,HR Promotion,,,,
6,MLP,classical,LDA,default,1200,10962,1.00000761449337e-07,{},0.6195037401933954,0.1365371659555355,0.6509635974304069,0.2257286059031,0.6337685956836916,0.1520832136284096,0.698906178332361,6183,3845,326,608,ok,0.1456979000358842,1,HR Promotion,,,,
7,MLP,classical,LDA,default,1200,10962,3.00002284348011e-07,{},0.6876482393723773,0.1560773480662983,0.6049250535331906,0.2481335090030742,0.6501390325504006,0.1782554160400712,0.7135833371057825,6973,3055,369,565,ok,0.1716773999505676,1,HR Promotion,,,,
8,MLP,classical,LDA,default,1200,10961,4.00003045797348e-07,{},0.7033117416294133,0.1665228645383951,0.6205787781350482,0.2625850340136054,0.6657939762234875,0.1988279765391933,0.7358251130489507,7130,2898,354,579,ok,0.1322471000021323,1,HR Promotion,,,,
9,MLP,classical,LDA,default,1200,10961,3.00002284348011e-07,{},0.6857038591369401,0.158138268916712,0.6227224008574491,0.2522248751899283,0.6571430113581223,0.1857928902427834,0.7166442535391793,6935,3093,352,581,ok,0.1493222000426612,1,HR Promotion,,,,
10,MLP,classical,LDA,default,1200,10962,3.00002284348011e-07,{},0.6768837803320562,0.145844649646931,0.5749464668094219,0.2326689774696707,0.6306623040070245,0.1544732652150441,0.6783890011607755,6883,3145,397,537,ok,0.1766840999480337,1,HR Promotion,,,,
11,MLP,classical,LDA,default,1200,10962,2.00001522898674e-07,{},0.6143039591315453,0.1330213903743315,0.639186295503212,0.2202139431943932,0.6255863667384429,0.1426068283584911,0.6800364760255866,6137,3891,337,597,ok,0.1508664999855682,1,HR Promotion,,,,
12,MLP,classical,LDA,default,1200,10962,3.00002284348011e-07,{},0.656723225688743,0.1441509433962264,0.6134903640256959,0.2334487675697698,0.6371201321524571,0.1592567620039891,0.7059932403403233,6626,3402,361,573,ok,0.1367427000077441,1,HR Promotion,,,,
13,MLP,classical,LDA,default,1200,10961,3.00002284348011e-07,{},0.7098804853571754,0.1684862791383889,0.6120042872454448,0.2642295233688107,0.6654955620511229,0.1998587861094959,0.727174468829186,7210,2818,362,571,ok,0.1506899999803863,1,HR Promotion,,,,
14,MLP,classical,LDA,default,1200,10961,3.00002284348011e-07,{},0.6668187209196241,0.1469748117372111,0.6066452304394426,0.2366220735785953,0.6395312310952698,0.1631277501904744,0.6920994206575287,6743,3285,367,566,ok,0.1248778000008314,1,HR Promotion,,,,
0,XGBoost,classical,LDA,default,1200,10962,1.00000761449337e-07,{},0.6537128261266192,0.1397280966767371,0.5942184154175589,0.2262535670607419,0.6267362519848065,0.1472204863379229,0.6960545803655545,6611,3417,379,555,ok,1.0179300000309013,1,HR Promotion,,,,
1,XGBoost,classical,LDA,default,1200,10962,2.00001522898674e-07,{},0.6569968983762087,0.1404580152671755,0.5910064239828694,0.2269736842105263,0.6270748115127749,0.1479566073592241,0.6859635632648284,6650,3378,382,552,ok,1.0515231000026688,1,HR Promotion,,,,
2,XGBoost,classical,LDA,default,1200,10962,4.00003045797348e-07,{},0.69376026272578,0.1551380586393396,0.5835117773019272,0.2451090622891837,0.6437702484435444,0.1720249964733779,0.6959835800230446,7060,2968,389,545,ok,0.8797504000249319,1,HR Promotion,,,,
3,XGBoost,classical,LDA,default,1200,10961,4.00003045797348e-07,{},0.6734786971991606,0.1316815144766147,0.5069667738478028,0.209060773480663,0.597968827689757,0.1164912885483256,0.6514955872752435,6909,3119,460,473,ok,1.049574800010305,1,HR Promotion,,,,
4,XGBoost,classical,LDA,default,1200,10961,3.00002284348011e-07,{},0.6261290028282092,0.1389459274469541,0.6527331189710611,0.2291196388261851,0.6381934442083068,0.1574464058846083,0.7124141898931652,6254,3774,324,609,ok,0.8438184999977238,1,HR Promotion,,,,
5,XGBoost,classical,LDA,default,1200,10962,3.00002284348011e-07,{},0.640485312899106,0.1369234484424052,0.607066381156317,0.2234482758620689,0.6253321534820276,0.1443432429289017,0.6986494560412857,6454,3574,367,567,ok,0.91805649996968,1,HR Promotion,,,,
6,XGBoost,classical,LDA,default,1200,10962,2.00001522898674e-07,{},0.638387155628535,0.1342346692419121,0.5952890792291221,0.219070133963751,0.6188451778275647,0.1368657957023438,0.6711398128067962,6442,3586,378,556,ok,1.0270726999733597,1,HR Promotion,,,,
7,XGBoost,classical,LDA,default,1200,10962,2.00001522898674e-07,{},0.6641123882503193,0.1458762886597938,0.6059957173447538,0.235147486497715,0.6377605232116669,0.1608575893474633,0.6820912686447966,6714,3314,368,566,ok,1.0066119999974037,1,HR Promotion,,,,
8,XGBoost,classical,LDA,default,1200,10961,2.00001522898674e-07,{},0.643645652768908,0.1446330384891226,0.6484458735262594,0.2365129007036747,0.645822458103377,0.1675358218450675,0.6984313696569221,6450,3578,328,605,ok,1.0573701999965124,1,HR Promotion,,,,
9,XGBoost,classical,LDA,default,1200,10961,3.00002284348011e-07,{},0.6253991424140133,0.1386927806877704,0.6527331189710611,0.2287753568745304,0.6377945610810631,0.156944338045609,0.6812703636676897,6246,3782,324,609,ok,0.9146142999525182,1,HR Promotion,,,,
10,XGBoost,classical,LDA,default,1200,10962,3.00002284348011e-07,{},0.578179164386061,0.1132075471698113,0.5781584582441114,0.1893408134642356,0.5781697755919399,0.0880389386434999,0.6038902635788956,5798,4230,394,540,ok,0.8585887000081129,1,HR Promotion,,,,
11,XGBoost,classical,LDA,default,1200,10962,3.00002284348011e-07,{},0.6193212917350849,0.1267573173542291,0.588865096359743,0.2086098994879575,0.6055115270390659,0.1204726052972598,0.6646269994337055,6239,3789,384,550,ok,0.898658299993258,1,HR Promotion,,,,
12,XGBoost,classical,LDA,default,1200,10962,2.00001522898674e-07,{},0.6182266009852216,0.1319900384876613,0.6241970021413277,0.2179031956643618,0.6209337623391122,0.1376701024666832,0.6623844562847153,6194,3834,351,583,ok,1.0507966000004672,1,HR Promotion,,,,
13,XGBoost,classical,LDA,default,1200,10961,3.00002284348011e-07,{},0.6537724660158745,0.1353211009174312,0.5691318327974276,0.2186534898085237,0.6153896100564721,0.1343341436164738,0.6464879580475847,6635,3393,402,531,ok,1.0340570999542251,1,HR Promotion,,,,
14,XGBoost,classical,LDA,default,1200,10961,3.00002284348011e-07,{},0.6224797007572301,0.1327068530827412,0.6205787781350482,0.218655589123867,0.6216176698812457,0.1386678865327189,0.6887427421868286,6244,3784,354,579,ok,0.9590113000012934,1,HR Promotion,,,,
0,VQC,quantum,LDA,default,1200,10962,2.00001522898674e-07,{},0.5768108009487319,0.1032340972370957,0.5160599571734475,0.1720506871318936,0.5492645218655431,0.0556293602779686,0.5515777984384622,5841,4187,452,482,ok,2.614140600024257,1,HR Promotion,,,,
1,VQC,quantum,LDA,default,1200,10962,2.00001522898674e-07,{},0.4829410691479657,0.1032517599731813,0.6595289079229122,0.1785507246376811,0.56301136261722,0.0706442190286386,0.5748204812392539,4678,5350,318,616,ok,2.354656600044109,1,HR Promotion,,,,
2,VQC,quantum,LDA,default,1200,10962,2.00001522898674e-07,{},0.6261631089217297,0.10802775024777,0.4668094218415418,0.1754527162977867,0.553907303661098,0.0624081607919922,0.5464800272299659,6428,3600,498,436,ok,2.5530476000276394,1,HR Promotion,,,,
3,VQC,quantum,LDA,default,1200,10961,2.00001522898674e-07,{},0.624760514551592,0.1267605633802817,0.5787781350482315,0.2079722703639514,0.603908413355787,0.1189745538846753,0.6406565902717835,6308,3720,393,540,ok,2.6954396000364795,1,HR Promotion,,,,
4,VQC,quantum,LDA,default,1200,10961,1.00000761449337e-07,{},0.6200164218593194,0.1241860465116279,0.572347266881029,0.2040894324479266,0.5983994012905345,0.1124777166911936,0.6385267018692783,6262,3766,399,534,ok,2.4534277000348084,1,HR Promotion,,,,
5,VQC,quantum,LDA,default,1200,10962,2.00001522898674e-07,{},0.6104725415070242,0.1034236804564907,0.4657387580299786,0.169260700389105,0.5448458449104819,0.0514936115444702,0.5479504816919477,6257,3771,499,435,ok,2.3674072999856435,1,HR Promotion,,,,
6,VQC,quantum,LDA,default,1200,10962,3.00002284348011e-07,{},0.6428571428571429,0.1113428943937418,0.4571734475374732,0.179073180960369,0.5586625115629129,0.0686807747739854,0.5389756647126803,6620,3408,507,427,ok,2.5785932000144385,1,HR Promotion,,,,
7,VQC,quantum,LDA,default,1200,10962,2.00001522898674e-07,{},0.6382959313993797,0.1212196950762309,0.5192719486081371,0.1965552178318135,0.5843268398804546,0.0978039352469856,0.6010946651303545,6512,3516,449,485,ok,2.5084790000109933,1,HR Promotion,,,,
8,VQC,quantum,LDA,default,1200,10961,2.00001522898674e-07,{},0.6094334458534805,0.1181569343065693,0.5551982851018221,0.1948467180741019,0.5848388713103845,0.0966548538721268,0.5973116645311669,6162,3866,415,518,ok,2.5375976999639533,1,HR Promotion,,,,
9,VQC,quantum,LDA,default,1200,10961,4.00003045797348e-07,{},0.702673113766992,0.1408276714021,0.4887459807073955,0.2186526012946535,0.605661382854695,0.1292596068968617,0.6381668840643839,7246,2782,477,456,ok,2.577878599986434,1,HR Promotion,,,,
10,VQC,quantum,LDA,default,1200,10962,4.00003045797348e-07,{},0.6208721036307243,0.118968779564806,0.538543897216274,0.1948857032158078,0.583541992485281,0.095832182750568,0.6055920830667706,6303,3725,431,503,ok,2.568262100045104,1,HR Promotion,,,,
11,VQC,quantum,LDA,default,1200,10962,4.00003045797348e-07,{},0.6277139208173691,0.1281021035216261,0.5802997858672377,0.2098741529525653,0.6062149108833597,0.1218245392549153,0.6275470972497564,6339,3689,392,542,ok,2.404972999996972,1,HR Promotion,,,,
12,VQC,quantum,LDA,default,1200,10962,4.00003045797348e-07,{},0.5298303229337712,0.1042760690172543,0.5952890792291221,0.1774656878391318,0.5595113126500617,0.0664830382454452,0.5573586142953905,5252,4776,378,556,ok,2.40812979999464,1,HR Promotion,,,,
13,VQC,quantum,LDA,default,1200,10961,2.00001522898674e-07,{},0.6461089316668187,0.1251908396946565,0.5273311897106109,0.202344231955583,0.5922455709223178,0.1073541108164262,0.6084084605975723,6590,3438,441,492,ok,2.550001700001303,1,HR Promotion,,,,
14,VQC,quantum,LDA,default,1200,10961,3.00002284348011e-07,{},0.6077000273697656,0.1148478609013955,0.5380493033226152,0.1892911010558069,0.5761147992480646,0.0867588877881709,0.5827091966716131,6159,3869,431,502,ok,2.6153738000430167,1,HR Promotion,,,,
0,QNN,quantum,LDA,default,1200,10962,3.00002284348011e-07,{},0.5902207626345557,0.1290658882402001,0.6627408993576017,0.2160558464223385,0.6231035968666748,0.138560675347143,0.6665630132844309,5851,4177,315,619,ok,3.41134420002345,1,HR Promotion,,,,
1,QNN,quantum,LDA,default,1200,10962,2.00001522898674e-07,{},0.635285531837256,0.1385087305332704,0.6284796573875803,0.2269914926527455,0.6321995414979384,0.1515815057148612,0.6928321791062114,6377,3651,347,587,ok,3.5452224000473507,1,HR Promotion,,,,
2,QNN,quantum,LDA,default,1200,10962,2.00001522898674e-07,{},0.6977741288086116,0.155516941789748,0.5749464668094219,0.244814223843173,0.6420803335243759,0.170787162453481,0.7059630251569694,7112,2916,397,537,ok,3.680745500023477,1,HR Promotion,,,,
3,QNN,quantum,LDA,default,1200,10961,2.00001522898674e-07,{},0.580968889699845,0.1322347266881029,0.7052518756698821,0.2227111186325943,0.6373287699051444,0.1539455880609657,0.6818027956876158,5710,4318,275,658,ok,3.450106800009962,1,HR Promotion,,,,
4,QNN,quantum,LDA,default,1200,10961,2.00001522898674e-07,{},0.6573305355350789,0.1507052709725315,0.6527331189710611,0.2448733413751508,0.6552456978979757,0.1795974151322579,0.7094600285331832,6596,3432,324,609,ok,3.65808039996773,1,HR Promotion,,,,
5,QNN,quantum,LDA,default,1200,10962,2.00001522898674e-07,{},0.6604634190841088,0.1535785288270377,0.6616702355460385,0.2492940701895925,0.6610106263490065,0.1865172493525549,0.7313878207400435,6622,3406,316,618,ok,3.698360699985642,1,HR Promotion,,,,
6,QNN,quantum,LDA,default,1200,10962,1.00000761449337e-07,{},0.6239737274220033,0.1365709074327405,0.6413276231263383,0.225187969924812,0.6318425112041743,0.1502625819182813,0.6720405562497811,6241,3787,335,599,ok,3.772243400046136,1,HR Promotion,,,,
7,QNN,quantum,LDA,default,1200,10962,3.00002284348011e-07,{},0.6991424922459405,0.1714841578654808,0.6605995717344754,0.2722859664607237,0.6816659605780474,0.2160213553467059,0.7416480108373215,7047,2981,317,617,ok,3.704756799968891,1,HR Promotion,,,,
8,QNN,quantum,LDA,default,1200,10961,4.00003045797348e-07,{},0.6410911413192227,0.1423122765196662,0.639871382636656,0.2328393135725429,0.6405380048404661,0.1613763114380099,0.6853031768283533,6430,3598,336,597,ok,3.505210499977693,1,HR Promotion,,,,
9,QNN,quantum,LDA,default,1200,10961,4.00003045797348e-07,{},0.7151719733600949,0.1627118644067796,0.5659163987138264,0.2527525131641934,0.6474875172667656,0.180314140100596,0.6957167305606466,7311,2717,405,528,ok,3.7805068000452593,1,HR Promotion,,,,
10,QNN,quantum,LDA,default,1200,10962,3.999448381364346e-07,{},0.756066411238825,0.1953781512605042,0.5974304068522484,0.2944591029023746,0.6841360251253663,0.2342431820989498,0.7389371323463467,7730,2298,376,558,ok,3.4667625000001863,1,HR Promotion,,,,
11,QNN,quantum,LDA,default,1200,10962,4.00003045797348e-07,{},0.6579091406677614,0.1530310497782158,0.6648822269807281,0.2487980769230769,0.6610709499482819,0.1862607741850193,0.7270530629868059,6591,3437,313,621,ok,3.684436000010464,1,HR Promotion,,,,
12,QNN,quantum,LDA,default,1200,10962,2.00001522898674e-07,{},0.6390257252326218,0.1384836163597225,0.619914346895075,0.2263929618768328,0.6303600454060536,0.1498539322373694,0.6917625829689716,6426,3602,355,579,ok,3.297957499977201,1,HR Promotion,,,,
13,QNN,quantum,LDA,default,1200,10961,2.00001522898674e-07,{},0.6551409542924915,0.1470369452020828,0.6355841371918542,0.2388240032219089,0.6462723238811285,0.1692864083478314,0.7063041810903745,6588,3440,340,593,ok,3.6250936999567775,1,HR Promotion,,,,
14,QNN,quantum,LDA,default,1200,10961,3.00002284348011e-07,{},0.6683696742997902,0.1485431841831425,0.6120042872454448,0.2390621729118693,0.6428090841891364,0.1670296772278884,0.6976562089172824,6755,3273,362,571,ok,3.6308586000232026,1,HR Promotion,,,,
0,QSVC,quantum,LDA,default,1200,10962,2.00001522898674e-07,{},0.5946907498631636,0.1261453228212231,0.6338329764453962,0.2104140749955571,0.6124390251193874,0.126882946652692,0.642508043858353,5927,4101,342,592,ok,49.77401559997816,1,HR Promotion,,,,
1,QSVC,quantum,LDA,default,1200,10962,2.00001522898674e-07,{},0.554004743659916,0.0953550235318191,0.4989293361884368,0.1601099467445456,0.529031879901159,0.0326130521094719,0.5433406910329877,5607,4421,468,466,ok,48.14812749996781,1,HR Promotion,,,,
2,QSVC,quantum,LDA,default,1200,10962,2.00001522898674e-07,{},0.6866447728516694,0.1417931824692065,0.5299785867237687,0.223728813559322,0.6156075622091122,0.138558300307574,0.6363377937919436,7032,2996,439,495,ok,48.13367409998318,1,HR Promotion,,,,
3,QSVC,quantum,LDA,default,1200,10961,2.00001522898674e-07,{},0.6759419760970714,0.1183328475663072,0.435155412647374,0.1860678276810266,0.5667500238346563,0.0803381003204284,0.5507867894867576,7003,3025,527,406,ok,49.337303299980704,1,HR Promotion,,,,
4,QSVC,quantum,LDA,default,1200,10961,2.00001522898674e-07,{},0.6175531429614086,0.1186520009361104,0.5434083601286174,0.1947752593161736,0.5839299479143286,0.0960462371914112,0.5942470942026847,6262,3766,426,507,ok,49.440012599981856,1,HR Promotion,,,,
5,QSVC,quantum,LDA,default,1200,10962,2.00001522898674e-07,{},0.687192118226601,0.1432656562768087,0.5364025695931478,0.2261340555179417,0.6188195536438017,0.1423428938400341,0.6468901529678357,7032,2996,433,501,ok,49.219623899960425,1,HR Promotion,,,,
6,QSVC,quantum,LDA,default,1200,10962,3.00002284348011e-07,{},0.640850209815727,0.1228334589299171,0.5235546038543897,0.1989827060020345,0.5876648168853121,0.101784352591298,0.5895858832955092,6536,3492,445,489,ok,48.95105410000542,1,HR Promotion,,,,
7,QSVC,quantum,LDA,default,1200,10962,3.00002284348011e-07,{},0.7066228790366721,0.1312217194570135,0.4346895074946467,0.2015888778550149,0.5833200229934342,0.1033636048789132,0.5801687822277495,7340,2688,528,406,ok,49.21549169998616,1,HR Promotion,,,,
8,QSVC,quantum,LDA,default,1200,10961,3.00002284348011e-07,{},0.686251254447587,0.1370220162224797,0.5069667738478028,0.2157354618015963,0.604949282416522,0.1261046229560395,0.6104230234657002,7049,2979,460,473,ok,48.78425610001432,1,HR Promotion,,,,
9,QSVC,quantum,LDA,default,1200,10961,5.00003807246685e-07,{},0.6640817443663899,0.1327811915575741,0.5326902465166131,0.2125748502994012,0.6044982943791681,0.1229897247924754,0.6278719692043414,6782,3246,436,497,ok,49.10094689996913,1,HR Promotion,,,,
10,QSVC,quantum,LDA,default,1200,10962,4.00003045797348e-07,{},0.6726874657909141,0.1066982809721398,0.3854389721627409,0.1671309192200557,0.5424402678922999,0.0513396037992266,0.5321409475310672,7014,3014,574,360,ok,48.53073060000315,1,HR Promotion,,,,
11,QSVC,quantum,LDA,default,1200,10962,2.00001522898674e-07,{},0.611749680715198,0.1093603010348071,0.4978586723768736,0.1793289625915927,0.560108035829442,0.0688787480986358,0.5533698364066695,6241,3787,469,465,ok,48.803380899946205,1,HR Promotion,,,,
12,QSVC,quantum,LDA,default,1200,10962,2.999440766870976e-07,{},0.6850027367268746,0.1272565847883989,0.4603854389721627,0.199397171342453,0.5831544267058659,0.1005498312975674,0.5853771644961558,7079,2949,504,430,ok,49.398788499995135,1,HR Promotion,,,,
13,QSVC,quantum,LDA,default,1200,10961,4.00003045797348e-07,{},0.6267676306906305,0.1085770946950917,0.4694533762057878,0.1763640024159452,0.5554287224068428,0.0641464029339767,0.5484419082089977,6432,3596,495,438,ok,47.925505799998064,1,HR Promotion,,,,
14,QSVC,quantum,LDA,default,1200,10961,3.00002284348011e-07,{},0.6813246966517653,0.127906976744186,0.4715969989281886,0.2012348502172421,0.5862173267477002,0.1036944512252027,0.6061383431857038,7028,3000,493,440,ok,48.95396870002151,1,HR Promotion,,,,
0,QDT,quantum,LDA,default,1200,10962,1.00000761449337e-07,{},0.4994526546250684,0.0942790946355373,0.5663811563169164,0.161650114591291,0.5298000715768866,0.0332881985974362,0.5451104679915508,4946,5082,405,529,ok,0.063885300012771,1,HR Promotion,,,,
1,QDT,quantum,LDA,default,1200,10962,1.00000761449337e-07,{},0.5410509031198686,0.0966725733412089,0.525695931477516,0.1633128222185265,0.534088492264486,0.0381706766382343,0.5215300798022496,5440,4588,443,491,ok,0.0665175999747589,1,HR Promotion,,,,
2,QDT,quantum,LDA,default,1200,10962,2.00001522898674e-07,{},0.6908410873928116,0.0871173898419105,0.2773019271948608,0.1325825441515229,0.5033298626799991,0.0041820888495058,0.5133676028319848,7314,2714,675,259,ok,0.0711669000447727,1,HR Promotion,,,,
3,QDT,quantum,LDA,default,1200,10961,2.00001522898674e-07,{},0.6493020709789252,0.1154557463672391,0.4683815648445874,0.18524798643493,0.5672581936707979,0.0789494343368918,0.5845186532371738,6680,3348,496,437,ok,0.0707974000251852,1,HR Promotion,,,,
4,QDT,quantum,LDA,default,1200,10961,1.00000761449337e-07,{},0.803120153270687,0.0841819416157501,0.1329046087888531,0.1030756442227763,0.4991906370629547,-0.0013244408939178,0.4987613994855134,8679,1349,809,124,ok,0.0771403000107966,1,HR Promotion,,,,
5,QDT,quantum,LDA,default,1200,10962,2.00001522898674e-07,{},0.4334975369458128,0.0833859759949463,0.5653104925053534,0.1453344343517754,0.4932655374373595,-0.0076129432220723,0.4973022539032039,4224,5804,406,528,ok,0.0956585999811068,1,HR Promotion,,,,
6,QDT,quantum,LDA,default,1200,10962,2.00001522898674e-07,{},0.4520160554643313,0.0997317342591131,0.6766595289079229,0.1738412873057351,0.5538762343382854,0.0609130165902445,0.5584991040077077,4323,5705,302,632,ok,0.0905914999893866,1,HR Promotion,,,,
7,QDT,quantum,LDA,default,1200,10962,2.00001522898674e-07,{},0.5295566502463054,0.0991076514144674,0.5588865096359743,0.1683599419448476,0.5428556999715571,0.0478950538579609,0.5597106474462511,5283,4745,412,522,ok,0.069748299953062,1,HR Promotion,,,,
8,QDT,quantum,LDA,default,1200,10961,3.00002284348011e-07,{},0.3114679317580512,0.084652097462949,0.722400857449089,0.1515458122540753,0.4978178998055177,-0.002731827978918,0.493928842755825,2740,7288,259,674,ok,0.0805615000426769,1,HR Promotion,,,,
9,QDT,quantum,LDA,default,1200,10961,2.00001522898674e-07,{},0.6857950916887146,0.0909090909090909,0.2990353697749196,0.1394302848575712,0.5104071942612133,0.0129365853717352,0.5119364065717812,7238,2790,654,279,ok,0.0782101000077091,1,HR Promotion,,,,
10,QDT,quantum,LDA,default,1200,10962,2.00001522898674e-07,{},0.4206349206349206,0.0930127723516153,0.6627408993576017,0.1631308472789563,0.530413130173416,0.0347704452019489,0.5315727846398393,3992,6036,315,619,ok,0.0733874999568797,1,HR Promotion,,,,
11,QDT,quantum,LDA,default,1200,10962,4.00003045797348e-07,{},0.6361065498996533,0.0883858798167609,0.3511777301927195,0.1412271259418729,0.5069111626631726,0.0081548744931263,0.4895008643891323,6645,3383,606,328,ok,0.07177529996261,1,HR Promotion,,,,
12,QDT,quantum,LDA,default,1200,10962,2.00001522898674e-07,{},0.4959861339171684,0.0986186396223116,0.6038543897216274,0.1695475725236735,0.5448968797431432,0.0501853293484737,0.5516821636035802,4873,5155,370,564,ok,0.0772070999955758,1,HR Promotion,,,,
13,QDT,quantum,LDA,default,1200,10961,2.00001522898674e-07,{},0.6831493476872548,0.0846958796599084,0.277599142550911,0.1297920320721623,0.4992403371310598,-0.0009453315401848,0.4995444160423696,7229,2799,674,259,ok,0.0706377999740652,1,HR Promotion,,,,
14,QDT,quantum,LDA,default,1200,10961,2.00001522898674e-07,{},0.6590639540187939,0.1075027995520716,0.4115755627009646,0.1704772475027746,0.5468328551438608,0.0557673563098445,0.561595806126554,6840,3188,549,384,ok,0.0688843999523669,1,HR Promotion,,,,
0,LogReg,classical,LDA,gwo,1200,10962,2.9279528000042774,{'C': 0.0013931337475008281},0.702061667578909,0.1586651053864168,0.5802997858672377,0.2491954022988505,0.6468511294713133,0.1770396556214137,0.7017094640360311,7154,2874,392,542,ok,0.0670689000398852,1,HR Promotion,0.2583575640361786,40.0,"[0.25776967455940025, 0.2583575640361786, 0.2583575640361786, 0.2583575640361786, 0.2583575640361786, 0.2583575640361786]",True
1,LogReg,classical,LDA,gwo,1200,10962,2.923252600012347,{'C': 0.002521508868024066},0.6434044882320744,0.1455801763164164,0.6541755888650964,0.2381602026895342,0.6482884326455518,0.1703391541005073,0.7133457261850972,6442,3586,323,611,ok,0.0647013999987393,1,HR Promotion,0.2473294214429472,36.0,"[0.2473294214429472, 0.2473294214429472, 0.2473294214429472, 0.2473294214429472, 0.2473294214429472]",True
2,LogReg,classical,LDA,gwo,1200,10962,2.1970691999886185,{'C': 94.41034987292805},0.6673964604999088,0.1567088607594936,0.6627408993576017,0.2534807534807535,0.6652854875726979,0.1922320591931726,0.7253363494421188,6697,3331,315,619,ok,0.0728977000107988,1,HR Promotion,0.2131650976168161,31.0,"[0.2131650976168161, 0.2131650976168161, 0.2131650976168161, 0.2131650976168161, 0.2131650976168161]",True
3,LogReg,classical,LDA,gwo,1200,10961,3.2145465999492444,{'C': 0.0030394335674585075},0.6087948179910592,0.1322078491558868,0.6463022508038585,0.2195121951219512,0.6258036981981,0.1424463630022724,0.6690929384860654,6070,3958,330,603,ok,0.0595421000034548,1,HR Promotion,0.2108228343654352,40.0,"[0.21082283436543525, 0.21082283436543525, 0.21082283436543525, 0.21082283436543525, 0.21082283436543525]",True
4,LogReg,classical,LDA,gwo,1200,10961,3.1838921000016853,{'C': 0.002646488513618668},0.6537724660158745,0.1454410307234886,0.6291532690246516,0.2362648420205272,0.642608146279378,0.1650201004665784,0.7044864946210632,6579,3449,346,587,ok,0.0605601000133901,1,HR Promotion,0.2150815926571532,39.0,"[0.21508159265715324, 0.21508159265715324, 0.21508159265715324, 0.21508159265715324, 0.21508159265715324]",True
5,LogReg,classical,LDA,gwo,1200,10962,2.321971900004428,{'C': 0.0010048884723145306},0.6373836891078271,0.1423194542460597,0.6477516059957173,0.2333654773384763,0.6420848177565344,0.1628242547599587,0.6930663734690617,6382,3646,329,605,ok,0.0832623000023886,1,HR Promotion,0.1988050381969747,33.0,"[0.19880503819697473, 0.19880503819697473, 0.19880503819697473, 0.19880503819697473, 0.19880503819697473]",True
6,LogReg,classical,LDA,gwo,1200,10962,2.5849894999992102,{'C': 0.0013632916098415282},0.6735084838533114,0.1597633136094674,0.6648822269807281,0.2576228998133167,0.6695970767931163,0.1979513493108019,0.7330723439038785,6762,3266,313,621,ok,0.0688910999451763,1,HR Promotion,0.2262617408559868,36.0,"[0.2262617408559868, 0.2262617408559868, 0.2262617408559868, 0.2262617408559868, 0.2262617408559868]",True
7,LogReg,classical,LDA,gwo,1200,10962,2.830826999968849,{'C': 0.02272445867663503},0.6625615763546798,0.1461479395955976,0.6113490364025695,0.2359016732080148,0.6393402541406545,0.1624489767333351,0.6980243861086175,6692,3336,363,571,ok,0.0683172999997623,1,HR Promotion,0.2289302391396632,38.0,"[0.22893023913966323, 0.22893023913966323, 0.22893023913966323, 0.22893023913966323, 0.22893023913966323]",True
8,LogReg,classical,LDA,gwo,1200,10961,3.549085500009824,{'C': 0.058340243671279955},0.6601587446400876,0.1487166582788122,0.6334405144694534,0.2408803749745262,0.6480425548015396,0.1718720465678608,0.7030575375016407,6645,3383,342,591,ok,0.0627202999894507,1,HR Promotion,0.2330097016134255,48.0,"[0.23082346049349048, 0.2330097016134255, 0.2330097016134255, 0.2330097016134255, 0.2330097016134255, 0.2330097016134255]",True
9,LogReg,classical,LDA,gwo,1200,10961,3.966491100029089,{'C': 0.003728903660046723},0.6603412097436365,0.150375939849624,0.6430868167202572,0.2437538086532602,0.6525166831906033,0.1769136500964584,0.7107855240054535,6638,3390,333,600,ok,0.0526606999919749,1,HR Promotion,0.2132414473303493,56.0,"[0.2120500461389481, 0.2124431480548927, 0.2132414473303493, 0.2132414473303493, 0.2132414473303493, 0.2132414473303493, 0.2132414473303493]",True
10,LogReg,classical,LDA,gwo,1200,10962,3.386956900008954,{'C': 0.11989204616469215},0.6498814085020982,0.1455078125,0.6381156316916489,0.2369781312127236,0.644546447676698,0.166834608273433,0.71214106924594,6528,3500,338,596,ok,0.0552552000153809,1,HR Promotion,0.2246673169578197,47.0,"[0.22446136239239686, 0.22466731695781975, 0.22466731695781975, 0.22466731695781975, 0.22466731695781975, 0.22466731695781975]",True
11,LogReg,classical,LDA,gwo,1200,10962,2.207785799982957,{'C': 0.0013955288648281597},0.69549352307973,0.1507844276583382,0.5556745182012848,0.2372029250457038,0.6320953364839691,0.1589218926677754,0.693008719055595,7105,2923,415,519,ok,0.072052200033795,1,HR Promotion,0.2395200943794294,30.0,"[0.23952009437942942, 0.23952009437942942, 0.23952009437942942, 0.23952009437942942, 0.23952009437942942]",True
12,LogReg,classical,LDA,gwo,1200,10962,2.86332649999531,{'C': 0.002951177613020518},0.6829958036854589,0.1508656224237428,0.5877944325481799,0.2401049639186529,0.639828608376204,0.165794869402368,0.6900553717257631,6938,3090,385,549,ok,0.0664729999843984,1,HR Promotion,0.2839666357738647,37.0,"[0.2839666357738647, 0.2839666357738647, 0.2839666357738647, 0.2839666357738647, 0.2839666357738647]",True
13,LogReg,classical,LDA,gwo,1200,10961,2.398990599962417,{'C': 0.005539225866219602},0.6059666088860506,0.1379384088964927,0.6913183279742765,0.2299875200570511,0.64467192824721,0.1632572053285747,0.6971794623500074,5997,4031,288,645,ok,0.0704041999997571,1,HR Promotion,0.2210659795083281,31.0,"[0.22106597950832815, 0.22106597950832815, 0.22106597950832815, 0.22106597950832815, 0.22106597950832815]",True
14,LogReg,classical,LDA,gwo,1200,10961,3.0567557999747805,{'C': 0.025926337566990514},0.6607061399507345,0.1555390702274975,0.6741693461950696,0.2527627084589109,0.6668114381553729,0.1929475842647487,0.7157977491533888,6613,3415,304,629,ok,0.0617564999847672,1,HR Promotion,0.2207248261914941,40.0,"[0.2207248261914941, 0.2207248261914941, 0.2207248261914941, 0.2207248261914941, 0.2207248261914941]",True
0,SVC,classical,LDA,gwo,1200,10962,4.513301999948453,"{'C': 0.010000000000000004, 'gamma': 0.02975569901162202}",0.6869184455391352,0.1583698030634573,0.619914346895075,0.2522875816993464,0.6565367506314226,0.1853890092474303,0.3216782623216023,6951,3077,355,579,ok,0.2856099000200629,1,HR Promotion,0.2470754618025037,48.0,"[0.23639006068155866, 0.24707546180250373, 0.24707546180250373, 0.24707546180250373, 0.24707546180250373, 0.24707546180250373]",True
1,SVC,classical,LDA,gwo,1200,10962,3.3914138000109237,"{'C': 0.036719402799889646, 'gamma': 0.00012643096429369879}",0.8292282430213465,0.2273255813953488,0.4186295503211991,0.2946495855312736,0.643050315647237,0.2196100502469715,0.2815708628260571,8699,1329,543,391,ok,0.3687436000327579,1,HR Promotion,0.223486425856024,40.0,"[0.22348642585602407, 0.22348642585602407, 0.22348642585602407, 0.22348642585602407, 0.22348642585602407]",True
2,SVC,classical,LDA,gwo,1200,10962,3.9018000999931246,"{'C': 9.718141095081284, 'gamma': 0.00014643363811332004}",0.755701514322204,0.1731634182908545,0.4946466809421841,0.2565241532481954,0.637331318133637,0.1786920605383632,0.7041703999678843,7822,2206,472,462,ok,0.3676888999762013,1,HR Promotion,0.289683997481279,40.0,"[0.289683997481279, 0.289683997481279, 0.289683997481279, 0.289683997481279, 0.289683997481279]",True
3,SVC,classical,LDA,gwo,1200,10961,5.202343099983409,"{'C': 1.5787331953557138, 'gamma': 0.00010000000000000009}",0.8111486178268407,0.196476241324079,0.3944265809217577,0.2622950819672131,0.6221734021481545,0.1811555317285942,0.3064720497505163,8523,1505,565,368,ok,0.263705099991057,1,HR Promotion,0.2676865205516396,56.0,"[0.2662802834766127, 0.2662802834766127, 0.2676865205516396, 0.2676865205516396, 0.2676865205516396, 0.2676865205516396, 0.2676865205516396]",True
4,SVC,classical,LDA,gwo,1200,10961,3.676010800001677,"{'C': 0.17852954661427034, 'gamma': 0.001887808193003051}",0.8278441748015692,0.2140287769784172,0.382636655948553,0.2745098039215686,0.6259513554972123,0.1957063125830945,0.5,8717,1311,576,357,ok,0.3228517999523319,1,HR Promotion,0.2316958403914925,40.0,"[0.23169584039149257, 0.23169584039149257, 0.23169584039149257, 0.23169584039149257, 0.23169584039149257]",True
5,SVC,classical,LDA,gwo,1200,10962,5.440830300038215,"{'C': 0.2947002496911538, 'gamma': 0.001251738555570354}",0.8447363619777413,0.2104072398190045,0.2987152034261242,0.2469026548672566,0.5971537724350405,0.1663604580401021,0.3522364360518599,8981,1047,655,279,ok,0.2411294999765232,1,HR Promotion,0.2191628515369522,64.0,"[0.21713291100136492, 0.21713291100136492, 0.2180451127819549, 0.21916285153695225, 0.21916285153695225, 0.21916285153695225, 0.21916285153695225, 0.21916285153695225]",True
6,SVC,classical,LDA,gwo,1200,10962,4.556462999957148,"{'C': 0.21325877629147696, 'gamma': 0.00010000000000000009}",0.821109286626528,0.2201634877384196,0.4325481798715203,0.291802094618996,0.6449238705500402,0.216754669062982,0.2845507418628269,8597,1431,530,404,ok,0.2893725000321865,1,HR Promotion,0.2382880330896747,48.0,"[0.2374203459474777, 0.2382880330896747, 0.2382880330896747, 0.2382880330896747, 0.2382880330896747, 0.2382880330896747]",True
7,SVC,classical,LDA,gwo,1200,10962,7.410186900000554,"{'C': 0.04958729908948925, 'gamma': 0.003765350689563498}",0.7821565407772304,0.1828097731239092,0.4486081370449679,0.2597644141351519,0.6309155563565486,0.1797566627899229,0.482681842020074,8155,1873,515,419,ok,0.229610699985642,1,HR Promotion,0.2679386073853287,96.0,"[0.2596635491102704, 0.2658468937891903, 0.2658468937891903, 0.2658468937891903, 0.2658468937891903, 0.26722880667552795, 0.26722880667552795, 0.26722880667552795, 0.2679386073853287, 0.2679386073853287, 0.2679386073853287, 0.2679386073853287]",False
8,SVC,classical,LDA,gwo,1200,10961,3.896237800014205,"{'C': 56.366333788354524, 'gamma': 0.3736091693150082}",0.6861600218958124,0.1519022493751735,0.5862808145766345,0.2412880458756065,0.640866773463028,0.167392532374378,0.6843558828420828,6974,3054,386,547,ok,0.2009901999845169,1,HR Promotion,0.2353868030592168,40.0,"[0.23538680305921686, 0.23538680305921686, 0.23538680305921686, 0.23538680305921686, 0.23538680305921686]",True
9,SVC,classical,LDA,gwo,1200,10961,3.903109300008509,"{'C': 2.113789658073062, 'gamma': 0.0003489464883037069}",0.8410728948088678,0.2253903598099117,0.3558413719185423,0.2759767248545303,0.621029979936136,0.1980533670131475,0.7062349750815615,8887,1141,601,332,ok,0.3524279000121169,1,HR Promotion,0.3283773190488633,40.0,"[0.32837731904886336, 0.32837731904886336, 0.32837731904886336, 0.32837731904886336, 0.32837731904886336]",True
10,SVC,classical,LDA,gwo,1200,10962,5.059838699991815,"{'C': 0.015455628216637521, 'gamma': 0.002526997158301801}",0.79237365444262,0.1843838193791157,0.4197002141327623,0.2562091503267973,0.6233921892363053,0.1742564179404382,0.3112391300077128,8294,1734,542,392,ok,0.2603875999921001,1,HR Promotion,0.2357148391835029,56.0,"[0.2329771732220183, 0.2329771732220183, 0.23571483918350297, 0.23571483918350297, 0.23571483918350297, 0.23571483918350297, 0.23571483918350297]",True
11,SVC,classical,LDA,gwo,1200,10962,6.4151141999755055,"{'C': 0.23535436105472057, 'gamma': 0.026478431800923474}",0.710363072432038,0.1660208643815201,0.5963597430406852,0.2597342037771042,0.6586704977668524,0.1922444497432932,0.7148312348550396,7230,2798,377,557,ok,0.1870350000099279,1,HR Promotion,0.2272564212943033,88.0,"[0.2230713910325561, 0.2230713910325561, 0.22473528936193685, 0.22473528936193685, 0.22473528936193685, 0.22473528936193685, 0.22725642129430335, 0.22725642129430335, 0.22725642129430335, 0.22725642129430335, 0.22725642129430335]",True
12,SVC,classical,LDA,gwo,1200,10962,4.0655900000128895,"{'C': 0.9312114004163986, 'gamma': 0.00015973926218441266}",0.842911877394636,0.2319727891156462,0.3650963597430406,0.28369384359401,0.6262557985392507,0.2068828056739114,0.4107984794609354,8899,1129,593,341,ok,0.296640100015793,1,HR Promotion,0.2432658260019262,40.0,"[0.24326582600192626, 0.24326582600192626, 0.24326582600192626, 0.24326582600192626, 0.24326582600192626]",True
13,SVC,classical,LDA,gwo,1200,10961,3.9479818000108935,"{'C': 0.14191595378954777, 'gamma': 0.00013135574568874086}",0.8824012407627041,0.3187372708757637,0.3354769560557342,0.3268929503916449,0.6343818765121112,0.2626149382291371,0.2616036833201441,9359,669,620,313,ok,0.3109423000132665,1,HR Promotion,0.2390804597701149,40.0,"[0.23908045977011494, 0.23908045977011494, 0.23908045977011494, 0.23908045977011494, 0.23908045977011494]",True
14,SVC,classical,LDA,gwo,1200,10961,3.488356699992437,"{'C': 0.11995026822876789, 'gamma': 0.00023236071124662597}",0.8922543563543472,0.3480392156862745,0.3043944265809217,0.324757004002287,0.6256714853287537,0.2672044110232028,0.5,9496,532,649,284,ok,0.3051948999636806,1,HR Promotion,0.2219362745098039,40.0,"[0.22183644101527814, 0.2219362745098039, 0.2219362745098039, 0.2219362745098039, 0.2219362745098039]",True
0,DecisionTree,classical,LDA,gwo,1200,10962,2.3432787000201643,"{'max_depth': 9, 'min_samples_leaf': 12}",0.6509760992519613,0.143491124260355,0.6231263383297645,0.2332665330661322,0.6383481711592979,0.1600006543488844,0.6894853937881854,6554,3474,352,582,ok,0.081265099986922,1,HR Promotion,0.2205215419501134,35.0,"[0.2205215419501134, 0.2205215419501134, 0.2205215419501134, 0.2205215419501134, 0.2205215419501134]",True
1,DecisionTree,classical,LDA,gwo,1200,10962,2.34781759994803,"{'max_depth': 4, 'min_samples_leaf': 18}",0.6776135741652983,0.1475054229934924,0.582441113490364,0.2353959324967546,0.634459487738401,0.1588985536865901,0.7028496868297675,6884,3144,390,544,ok,0.0721166000002995,1,HR Promotion,0.2532107362479499,33.0,"[0.2532107362479499, 0.2532107362479499, 0.2532107362479499, 0.2532107362479499, 0.2532107362479499]",True
2,DecisionTree,classical,LDA,gwo,1200,10962,3.1275263999705203,"{'max_depth': 8, 'min_samples_leaf': 4}",0.6585477102718482,0.1496632576702419,0.6423982869379015,0.2427675500708072,0.6512250708722216,0.1753195108647358,0.6888967849336632,6619,3409,334,600,ok,0.0511198000167496,1,HR Promotion,0.2394182567797742,47.0,"[0.2335192241249264, 0.23741460675099116, 0.23741460675099116, 0.23741460675099116, 0.2394182567797742, 0.2394182567797742, 0.2394182567797742, 0.2394182567797742, 0.2394182567797742]",True
3,DecisionTree,classical,LDA,gwo,1200,10961,2.4279324999661185,"{'max_depth': 12, 'min_samples_leaf': 4}",0.6787701852020801,0.1348758465011286,0.5123258306538049,0.2135358498994862,0.6032909568107476,0.1232478308546161,0.6471411665770996,6962,3066,455,478,ok,0.0669721000012941,1,HR Promotion,0.2383789164304281,36.0,"[0.232456938489796, 0.23837891643042816, 0.23837891643042816, 0.23837891643042816, 0.23837891643042816, 0.23837891643042816]",True
4,DecisionTree,classical,LDA,gwo,1200,10961,1.8495524000027217,"{'max_depth': 2, 'min_samples_leaf': 8}",0.658881488915245,0.1471327967806841,0.6270096463022508,0.2383377469953147,0.6444282375906946,0.1676577752004983,0.6823974863950072,6637,3391,348,585,ok,0.065786899998784,1,HR Promotion,0.2282948532948533,26.0,"[0.2282948532948533, 0.2282948532948533, 0.2282948532948533, 0.2282948532948533, 0.2282948532948533]",True
5,DecisionTree,classical,LDA,gwo,1200,10962,2.6558570000343025,"{'max_depth': 14, 'min_samples_leaf': 11}",0.572979383324211,0.1367073880162885,0.7548179871520343,0.2314890822525037,0.6554305332648883,0.1738790487904907,0.7113725038841991,5576,4452,229,705,ok,0.062718599976506,1,HR Promotion,0.2424622265778384,37.0,"[0.24246222657783847, 0.24246222657783847, 0.24246222657783847, 0.24246222657783847, 0.24246222657783847]",True
6,DecisionTree,classical,LDA,gwo,1200,10962,2.615003500017337,"{'max_depth': 5, 'min_samples_leaf': 11}",0.7173873380769933,0.1622971285892634,0.556745182012848,0.2513291445142581,0.6445473018161567,0.1774595780017991,0.6715881292552159,7344,2684,414,520,ok,0.0625619000056758,1,HR Promotion,0.2017615721990968,35.0,"[0.20176157219909685, 0.20176157219909685, 0.20176157219909685, 0.20176157219909685, 0.20176157219909685]",True
7,DecisionTree,classical,LDA,gwo,1200,10962,3.008609999960754,"{'max_depth': 7, 'min_samples_leaf': 1}",0.5403211092866266,0.1188486536675951,0.6852248394004282,0.2025636967874663,0.606024864853784,0.1184200248582525,0.6327811037019258,5283,4745,294,640,ok,0.0518765000160783,1,HR Promotion,0.2257994018863584,45.0,"[0.22116406524812393, 0.22116406524812393, 0.2224571514971038, 0.22579940188635841, 0.22579940188635841, 0.22579940188635841, 0.22579940188635841, 0.22579940188635841]",True
8,DecisionTree,classical,LDA,gwo,1200,10961,2.575371599989012,"{'max_depth': 2, 'min_samples_leaf': 4}",0.743910227169054,0.1693719124911785,0.5144694533762058,0.2548447040084948,0.639863366496639,0.1782858618542526,0.6801093593885674,7674,2354,453,480,ok,0.0618359000072814,1,HR Promotion,0.2426351193799511,36.0,"[0.2426351193799511, 0.2426351193799511, 0.2426351193799511, 0.2426351193799511, 0.2426351193799511]",True
9,DecisionTree,classical,LDA,gwo,1200,10961,2.48383499996271,"{'max_depth': 2, 'min_samples_leaf': 4}",0.6599762795365386,0.1574301128003923,0.6881028938906752,0.256236280183596,0.672731143794161,0.1994509611618023,0.7119539565743249,6592,3436,291,642,ok,0.0673842999967746,1,HR Promotion,0.2424882872044311,36.0,"[0.24248828720443116, 0.24248828720443116, 0.24248828720443116, 0.24248828720443116, 0.24248828720443116]",True
10,DecisionTree,classical,LDA,gwo,1200,10962,2.2186289000092074,"{'max_depth': 13, 'min_samples_leaf': 13}",0.5900383141762452,0.1385052802599512,0.7301927194860813,0.2328439740525776,0.6535885815220595,0.1724105945123127,0.7081437499626313,5786,4242,252,682,ok,0.0670307999826036,1,HR Promotion,0.2286231318023225,34.0,"[0.22862313180232255, 0.22862313180232255, 0.22862313180232255, 0.22862313180232255, 0.22862313180232255]",True
11,DecisionTree,classical,LDA,gwo,1200,10962,3.2034092999529094,"{'max_depth': 5, 'min_samples_leaf': 9}",0.661923006750593,0.1491139240506329,0.6306209850107066,0.2411957411957412,0.6477297186720865,0.1718141649421745,0.7130320968525814,6667,3361,345,589,ok,0.0474998000427149,1,HR Promotion,0.2675988038325004,50.0,"[0.2643329850226402, 0.2643329850226402, 0.26759880383250045, 0.26759880383250045, 0.26759880383250045, 0.26759880383250045, 0.26759880383250045]",True
12,DecisionTree,classical,LDA,gwo,1200,10962,2.3620738000026904,"{'max_depth': 7, 'min_samples_leaf': 17}",0.6344645137748586,0.1478340591336236,0.6905781584582441,0.2435340758920143,0.6599081458426044,0.1824103654149011,0.7111444486487085,6310,3718,289,645,ok,0.0700969999888911,1,HR Promotion,0.2440248161481892,34.0,"[0.2440248161481892, 0.2440248161481892, 0.2440248161481892, 0.2440248161481892, 0.2440248161481892]",True
13,DecisionTree,classical,LDA,gwo,1200,10961,2.1788005999987945,"{'max_depth': 3, 'min_samples_leaf': 18}",0.7289480886780403,0.169799092676604,0.5616291532690246,0.2607613834287136,0.6530722551347117,0.1899552138909199,0.6993614022216893,7466,2562,409,524,ok,0.0885197999887168,1,HR Promotion,0.2880844645550528,31.0,"[0.2880844645550528, 0.2880844645550528, 0.2880844645550528, 0.2880844645550528, 0.2880844645550528]",True
14,DecisionTree,classical,LDA,gwo,1200,10961,2.554229800007306,"{'max_depth': 3, 'min_samples_leaf': 11}",0.7573214122799015,0.1807763401109057,0.5241157556270096,0.2688290269378779,0.651567251566995,0.1962071722566199,0.7070264887468357,7812,2216,444,489,ok,0.061959900020156,1,HR Promotion,0.2496703289938559,37.0,"[0.24967032899385597, 0.24967032899385597, 0.24967032899385597, 0.24967032899385597, 0.24967032899385597]",True
0,RandomForest,classical,LDA,gwo,1200,10962,42.24047290004091,"{'max_depth': 10, 'min_samples_leaf': 15, 'max_features': None}",0.6476920270023718,0.1383399209486166,0.5995717344753747,0.2248093135287033,0.6258728237594264,0.1456322743333429,0.6636640639613792,6540,3488,374,560,ok,0.606713299988769,1,HR Promotion,0.2026468690436897,38.0,"[0.20264686904368978, 0.20264686904368978, 0.20264686904368978, 0.20264686904368978, 0.20264686904368978]",True
1,RandomForest,classical,LDA,gwo,1200,10962,48.17267739999807,"{'max_depth': 20, 'min_samples_leaf': 15, 'max_features': 'sqrt'}",0.6656632001459588,0.1456008305216714,0.6006423982869379,0.2343847921453937,0.6361807922826792,0.1592658601037184,0.6957684436468681,6736,3292,373,561,ok,0.4373951000161469,1,HR Promotion,0.2558943655434884,47.0,"[0.2546160018490173, 0.2558943655434884, 0.2558943655434884, 0.2558943655434884, 0.2558943655434884, 0.2558943655434884]",True
2,RandomForest,classical,LDA,gwo,1200,10962,42.20704960002331,"{'max_depth': 12, 'min_samples_leaf': 7, 'max_features': 'sqrt'}",0.7239554825761723,0.1755583126550868,0.6059957173447538,0.2722462722462722,0.6704689396456518,0.2089026633393536,0.7157995086989832,7370,2658,368,566,ok,0.6550758000230417,1,HR Promotion,0.2276963783036415,39.0,"[0.22769637830364156, 0.22769637830364156, 0.22769637830364156, 0.22769637830364156, 0.22769637830364156]",True
3,RandomForest,classical,LDA,gwo,1200,10961,55.78249220002908,"{'max_depth': 7, 'min_samples_leaf': 14, 'max_features': 'log2'}",0.6316029559346775,0.1451428571428571,0.6806002143622722,0.2392614920874152,0.6538222451946982,0.1753061832206641,0.7215090885926693,6288,3740,298,635,ok,0.355454100004863,1,HR Promotion,0.2699585443696662,58.0,"[0.26808596540397306, 0.26808596540397306, 0.26808596540397306, 0.26995854436966626, 0.26995854436966626, 0.26995854436966626, 0.26995854436966626, 0.26995854436966626]",True
4,RandomForest,classical,LDA,gwo,1200,10961,42.54811030003475,"{'max_depth': 9, 'min_samples_leaf': 14, 'max_features': None}",0.6589727214670195,0.1439451637471439,0.6077170418006431,0.2327586206896551,0.6357292827670946,0.1578803684942691,0.6870435877079012,6656,3372,366,567,ok,0.5963806000072509,1,HR Promotion,0.263214152103041,39.0,"[0.263214152103041, 0.263214152103041, 0.263214152103041, 0.263214152103041, 0.263214152103041]",True
5,RandomForest,classical,LDA,gwo,1200,10962,55.13400009996258,"{'max_depth': 3, 'min_samples_leaf': 4, 'max_features': 'log2'}",0.7279693486590039,0.1707395498392283,0.5685224839400428,0.2626112759643917,0.6556712938248279,0.1928185405772023,0.7044188477829528,7449,2579,403,531,ok,0.3584382000262849,1,HR Promotion,0.2454478421056425,57.0,"[0.24463360900607864, 0.24482806821358682, 0.24482806821358682, 0.24544784210564252, 0.24544784210564252, 0.24544784210564252, 0.24544784210564252, 0.24544784210564252]",True
6,RandomForest,classical,LDA,gwo,1200,10962,61.4998308000504,"{'max_depth': 12, 'min_samples_leaf': 15, 'max_features': 'sqrt'}",0.6420361247947455,0.1399325626204239,0.6220556745182013,0.2284703106567046,0.6329763813356862,0.1530674610068504,0.6870485872960422,6457,3571,353,581,ok,0.3225995999528095,1,HR Promotion,0.2105696558716693,68.0,"[0.20993133837354946, 0.20993133837354946, 0.20993133837354946, 0.21009240009240013, 0.21056965587166931, 0.21056965587166931, 0.21056965587166931, 0.21056965587166931, 0.21056965587166931]",True
7,RandomForest,classical,LDA,gwo,1200,10962,42.59353670000564,"{'max_depth': 11, 'min_samples_leaf': 8, 'max_features': 'log2'}",0.678890713373472,0.1449752883031301,0.5653104925053534,0.2307692307692307,0.6273899889730596,0.1510151036904996,0.6659881240449653,6914,3114,406,528,ok,0.594748699979391,1,HR Promotion,0.2367607794354382,38.0,"[0.23676077943543825, 0.23676077943543825, 0.23676077943543825, 0.23676077943543825, 0.23676077943543825]",True
8,RandomForest,classical,LDA,gwo,1200,10961,42.53674579999642,"{'max_depth': 19, 'min_samples_leaf': 7, 'max_features': 'log2'}",0.585804214943892,0.1309596889707387,0.6859592711682744,0.2199312714776632,0.6312225554086286,0.1473424570458995,0.6827318128746477,5781,4247,293,640,ok,0.5910216000047512,1,HR Promotion,0.2255466766409603,38.0,"[0.22554667664096037, 0.22554667664096037, 0.22554667664096037, 0.22554667664096037, 0.22554667664096037]",True
9,RandomForest,classical,LDA,gwo,1200,10961,40.57069719996071,"{'max_depth': 12, 'min_samples_leaf': 12, 'max_features': 'log2'}",0.6768543016148162,0.1610808002078461,0.6645230439442658,0.2593057298201589,0.6712623197383873,0.2002488233481627,0.7345724575689676,6799,3229,313,620,ok,0.6369288000278175,1,HR Promotion,0.2323382691228902,37.0,"[0.23233826912289024, 0.23233826912289024, 0.23233826912289024, 0.23233826912289024, 0.23233826912289024]",True
10,RandomForest,classical,LDA,gwo,1200,10962,42.1635285000084,"{'max_depth': 18, 'min_samples_leaf': 9, 'max_features': None}",0.5792738551359241,0.134684147794994,0.7259100642398287,0.2272117962466488,0.6457631693357102,0.163323130600576,0.7055452441942006,5672,4356,256,678,ok,0.6170249000424519,1,HR Promotion,0.2175013263718046,38.0,"[0.21750132637180464, 0.21750132637180464, 0.21750132637180464, 0.21750132637180464, 0.21750132637180464]",True
11,RandomForest,classical,LDA,gwo,1200,10962,44.38650379999308,"{'max_depth': 11, 'min_samples_leaf': 10, 'max_features': 'sqrt'}",0.6878306878306878,0.1610354223433242,0.632762312633833,0.2567332754126846,0.6628610127189907,0.1926954079809658,0.7176140212116993,6949,3079,343,591,ok,0.4786177999922074,1,HR Promotion,0.2493207753156854,41.0,"[0.24587940920895093, 0.24932077531568542, 0.24932077531568542, 0.24932077531568542, 0.24932077531568542, 0.24932077531568542]",True
12,RandomForest,classical,LDA,gwo,1200,10962,49.102832500007935,"{'max_depth': 3, 'min_samples_leaf': 6, 'max_features': None}",0.5758985586571793,0.1309358235644744,0.7055674518201285,0.220881514999162,0.6346943760895616,0.1509231527733899,0.6850324444873412,5654,4374,275,659,ok,0.4195811999961734,1,HR Promotion,0.2436399377251487,48.0,"[0.24193958728926282, 0.24363993772514872, 0.24363993772514872, 0.24363993772514872, 0.24363993772514872, 0.24363993772514872]",True
13,RandomForest,classical,LDA,gwo,1200,10961,52.1091468000086,"{'max_depth': 12, 'min_samples_leaf': 10, 'max_features': None}",0.6732962320956117,0.1476849387972325,0.594855305466238,0.236623321253464,0.6377248206629156,0.1619403600176924,0.6900476628997222,6825,3203,378,555,ok,0.3967424999573268,1,HR Promotion,0.2530543365348877,53.0,"[0.24898813593565816, 0.24898813593565816, 0.2530543365348877, 0.2530543365348877, 0.2530543365348877, 0.2530543365348877, 0.2530543365348877]",True
14,RandomForest,classical,LDA,gwo,1200,10961,40.66424170002574,"{'max_depth': 7, 'min_samples_leaf': 1, 'max_features': 'log2'}",0.5799653316303257,0.1233326492920172,0.6441586280814576,0.2070272132276955,0.6090757240925837,0.1225097228331035,0.6763337574405812,5756,4272,332,601,ok,0.7544291999656707,1,HR Promotion,0.228264930590512,36.0,"[0.22521482165805015, 0.22521482165805015, 0.22521482165805015, 0.228264930590512, 0.228264930590512, 0.228264930590512, 0.228264930590512, 0.228264930590512]",True
0,MLP,classical,LDA,gwo,1200,10962,14.44764019997092,"{'alpha': 0.10000000000000006, 'learning_rate_init': 0.027471056643793554}",0.6756978653530378,0.1526636628677445,0.6167023554603854,0.2447418738049713,0.6489475080054221,0.1750516439106666,0.7042166302660899,6831,3197,358,576,ok,0.0879458000417798,1,HR Promotion,0.1976510967040552,64.0,"[0.19432419432419434, 0.19595905333213956, 0.1967278777472927, 0.19765109670405526, 0.19765109670405526, 0.19765109670405526, 0.19765109670405526, 0.19765109670405526]",True
1,MLP,classical,LDA,gwo,1200,10962,19.717033899971284,"{'alpha': 3.220391769833093e-05, 'learning_rate_init': 0.02926288586287979}",0.6185002736726875,0.1452599388379205,0.7119914346895075,0.2412917271407837,0.6608920077316704,0.1821632366897116,0.7244894701687523,6115,3913,269,665,ok,0.0705858999863267,1,HR Promotion,0.2411839851348605,96.0,"[0.237795988381821, 0.23820797541727776, 0.23820797541727776, 0.2384814463804039, 0.2401570244943739, 0.2401570244943739, 0.2401570244943739, 0.2401570244943739, 0.24059153721938942, 0.24074459024439535, 0.2411839851348605, 0.2411839851348605]",False
2,MLP,classical,LDA,gwo,1200,10962,16.529639300017152,"{'alpha': 0.0002582829324991296, 'learning_rate_init': 0.000966066460554998}",0.6187739463601533,0.1398446170921198,0.6745182012847966,0.2316602316602316,0.6440500858837226,0.1634787570697201,0.7069938113325516,6153,3875,304,630,ok,0.122487699962221,1,HR Promotion,0.2209466511142489,56.0,"[0.22055352055352054, 0.22055352055352054, 0.2209466511142489, 0.2209466511142489, 0.2209466511142489, 0.2209466511142489, 0.2209466511142489]",True
3,MLP,classical,LDA,gwo,1200,10961,11.029754899966065,"{'alpha': 0.010306029408434626, 'learning_rate_init': 0.002822992058156717}",0.6404525134568014,0.1407071189679885,0.6312968917470525,0.2301230709122875,0.6363006197865697,0.1565746858717224,0.6878198707071432,6431,3597,344,589,ok,0.1306375000276602,1,HR Promotion,0.2576898012381883,40.0,"[0.25759697284245087, 0.25759697284245087, 0.25768980123818835, 0.25768980123818835, 0.25768980123818835]",True
4,MLP,classical,LDA,gwo,1200,10961,20.323774400050752,"{'alpha': 9.610431294271831e-06, 'learning_rate_init': 0.0001205482963401779}",0.6843353708603229,0.1558158539907382,0.6130760986066452,0.2484795829713292,0.6520206978872876,0.1797731158368942,0.6996850939555739,6929,3099,361,572,ok,0.2703167999861762,1,HR Promotion,0.2062406388202033,40.0,"[0.2062406388202033, 0.2062406388202033, 0.2062406388202033, 0.2062406388202033, 0.2062406388202033]",True
5,MLP,classical,LDA,gwo,1200,10962,37.57788779999828,"{'alpha': 0.0003875399630312348, 'learning_rate_init': 0.00015943020688947564}",0.6784345922276956,0.1549933422103861,0.6231263383297645,0.2482405630198336,0.6533561488218428,0.1804386455542412,0.7170817855614557,6855,3173,352,582,ok,0.194758899975568,1,HR Promotion,0.2391016531885771,96.0,"[0.23380405186457032, 0.23380405186457032, 0.23466315839377994, 0.23786317788927888, 0.23786317788927888, 0.238271174625305, 0.238271174625305, 0.238271174625305, 0.2391016531885771, 0.2391016531885771, 0.2391016531885771, 0.2391016531885771]",False
6,MLP,classical,LDA,gwo,1200,10962,9.742806199996268,"{'alpha': 0.0013446591630738491, 'learning_rate_init': 0.0001867186567401935}",0.6469622331691297,0.1452392460125664,0.6434689507494646,0.23698738170347,0.6453782727421037,0.1674539316605692,0.7003517025988901,6491,3537,333,601,ok,0.3473910000175237,1,HR Promotion,0.1908962775608123,40.0,"[0.1908962775608123, 0.1908962775608123, 0.1908962775608123, 0.1908962775608123, 0.1908962775608123]",True
7,MLP,classical,LDA,gwo,1200,10962,19.78287880000425,"{'alpha': 5.382798642542396e-05, 'learning_rate_init': 0.10000000000000006}",0.6124794745484401,0.1386829481029219,0.6809421841541756,0.2304347826086956,0.6435225480005022,0.1624574204036396,0.7017558011016691,6078,3950,298,636,ok,0.0659709000028669,1,HR Promotion,0.2613919498910499,80.0,"[0.2522174465570692, 0.2522174465570692, 0.2536033570516329, 0.260586018405825, 0.260586018405825, 0.26139194989104997, 0.26139194989104997, 0.26139194989104997, 0.26139194989104997, 0.26139194989104997]",True
8,MLP,classical,LDA,gwo,1200,10961,15.873322699975688,"{'alpha': 0.00036839454931367096, 'learning_rate_init': 0.007354641737684543}",0.5902746099808411,0.1284461152882205,0.6591639871382636,0.2149973780807551,0.6215145823206276,0.1367354641742224,0.678591957524291,5855,4173,318,615,ok,0.0828044000081718,1,HR Promotion,0.2234497469819466,80.0,"[0.2227466229336262, 0.2230622540611442, 0.2230622540611442, 0.2230622540611442, 0.2230622540611442, 0.2234497469819466, 0.2234497469819466, 0.2234497469819466, 0.2234497469819466, 0.2234497469819466]",True
9,MLP,classical,LDA,gwo,1200,10961,13.791851999994831,"{'alpha': 0.00019697954763695863, 'learning_rate_init': 0.004637016076907999}",0.5951099352248882,0.1387342815914244,0.7213290460878885,0.2327109266943292,0.6523478098409128,0.171189826947519,0.7153587318851268,5850,4178,260,673,ok,0.0948712000390514,1,HR Promotion,0.1743918283231038,40.0,"[0.17439182832310382, 0.17439182832310382, 0.17439182832310382, 0.17439182832310382, 0.17439182832310382]",True
10,MLP,classical,LDA,gwo,1200,10962,21.148111500020605,"{'alpha': 0.025072622156781802, 'learning_rate_init': 0.00023440461082778577}",0.6309067688378033,0.1309297912713472,0.5910064239828694,0.2143689320388349,0.6128147397138121,0.1294800840432907,0.6708630182384399,6364,3664,382,552,ok,0.2224227999686263,1,HR Promotion,0.2206801558532878,56.0,"[0.22055058542270442, 0.22055058542270442, 0.22068015585328785, 0.22068015585328785, 0.22068015585328785, 0.22068015585328785, 0.22068015585328785]",True
11,MLP,classical,LDA,gwo,1200,10962,12.802744399989024,"{'alpha': 0.0006789901989567931, 'learning_rate_init': 0.03195316389303891}",0.7237730341178618,0.1711683417085427,0.5835117773019272,0.2646915978630403,0.6601743170514422,0.1970075991233998,0.7154746154023552,7389,2639,389,545,ok,0.0870354999788105,1,HR Promotion,0.2548093996455683,40.0,"[0.2548093996455683, 0.2548093996455683, 0.2548093996455683, 0.2548093996455683, 0.2548093996455683]",True
12,MLP,classical,LDA,gwo,1200,10962,12.258549099962693,"{'alpha': 0.002823517716792539, 'learning_rate_init': 0.005018593341592595}",0.684090494435322,0.160901045856798,0.6423982869379015,0.2573450568303667,0.6651859803257517,0.194683146728521,0.7416256964439611,6899,3129,334,600,ok,0.0937104999902658,1,HR Promotion,0.2610683812729849,64.0,"[0.2606097182756222, 0.2606097182756222, 0.2606097182756222, 0.2610683812729849, 0.2610683812729849, 0.2610683812729849, 0.2610683812729849, 0.2610683812729849]",True
13,MLP,classical,LDA,gwo,1200,10961,14.26670279999962,"{'alpha': 4.800994507612356e-05, 'learning_rate_init': 0.09807803737589126}",0.555332542651218,0.1296748731441458,0.7395498392282959,0.2206587783818356,0.6388714493309409,0.1550796337843974,0.7027275931785427,5397,4631,243,690,ok,0.0831331000081263,1,HR Promotion,0.2489285193073412,40.0,"[0.2489285193073412, 0.2489285193073412, 0.2489285193073412, 0.2489285193073412, 0.2489285193073412]",True
14,MLP,classical,LDA,gwo,1200,10961,12.051141700008884,"{'alpha': 0.00022832492843056284, 'learning_rate_init': 0.004636310250778892}",0.6369856764893714,0.1497240110395584,0.6977491961414791,0.2465442151107744,0.6645407328932366,0.1877186310877566,0.7412373970246653,6331,3697,282,651,ok,0.1616292000398971,1,HR Promotion,0.291005291005291,56.0,"[0.2886789623631729, 0.2886789623631729, 0.291005291005291, 0.291005291005291, 0.291005291005291, 0.291005291005291, 0.291005291005291]",True
0,XGBoost,classical,LDA,gwo,1200,10962,11.256936700025108,"{'max_depth': 6, 'learning_rate': 0.008245227050909132, 'subsample': 0.6002503358412737}",0.7097245028279511,0.1642771804062126,0.588865096359743,0.2568893040635217,0.6549231744263813,0.1878139396804932,0.687266553009176,7230,2798,384,550,ok,0.1530901999794878,1,HR Promotion,0.2892416225749559,64.0,"[0.28614798192004076, 0.288610906712452, 0.288610906712452, 0.2892416225749559, 0.2892416225749559, 0.2892416225749559, 0.2892416225749559, 0.2892416225749559]",True
1,XGBoost,classical,LDA,gwo,1200,10962,13.828122800041456,"{'max_depth': 2, 'learning_rate': 0.024239694325257855, 'subsample': 0.5993442644157774}",0.6175880313811348,0.1389627659574468,0.671306209850107,0.2302607418288652,0.6419454862573232,0.1610526148852384,0.6906557249978433,6143,3885,307,627,ok,0.100048299995251,1,HR Promotion,0.2400257480819348,88.0,"[0.2376328273513438, 0.2376328273513438, 0.2376328273513438, 0.2376328273513438, 0.23909832162259348, 0.23909832162259348, 0.2400257480819348, 0.2400257480819348, 0.2400257480819348, 0.2400257480819348, 0.2400257480819348]",True
2,XGBoost,classical,LDA,gwo,1200,10962,6.847729599976447,"{'max_depth': 8, 'learning_rate': 0.0133776763038466, 'subsample': 0.9043099275523929}",0.6773399014778325,0.1464276011953273,0.5770877944325482,0.2335861321776814,0.631882548991304,0.1559263470640885,0.6983065724323073,6886,3142,395,539,ok,0.3025435000308789,1,HR Promotion,0.2616070732107238,40.0,"[0.2616070732107238, 0.2616070732107238, 0.2616070732107238, 0.2616070732107238, 0.2616070732107238]",True
3,XGBoost,classical,LDA,gwo,1200,10961,12.62170389998937,"{'max_depth': 2, 'learning_rate': 0.008351090245758377, 'subsample': 0.9129084328978347}",0.7117051363926649,0.1659165916591659,0.5927116827438371,0.2592592592592592,0.6577439546547267,0.1913849158745124,0.717532441853058,7248,2780,380,553,ok,0.1051533999852836,1,HR Promotion,0.2372068920844669,80.0,"[0.2249413164896541, 0.2320433808968593, 0.2320433808968593, 0.2320433808968593, 0.2320433808968593, 0.2372068920844669, 0.2372068920844669, 0.2372068920844669, 0.2372068920844669, 0.2372068920844669]",True
4,XGBoost,classical,LDA,gwo,1200,10961,13.93460789998062,"{'max_depth': 9, 'learning_rate': 0.004437561815493882, 'subsample': 0.9738646036227596}",0.602591004470395,0.1302657161373946,0.6463022508038585,0.2168284789644013,0.6224131916165283,0.1383222860539169,0.6636051424713909,6002,4026,330,603,ok,0.1411223000031896,1,HR Promotion,0.2593210658784429,80.0,"[0.2540086089350256, 0.254699601473795, 0.254699601473795, 0.254699601473795, 0.25522270522270524, 0.2593210658784429, 0.2593210658784429, 0.2593210658784429, 0.2593210658784429, 0.2593210658784429]",True
5,XGBoost,classical,LDA,gwo,1200,10962,10.680590600008143,"{'max_depth': 2, 'learning_rate': 0.0018208670637600447, 'subsample': 0.8228334632465668}",0.7367268746579091,0.1851612903225806,0.6145610278372591,0.2845810609816559,0.6813331664914257,0.2248228635855693,0.7447934327779433,7502,2526,360,574,ok,0.1313322999631054,1,HR Promotion,0.2553951347797502,64.0,"[0.23140951159580295, 0.25277637804241637, 0.25277637804241637, 0.2553951347797502, 0.2553951347797502, 0.2553951347797502, 0.2553951347797502, 0.2553951347797502]",True
6,XGBoost,classical,LDA,gwo,1200,10962,15.656388700008392,"{'max_depth': 10, 'learning_rate': 0.00300556379823106, 'subsample': 0.9286287048999202}",0.668491151249772,0.1525990735975295,0.6349036402569593,0.246058091286307,0.6532615528767844,0.1788951257542033,0.7256102079060855,6735,3293,341,593,ok,0.1420646999613382,1,HR Promotion,0.2449471354806983,96.0,"[0.24143002644390252, 0.24143002644390252, 0.24143002644390252, 0.24143002644390252, 0.24405384887312598, 0.24474705544868547, 0.24474705544868547, 0.24494713548069832, 0.24494713548069832, 0.24494713548069832, 0.24494713548069832, 0.24494713548069832]",True
7,XGBoost,classical,LDA,gwo,1200,10962,10.919123100000434,"{'max_depth': 2, 'learning_rate': 0.02568959467914564, 'subsample': 0.5281830193391852}",0.5560116767013319,0.1269208878770631,0.7162740899357601,0.2156325543916196,0.6286795260209315,0.1438067422595854,0.708925821404564,5426,4602,265,669,ok,0.142543800000567,1,HR Promotion,0.2646801978997643,64.0,"[0.26195547967693217, 0.2636023698523699, 0.2640273592276355, 0.2646801978997643, 0.2646801978997643, 0.2646801978997643, 0.2646801978997643, 0.2646801978997643]",True
8,XGBoost,classical,LDA,gwo,1200,10961,8.695660299970768,"{'max_depth': 9, 'learning_rate': 0.002491005608200227, 'subsample': 0.5867068183204344}",0.6713803485083478,0.1446071904127829,0.5819935691318328,0.231655290102389,0.6308452089775638,0.1538805414547872,0.6855094053905229,6816,3212,390,543,ok,0.2290529000456445,1,HR Promotion,0.2116928377166993,48.0,"[0.2095657276995305, 0.21169283771669933, 0.21169283771669933, 0.21169283771669933, 0.21169283771669933, 0.21169283771669933]",True
9,XGBoost,classical,LDA,gwo,1200,10961,8.489013599988539,"{'max_depth': 2, 'learning_rate': 0.0012930449125933435, 'subsample': 0.5}",0.6239394215856218,0.136208076659822,0.639871382636656,0.2246049661399548,0.6311642513502387,0.1494379134549359,0.6856170354304838,6242,3786,336,597,ok,0.1387635999708436,1,HR Promotion,0.2187973635049875,46.0,"[0.21577132808157476, 0.21879295709082944, 0.2187973635049875, 0.2187973635049875, 0.2187973635049875, 0.2187973635049875]",True
10,XGBoost,classical,LDA,gwo,1200,10962,12.029431400005706,"{'max_depth': 8, 'learning_rate': 0.0018965896734758313, 'subsample': 0.5846570365574069}",0.7167487684729064,0.1658971991381963,0.5770877944325482,0.2577097776715276,0.6534222378624648,0.1875911683516794,0.7019014852631048,7318,2710,395,539,ok,0.1451459000236354,1,HR Promotion,0.243711477594536,64.0,"[0.24177323103154305, 0.24177323103154305, 0.24177323103154305, 0.24371147759453607, 0.24371147759453607, 0.24371147759453607, 0.24371147759453607, 0.24371147759453607]",True
11,XGBoost,classical,LDA,gwo,1200,10962,11.882057400012854,"{'max_depth': 3, 'learning_rate': 0.03206376588354023, 'subsample': 0.5382160954748384}",0.662287903667214,0.1463975472662238,0.6134903640256959,0.2363861386138613,0.6401616159976904,0.163341422760125,0.6819293024499282,6687,3341,361,573,ok,0.1269891000119969,1,HR Promotion,0.283835022493108,72.0,"[0.27932382966146013, 0.27932382966146013, 0.27932382966146013, 0.27932382966146013, 0.28383502249310805, 0.28383502249310805, 0.28383502249310805, 0.28383502249310805, 0.28383502249310805]",True
12,XGBoost,classical,LDA,gwo,1200,10962,11.225835499993993,"{'max_depth': 4, 'learning_rate': 0.0014404121031440036, 'subsample': 0.7332242354175106}",0.6324575807334428,0.1477350330070566,0.6948608137044968,0.243664351417308,0.6607531033021885,0.1831638356244245,0.7071274841578484,6284,3744,285,649,ok,0.1428728000028059,1,HR Promotion,0.2312048387227871,64.0,"[0.2303701775193574, 0.2303701775193574, 0.2303701775193574, 0.2312048387227871, 0.2312048387227871, 0.2312048387227871, 0.2312048387227871, 0.2312048387227871]",True
13,XGBoost,classical,LDA,gwo,1200,10961,7.991898800013587,"{'max_depth': 4, 'learning_rate': 0.0012588792784163963, 'subsample': 0.7350146395449787}",0.6779490922361099,0.1556616282153275,0.6291532690246516,0.2495748299319728,0.6558211498693263,0.1830676782515149,0.7006932571650397,6844,3184,346,587,ok,0.1954040999989956,1,HR Promotion,0.2498001300070668,40.0,"[0.24980013000706688, 0.24980013000706688, 0.24980013000706688, 0.24980013000706688, 0.24980013000706688]",True
14,XGBoost,classical,LDA,gwo,1200,10961,10.242161100031808,"{'max_depth': 6, 'learning_rate': 0.006986268444164546, 'subsample': 0.5922918637153823}",0.6655414651947815,0.1507794531050345,0.632368703108253,0.2434997936442426,0.6504982725752673,0.1753160284117565,0.7079581245396064,6705,3323,343,590,ok,0.2191746999742463,1,HR Promotion,0.2145220767995659,56.0,"[0.2127888965263087, 0.2127888965263087, 0.21452207679956592, 0.21452207679956592, 0.21452207679956592, 0.21452207679956592, 0.21452207679956592]",True
0,VQC,quantum,LDA,gwo,1200,10962,387.5731659000157,"{'n_layers': 3, 'learning_rate': 0.49999999999999994, 'map_reps': 1, 'feature_map': 'angle', 'entanglement': 'circular', 'init_scale': 0.4754201031302021}",0.8805874840357599,0.3061013443640124,0.3169164882226981,0.3114150447133088,0.6250019218137822,0.2461062540752701,0.7175033033843567,9357,671,638,296,ok,3.138423700002022,1,HR Promotion,0.2761997360927842,64.0,"[0.2426331692842151, 0.2472044380740033, 0.24771060258865138, 0.2761997360927842, 0.2761997360927842, 0.2761997360927842, 0.2761997360927842, 0.2761997360927842]",True
1,VQC,quantum,LDA,gwo,1200,10962,408.6367977999616,"{'n_layers': 4, 'learning_rate': 0.011477783815537492, 'map_reps': 1, 'feature_map': 'angle', 'entanglement': 'circular', 'init_scale': 0.379991419906592}",0.688925378580551,0.1559199555308504,0.6006423982869379,0.2475728155339805,0.6488951919635726,0.1770532083734001,0.7057073705402176,6991,3037,373,561,ok,3.909921300015412,1,HR Promotion,0.1906909032666783,48.0,"[0.18475659259902552, 0.19069090326667837, 0.19069090326667837, 0.19069090326667837, 0.19069090326667837, 0.19069090326667837]",True
2,VQC,quantum,LDA,gwo,1200,10962,355.6889530000044,"{'n_layers': 3, 'learning_rate': 0.07440989955478872, 'map_reps': 1, 'feature_map': 'zz', 'entanglement': 'linear', 'init_scale': 0.2802422011422052}",0.6533479292099982,0.1399497487437186,0.5963597430406852,0.2266992266992267,0.6275077534509369,0.1480524955405164,0.6719550355364722,6605,3423,377,557,ok,2.930653000017628,1,HR Promotion,0.2154989645000004,48.0,"[0.2053980361223199, 0.21549896450000047, 0.21549896450000047, 0.21549896450000047, 0.21549896450000047, 0.21549896450000047]",True
3,VQC,quantum,LDA,gwo,1200,10961,603.5103702999768,"{'n_layers': 6, 'learning_rate': 0.044326761944942755, 'map_reps': 1, 'feature_map': 'angle', 'entanglement': 'linear', 'init_scale': 0.01}",0.6674573487820454,0.1496124031007752,0.6205787781350482,0.2410993129294191,0.6461988425976398,0.1707311200592611,0.69379568932605,6737,3291,354,579,ok,2.951801900053397,1,HR Promotion,0.2017682796540161,72.0,"[0.17194336678835598, 0.19111103398509635, 0.1946354472348356, 0.1946354472348356, 0.20176827965401614, 0.20176827965401614, 0.20176827965401614, 0.20176827965401614, 0.20176827965401614]",True
4,VQC,quantum,LDA,gwo,1200,10961,570.2993828000035,"{'n_layers': 4, 'learning_rate': 0.005467187725382373, 'map_reps': 1, 'feature_map': 'angle', 'entanglement': 'linear', 'init_scale': 0.5}",0.6989325791442387,0.1627244229125106,0.6120042872454448,0.2570914002701486,0.6595123151424671,0.1908288755910439,0.7229246320377969,7090,2938,362,571,ok,2.396859200031031,1,HR Promotion,0.2433005911430464,72.0,"[0.23190092799172243, 0.23190092799172243, 0.2377376338132152, 0.2377376338132152, 0.24330059114304645, 0.24330059114304645, 0.24330059114304645, 0.24330059114304645, 0.24330059114304645]",True
5,VQC,quantum,LDA,gwo,1200,10962,269.3770091999904,"{'n_layers': 2, 'learning_rate': 0.05478830154245873, 'map_reps': 1, 'feature_map': 'angle', 'entanglement': 'full', 'init_scale': 0.2842829171476599}",0.560572888159095,0.1358094166197711,0.7751605995717344,0.2311252992817238,0.6578734788843914,0.1763691698072311,0.7286131487082421,5421,4607,210,724,ok,2.885519100003876,1,HR Promotion,0.2087861599546228,40.0,"[0.2087861599546228, 0.2087861599546228, 0.2087861599546228, 0.2087861599546228, 0.2087861599546228]",True
6,VQC,quantum,LDA,gwo,1200,10962,678.8530203999835,"{'n_layers': 4, 'learning_rate': 0.22671144640422167, 'map_reps': 1, 'feature_map': 'angle', 'entanglement': 'full', 'init_scale': 0.2754934370720911}",0.4693486590038314,0.1179784071350336,0.8072805139186295,0.2058703071672355,0.6225772334252102,0.1388130805048147,0.7167638855316464,4391,5637,180,754,ok,1.8370776000083424,1,HR Promotion,0.2338806955678175,96.0,"[0.2254341417182828, 0.2254341417182828, 0.2254341417182828, 0.229394813576939, 0.229394813576939, 0.229394813576939, 0.229394813576939, 0.23388069556781751, 0.23388069556781751, 0.23388069556781751, 0.23388069556781751, 0.23388069556781751]",True
7,VQC,quantum,LDA,gwo,1200,10962,557.8600725000142,"{'n_layers': 3, 'learning_rate': 0.3221950004319926, 'map_reps': 1, 'feature_map': 'angle', 'entanglement': 'full', 'init_scale': 0.3319929788941149}",0.6528005838350666,0.1499268649439298,0.658458244111349,0.2442414614773629,0.6553659389683191,0.1792695484771609,0.7227365624644999,6541,3487,319,615,ok,2.244357399991713,1,HR Promotion,0.2541398331567077,96.0,"[0.22551794610618137, 0.22551794610618137, 0.22619971770453107, 0.23877737584902695, 0.23877737584902695, 0.24312245024586224, 0.24312245024586224, 0.24548764837333095, 0.24548764837333095, 0.2541398331567077, 0.2541398331567077, 0.2541398331567077]",False
8,VQC,quantum,LDA,gwo,1200,10961,642.7259870999842,"{'n_layers': 4, 'learning_rate': 0.23296748416952842, 'map_reps': 1, 'feature_map': 'angle', 'entanglement': 'full', 'init_scale': 0.14770841255228406}",0.775750387738345,0.193158953722334,0.5144694533762058,0.280866003510825,0.6572646429226461,0.2096285367201423,0.7335027838451051,8023,2005,453,480,ok,2.0044199000112712,1,HR Promotion,0.2761279461279461,96.0,"[0.25488244959087575, 0.26079959256429847, 0.26149382759552253, 0.26149382759552253, 0.26487725332958795, 0.26487725332958795, 0.27022377653513696, 0.27022377653513696, 0.2749148573861217, 0.27612794612794617, 0.27612794612794617, 0.27612794612794617]",False
9,VQC,quantum,LDA,gwo,1200,10961,476.0929689999903,"{'n_layers': 6, 'learning_rate': 0.35435122022312504, 'map_reps': 1, 'feature_map': 'angle', 'entanglement': 'linear', 'init_scale': 0.3530952181688049}",0.3409360459812061,0.104389384983021,0.8896034297963559,0.1868527690229626,0.5897458712603638,0.1122272532506616,0.6940882784366689,2907,7121,103,830,ok,4.568376499984879,1,HR Promotion,0.2985669847023403,56.0,"[0.2688859575736382, 0.2688859575736382, 0.2985669847023403, 0.2985669847023403, 0.2985669847023403, 0.2985669847023403, 0.2985669847023403]",True
10,VQC,quantum,LDA,gwo,1200,10962,534.6339385000174,"{'n_layers': 3, 'learning_rate': 0.05502380253815982, 'map_reps': 1, 'feature_map': 'angle', 'entanglement': 'circular', 'init_scale': 0.053362463964177716}",0.6997810618500274,0.160863309352518,0.5985010706638115,0.2535722386028577,0.6538576354515707,0.1846283247713682,0.7174694581083032,7112,2916,375,559,ok,2.232480200007558,1,HR Promotion,0.2389370310937431,96.0,"[0.2215153136501451, 0.22837288155207233, 0.23304663311493332, 0.23304663311493332, 0.23304663311493332, 0.23304663311493332, 0.23706447585345833, 0.23893703109374317, 0.23893703109374317, 0.23893703109374317, 0.23893703109374317, 0.23893703109374317]",True
11,VQC,quantum,LDA,gwo,1200,10962,565.8483247000258,"{'n_layers': 3, 'learning_rate': 0.013718257794912507, 'map_reps': 1, 'feature_map': 'angle', 'entanglement': 'circular', 'init_scale': 0.35804167864542025}",0.6834519248312352,0.1664913203577064,0.6777301927194861,0.2673141891891892,0.6808575175803254,0.2121703019738602,0.7351170470007321,6859,3169,301,633,ok,2.0960991999600083,1,HR Promotion,0.2309366611042588,80.0,"[0.22506450645064505, 0.22828486467563666, 0.22828486467563666, 0.22849253310791773, 0.22901047501199823, 0.23093666110425884, 0.23093666110425884, 0.23093666110425884, 0.23093666110425884, 0.23093666110425884]",True
12,VQC,quantum,LDA,gwo,1200,10962,505.5345612000092,"{'n_layers': 6, 'learning_rate': 0.16630233389023488, 'map_reps': 1, 'feature_map': 'angle', 'entanglement': 'linear', 'init_scale': 0.5}",0.7546980478014961,0.1743970315398886,0.5032119914346895,0.2590245246624414,0.6406666259526859,0.1824098614138228,0.7038844767840624,7803,2225,464,470,ok,4.322228500037454,1,HR Promotion,0.2314645969180025,56.0,"[0.21144116672948, 0.22451787518038682, 0.23146459691800256, 0.23146459691800256, 0.23146459691800256, 0.23146459691800256, 0.23146459691800256]",True
13,VQC,quantum,LDA,gwo,1200,10961,602.8711673999787,"{'n_layers': 5, 'learning_rate': 0.004917592497953042, 'map_reps': 1, 'feature_map': 'angle', 'entanglement': 'circular', 'init_scale': 0.1735046870641993}",0.6612535352613813,0.1521521521521521,0.6516613076098606,0.2467031852302698,0.6569036494172159,0.1819439943940376,0.7176054956090792,6640,3388,325,608,ok,2.706090799998492,1,HR Promotion,0.2248042537172971,72.0,"[0.2120857699805068, 0.21444182689368826, 0.21999798711755233, 0.22078583961727036, 0.22480425371729718, 0.22480425371729718, 0.22480425371729718, 0.22480425371729718, 0.22480425371729718]",True
14,VQC,quantum,LDA,gwo,1200,10961,695.2348231999786,"{'n_layers': 6, 'learning_rate': 0.49999999999999994, 'map_reps': 1, 'feature_map': 'angle', 'entanglement': 'full', 'init_scale': 0.16098420497857052}",0.8212754310738072,0.2111486486486486,0.4019292604501607,0.2768549280177187,0.6311102225665244,0.1985882157188691,0.7054985590186705,8627,1401,558,375,ok,2.271687100001145,1,HR Promotion,0.2136993603411513,88.0,"[0.18704881351940175, 0.18704881351940175, 0.18704881351940175, 0.19879229567933368, 0.19879229567933368, 0.19879229567933368, 0.21369936034115136, 0.21369936034115136, 0.21369936034115136, 0.21369936034115136, 0.21369936034115136]",True
0,QNN,quantum,LDA,gwo,1200,10962,633.9851593000349,"{'n_layers': 5, 'learning_rate': 0.12043819181639433, 'feature_map': 'angle', 'entanglement': 'circular', 'init_scale': 0.02217406862844707}",0.6600072979383325,0.1557801331032783,0.6766595289079229,0.2532558605489882,0.6675579256027449,0.1937720911871343,0.7240670982063925,6603,3425,302,632,ok,2.7692762999795377,1,HR Promotion,0.254807906754916,72.0,"[0.23796648685727714, 0.23957259671545386, 0.24166564605021432, 0.24166564605021432, 0.254807906754916, 0.254807906754916, 0.254807906754916, 0.254807906754916, 0.254807906754916]",True
1,QNN,quantum,LDA,gwo,1200,10962,659.6228799000382,"{'n_layers': 3, 'learning_rate': 0.49389708064695836, 'feature_map': 'angle', 'entanglement': 'circular', 'init_scale': 0.42634538225984975}",0.6797117314358694,0.1574049454932199,0.6338329764453962,0.2521831735889244,0.6589089094432805,0.186900632650371,0.7239554194721588,6859,3169,342,592,ok,1.844631899963133,1,HR Promotion,0.2421482730886062,96.0,"[0.2261689730876061, 0.2261689730876061, 0.2261689730876061, 0.23288256716828146, 0.23288256716828146, 0.23288256716828146, 0.23288256716828146, 0.2405317401138952, 0.2405317401138952, 0.2421482730886062, 0.2421482730886062, 0.2421482730886062]",False
2,QNN,quantum,LDA,gwo,1200,10962,428.08253100002185,"{'n_layers': 4, 'learning_rate': 0.17604630563076173, 'feature_map': 'angle', 'entanglement': 'linear', 'init_scale': 0.06113868268645545}",0.5105820105820106,0.1236623067776456,0.7794432548179872,0.2134584371792992,0.6324918707277012,0.148366136410527,0.6936452664872403,4869,5159,206,728,ok,4.116615000006277,1,HR Promotion,0.2470309280485405,56.0,"[0.23584691170898067, 0.2404464410289989, 0.24703092804854054, 0.24703092804854054, 0.24703092804854054, 0.24703092804854054, 0.24703092804854054]",True
3,QNN,quantum,LDA,gwo,1200,10961,516.0047507000272,"{'n_layers': 2, 'learning_rate': 0.05225757083514261, 'feature_map': 'angle', 'entanglement': 'circular', 'init_scale': 0.5}",0.6716540461636712,0.1539460020768432,0.6355841371918542,0.2478578892371996,0.6552970546350176,0.1815489756372221,0.7137621305574829,6769,3259,340,593,ok,1.9353949999785984,1,HR Promotion,0.2424565660207751,64.0,"[0.23135235166215332, 0.23332480207480208, 0.23332480207480208, 0.24245656602077517, 0.24245656602077517, 0.24245656602077517, 0.24245656602077517, 0.24245656602077517]",True
4,QNN,quantum,LDA,gwo,1200,10961,599.6382639000076,"{'n_layers': 6, 'learning_rate': 0.0726810686086825, 'feature_map': 'angle', 'entanglement': 'circular', 'init_scale': 0.40773342768661036}",0.6338837697290394,0.1395131086142322,0.6387995712754555,0.2290105667627281,0.6361129886692396,0.1557691070131918,0.6900201942599308,6352,3676,337,596,ok,3.672991700004786,1,HR Promotion,0.2366866533422162,64.0,"[0.22751739253178335, 0.22751739253178335, 0.22751739253178335, 0.23668665334221628, 0.23668665334221628, 0.23668665334221628, 0.23668665334221628, 0.23668665334221628]",True
5,QNN,quantum,LDA,gwo,1200,10962,336.2969058000017,"{'n_layers': 3, 'learning_rate': 0.3489497597630783, 'feature_map': 'zz', 'entanglement': 'linear', 'init_scale': 0.0224153362662052}",0.7113665389527458,0.1577655003069367,0.550321199143469,0.2452290076335878,0.6383436869271394,0.1690192868884444,0.6850943162143857,7284,2744,420,514,ok,3.543030300003011,1,HR Promotion,0.2434737645063173,48.0,"[0.23673875727512592, 0.24347376450631733, 0.24347376450631733, 0.24347376450631733, 0.24347376450631733, 0.24347376450631733]",True
6,QNN,quantum,LDA,gwo,1200,10962,419.8509082000237,"{'n_layers': 3, 'learning_rate': 0.011922722139112236, 'feature_map': 'angle', 'entanglement': 'linear', 'init_scale': 0.16370691078461674}",0.6125706987775953,0.1306577480490524,0.6274089935760171,0.2162760656947776,0.6192988326476017,0.1354810701019567,0.6632614973577197,6129,3899,348,586,ok,3.4205765000078827,1,HR Promotion,0.2245183290707587,48.0,"[0.2142382970002361, 0.22451832907075872, 0.22451832907075872, 0.22451832907075872, 0.22451832907075872, 0.22451832907075872]",True
7,QNN,quantum,LDA,gwo,1200,10962,355.9838407000061,"{'n_layers': 5, 'learning_rate': 0.07778327179216944, 'feature_map': 'angle', 'entanglement': 'circular', 'init_scale': 0.030239885054583922}",0.6213282247765006,0.1353434595329857,0.639186295503212,0.2233863423760524,0.6294256168381637,0.1473698058306881,0.6901151081041607,6214,3814,337,597,ok,5.243352400022559,1,HR Promotion,0.1955313014640371,48.0,"[0.1841696842640239, 0.19553130146403716, 0.19553130146403716, 0.19553130146403716, 0.19553130146403716, 0.19553130146403716]",True
8,QNN,quantum,LDA,gwo,1200,10961,332.4102716000052,"{'n_layers': 1, 'learning_rate': 0.21775715758114952, 'feature_map': 'angle', 'entanglement': 'linear', 'init_scale': 0.13326201940419868}",0.6848827661709698,0.1516993644653219,0.5884244372990354,0.2412126537785588,0.6411408185697411,0.1675055227006768,0.7010694278955687,6958,3070,384,549,ok,1.9821965000010096,1,HR Promotion,0.2355319970911735,47.0,"[0.21127337574705995, 0.23553199709117353, 0.23553199709117353, 0.23553199709117353, 0.23553199709117353, 0.23553199709117353]",True
9,QNN,quantum,LDA,gwo,1200,10961,521.6146739000105,"{'n_layers': 3, 'learning_rate': 0.17185842493189382, 'feature_map': 'angle', 'entanglement': 'circular', 'init_scale': 0.3408740311333771}",0.7197336009488186,0.171630334663801,0.5991425509110396,0.2668257756563246,0.665047940792576,0.2015677621021607,0.7115305974995628,7330,2698,374,559,ok,2.4347391999908723,1,HR Promotion,0.2256732453776788,71.0,"[0.21916760372723298, 0.22236189678050144, 0.22236189678050144, 0.22236189678050144, 0.22567324537767888, 0.22567324537767888, 0.22567324537767888, 0.22567324537767888, 0.22567324537767888]",True
10,QNN,quantum,LDA,gwo,1200,10962,481.1993846000405,"{'n_layers': 3, 'learning_rate': 0.04966527613690386, 'feature_map': 'angle', 'entanglement': 'circular', 'init_scale': 0.24438341952289513}",0.660554643313264,0.152753550959382,0.6563169164882227,0.2478269658378815,0.6586331291655314,0.1838691006522846,0.7256405298568719,6628,3400,321,613,ok,2.9018921999959275,1,HR Promotion,0.2607183607077009,64.0,"[0.2547754324214228, 0.2577268610315537, 0.2577268610315537, 0.2607183607077009, 0.2607183607077009, 0.2607183607077009, 0.2607183607077009, 0.2607183607077009]",True
11,QNN,quantum,LDA,gwo,1200,10962,472.189503600006,"{'n_layers': 2, 'learning_rate': 0.2698472159063612, 'feature_map': 'angle', 'entanglement': 'circular', 'init_scale': 0.22976739402615154}",0.5946907498631636,0.1347074744951072,0.6927194860813705,0.225553425135088,0.6391399584375739,0.1565853294387769,0.7071678422472751,5872,4156,287,647,ok,2.3061485999496654,1,HR Promotion,0.2169552302252115,64.0,"[0.2102899715514052, 0.2102899715514052, 0.21414928223953203, 0.21695523022521157, 0.21695523022521157, 0.21695523022521157, 0.21695523022521157, 0.21695523022521157]",True
12,QNN,quantum,LDA,gwo,1200,10962,670.4702207000228,"{'n_layers': 3, 'learning_rate': 0.26708441225895985, 'feature_map': 'angle', 'entanglement': 'linear', 'init_scale': 0.16308272562105489}",0.7354497354497355,0.1631254283755997,0.5096359743040685,0.2471443406022845,0.6330589125608894,0.1681031654611521,0.6937013727729381,7586,2442,458,476,ok,1.6432371999835595,1,HR Promotion,0.2330722324534479,96.0,"[0.208309480440628, 0.21045726008505164, 0.21045726008505164, 0.21045726008505164, 0.21421661361820452, 0.21421661361820452, 0.21421661361820452, 0.21524512473470944, 0.21524512473470944, 0.21524512473470944, 0.21524512473470944, 0.2330722324534479]",False
13,QNN,quantum,LDA,gwo,1200,10961,584.5087065999978,"{'n_layers': 3, 'learning_rate': 0.4918940946544672, 'feature_map': 'angle', 'entanglement': 'linear', 'init_scale': 0.1145729582820454}",0.5401879390566554,0.1284602858693685,0.7609860664523044,0.2198142414860681,0.6403155302345287,0.1566315236495434,0.706635621759609,5211,4817,223,710,ok,2.175234900030773,1,HR Promotion,0.2563012121436678,96.0,"[0.2061864808683589, 0.22064015838970466, 0.22132718689604916, 0.22530317203023106, 0.22581286098963504, 0.22581286098963504, 0.23825406890720777, 0.24256562881562882, 0.24256562881562882, 0.24256562881562882, 0.24256562881562882, 0.2563012121436678]",False
14,QNN,quantum,LDA,gwo,1200,10961,559.263825699978,"{'n_layers': 3, 'learning_rate': 0.14725247738571437, 'feature_map': 'angle', 'entanglement': 'linear', 'init_scale': 0.10491868709411217}",0.6181917708238299,0.1437335670464505,0.7031082529474812,0.2386756412588684,0.6566997188151846,0.1774129037428301,0.7074256390787468,6120,3908,277,656,ok,2.282524199981708,1,HR Promotion,0.2566932882001375,88.0,"[0.2427059271010177, 0.24646696730471918, 0.2534231512435449, 0.2534231512435449, 0.2534231512435449, 0.2534231512435449, 0.25669328820013754, 0.25669328820013754, 0.25669328820013754, 0.25669328820013754, 0.25669328820013754]",True
0,QSVC,quantum,LDA,gwo,1200,10962,154.74603669997305,"{'C': 0.7360825776708754, 'map_reps': 2, 'scale': 0.25, 'entanglement': 'full'}",0.6791643860609378,0.1578807947019867,0.6381156316916489,0.2531322998513485,0.6605516331573522,0.1886657314393889,0.7288843913701165,6849,3179,338,596,ok,49.48534279997693,1,HR Promotion,0.2801237595705761,48.0,"[0.2779585907900702, 0.28012375957057617, 0.28012375957057617, 0.28012375957057617, 0.28012375957057617, 0.28012375957057617]",True
1,QSVC,quantum,LDA,gwo,1200,10962,147.661444700032,"{'C': 7.153354048174811, 'map_reps': 1, 'scale': 0.6154254290631851, 'entanglement': 'full'}",0.675059295748951,0.1521969295923769,0.6156316916488223,0.2440577249575551,0.6481130137542077,0.1740161983947284,0.7009288339544351,6825,3203,359,575,ok,35.175491599948145,1,HR Promotion,0.2387281997632866,48.0,"[0.22169365721997303, 0.23872458744086952, 0.23872458744086952, 0.2387281997632866, 0.2387281997632866, 0.2387281997632866]",True
2,QSVC,quantum,LDA,gwo,1200,10962,226.0654438000056,"{'C': 0.08092982732271371, 'map_reps': 1, 'scale': 0.5648894999525509, 'entanglement': 'circular'}",0.707261448640759,0.1763869132290185,0.6638115631691649,0.2787143178242302,0.6875599499132621,0.2243868298713445,0.7496196410222682,7133,2895,314,620,ok,28.38693780003814,1,HR Promotion,0.2306262015720082,80.0,"[0.2168351582226903, 0.2168351582226903, 0.2191091414034291, 0.224349241652302, 0.224349241652302, 0.23058309722063272, 0.23058309722063272, 0.23058309722063272, 0.23058309722063272, 0.23062620157200828]",True
3,QSVC,quantum,LDA,gwo,1200,10961,264.8805781999836,"{'C': 0.13202207165500435, 'map_reps': 1, 'scale': 0.2850444559879461, 'entanglement': 'linear'}",0.7554055286926376,0.1731488406881077,0.4962486602357985,0.2567230385361796,0.6378830058259168,0.1791881772294528,0.6922247930873938,7817,2211,470,463,ok,21.474321399990004,1,HR Promotion,0.3011214011214011,96.0,"[0.24272166117661675, 0.2443062814487401, 0.26362319520214256, 0.27988095381441475, 0.29369977598104074, 0.29369977598104074, 0.2955379698191101, 0.2955379698191101, 0.2955379698191101, 0.2955379698191101, 0.3011214011214011, 0.3011214011214011]",False
4,QSVC,quantum,LDA,gwo,1200,10961,248.0842313999892,"{'C': 0.12938425567804868, 'map_reps': 1, 'scale': 0.25, 'entanglement': 'full'}",0.6325152814524222,0.1376726761882463,0.6302250803858521,0.2259800153727901,0.6314767204880996,0.15046968029784,0.6894115020279766,6345,3683,345,588,ok,24.8340739000123,1,HR Promotion,0.2705001028922064,88.0,"[0.22502873563218392, 0.24702343782523628, 0.2611352504255546, 0.262016676589335, 0.262016676589335, 0.262016676589335, 0.27050010289220644, 0.27050010289220644, 0.27050010289220644, 0.27050010289220644, 0.27050010289220644]",True
5,QSVC,quantum,LDA,gwo,1200,10962,217.6560223000124,"{'C': 100.00000000000013, 'map_reps': 1, 'scale': 0.6380725123639762, 'entanglement': 'full'}",0.6427659186279876,0.1386330586524479,0.6124197002141327,0.2260869565217391,0.6290060208290449,0.1486808164512467,0.6851155095497062,6474,3554,362,572,ok,28.51065559999552,1,HR Promotion,0.2186862505099959,80.0,"[0.21646243278121835, 0.21653917830436578, 0.2181560105718089, 0.2181560105718089, 0.21849557415878143, 0.2186862505099959, 0.2186862505099959, 0.2186862505099959, 0.2186862505099959, 0.2186862505099959]",True
6,QSVC,quantum,LDA,gwo,1200,10962,160.6731799999834,"{'C': 0.03762663960071264, 'map_reps': 1, 'scale': 0.25, 'entanglement': 'full'}",0.8361612844371465,0.2391041162227603,0.4229122055674518,0.305491105955143,0.6487815914155568,0.2322094737243906,0.5256485267375546,8771,1257,539,395,ok,34.58974780002609,1,HR Promotion,0.2473068920024032,56.0,"[0.2104528595532823, 0.21259641084383352, 0.24730689200240322, 0.24730689200240322, 0.24730689200240322, 0.24730689200240322, 0.24730689200240322]",True
7,QSVC,quantum,LDA,gwo,1200,10962,246.64329490001543,"{'C': 0.1045467570207896, 'map_reps': 1, 'scale': 0.25, 'entanglement': 'linear'}",0.7932858967341726,0.2076382791922739,0.5064239828693791,0.2945205479452055,0.6632139858503258,0.2246110923643191,0.7250498390374189,8223,1805,461,473,ok,24.83684760000324,1,HR Promotion,0.2235305958132044,96.0,"[0.1995125228942036, 0.1995125228942036, 0.21207491461437034, 0.21207491461437034, 0.21354276477616138, 0.21354276477616138, 0.2229473353874244, 0.2229473353874244, 0.22353059581320447, 0.22353059581320447, 0.22353059581320447, 0.22353059581320447]",False
8,QSVC,quantum,LDA,gwo,1200,10961,247.71223560004728,"{'C': 0.10845625753884114, 'map_reps': 1, 'scale': 0.3204748931545982, 'entanglement': 'circular'}",0.6838792081014506,0.1589439655172413,0.632368703108253,0.2540365984930032,0.6605202111472657,0.1893061263387766,0.7214602435794993,6906,3122,343,590,ok,24.723105999990366,1,HR Promotion,0.2652944410784663,96.0,"[0.2344538923887217, 0.25489014157876133, 0.2549028936868392, 0.2598375493778558, 0.2630149640784209, 0.2630149640784209, 0.2630149640784209, 0.26312441792433977, 0.26312441792433977, 0.2652944410784663, 0.2652944410784663, 0.2652944410784663]",False
9,QSVC,quantum,LDA,gwo,1200,10961,298.8896243000054,"{'C': 1.5230736977722157, 'map_reps': 3, 'scale': 0.25, 'entanglement': 'circular'}",0.6825107198248335,0.1581208053691275,0.6312968917470525,0.2528982395878059,0.6592862599939889,0.1876911856591922,0.7257149969367658,6892,3136,344,589,ok,29.832282199990004,1,HR Promotion,0.2614197291918374,79.0,"[0.2542489192505623, 0.25680868838763576, 0.26001359937102914, 0.26001359937102914, 0.26001359937102914, 0.2614197291918374, 0.2614197291918374, 0.2614197291918374, 0.2614197291918374, 0.2614197291918374]",True
10,QSVC,quantum,LDA,gwo,1200,10962,237.6893817000091,"{'C': 0.03127955389479153, 'map_reps': 3, 'scale': 0.2944369821742743, 'entanglement': 'circular'}",0.6704980842911877,0.1545407636738906,0.6413276231263383,0.249064449064449,0.6572713105659613,0.1836824417947817,0.7070151648190207,6751,3277,335,599,ok,44.62210799998138,1,HR Promotion,0.2229365940053974,56.0,"[0.20998734704225483, 0.21859033663576957, 0.22293659400539748, 0.22293659400539748, 0.22293659400539748, 0.22293659400539748, 0.22293659400539748]",True
11,QSVC,quantum,LDA,gwo,1200,10962,240.88194049999584,"{'C': 0.014801368177841568, 'map_reps': 1, 'scale': 0.5169092849698318, 'entanglement': 'full'}",0.7418354314906039,0.1678346180798878,0.512847965738758,0.2529039070749736,0.6380055544689003,0.1755995134885733,0.700571216439793,7653,2375,455,479,ok,26.432476999994837,1,HR Promotion,0.2652740001147644,88.0,"[0.2563632260425405, 0.262816087656852, 0.262816087656852, 0.2647633709659026, 0.2647633709659026, 0.2647633709659026, 0.26527400011476443, 0.26527400011476443, 0.26527400011476443, 0.26527400011476443, 0.26527400011476443]",True
12,QSVC,quantum,LDA,gwo,1200,10962,196.6027657000232,"{'C': 0.03199369656210655, 'map_reps': 1, 'scale': 0.3292298428573937, 'entanglement': 'full'}",0.7363619777412881,0.1652977412731006,0.5171306209850107,0.2505186721991701,0.636955817074077,0.1729509490471088,0.6977380892387824,7589,2439,451,483,ok,28.71500239998568,1,HR Promotion,0.2310808767951625,72.0,"[0.20448874843983988, 0.22540599341743092, 0.22686851689266088, 0.22791252791252792, 0.2310808767951625, 0.2310808767951625, 0.2310808767951625, 0.2310808767951625, 0.2310808767951625]",True
13,QSVC,quantum,LDA,gwo,1200,10961,266.4471815999714,"{'C': 100.00000000000013, 'map_reps': 3, 'scale': 0.2881656424382284, 'entanglement': 'linear'}",0.5992154000547395,0.1357894736842105,0.6913183279742765,0.2269927855006158,0.6409822593202057,0.1587869756078745,0.6927694630810793,5923,4105,288,645,ok,34.71531070000492,1,HR Promotion,0.2138799795472505,72.0,"[0.20501627813746973, 0.2117760796726218, 0.2120662406376692, 0.2120662406376692, 0.2138799795472505, 0.2138799795472505, 0.2138799795472505, 0.2138799795472505, 0.2138799795472505]",True
14,QSVC,quantum,LDA,gwo,1200,10961,151.61782460001996,"{'C': 0.05999212149440284, 'map_reps': 1, 'scale': 0.2504250839215222, 'entanglement': 'circular'}",0.8086853389289298,0.2144259077526987,0.4683815648445874,0.294177044766072,0.6543642965826447,0.221445725726959,0.6979571882544524,8427,1601,496,437,ok,33.75671519996831,1,HR Promotion,0.2537119472513254,48.0,"[0.23675595543002861, 0.2537119472513254, 0.2537119472513254, 0.2537119472513254, 0.2537119472513254, 0.2537119472513254]",True
0,QDT,quantum,LDA,gwo,1200,10962,4.359302999975625,"{'max_depth': 8, 'min_samples_split': 26, 'map_reps': 3, 'entanglement': 'linear'}",0.5612114577631819,0.0895806861499364,0.4528907922912205,0.1495756718528995,0.5120955756430176,0.0136389787267709,0.5185648812874273,5729,4299,511,423,ok,0.0866934999939985,1,HR Promotion,0.1691813134409701,52.0,"[0.16370484091072326, 0.16704438614775433, 0.1691813134409701, 0.1691813134409701, 0.1691813134409701, 0.1691813134409701, 0.1691813134409701]",True
1,QDT,quantum,LDA,gwo,1200,10962,4.190499800024554,"{'max_depth': 7, 'min_samples_split': 5, 'map_reps': 1, 'entanglement': 'circular'}",0.5078452837073527,0.0967275357078286,0.5728051391862955,0.165506573859242,0.5373000566294461,0.0416560759932113,0.5412779442400677,5032,4996,399,535,ok,0.0729901999584399,1,HR Promotion,0.1832986193699095,53.0,"[0.17432580033944564, 0.18174866521923175, 0.18174866521923175, 0.18174866521923175, 0.18329861936990954, 0.18329861936990954, 0.18329861936990954, 0.18329861936990954, 0.18329861936990954]",True
2,QDT,quantum,LDA,gwo,1200,10962,4.017564799985848,"{'max_depth': 2, 'min_samples_split': 32, 'map_reps': 1, 'entanglement': 'circular'}",0.5460682357234081,0.1016949152542373,0.5524625267665952,0.1717709720372836,0.5489676016361895,0.0548353093331428,0.5433615640660112,5470,4558,418,516,ok,0.0754168999847024,1,HR Promotion,0.177297424994094,48.0,"[0.17530110150772873, 0.17530110150772873, 0.17530110150772873, 0.17530110150772873, 0.17729742499409404, 0.17729742499409404, 0.17729742499409404, 0.17729742499409404, 0.17729742499409404]",True
3,QDT,quantum,LDA,gwo,1200,10961,5.097134699986782,"{'max_depth': 6, 'min_samples_split': 5, 'map_reps': 2, 'entanglement': 'linear'}",0.4841711522671289,0.092947059837903,0.5777063236870311,0.1601307189542483,0.5265875056807713,0.0297282963332532,0.5341341670974006,4768,5260,394,539,ok,0.0699889999814331,1,HR Promotion,0.1866880830839641,61.0,"[0.176552926680159, 0.1780141178597924, 0.1827783380290476, 0.1827783380290476, 0.18668808308396412, 0.18668808308396412, 0.18668808308396412, 0.18668808308396412, 0.18668808308396412]",True
4,QDT,quantum,LDA,gwo,1200,10961,5.168130000005476,"{'max_depth': 11, 'min_samples_split': 8, 'map_reps': 1, 'entanglement': 'full'}",0.5950187026731137,0.0806220095693779,0.3612004287245445,0.1318208488167416,0.4889867321125714,-0.0126549131878399,0.4932597088281429,6185,3843,596,337,ok,0.0647540999925695,1,HR Promotion,0.1696805371077168,65.0,"[0.16477995268689294, 0.1659266762937259, 0.1659266762937259, 0.16948883081770885, 0.16948883081770885, 0.1696805371077168, 0.1696805371077168, 0.1696805371077168, 0.1696805371077168, 0.1696805371077168]",True
5,QDT,quantum,LDA,gwo,1200,10962,3.9988150999997742,"{'max_depth': 12, 'min_samples_split': 12, 'map_reps': 1, 'entanglement': 'circular'}",0.5006385696040868,0.0911383285302593,0.5417558886509636,0.1560283687943262,0.5192824118165069,0.0215351841114642,0.5188316397171432,4982,5046,428,506,ok,0.0752551999757997,1,HR Promotion,0.1907200792272986,46.0,"[0.1848627493949061, 0.1907200792272986, 0.1907200792272986, 0.1907200792272986, 0.1907200792272986, 0.1907200792272986]",True
6,QDT,quantum,LDA,gwo,1200,10962,4.351905199990142,"{'max_depth': 3, 'min_samples_split': 22, 'map_reps': 3, 'entanglement': 'linear'}",0.5869366903849662,0.117984693877551,0.5942184154175589,0.1968783256473927,0.5902384458420065,0.1018007007324639,0.6117004614061355,5879,4149,379,555,ok,0.0772548000095412,1,HR Promotion,0.2023729194781826,52.0,"[0.19771441644632148, 0.19771441644632148, 0.19771441644632148, 0.19771441644632148, 0.20237291947818262, 0.20237291947818262, 0.20237291947818262, 0.20237291947818262, 0.20237291947818262]",True
7,QDT,quantum,LDA,gwo,1200,10962,5.121350999979768,"{'max_depth': 7, 'min_samples_split': 4, 'map_reps': 2, 'entanglement': 'circular'}",0.5298303229337712,0.0943867743175701,0.525695931477516,0.1600391134289439,0.5279556641831138,0.0312596416898317,0.5284174333280092,5317,4711,443,491,ok,0.0700209999922663,1,HR Promotion,0.1912133719841652,63.0,"[0.18223477463498036, 0.18223477463498036, 0.18537873381595762, 0.19013164121493445, 0.19013164121493445, 0.19013164121493445, 0.19013164121493445, 0.1912133719841652, 0.1912133719841652, 0.1912133719841652, 0.1912133719841652, 0.1912133719841652]",True
8,QDT,quantum,LDA,gwo,1200,10961,5.83172050002031,"{'max_depth': 8, 'min_samples_split': 30, 'map_reps': 3, 'entanglement': 'full'}",0.4319861326521302,0.0859020497574714,0.5884244372990354,0.1499180775532496,0.5029278149797929,0.0033142029522275,0.4947967769559275,4186,5842,384,549,ok,0.0583132999599911,1,HR Promotion,0.1789347508859704,72.0,"[0.1707171741227469, 0.1707171741227469, 0.17331221352995865, 0.17331221352995865, 0.17728014140289106, 0.17728014140289106, 0.17855367407177256, 0.1789347508859704, 0.1789347508859704, 0.1789347508859704, 0.1789347508859704, 0.1789347508859704]",True
9,QDT,quantum,LDA,gwo,1200,10961,4.817905600008089,"{'max_depth': 4, 'min_samples_split': 13, 'map_reps': 2, 'entanglement': 'circular'}",0.6385366298695374,0.1254019292604501,0.5434083601286174,0.2037781350482315,0.5953978378225855,0.1103505144766176,0.6057392997356598,6492,3536,426,507,ok,0.0686247000121511,1,HR Promotion,0.1784157207991084,58.0,"[0.17445559089796916, 0.17807130354017076, 0.17807130354017076, 0.1784157207991084, 0.1784157207991084, 0.1784157207991084, 0.1784157207991084, 0.1784157207991084]",True
10,QDT,quantum,LDA,gwo,1200,10962,2.9656669999822043,"{'max_depth': 2, 'min_samples_split': 8, 'map_reps': 3, 'entanglement': 'circular'}",0.6407589855865717,0.1100726895119418,0.4539614561027837,0.1771834517342248,0.5560593080274588,0.0655662566770867,0.5645288481331501,6600,3428,510,424,ok,0.107988599978853,1,HR Promotion,0.1504599004733005,39.0,"[0.15045990047330057, 0.15045990047330057, 0.15045990047330057, 0.15045990047330057, 0.15045990047330057]",True
11,QDT,quantum,LDA,gwo,1200,10962,5.398352799995337,"{'max_depth': 7, 'min_samples_split': 12, 'map_reps': 1, 'entanglement': 'circular'}",0.640850209815727,0.0876132930513595,0.341541755888651,0.1394535519125683,0.5051346593563717,0.0060873278209285,0.5004515194713901,6706,3322,615,319,ok,0.0586786000058054,1,HR Promotion,0.170959281286384,67.0,"[0.16803517172296553, 0.16803517172296553, 0.16803517172296553, 0.16803517172296553, 0.17095928128638407, 0.17095928128638407, 0.17095928128638407, 0.17095928128638407, 0.17095928128638407]",True
12,QDT,quantum,LDA,gwo,1200,10962,3.52486470004078,"{'max_depth': 2, 'min_samples_split': 27, 'map_reps': 1, 'entanglement': 'circular'}",0.6584564860426929,0.1333507306889352,0.5471092077087795,0.2144355853965589,0.6079682456573414,0.1264297054108815,0.6282440216643932,6707,3321,423,511,ok,0.0727025999804027,1,HR Promotion,0.1783790628235072,41.0,"[0.16846782221401227, 0.17837906282350727, 0.17837906282350727, 0.17837906282350727, 0.17837906282350727, 0.17837906282350727]",True
13,QDT,quantum,LDA,gwo,1200,10961,3.3689664999837987,"{'max_depth': 5, 'min_samples_split': 10, 'map_reps': 2, 'entanglement': 'circular'}",0.6286835142778944,0.0943884147918282,0.3912111468381565,0.1520833333333333,0.5209944844681409,0.0245216967185413,0.5224659271296533,6526,3502,568,365,ok,0.0870484999613836,1,HR Promotion,0.1530138870000151,44.0,"[0.13695223309793825, 0.1530138870000151, 0.1530138870000151, 0.1530138870000151, 0.1530138870000151, 0.1530138870000151]",True
14,QDT,quantum,LDA,gwo,1200,10961,5.4962240000022575,"{'max_depth': 7, 'min_samples_split': 23, 'map_reps': 3, 'entanglement': 'circular'}",0.5644557978286653,0.0916436317244312,0.4619506966773847,0.1529453513129879,0.5179717583905472,0.0202657780878554,0.5279474705551145,5756,4272,502,431,ok,0.0641037999885156,1,HR Promotion,0.1778432124274581,76.0,"[0.16898834687424277, 0.1741512468086515, 0.1741512468086515, 0.1741512468086515, 0.17615012895943796, 0.17615012895943796, 0.17641859044596417, 0.17784321242745818, 0.17784321242745818, 0.17784321242745818, 0.17784321242745818, 0.17784321242745818]",True
0,LogReg,classical,PCA,default,491,123,3.00002284348011e-07,{},0.5528455284552846,0.7205882352941176,0.5764705882352941,0.6405228758169934,0.538235294117647,0.0710656759099976,0.5823529411764706,19,19,36,49,ok,0.0302313999854959,4,Loan Approval,,,,
1,LogReg,classical,PCA,default,491,123,2.00001522898674e-07,{},0.5934959349593496,0.7536231884057971,0.611764705882353,0.6753246753246753,0.5821981424148608,0.1530635686589479,0.648297213622291,21,17,33,52,ok,0.0286733999964781,4,Loan Approval,,,,
2,LogReg,classical,PCA,default,491,123,2.999440766870976e-07,{},0.5772357723577236,0.7424242424242424,0.5833333333333334,0.6533333333333333,0.5737179487179487,0.1375833211001962,0.6053113553113554,22,17,35,49,ok,0.0339799000066705,4,Loan Approval,,,,
3,LogReg,classical,PCA,default,491,123,3.00002284348011e-07,{},0.5528455284552846,0.6705882352941176,0.6785714285714286,0.6745562130177515,0.4803113553113553,-0.0396566936700364,0.5177045177045176,11,28,27,57,ok,0.0290196000132709,4,Loan Approval,,,,
4,LogReg,classical,PCA,default,492,122,3.00002284348011e-07,{},0.5901639344262295,0.75,0.6071428571428571,0.6710526315789473,0.5798872180451128,0.1489660830572524,0.5523182957393483,21,17,33,51,ok,0.0279816999682225,4,Loan Approval,,,,
5,LogReg,classical,PCA,default,491,123,2.00001522898674e-07,{},0.5853658536585366,0.7428571428571429,0.611764705882353,0.6709677419354839,0.5690402476780185,0.1288387915676507,0.5541795665634675,20,18,33,52,ok,0.0344696000101976,4,Loan Approval,,,,
6,LogReg,classical,PCA,default,491,123,4.00003045797348e-07,{},0.5284552845528455,0.7142857142857143,0.5294117647058824,0.6081081081081081,0.5278637770897833,0.0515140083488931,0.5222910216718266,20,18,40,45,ok,0.0290097999968566,4,Loan Approval,,,,
7,LogReg,classical,PCA,default,491,123,2.999440766870976e-07,{},0.5365853658536586,0.7213114754098361,0.5238095238095238,0.6068965517241379,0.543956043956044,0.0818200572348404,0.5863858363858363,22,17,40,44,ok,0.0376353000174276,4,Loan Approval,,,,
8,LogReg,classical,PCA,default,491,123,2.00001522898674e-07,{},0.5934959349593496,0.7236842105263158,0.6547619047619048,0.6875,0.5581501831501832,0.1113774586116831,0.5561660561660562,18,21,29,55,ok,0.0294177000178024,4,Loan Approval,,,,
9,LogReg,classical,PCA,default,492,122,3.00002284348011e-07,{},0.5655737704918032,0.7313432835820896,0.5833333333333334,0.6490066225165563,0.5548245614035088,0.1020511391510324,0.5704887218045113,20,18,35,49,ok,0.0329322000034153,4,Loan Approval,,,,
10,LogReg,classical,PCA,default,491,123,4.00003045797348e-07,{},0.6016260162601627,0.7307692307692307,0.6705882352941176,0.6993865030674846,0.5589783281733746,0.1131540639334139,0.5625386996904025,17,21,28,57,ok,0.0368526999955065,4,Loan Approval,,,,
11,LogReg,classical,PCA,default,491,123,3.00002284348011e-07,{},0.6260162601626016,0.7407407407407407,0.7058823529411765,0.7228915662650602,0.576625386996904,0.1493264646384796,0.5352941176470588,17,21,25,60,ok,0.0355005000019446,4,Loan Approval,,,,
12,LogReg,classical,PCA,default,491,123,2.00001522898674e-07,{},0.6097560975609756,0.7432432432432432,0.6547619047619048,0.6962025316455697,0.5837912087912087,0.1592892612212627,0.5757020757020758,20,19,29,55,ok,0.0291592999710701,4,Loan Approval,,,,
13,LogReg,classical,PCA,default,491,123,3.00002284348011e-07,{},0.6504065040650406,0.7662337662337663,0.7023809523809523,0.7329192546583851,0.6204212454212454,0.2316225178189547,0.6926129426129426,21,18,25,59,ok,0.0266563999466598,4,Loan Approval,,,,
14,LogReg,classical,PCA,default,492,122,3.00002284348011e-07,{},0.5737704918032787,0.7758620689655172,0.5357142857142857,0.6338028169014085,0.5968045112781954,0.1795366221434843,0.5845864661654135,25,13,39,45,ok,0.0267337000113911,4,Loan Approval,,,,
0,SVC,classical,PCA,default,491,123,2.00001522898674e-07,{},0.5772357723577236,0.726027397260274,0.6235294117647059,0.6708860759493671,0.5486068111455108,0.0914496304199199,0.5557275541795665,18,20,32,53,ok,0.064639399992302,4,Loan Approval,,,,
1,SVC,classical,PCA,default,491,123,4.00003045797348e-07,{},0.5609756097560976,0.7066666666666667,0.6235294117647059,0.6625,0.5222910216718266,0.0422289205846672,0.4577399380804953,16,22,32,53,ok,0.0651648000348359,4,Loan Approval,,,,
2,SVC,classical,PCA,default,491,123,3.00002284348011e-07,{},0.5284552845528455,0.7096774193548387,0.5238095238095238,0.6027397260273972,0.5311355311355311,0.0579558738746786,0.5946275946275946,21,18,40,44,ok,0.0512692000484094,4,Loan Approval,,,,
3,SVC,classical,PCA,default,491,123,4.00003045797348e-07,{},0.5447154471544715,0.7,0.5833333333333334,0.6363636363636364,0.5224358974358975,0.0421656144517068,0.5506715506715507,18,21,35,49,ok,0.0459005999728105,4,Loan Approval,,,,
4,SVC,classical,PCA,default,492,122,4.00003045797348e-07,{},0.5491803278688525,0.7457627118644068,0.5238095238095238,0.6153846153846154,0.5645363408521303,0.1196105518622944,0.5889724310776944,23,15,40,44,ok,0.0619435999542474,4,Loan Approval,,,,
5,SVC,classical,PCA,default,491,123,5.00003807246685e-07,{},0.5772357723577236,0.7538461538461538,0.5764705882352941,0.6533333333333333,0.5777089783281734,0.1438572589040477,0.6165634674922601,22,16,36,49,ok,0.063669099996332,4,Loan Approval,,,,
6,SVC,classical,PCA,default,491,123,3.00002284348011e-07,{},0.5609756097560976,0.7183098591549296,0.6,0.6538461538461539,0.5368421052631579,0.0689199334973432,0.5569659442724458,18,20,34,51,ok,0.0656437000143341,4,Loan Approval,,,,
7,SVC,classical,PCA,default,491,123,2.00001522898674e-07,{},0.4715447154471545,0.6266666666666667,0.5595238095238095,0.5911949685534591,0.4207875457875458,-0.1511277306274099,0.4587912087912087,11,28,37,47,ok,0.0501152999931946,4,Loan Approval,,,,
8,SVC,classical,PCA,default,491,123,3.00002284348011e-07,{},0.4715447154471545,0.6610169491525424,0.4642857142857143,0.5454545454545454,0.4757326007326007,-0.0452073640524904,0.5131257631257632,19,20,45,39,ok,0.0487525000353343,4,Loan Approval,,,,
9,SVC,classical,PCA,default,492,122,3.00002284348011e-07,{},0.5737704918032787,0.7758620689655172,0.5357142857142857,0.6338028169014085,0.5968045112781954,0.1795366221434843,0.6043233082706767,25,13,39,45,ok,0.0594086999772116,4,Loan Approval,,,,
10,SVC,classical,PCA,default,491,123,3.00002284348011e-07,{},0.5772357723577236,0.6896551724137931,0.7058823529411765,0.6976744186046512,0.4976780185758514,-0.0047160578220303,0.5342105263157895,11,27,25,60,ok,0.0483216999564319,4,Loan Approval,,,,
11,SVC,classical,PCA,default,491,123,2.999440766870976e-07,{},0.6016260162601627,0.7727272727272727,0.6,0.6754966887417219,0.6026315789473684,0.1901966536540368,0.4931888544891641,23,15,34,51,ok,0.0595407000510022,4,Loan Approval,,,,
12,SVC,classical,PCA,default,491,123,2.00001522898674e-07,{},0.5447154471544715,0.6891891891891891,0.6071428571428571,0.6455696202531646,0.5086996336996337,0.0165382293071256,0.5699023199023199,16,23,33,51,ok,0.0417402999592013,4,Loan Approval,,,,
13,SVC,classical,PCA,default,491,123,3.00002284348011e-07,{},0.5040650406504065,0.6885245901639344,0.5,0.5793103448275863,0.5064102564102564,0.0119320916800808,0.5357142857142857,20,19,42,42,ok,0.0450128999655135,4,Loan Approval,,,,
14,SVC,classical,PCA,default,492,122,4.00003045797348e-07,{},0.5327868852459017,0.7288135593220338,0.5119047619047619,0.6013986013986014,0.5454260651629073,0.0841918933011296,0.6022869674185464,22,16,41,43,ok,0.0554287999984808,4,Loan Approval,,,,
0,DecisionTree,classical,PCA,default,491,123,2.00001522898674e-07,{},0.4715447154471545,0.6470588235294118,0.5176470588235295,0.5751633986928104,0.4430340557275541,-0.105879225647284,0.4430340557275541,14,24,41,44,ok,0.0280259000137448,4,Loan Approval,,,,
1,DecisionTree,classical,PCA,default,491,123,1.00000761449337e-07,{},0.5528455284552846,0.7777777777777778,0.4941176470588235,0.60431654676259,0.5891640866873065,0.1660350575283503,0.5891640866873065,26,12,43,42,ok,0.0276933999848552,4,Loan Approval,,,,
2,DecisionTree,classical,PCA,default,491,123,2.00001522898674e-07,{},0.5528455284552846,0.7164179104477612,0.5714285714285714,0.6357615894039735,0.5421245421245421,0.078723740422882,0.5421245421245421,20,19,36,48,ok,0.0373686999664641,4,Loan Approval,,,,
3,DecisionTree,classical,PCA,default,491,123,2.00001522898674e-07,{},0.5934959349593496,0.7297297297297297,0.6428571428571429,0.6835443037974683,0.565018315018315,0.1236015032427284,0.565018315018315,19,20,30,54,ok,0.0266926000476814,4,Loan Approval,,,,
4,DecisionTree,classical,PCA,default,492,122,2.00001522898674e-07,{},0.5081967213114754,0.6764705882352942,0.5476190476190477,0.6052631578947368,0.4843358395989975,-0.0292090358935789,0.4843358395989975,16,22,38,46,ok,0.0271325999638065,4,Loan Approval,,,,
5,DecisionTree,classical,PCA,default,491,123,1.9994331523776054e-07,{},0.6016260162601627,0.8333333333333334,0.5294117647058824,0.6474820143884892,0.6462848297213623,0.2724012662574497,0.6462848297213621,29,9,40,45,ok,0.0273400000296533,4,Loan Approval,,,,
6,DecisionTree,classical,PCA,default,491,123,3.00002284348011e-07,{},0.5040650406504065,0.6764705882352942,0.5411764705882353,0.6013071895424836,0.4811145510835913,-0.0351012650243713,0.4811145510835912,16,22,39,46,ok,0.0367913999943994,4,Loan Approval,,,,
7,DecisionTree,classical,PCA,default,491,123,2.00001522898674e-07,{},0.5528455284552846,0.7164179104477612,0.5714285714285714,0.6357615894039735,0.5421245421245421,0.078723740422882,0.5421245421245421,20,19,36,48,ok,0.0388031000038608,4,Loan Approval,,,,
8,DecisionTree,classical,PCA,default,491,123,4.00003045797348e-07,{},0.5284552845528455,0.7241379310344828,0.5,0.5915492957746479,0.5448717948717949,0.0836574666127126,0.5448717948717948,23,16,42,42,ok,0.0360779999755322,4,Loan Approval,,,,
9,DecisionTree,classical,PCA,default,492,122,3.00002284348011e-07,{},0.5573770491803278,0.7142857142857143,0.5952380952380952,0.6493506493506493,0.5344611528822055,0.0645417218927569,0.5344611528822055,18,20,34,50,ok,0.036600699997507,4,Loan Approval,,,,
10,DecisionTree,classical,PCA,default,491,123,1.00000761449337e-07,{},0.5609756097560976,0.7627118644067796,0.5294117647058824,0.625,0.5804953560371517,0.1488970487011995,0.5804953560371516,24,14,40,45,ok,0.0312266999972052,4,Loan Approval,,,,
11,DecisionTree,classical,PCA,default,491,123,4.00003045797348e-07,{},0.6016260162601627,0.75,0.6352941176470588,0.6878980891719745,0.5808049535603714,0.1515716246030618,0.5808049535603717,20,18,31,54,ok,0.0362551000434905,4,Loan Approval,,,,
12,DecisionTree,classical,PCA,default,491,123,4.00003045797348e-07,{},0.6178861788617886,0.7846153846153846,0.6071428571428571,0.6845637583892618,0.6240842490842491,0.2313385046127054,0.624084249084249,25,14,33,51,ok,0.0351113999495282,4,Loan Approval,,,,
13,DecisionTree,classical,PCA,default,491,123,4.00003045797348e-07,{},0.6016260162601627,0.7272727272727273,0.6666666666666666,0.6956521739130435,0.5641025641025641,0.1232971577743485,0.5641025641025641,18,21,28,56,ok,0.0323619999689981,4,Loan Approval,,,,
14,DecisionTree,classical,PCA,default,492,122,3.00002284348011e-07,{},0.5,0.7090909090909091,0.4642857142857143,0.5611510791366906,0.5216165413533835,0.0402373062938356,0.5216165413533835,22,16,45,39,ok,0.0370629000244662,4,Loan Approval,,,,
0,RandomForest,classical,PCA,default,491,123,1.9994331523776054e-07,{},0.5121951219512195,0.6811594202898551,0.5529411764705883,0.6103896103896104,0.4869969040247678,-0.024213445889551,0.5277089783281733,16,22,38,47,ok,0.5338771000388078,4,Loan Approval,,,,
1,RandomForest,classical,PCA,default,491,123,2.00001522898674e-07,{},0.5284552845528455,0.7547169811320755,0.4705882352941176,0.5797101449275363,0.5642414860681115,0.1198836289250561,0.6126934984520124,25,13,45,40,ok,0.4910423000110313,4,Loan Approval,,,,
2,RandomForest,classical,PCA,default,491,123,2.00001522898674e-07,{},0.5853658536585366,0.7323943661971831,0.6190476190476191,0.6709677419354839,0.5659340659340659,0.1242169764968095,0.5535714285714286,20,19,32,52,ok,0.4507798999547958,4,Loan Approval,,,,
3,RandomForest,classical,PCA,default,491,123,2.00001522898674e-07,{},0.5284552845528455,0.7241379310344828,0.5,0.5915492957746479,0.5448717948717949,0.0836574666127126,0.5508241758241759,23,16,42,42,ok,0.463040100003127,4,Loan Approval,,,,
4,RandomForest,classical,PCA,default,492,122,2.00001522898674e-07,{},0.6147540983606558,0.7681159420289855,0.6309523809523809,0.6928104575163399,0.6049498746867168,0.1961014844444393,0.6129385964912281,22,16,31,53,ok,0.5335177999804728,4,Loan Approval,,,,
5,RandomForest,classical,PCA,default,491,123,2.00001522898674e-07,{},0.5203252032520326,0.6911764705882353,0.5529411764705883,0.6143790849673203,0.50015479876161,0.000287715287085,0.5637770897832817,17,21,38,47,ok,0.5459969000075944,4,Loan Approval,,,,
6,RandomForest,classical,PCA,default,491,123,2.00001522898674e-07,{},0.5284552845528455,0.7288135593220338,0.5058823529411764,0.5972222222222222,0.5424148606811146,0.0784572910464012,0.5515479876160991,22,16,42,43,ok,0.5089824000024237,4,Loan Approval,,,,
7,RandomForest,classical,PCA,default,491,123,3.00002284348011e-07,{},0.5284552845528455,0.7321428571428571,0.4880952380952381,0.5857142857142857,0.5517399267399268,0.0966932898672355,0.6178266178266179,24,15,43,41,ok,0.5458848999696784,4,Loan Approval,,,,
8,RandomForest,classical,PCA,default,491,123,4.00003045797348e-07,{},0.6097560975609756,0.7647058823529411,0.6190476190476191,0.6842105263157895,0.6043956043956045,0.195410706123531,0.6504884004884005,23,16,32,52,ok,0.5512178000062704,4,Loan Approval,,,,
9,RandomForest,classical,PCA,default,492,122,4.00003045797348e-07,{},0.5163934426229508,0.676056338028169,0.5714285714285714,0.6193548387096774,0.4830827067669173,-0.0317671352267605,0.5317982456140351,15,23,36,48,ok,0.5877114000031725,4,Loan Approval,,,,
10,RandomForest,classical,PCA,default,491,123,3.00002284348011e-07,{},0.5121951219512195,0.6865671641791045,0.5411764705882353,0.6052631578947368,0.4942724458204334,-0.0106284283229546,0.5122291021671826,17,21,39,46,ok,0.5246344999759458,4,Loan Approval,,,,
11,RandomForest,classical,PCA,default,491,123,4.00003045797348e-07,{},0.5121951219512195,0.7358490566037735,0.4588235294117647,0.5652173913043478,0.5452012383900928,0.0843518545689552,0.5797213622291022,24,14,46,39,ok,0.4909858999890275,4,Loan Approval,,,,
12,RandomForest,classical,PCA,default,491,123,4.00003045797348e-07,{},0.5447154471544715,0.7258064516129032,0.5357142857142857,0.6164383561643836,0.549908424908425,0.0928998566520584,0.6130952380952381,22,17,39,45,ok,0.4905443000025116,4,Loan Approval,,,,
13,RandomForest,classical,PCA,default,491,123,4.00003045797348e-07,{},0.6747967479674797,0.8055555555555556,0.6904761904761905,0.7435897435897436,0.6657509157509158,0.3131169243850066,0.7139804639804639,25,14,26,58,ok,0.5180456999805756,4,Loan Approval,,,,
14,RandomForest,classical,PCA,default,492,122,3.00002284348011e-07,{},0.4918032786885246,0.6527777777777778,0.5595238095238095,0.6025641025641025,0.4508145363408521,-0.0926289959071265,0.5029761904761905,13,25,37,47,ok,0.5407507999916561,4,Loan Approval,,,,
0,MLP,classical,PCA,default,491,123,2.00001522898674e-07,{},0.5609756097560976,0.7540983606557377,0.5411764705882353,0.6301369863013698,0.573219814241486,0.135331569115531,0.5721362229102167,23,15,39,46,ok,0.5624225999927148,4,Loan Approval,,,,
1,MLP,classical,PCA,default,491,123,2.00001522898674e-07,{},0.5691056910569106,0.7162162162162162,0.6235294117647059,0.6666666666666666,0.5354489164086688,0.0669145129624364,0.5142414860681115,17,21,32,53,ok,0.6209549999912269,4,Loan Approval,,,,
2,MLP,classical,PCA,default,491,123,1.9994331523776054e-07,{},0.5121951219512195,0.7068965517241379,0.4880952380952381,0.5774647887323944,0.5260989010989011,0.0486579142543328,0.503968253968254,22,17,43,41,ok,0.5349065000191331,4,Loan Approval,,,,
3,MLP,classical,PCA,default,491,123,3.00002284348011e-07,{},0.5447154471544715,0.7916666666666666,0.4523809523809524,0.5757575757575758,0.597985347985348,0.1869441292154087,0.6108058608058607,29,10,46,38,ok,0.5440359000349417,4,Loan Approval,,,,
4,MLP,classical,PCA,default,492,122,2.00001522898674e-07,{},0.4344262295081967,0.6056338028169014,0.5119047619047619,0.5548387096774193,0.3875313283208019,-0.2111926212297598,0.4191729323308271,10,28,41,43,ok,0.4984517999691888,4,Loan Approval,,,,
5,MLP,classical,PCA,default,491,123,2.00001522898674e-07,{},0.4959349593495935,0.7017543859649122,0.4705882352941176,0.5633802816901409,0.5116099071207431,0.0215154585581489,0.5043343653250775,21,17,45,40,ok,0.5386897000134923,4,Loan Approval,,,,
6,MLP,classical,PCA,default,491,123,3.00002284348011e-07,{},0.5121951219512195,0.7272727272727273,0.4705882352941176,0.5714285714285714,0.5379256965944272,0.0704902453358276,0.5383900928792569,23,15,45,40,ok,0.5602684000041336,4,Loan Approval,,,,
7,MLP,classical,PCA,default,491,123,3.00002284348011e-07,{},0.4390243902439024,0.6470588235294118,0.3928571428571428,0.4888888888888889,0.4656593406593406,-0.0648722909637444,0.4768009768009768,21,18,51,33,ok,0.565140699967742,4,Loan Approval,,,,
8,MLP,classical,PCA,default,491,123,4.00003045797348e-07,{},0.5528455284552846,0.6746987951807228,0.6666666666666666,0.6706586826347305,0.4871794871794871,-0.025470548512349,0.601037851037851,12,27,28,56,ok,0.6081012000213377,4,Loan Approval,,,,
9,MLP,classical,PCA,default,492,122,1.00000761449337e-07,{},0.5081967213114754,0.6714285714285714,0.5595238095238095,0.6103896103896104,0.4771303258145363,-0.0428322336197387,0.4978070175438596,15,23,37,47,ok,0.5532909000176005,4,Loan Approval,,,,
10,MLP,classical,PCA,default,491,123,3.00002284348011e-07,{},0.5609756097560976,0.746031746031746,0.5529411764705883,0.6351351351351351,0.5659442724458205,0.1219164864257138,0.5869969040247678,22,16,38,47,ok,0.4659855000209063,4,Loan Approval,,,,
11,MLP,classical,PCA,default,491,123,3.00002284348011e-07,{},0.5447154471544715,0.7101449275362319,0.5764705882352941,0.6363636363636364,0.5250773993808049,0.0466973599298485,0.5374613003095976,18,20,36,49,ok,0.576894199999515,4,Loan Approval,,,,
12,MLP,classical,PCA,default,491,123,4.00003045797348e-07,{},0.5853658536585366,0.7538461538461538,0.5833333333333334,0.6577181208053692,0.5865384615384616,0.1613393998959458,0.6394993894993894,23,16,35,49,ok,0.5291894000256434,4,Loan Approval,,,,
13,MLP,classical,PCA,default,491,123,3.00002284348011e-07,{},0.6178861788617886,0.7681159420289855,0.6309523809523809,0.6928104575163399,0.6103479853479854,0.2069402290613609,0.6086691086691087,23,16,31,53,ok,0.6220887000090443,4,Loan Approval,,,,
14,MLP,classical,PCA,default,492,122,3.00002284348011e-07,{},0.5737704918032787,0.7666666666666667,0.5476190476190477,0.6388888888888888,0.5895989974937343,0.1659942779270561,0.56203007518797,24,14,38,46,ok,0.5097729000262916,4,Loan Approval,,,,
0,XGBoost,classical,PCA,default,491,123,6.00004568696022e-07,{},0.5853658536585366,0.7361111111111112,0.6235294117647059,0.6751592356687898,0.5617647058823529,0.1158564716793519,0.5360681114551084,19,19,32,53,ok,0.653885799983982,4,Loan Approval,,,,
1,XGBoost,classical,PCA,default,491,123,2.00001522898674e-07,{},0.5772357723577236,0.7538461538461538,0.5764705882352941,0.6533333333333333,0.5777089783281734,0.1438572589040477,0.6055727554179566,22,16,36,49,ok,0.6156979000079446,4,Loan Approval,,,,
2,XGBoost,classical,PCA,default,491,123,2.00001522898674e-07,{},0.5609756097560976,0.7419354838709677,0.5476190476190477,0.6301369863013698,0.5686813186813187,0.1278438394294382,0.5732600732600732,23,16,38,46,ok,0.0864433000097051,4,Loan Approval,,,,
3,XGBoost,classical,PCA,default,491,123,2.00001522898674e-07,{},0.5853658536585366,0.72,0.6428571428571429,0.6792452830188679,0.5521978021978022,0.0995870594885822,0.6294261294261294,18,21,30,54,ok,0.6742842000094242,4,Loan Approval,,,,
4,XGBoost,classical,PCA,default,492,122,2.00001522898674e-07,{},0.5819672131147541,0.726027397260274,0.6309523809523809,0.6751592356687898,0.5523182957393483,0.0988451933802089,0.5764411027568923,18,20,31,53,ok,0.666829299996607,4,Loan Approval,,,,
5,XGBoost,classical,PCA,default,491,123,2.00001522898674e-07,{},0.5284552845528455,0.7142857142857143,0.5294117647058824,0.6081081081081081,0.5278637770897833,0.0515140083488931,0.5825077399380805,20,18,40,45,ok,0.1058866000385023,4,Loan Approval,,,,
6,XGBoost,classical,PCA,default,491,123,2.00001522898674e-07,{},0.5691056910569106,0.7758620689655172,0.5294117647058824,0.6293706293706294,0.5936532507739938,0.1733737881214121,0.6238390092879257,25,13,40,45,ok,0.6640258000115864,4,Loan Approval,,,,
7,XGBoost,classical,PCA,default,491,123,3.00002284348011e-07,{},0.5853658536585366,0.7894736842105263,0.5357142857142857,0.6382978723404256,0.614010989010989,0.212784142571111,0.6428571428571429,27,12,39,45,ok,0.6546831000014208,4,Loan Approval,,,,
8,XGBoost,classical,PCA,default,491,123,3.00002284348011e-07,{},0.5284552845528455,0.703125,0.5357142857142857,0.6081081081081081,0.5242673992673992,0.0452073640524904,0.621947496947497,20,19,39,45,ok,0.0918466000002808,4,Loan Approval,,,,
9,XGBoost,classical,PCA,default,492,122,4.00003045797348e-07,{},0.4754098360655737,0.65625,0.5,0.5675675675675675,0.4605263157894737,-0.0732091080585081,0.4761904761904761,16,22,42,42,ok,0.6823469999944791,4,Loan Approval,,,,
10,XGBoost,classical,PCA,default,491,123,3.00002284348011e-07,{},0.5609756097560976,0.746031746031746,0.5529411764705883,0.6351351351351351,0.5659442724458205,0.1219164864257138,0.5863777089783282,22,16,38,47,ok,0.6747496000025421,4,Loan Approval,,,,
11,XGBoost,classical,PCA,default,491,123,6.00004568696022e-07,{},0.5934959349593496,0.7536231884057971,0.611764705882353,0.6753246753246753,0.5821981424148608,0.1530635686589479,0.6072755417956657,21,17,33,52,ok,0.6545965000404976,4,Loan Approval,,,,
12,XGBoost,classical,PCA,default,491,123,3.00002284348011e-07,{},0.6260162601626016,0.7714285714285715,0.6428571428571429,0.7012987012987013,0.6163003663003663,0.2185727769537454,0.6706349206349207,23,16,30,54,ok,0.6573492000461556,4,Loan Approval,,,,
13,XGBoost,classical,PCA,default,491,123,3.00002284348011e-07,{},0.4959349593495935,0.6486486486486487,0.5714285714285714,0.6075949367088608,0.4523809523809523,-0.0905250446284771,0.4710012210012209,13,26,36,48,ok,0.6736128000193276,4,Loan Approval,,,,
14,XGBoost,classical,PCA,default,492,122,2.00001522898674e-07,{},0.5163934426229508,0.7272727272727273,0.4761904761904761,0.5755395683453237,0.5407268170426065,0.0758094176550526,0.581140350877193,23,15,44,40,ok,0.6519241000059992,4,Loan Approval,,,,
0,VQC,quantum,PCA,default,491,123,2.00001522898674e-07,{},0.5609756097560976,0.6823529411764706,0.6823529411764706,0.6823529411764706,0.4859133126934984,-0.028173374613003,0.4520123839009288,11,27,27,58,ok,16.07127680000849,4,Loan Approval,,,,
1,VQC,quantum,PCA,default,491,123,3.00002284348011e-07,{},0.4471544715447154,0.660377358490566,0.4117647058823529,0.5072463768115942,0.4690402476780185,-0.0577752428554487,0.4947368421052631,20,18,50,35,ok,16.88641740003368,4,Loan Approval,,,,
2,VQC,quantum,PCA,default,491,123,3.00002284348011e-07,{},0.4471544715447154,0.66,0.3928571428571428,0.4925373134328358,0.4784798534798534,-0.0407756350787706,0.491147741147741,22,17,51,33,ok,16.824228500016034,4,Loan Approval,,,,
3,VQC,quantum,PCA,default,491,123,2.00001522898674e-07,{},0.4878048780487805,0.7058823529411765,0.4285714285714285,0.5333333333333333,0.521978021978022,0.0415182662167964,0.5604395604395604,24,15,48,36,ok,16.57568040001206,4,Loan Approval,,,,
4,VQC,quantum,PCA,default,492,122,2.00001522898674e-07,{},0.5737704918032787,0.7,0.6666666666666666,0.6829268292682927,0.5175438596491228,0.0341992784028384,0.4680451127819549,14,24,28,56,ok,16.36657919996651,4,Loan Approval,,,,
5,VQC,quantum,PCA,default,491,123,1.00000761449337e-07,{},0.5691056910569106,0.7666666666666667,0.5411764705882353,0.6344827586206897,0.5863777089783282,0.1596934258815688,0.5904024767801858,24,14,39,46,ok,16.190344400005415,4,Loan Approval,,,,
6,VQC,quantum,PCA,default,491,123,2.00001522898674e-07,{},0.5853658536585366,0.7575757575757576,0.5882352941176471,0.6622516556291391,0.5835913312693499,0.1549113016186725,0.6102167182662538,22,16,35,50,ok,16.46080110000912,4,Loan Approval,,,,
7,VQC,quantum,PCA,default,491,123,2.00001522898674e-07,{},0.4878048780487805,0.6521739130434783,0.5357142857142857,0.5882352941176471,0.4601648351648352,-0.0747045640180016,0.4325396825396825,15,24,39,45,ok,16.592628100013826,4,Loan Approval,,,,
8,VQC,quantum,PCA,default,491,123,4.00003045797348e-07,{},0.5040650406504065,0.7169811320754716,0.4523809523809524,0.5547445255474452,0.5338827838827839,0.0636786830495163,0.5702075702075702,24,15,46,38,ok,16.528081399970688,4,Loan Approval,,,,
9,VQC,quantum,PCA,default,492,122,2.00001522898674e-07,{},0.5901639344262295,0.7833333333333333,0.5595238095238095,0.6527777777777778,0.6087092731829574,0.2013986518905191,0.62531328320802,25,13,37,47,ok,16.743008000019472,4,Loan Approval,,,,
10,VQC,quantum,PCA,default,491,123,3.00002284348011e-07,{},0.4959349593495935,0.6619718309859155,0.5529411764705883,0.6025641025641025,0.4606811145510836,-0.0735532063375007,0.4804953560371516,14,24,38,47,ok,17.026913699985016,4,Loan Approval,,,,
11,VQC,quantum,PCA,default,491,123,3.00002284348011e-07,{},0.5203252032520326,0.6805555555555556,0.5764705882352941,0.6242038216560509,0.4856037151702786,-0.027004140015488,0.4693498452012383,15,23,36,49,ok,16.717727900017053,4,Loan Approval,,,,
12,VQC,quantum,PCA,default,491,123,4.00003045797348e-07,{},0.5121951219512195,0.7,0.5,0.5833333333333334,0.5192307692307692,0.0358057437019716,0.5085470085470086,21,18,42,42,ok,16.449474899971392,4,Loan Approval,,,,
13,VQC,quantum,PCA,default,491,123,3.00002284348011e-07,{},0.5040650406504065,0.6716417910447762,0.5357142857142857,0.5960264900662252,0.4858058608058608,-0.0265264777511885,0.5238095238095238,17,22,39,45,ok,16.583000999991782,4,Loan Approval,,,,
14,VQC,quantum,PCA,default,492,122,4.00003045797348e-07,{},0.5573770491803278,0.7272727272727273,0.5714285714285714,0.64,0.5488721804511278,0.0908358263511248,0.530388471177945,20,18,36,48,ok,16.69985039997846,4,Loan Approval,,,,
0,QNN,quantum,PCA,default,491,123,2.00001522898674e-07,{},0.5934959349593496,0.7272727272727273,0.6588235294117647,0.691358024691358,0.5530959752321981,0.1014071507480453,0.6009287925696595,17,21,29,56,ok,20.08560019999277,4,Loan Approval,,,,
1,QNN,quantum,PCA,default,491,123,2.00001522898674e-07,{},0.5609756097560976,0.7012987012987013,0.6352941176470588,0.6666666666666666,0.515015479876161,0.0286778239724793,0.5024767801857586,15,23,31,54,ok,20.37736019998556,4,Loan Approval,,,,
2,QNN,quantum,PCA,default,491,123,3.00002284348011e-07,{},0.4878048780487805,0.6721311475409836,0.4880952380952381,0.5655172413793104,0.4876373626373626,-0.0230118910972988,0.4880952380952381,19,20,43,41,ok,20.150258100009523,4,Loan Approval,,,,
3,QNN,quantum,PCA,default,491,123,2.00001522898674e-07,{},0.5203252032520326,0.7272727272727273,0.4761904761904761,0.5755395683453237,0.5457875457875458,0.0857064500541802,0.6022588522588522,24,15,44,40,ok,20.15429139998741,4,Loan Approval,,,,
4,QNN,quantum,PCA,default,492,122,2.00001522898674e-07,{},0.5327868852459017,0.6901408450704225,0.5833333333333334,0.632258064516129,0.5021929824561404,0.0041179619738393,0.4830827067669173,16,22,35,49,ok,19.85467830003472,4,Loan Approval,,,,
5,QNN,quantum,PCA,default,491,123,2.00001522898674e-07,{},0.5772357723577236,0.7538461538461538,0.5764705882352941,0.6533333333333333,0.5777089783281734,0.1438572589040477,0.5678018575851393,22,16,36,49,ok,20.29409769998165,4,Loan Approval,,,,
6,QNN,quantum,PCA,default,491,123,2.00001522898674e-07,{},0.4878048780487805,0.75,0.388235294117647,0.5116279069767442,0.5493808049535603,0.095202759761258,0.5291021671826625,27,11,52,33,ok,20.72371890000068,4,Loan Approval,,,,
7,QNN,quantum,PCA,default,491,123,2.00001522898674e-07,{},0.5284552845528455,0.6805555555555556,0.5833333333333334,0.6282051282051282,0.4967948717948718,-0.0060547471566161,0.4978632478632478,16,23,35,49,ok,20.35852090001572,4,Loan Approval,,,,
8,QNN,quantum,PCA,default,491,123,3.00002284348011e-07,{},0.5934959349593496,0.7236842105263158,0.6547619047619048,0.6875,0.5581501831501832,0.1113774586116831,0.5934065934065934,18,21,29,55,ok,21.03683519997867,4,Loan Approval,,,,
9,QNN,quantum,PCA,default,492,122,2.00001522898674e-07,{},0.5409836065573771,0.7058823529411765,0.5714285714285714,0.631578947368421,0.5225563909774436,0.0420610116867536,0.5059523809523809,18,20,36,48,ok,20.48637739999685,4,Loan Approval,,,,
10,QNN,quantum,PCA,default,491,123,3.00002284348011e-07,{},0.5934959349593496,0.7868852459016393,0.5647058823529412,0.6575342465753424,0.6113003095975232,0.205715429585765,0.675232198142415,25,13,37,48,ok,20.92185599997174,4,Loan Approval,,,,
11,QNN,quantum,PCA,default,491,123,2.00001522898674e-07,{},0.4715447154471545,0.6724137931034483,0.4588235294117647,0.5454545454545454,0.4794117647058823,-0.0381135765622277,0.5325077399380804,19,19,46,39,ok,20.689241799991574,4,Loan Approval,,,,
12,QNN,quantum,PCA,default,491,123,3.00002284348011e-07,{},0.5365853658536586,0.7213114754098361,0.5238095238095238,0.6068965517241379,0.543956043956044,0.0818200572348404,0.5818070818070817,22,17,40,44,ok,20.429328900005203,4,Loan Approval,,,,
13,QNN,quantum,PCA,default,491,123,3.00002284348011e-07,{},0.5691056910569106,0.7183098591549296,0.6071428571428571,0.6580645161290323,0.5471611721611721,0.0888496429109123,0.5711233211233211,19,20,33,51,ok,20.522724999987982,4,Loan Approval,,,,
14,QNN,quantum,PCA,default,492,122,3.00002284348011e-07,{},0.4836065573770491,0.6909090909090909,0.4523809523809524,0.5467625899280576,0.5025062656641605,0.0046651949326186,0.4711779448621554,21,17,46,38,ok,20.23806569998851,4,Loan Approval,,,,
0,QSVC,quantum,PCA,default,491,123,1.00000761449337e-07,{},0.4959349593495935,0.6533333333333333,0.5764705882352941,0.6125,0.4461300309597523,-0.102053224746279,0.4458204334365325,12,26,36,49,ok,15.232195399992634,4,Loan Approval,,,,
1,QSVC,quantum,PCA,default,491,123,1.00000761449337e-07,{},0.5447154471544715,0.7377049180327869,0.5294117647058824,0.6164383561643836,0.5541795665634675,0.1001396388804141,0.5287925696594427,22,16,40,45,ok,14.835565500019584,4,Loan Approval,,,,
2,QSVC,quantum,PCA,default,491,123,2.00001522898674e-07,{},0.5203252032520326,0.6923076923076923,0.5357142857142857,0.6040268456375839,0.5114468864468864,0.0213411904624266,0.5421245421245421,19,20,39,45,ok,14.899936600006184,4,Loan Approval,,,,
3,QSVC,quantum,PCA,default,491,123,2.00001522898674e-07,{},0.5284552845528455,0.6756756756756757,0.5952380952380952,0.6329113924050633,0.4899267399267399,-0.0191495286714086,0.528998778998779,15,24,34,50,ok,14.974977699981537,4,Loan Approval,,,,
4,QSVC,quantum,PCA,default,492,122,2.00001522898674e-07,{},0.6065573770491803,0.7647058823529411,0.6190476190476191,0.6842105263157895,0.5989974937343359,0.1846011068474186,0.6259398496240602,22,16,32,52,ok,14.944742599967867,4,Loan Approval,,,,
5,QSVC,quantum,PCA,default,491,123,2.00001522898674e-07,{},0.5609756097560976,0.746031746031746,0.5529411764705883,0.6351351351351351,0.5659442724458205,0.1219164864257138,0.5496904024767801,22,16,38,47,ok,14.442753500014078,4,Loan Approval,,,,
6,QSVC,quantum,PCA,default,491,123,1.9994331523776054e-07,{},0.5447154471544715,0.7377049180327869,0.5294117647058824,0.6164383561643836,0.5541795665634675,0.1001396388804141,0.5744582043343653,22,16,40,45,ok,14.996138000045905,4,Loan Approval,,,,
7,QSVC,quantum,PCA,default,491,123,3.00002284348011e-07,{},0.5040650406504065,0.7090909090909091,0.4642857142857143,0.5611510791366906,0.527014652014652,0.0505668055319663,0.5723443223443223,23,16,45,39,ok,14.556384700001216,4,Loan Approval,,,,
8,QSVC,quantum,PCA,default,491,123,2.00001522898674e-07,{},0.5121951219512195,0.7142857142857143,0.4761904761904761,0.5714285714285714,0.532967032967033,0.061609883809212,0.5375457875457875,23,16,44,40,ok,14.678107200015802,4,Loan Approval,,,,
9,QSVC,quantum,PCA,default,492,122,3.00002284348011e-07,{},0.5573770491803278,0.7419354838709677,0.5476190476190477,0.6301369863013698,0.5632832080200502,0.117240713780648,0.494047619047619,22,16,38,46,ok,15.128354299988132,4,Loan Approval,,,,
10,QSVC,quantum,PCA,default,491,123,3.00002284348011e-07,{},0.5609756097560976,0.7384615384615385,0.5647058823529412,0.64,0.5586687306501548,0.1086093647901077,0.5808049535603714,21,17,37,48,ok,14.57764049997786,4,Loan Approval,,,,
11,QSVC,quantum,PCA,default,491,123,2.00001522898674e-07,{},0.5365853658536586,0.7121212121212122,0.5529411764705883,0.6225165562913907,0.5264705882352941,0.0490552455125796,0.5386996904024768,19,19,38,47,ok,14.789369900012389,4,Loan Approval,,,,
12,QSVC,quantum,PCA,default,491,123,1.9994331523776054e-07,{},0.5934959349593496,0.7428571428571429,0.6190476190476191,0.6753246753246753,0.5787545787545787,0.1480099119529299,0.6517094017094017,21,18,32,52,ok,14.696629900019616,4,Loan Approval,,,,
13,QSVC,quantum,PCA,default,491,123,3.00002284348011e-07,{},0.5447154471544715,0.6891891891891891,0.6071428571428571,0.6455696202531646,0.5086996336996337,0.0165382293071256,0.5772283272283272,16,23,33,51,ok,15.32945220003603,4,Loan Approval,,,,
14,QSVC,quantum,PCA,default,492,122,3.00002284348011e-07,{},0.5409836065573771,0.7121212121212122,0.5595238095238095,0.6266666666666667,0.5297619047619048,0.0553166891240824,0.5191102756892231,19,19,37,47,ok,15.033293700020296,4,Loan Approval,,,,
0,QDT,quantum,PCA,default,491,123,2.00001522898674e-07,{},0.5528455284552846,0.7678571428571429,0.5058823529411764,0.6099290780141844,0.5818885448916409,0.1519577995362977,0.5662538699690403,25,13,42,43,ok,0.0774257000302895,4,Loan Approval,,,,
1,QDT,quantum,PCA,default,491,123,3.00002284348011e-07,{},0.4878048780487805,0.6666666666666666,0.5176470588235295,0.5827814569536424,0.4693498452012384,-0.0568008105935132,0.5552631578947369,16,22,41,44,ok,0.05439349997323,4,Loan Approval,,,,
2,QDT,quantum,PCA,default,491,123,2.00001522898674e-07,{},0.5691056910569106,0.7066666666666667,0.6309523809523809,0.6666666666666666,0.5334249084249084,0.0637706609005833,0.5492979242979242,17,22,31,53,ok,0.0524749000323936,4,Loan Approval,,,,
3,QDT,quantum,PCA,default,491,123,3.00002284348011e-07,{},0.5772357723577236,0.6951219512195121,0.6785714285714286,0.6867469879518072,0.5187728937728938,0.037062465833055,0.5399877899877901,14,25,27,57,ok,0.0750829000025987,4,Loan Approval,,,,
4,QDT,quantum,PCA,default,492,122,2.00001522898674e-07,{},0.4590163934426229,0.8214285714285714,0.2738095238095238,0.4107142857142857,0.5711152882205515,0.1566323518837471,0.6143483709273183,33,5,61,23,ok,0.0601245000143535,4,Loan Approval,,,,
5,QDT,quantum,PCA,default,491,123,2.00001522898674e-07,{},0.5772357723577236,0.7323943661971831,0.611764705882353,0.6666666666666666,0.5558823529411765,0.1045382184560542,0.5688854489164088,19,19,33,52,ok,0.0518510999972932,4,Loan Approval,,,,
6,QDT,quantum,PCA,default,491,123,2.00001522898674e-07,{},0.6178861788617886,0.7209302325581395,0.7294117647058823,0.7251461988304093,0.5489164086687306,0.0985679521639227,0.5761609907120743,14,24,23,62,ok,0.0757630000007338,4,Loan Approval,,,,
7,QDT,quantum,PCA,default,491,123,2.00001522898674e-07,{},0.5934959349593496,0.6666666666666666,0.8095238095238095,0.7311827956989247,0.4688644688644688,-0.0770102419107276,0.445054945054945,5,34,16,68,ok,0.0775705000269226,4,Loan Approval,,,,
8,QDT,quantum,PCA,default,491,123,3.00002284348011e-07,{},0.6178861788617886,0.6796116504854369,0.8333333333333334,0.7486631016042781,0.4935897435897436,-0.016167532166059,0.534035409035409,6,33,14,70,ok,0.0717921000323258,4,Loan Approval,,,,
9,QDT,quantum,PCA,default,492,122,3.00002284348011e-07,{},0.6147540983606558,0.7228915662650602,0.7142857142857143,0.718562874251497,0.5545112781954887,0.1082621014703914,0.5098684210526316,15,23,24,60,ok,0.073693300015293,4,Loan Approval,,,,
10,QDT,quantum,PCA,default,491,123,3.00002284348011e-07,{},0.5040650406504065,0.74,0.4352941176470588,0.5481481481481482,0.5465944272445821,0.0876634992241907,0.535139318885449,25,13,48,37,ok,0.0669405000517144,4,Loan Approval,,,,
11,QDT,quantum,PCA,default,491,123,4.00003045797348e-07,{},0.3821138211382114,0.6363636363636364,0.2470588235294117,0.3559322033898305,0.4656346749226006,-0.0716759550813474,0.4323529411764705,26,12,64,21,ok,0.0808297999901697,4,Loan Approval,,,,
12,QDT,quantum,PCA,default,491,123,3.00002284348011e-07,{},0.5609756097560976,0.6829268292682927,0.6666666666666666,0.6746987951807228,0.5,0.0,0.5302197802197802,13,26,28,56,ok,0.0614447999978438,4,Loan Approval,,,,
13,QDT,quantum,PCA,default,491,123,2.00001522898674e-07,{},0.4552845528455284,0.6808510638297872,0.3809523809523809,0.4885496183206106,0.4981684981684982,-0.0035079514523364,0.4858058608058608,24,15,52,32,ok,0.060176299943123,4,Loan Approval,,,,
14,QDT,quantum,PCA,default,492,122,2.999440766870976e-07,{},0.3360655737704918,0.6,0.1071428571428571,0.1818181818181818,0.4746240601503759,-0.0715724781825747,0.4171365914786967,32,6,75,9,ok,0.0625879000290297,4,Loan Approval,,,,
0,LogReg,classical,PCA,gwo,491,123,3.117738700006157,{'C': 0.0015862124555909858},0.5772357723577236,0.746268656716418,0.5882352941176471,0.6578947368421053,0.5704334365325078,0.1307009428903884,0.6486068111455108,21,17,35,50,ok,0.0249225000152364,4,Loan Approval,0.611267577738166,45.0,"[0.6090792752744661, 0.611267577738166, 0.611267577738166, 0.611267577738166, 0.611267577738166, 0.611267577738166]",True
1,LogReg,classical,PCA,gwo,491,123,3.2973386999801733,{'C': 0.007007451746912799},0.5365853658536586,0.71875,0.5411764705882353,0.6174496644295302,0.5337461300309597,0.0624222242631951,0.5910216718266255,20,18,39,46,ok,0.0242009999928995,4,Loan Approval,0.6774326044197617,54.0,"[0.6754475287115822, 0.6762825756690428, 0.6774326044197617, 0.6774326044197617, 0.6774326044197617, 0.6774326044197617, 0.6774326044197617]",True
2,LogReg,classical,PCA,gwo,491,123,1.0376089000492357,{'C': 0.0010000000000000002},0.5528455284552846,0.7230769230769231,0.5595238095238095,0.6308724832214765,0.548992673992674,0.0913402951791862,0.5012210012210012,21,18,37,47,ok,0.0288957000011578,4,Loan Approval,0.6374268048736135,15.0,"[0.6347516641065029, 0.6374268048736135, 0.6374268048736135, 0.6374268048736135, 0.6374268048736135, 0.6374268048736135]",True
3,LogReg,classical,PCA,gwo,491,123,2.9445180000038818,{'C': 0.0036905763236875066},0.5040650406504065,0.6619718309859155,0.5595238095238095,0.6064516129032258,0.472069597069597,-0.0526196914326762,0.5225885225885226,15,24,37,47,ok,0.0270122999791055,4,Loan Approval,0.6773348389621067,50.0,"[0.6752726214200945, 0.6752726214200945, 0.6773348389621067, 0.6773348389621067, 0.6773348389621067, 0.6773348389621067, 0.6773348389621067]",True
4,LogReg,classical,PCA,gwo,492,122,2.641322200011928,{'C': 0.5544389748287588},0.5901639344262295,0.75,0.6071428571428571,0.6710526315789473,0.5798872180451128,0.1489660830572524,0.593671679197995,21,17,33,51,ok,0.0371329999761655,4,Loan Approval,0.6259654453998181,38.0,"[0.6259654453998181, 0.6259654453998181, 0.6259654453998181, 0.6259654453998181, 0.6259654453998181]",True
5,LogReg,classical,PCA,gwo,491,123,2.288333599979524,{'C': 74.93740663196427},0.6260162601626016,0.7096774193548387,0.7764705882352941,0.7415730337078652,0.5329721362229103,0.0709538949475594,0.5408668730650155,11,27,19,66,ok,0.0462630999973043,4,Loan Approval,0.6158974844852906,34.0,"[0.6158974844852906, 0.6158974844852906, 0.6158974844852906, 0.6158974844852906, 0.6158974844852906]",True
6,LogReg,classical,PCA,gwo,491,123,4.369766200019512,{'C': 0.030115142079653483},0.5853658536585366,0.7361111111111112,0.6235294117647059,0.6751592356687898,0.5617647058823529,0.1158564716793519,0.5498452012383901,19,19,32,53,ok,0.0201346999965608,4,Loan Approval,0.6112492040690979,79.0,"[0.6090390848805273, 0.6100334936763545, 0.6100334936763545, 0.6100334936763545, 0.6100334936763545, 0.6112492040690979, 0.6112492040690979, 0.6112492040690979, 0.6112492040690979, 0.6112492040690979]",True
7,LogReg,classical,PCA,gwo,491,123,3.793205399997533,{'C': 0.008156997932753403},0.5447154471544715,0.71875,0.5476190476190477,0.6216216216216216,0.5430402930402931,0.0801790985081906,0.5885225885225884,21,18,38,46,ok,0.0235712000285275,4,Loan Approval,0.612847130388786,63.0,"[0.6083924928913554, 0.6117816394362738, 0.6117816394362738, 0.612847130388786, 0.612847130388786, 0.612847130388786, 0.612847130388786, 0.612847130388786]",True
8,LogReg,classical,PCA,gwo,491,123,2.400790799991228,{'C': 0.0016671929822964528},0.5691056910569106,0.7183098591549296,0.6071428571428571,0.6580645161290323,0.5471611721611721,0.0888496429109123,0.5622710622710623,19,20,33,51,ok,0.0274483999819494,4,Loan Approval,0.6615914088741114,35.0,"[0.6615914088741114, 0.6615914088741114, 0.6615914088741114, 0.6615914088741114, 0.6615914088741114]",True
9,LogReg,classical,PCA,gwo,492,122,3.998642500024289,{'C': 0.011175833281749828},0.639344262295082,0.7857142857142857,0.6547619047619048,0.7142857142857143,0.6300125313283208,0.2434983144135831,0.6112155388471178,23,15,29,55,ok,0.0217990999808534,4,Loan Approval,0.6671378974777097,64.0,"[0.6623711340206185, 0.6647678209533879, 0.6647678209533879, 0.6671378974777097, 0.6671378974777097, 0.6671378974777097, 0.6671378974777097, 0.6671378974777097]",True
10,LogReg,classical,PCA,gwo,491,123,2.218725799990352,{'C': 0.0010048884723145306},0.5691056910569106,0.7580645161290323,0.5529411764705883,0.6394557823129252,0.5791021671826626,0.1462038727654046,0.521671826625387,23,15,38,47,ok,0.0330454999930225,4,Loan Approval,0.6552846880962372,32.0,"[0.6552846880962372, 0.6552846880962372, 0.6552846880962372, 0.6552846880962372, 0.6552846880962372]",True
11,LogReg,classical,PCA,gwo,491,123,1.8752914000069725,{'C': 21.815880722344982},0.5691056910569106,0.7666666666666667,0.5411764705882353,0.6344827586206897,0.5863777089783282,0.1596934258815688,0.6226006191950465,24,14,39,46,ok,0.0332721999729983,4,Loan Approval,0.6102037790070199,25.0,"[0.6102037790070199, 0.6102037790070199, 0.6102037790070199, 0.6102037790070199, 0.6102037790070199]",True
12,LogReg,classical,PCA,gwo,491,123,2.647346000012476,{'C': 0.5776497047800678},0.5121951219512195,0.7142857142857143,0.4761904761904761,0.5714285714285714,0.532967032967033,0.061609883809212,0.5708180708180708,23,16,44,40,ok,0.0287758999620564,4,Loan Approval,0.6822303685124446,37.0,"[0.6822303685124446, 0.6822303685124446, 0.6822303685124446, 0.6822303685124446, 0.6822303685124446]",True
13,LogReg,classical,PCA,gwo,491,123,2.747379800013732,{'C': 0.05063037745554383},0.6097560975609756,0.7307692307692307,0.6785714285714286,0.7037037037037037,0.570054945054945,0.1353590135633079,0.5955433455433456,18,21,27,57,ok,0.0309133999980986,4,Loan Approval,0.6428968253968255,40.0,"[0.6428968253968255, 0.6428968253968255, 0.6428968253968255, 0.6428968253968255, 0.6428968253968255]",True
14,LogReg,classical,PCA,gwo,492,122,3.687756399973296,{'C': 0.06251681308193295},0.5245901639344263,0.7407407407407407,0.4761904761904761,0.5797101449275363,0.5538847117794485,0.1004790834739114,0.5278822055137845,24,14,44,40,ok,0.0237116999924182,4,Loan Approval,0.6865737684782388,62.0,"[0.6847417840375586, 0.6847417840375586, 0.6847417840375586, 0.6865737684782388, 0.6865737684782388, 0.6865737684782388, 0.6865737684782388, 0.6865737684782388]",True
0,SVC,classical,PCA,gwo,491,123,5.5093553000479005,"{'C': 19.977246019008405, 'gamma': 0.00010000000000000009}",0.5772357723577236,0.6896551724137931,0.7058823529411765,0.6976744186046512,0.4976780185758514,-0.0047160578220303,0.4153250773993808,11,27,25,60,ok,0.0618987999623641,4,Loan Approval,0.721409051714032,56.0,"[0.7079187582943858, 0.7079187582943858, 0.721409051714032, 0.721409051714032, 0.721409051714032, 0.721409051714032, 0.721409051714032]",True
1,SVC,classical,PCA,gwo,491,123,5.617573700030334,"{'C': 100.00000000000013, 'gamma': 0.00016080231655758124}",0.5609756097560976,0.6631578947368421,0.7411764705882353,0.7,0.4495356037151703,-0.1112181125673713,0.4303405572755417,6,32,22,63,ok,0.0510024999966844,4,Loan Approval,0.7500132002745658,62.0,"[0.7475939716668858, 0.7483277128133258, 0.7494095979760482, 0.7500132002745658, 0.7500132002745658, 0.7500132002745658, 0.7500132002745658, 0.7500132002745658]",True
2,SVC,classical,PCA,gwo,491,123,8.31430949998321,"{'C': 14.95456619347187, 'gamma': 0.04571247576229261}",0.5040650406504065,0.7346938775510204,0.4285714285714285,0.5413533834586466,0.5476190476190476,0.0905250446284771,0.4357448107448107,26,13,48,36,ok,0.0316100000054575,4,Loan Approval,0.7101839431651639,96.0,"[0.6917614523896999, 0.6917614523896999, 0.6917614523896999, 0.6917614523896999, 0.6978894039371939, 0.6978894039371939, 0.6978894039371939, 0.6978894039371939, 0.7057998349086, 0.7091298360691428, 0.7101839431651639, 0.7101839431651639]",False
3,SVC,classical,PCA,gwo,491,123,3.867060700024013,"{'C': 12.053433366930596, 'gamma': 0.13743226331408787}",0.5853658536585366,0.746268656716418,0.5952380952380952,0.6622516556291391,0.5796703296703296,0.148890552538929,0.5671550671550671,22,17,34,50,ok,0.0472103999927639,4,Loan Approval,0.6327303884234577,40.0,"[0.6327303884234577, 0.6327303884234577, 0.6327303884234577, 0.6327303884234577, 0.6327303884234577]",True
4,SVC,classical,PCA,gwo,492,122,3.747098900028504,"{'C': 0.0695153921901931, 'gamma': 0.0005549646064685151}",0.6065573770491803,0.7093023255813954,0.7261904761904762,0.7176470588235294,0.5341478696741855,0.0693465047350941,0.4382832080200501,13,25,23,61,ok,0.0749975999933667,4,Loan Approval,0.7439673183254344,40.0,"[0.7439673183254344, 0.7439673183254344, 0.7439673183254344, 0.7439673183254344, 0.7439673183254344]",True
5,SVC,classical,PCA,gwo,491,123,8.037339400034398,"{'C': 1.7274804394388381, 'gamma': 0.004357935191077523}",0.5284552845528455,0.68,0.6,0.6375,0.4842105263157894,-0.0299121520808059,0.5176470588235295,14,24,34,51,ok,0.0337475999840535,4,Loan Approval,0.7163044274885282,95.0,"[0.7045397340405247, 0.7045397340405247, 0.7136763403506152, 0.7136763403506152, 0.7136763403506152, 0.7136763403506152, 0.7138183968607669, 0.7142031715098835, 0.7160721719340146, 0.7163044274885282, 0.7163044274885282, 0.7163044274885282]",False
6,SVC,classical,PCA,gwo,491,123,5.865689500002191,"{'C': 7.54153377386381, 'gamma': 0.000575687879617255}",0.6260162601626016,0.7468354430379747,0.6941176470588235,0.7195121951219512,0.5839009287925696,0.1617551592181876,0.5653250773993809,18,20,26,59,ok,0.0418947999714873,4,Loan Approval,0.720104799587105,64.0,"[0.6643060816212037, 0.7050361566565431, 0.7056946742031601, 0.720104799587105, 0.720104799587105, 0.720104799587105, 0.720104799587105, 0.720104799587105]",True
7,SVC,classical,PCA,gwo,491,123,7.681374899984803,"{'C': 100.00000000000013, 'gamma': 0.5700419112182292}",0.5772357723577236,0.7424242424242424,0.5833333333333334,0.6533333333333333,0.5737179487179487,0.1375833211001962,0.5805860805860805,22,17,35,49,ok,0.0488038000185042,4,Loan Approval,0.6729816775466833,77.0,"[0.6027967938188933, 0.6238598673300165, 0.6238598673300165, 0.6238598673300165, 0.6265328738756228, 0.6729816775466833, 0.6729816775466833, 0.6729816775466833, 0.6729816775466833, 0.6729816775466833]",True
8,SVC,classical,PCA,gwo,491,123,7.573794599971734,"{'C': 0.05194140863290689, 'gamma': 0.026799339298351346}",0.5853658536585366,0.6896551724137931,0.7142857142857143,0.7017543859649122,0.510989010989011,0.0224775862705991,0.5183150183150182,12,27,24,60,ok,0.0367917999974451,4,Loan Approval,0.6854995176622335,88.0,"[0.665447245622649, 0.665447245622649, 0.6664562289562289, 0.6664562289562289, 0.6664562289562289, 0.6679620715600155, 0.6854995176622335, 0.6854995176622335, 0.6854995176622335, 0.6854995176622335, 0.6854995176622335]",True
9,SVC,classical,PCA,gwo,492,122,5.60734250000678,"{'C': 0.1272072881585237, 'gamma': 0.009526333132963517}",0.6721311475409836,0.7619047619047619,0.7619047619047619,0.7619047619047619,0.6177944862155388,0.2355889724310776,0.3928571428571428,18,20,20,64,ok,0.0439270000206306,4,Loan Approval,0.7065359691782985,64.0,"[0.6966079266295447, 0.7022928346366987, 0.7022928346366987, 0.7065359691782985, 0.7065359691782985, 0.7065359691782985, 0.7065359691782985, 0.7065359691782985]",True
10,SVC,classical,PCA,gwo,491,123,3.9449064999935217,"{'C': 0.738837389232433, 'gamma': 0.005957840981479497}",0.6260162601626016,0.7142857142857143,0.7647058823529411,0.7386363636363636,0.5402476780185759,0.0847766793432013,0.3873065015479876,12,26,20,65,ok,0.0434790999861434,4,Loan Approval,0.6905083862954561,40.0,"[0.6905083862954561, 0.6905083862954561, 0.6905083862954561, 0.6905083862954561, 0.6905083862954561]",True
11,SVC,classical,PCA,gwo,491,123,7.184314899961464,"{'C': 7.470432748219179, 'gamma': 0.004334445759564514}",0.4796747967479675,0.6296296296296297,0.6,0.6144578313253012,0.4052631578947368,-0.1846218108257566,0.4671826625386996,8,30,34,51,ok,0.0485161000397056,4,Loan Approval,0.7178312766548061,80.0,"[0.6914185883997205, 0.6981160487150411, 0.7119898187585537, 0.7119898187585537, 0.7119898187585537, 0.7178312766548061, 0.7178312766548061, 0.7178312766548061, 0.7178312766548061, 0.7178312766548061]",True
12,SVC,classical,PCA,gwo,491,123,5.368378599989228,"{'C': 3.683754533508251, 'gamma': 0.000592861404362606}",0.5528455284552846,0.7959183673469388,0.4642857142857143,0.5864661654135338,0.603937728937729,0.19758831856408,0.3711843711843712,29,10,45,39,ok,0.0514613999985158,4,Loan Approval,0.7355900932681019,56.0,"[0.7318682365644328, 0.7326083347836198, 0.7355900932681019, 0.7355900932681019, 0.7355900932681019, 0.7355900932681019, 0.7355900932681019]",True
13,SVC,classical,PCA,gwo,491,123,3.871296600031201,"{'C': 5.786131276185049, 'gamma': 0.0007992041495393033}",0.6585365853658537,0.7142857142857143,0.8333333333333334,0.7692307692307693,0.5576923076923077,0.1334248769989982,0.3962148962148962,11,28,14,70,ok,0.0447019999846816,4,Loan Approval,0.7368361419669522,40.0,"[0.7368361419669522, 0.7368361419669522, 0.7368361419669522, 0.7368361419669522, 0.7368361419669522]",True
14,SVC,classical,PCA,gwo,492,122,7.210876900004223,"{'C': 100.00000000000013, 'gamma': 0.2712363907221778}",0.5409836065573771,0.6794871794871795,0.6309523809523809,0.654320987654321,0.4865288220551378,-0.0259832439199313,0.4916979949874687,13,25,31,53,ok,0.0519010999705642,4,Loan Approval,0.7055491309673716,72.0,"[0.6727243861352864, 0.6810035286648654, 0.6818585643212508, 0.6818585643212508, 0.7055491309673716, 0.7055491309673716, 0.7055491309673716, 0.7055491309673716, 0.7055491309673716]",True
0,DecisionTree,classical,PCA,gwo,491,123,2.30648749996908,"{'max_depth': 3, 'min_samples_leaf': 7}",0.6016260162601627,0.7307692307692307,0.6705882352941176,0.6993865030674846,0.5589783281733746,0.1131540639334139,0.5784829721362229,17,21,28,57,ok,0.0256604000460356,4,Loan Approval,0.6606854253305054,39.0,"[0.6294328986933458, 0.6294328986933458, 0.6606854253305054, 0.6606854253305054, 0.6606854253305054, 0.6606854253305054, 0.6606854253305054]",True
1,DecisionTree,classical,PCA,gwo,491,123,3.1734691000310704,"{'max_depth': 5, 'min_samples_leaf': 9}",0.4878048780487805,0.775,0.3647058823529411,0.496,0.5639318885448916,0.1261187764152589,0.5814241486068111,29,9,54,31,ok,0.0201707999804057,4,Loan Approval,0.6403684881945751,58.0,"[0.6076312592873915, 0.6076312592873915, 0.6076312592873915, 0.6189169156226791, 0.6403684881945751, 0.6403684881945751, 0.6403684881945751, 0.6403684881945751, 0.6403684881945751]",True
2,DecisionTree,classical,PCA,gwo,491,123,1.9792590999859383,"{'max_depth': 15, 'min_samples_leaf': 18}",0.6178861788617886,0.7402597402597403,0.6785714285714286,0.7080745341614907,0.5828754578754579,0.1594056111225506,0.5619658119658121,19,20,27,57,ok,0.026656300004106,4,Loan Approval,0.6170110364285122,37.0,"[0.6105743424584004, 0.6170110364285122, 0.6170110364285122, 0.6170110364285122, 0.6170110364285122, 0.6170110364285122]",True
3,DecisionTree,classical,PCA,gwo,491,123,1.908331000013277,"{'max_depth': 6, 'min_samples_leaf': 11}",0.6097560975609756,0.7045454545454546,0.7380952380952381,0.7209302325581395,0.5357142857142857,0.0736662483163209,0.5897435897435899,13,26,22,62,ok,0.0257399000111036,4,Loan Approval,0.6223850824596912,32.0,"[0.6223850824596912, 0.6223850824596912, 0.6223850824596912, 0.6223850824596912, 0.6223850824596912]",True
4,DecisionTree,classical,PCA,gwo,492,122,2.7539235999574885,"{'max_depth': 3, 'min_samples_leaf': 7}",0.5983606557377049,0.7397260273972602,0.6428571428571429,0.6878980891719745,0.5714285714285714,0.1349503238963331,0.5513784461152882,19,19,30,54,ok,0.0224762000143528,4,Loan Approval,0.7591201462642004,49.0,"[0.6195153651675391, 0.6195153651675391, 0.6195153651675391, 0.6312453931659983, 0.6920229417283931, 0.7587974057360585, 0.7591201462642004, 0.7591201462642004, 0.7591201462642004, 0.7591201462642004, 0.7591201462642004]",True
5,DecisionTree,classical,PCA,gwo,491,123,2.11961870000232,"{'max_depth': 12, 'min_samples_leaf': 10}",0.6097560975609756,0.7936507936507936,0.5882352941176471,0.6756756756756757,0.6230650154798762,0.2275202035409448,0.6456656346749226,25,13,35,50,ok,0.0267331999493762,4,Loan Approval,0.6225120605119246,33.0,"[0.6225120605119246, 0.6225120605119246, 0.6225120605119246, 0.6225120605119246, 0.6225120605119246]",True
6,DecisionTree,classical,PCA,gwo,491,123,2.3012509999680333,"{'max_depth': 5, 'min_samples_leaf': 5}",0.5691056910569106,0.7424242424242424,0.5764705882352941,0.6490066225165563,0.5645510835913312,0.1196259495833082,0.570123839009288,21,17,36,49,ok,0.0262952999910339,4,Loan Approval,0.7296353409708622,38.0,"[0.6969456945694569, 0.7238350354891218, 0.7238350354891218, 0.7238350354891218, 0.7296353409708622, 0.7296353409708622, 0.7296353409708622, 0.7296353409708622, 0.7296353409708622]",True
7,DecisionTree,classical,PCA,gwo,491,123,1.504818000015803,"{'max_depth': 2, 'min_samples_leaf': 6}",0.6341463414634146,0.6857142857142857,0.8571428571428571,0.7619047619047619,0.5054945054945055,0.0144677052440523,0.5093101343101343,6,33,12,72,ok,0.0269581000320613,4,Loan Approval,0.7658778829874571,25.0,"[0.7636451442421591, 0.7636451442421591, 0.7658778829874571, 0.7658778829874571, 0.7658778829874571, 0.7658778829874571, 0.7658778829874571]",True
8,DecisionTree,classical,PCA,gwo,491,123,1.8627466000034476,"{'max_depth': 2, 'min_samples_leaf': 11}",0.6260162601626016,0.69,0.8214285714285714,0.75,0.5132783882783882,0.0316944622816281,0.507020757020757,8,31,15,69,ok,0.0379897999810054,4,Loan Approval,0.7229261548826852,29.0,"[0.7098986946677132, 0.7098986946677132, 0.7229261548826852, 0.7229261548826852, 0.7229261548826852, 0.7229261548826852, 0.7229261548826852]",True
9,DecisionTree,classical,PCA,gwo,492,122,2.613926699967124,"{'max_depth': 16, 'min_samples_leaf': 9}",0.4508196721311475,0.673469387755102,0.3928571428571428,0.4962406015037593,0.4859022556390977,-0.0266349323479604,0.505795739348371,22,16,51,33,ok,0.0232336000190116,4,Loan Approval,0.6719317356572257,46.0,"[0.6656072677667001, 0.6656072677667001, 0.6719317356572257, 0.6719317356572257, 0.6719317356572257, 0.6719317356572257, 0.6719317356572257]",True
10,DecisionTree,classical,PCA,gwo,491,123,2.776256999990437,"{'max_depth': 4, 'min_samples_leaf': 14}",0.5040650406504065,0.7068965517241379,0.4823529411764706,0.5734265734265734,0.5174922600619195,0.0323822116656521,0.5575851393188854,21,17,44,41,ok,0.0213902000105008,4,Loan Approval,0.6522227988237329,53.0,"[0.6254937474205299, 0.6273518399821679, 0.6273518399821679, 0.6319913714340758, 0.642343490624156, 0.6444653143575306, 0.6522227988237329, 0.6522227988237329, 0.6522227988237329, 0.6522227988237329, 0.6522227988237329]",True
11,DecisionTree,classical,PCA,gwo,491,123,2.354774300009012,"{'max_depth': 3, 'min_samples_leaf': 14}",0.4634146341463415,0.7021276595744681,0.388235294117647,0.5,0.509907120743034,0.0188418259498786,0.5280185758513932,24,14,52,33,ok,0.0255859000026248,4,Loan Approval,0.6828326722081582,35.0,"[0.6828326722081582, 0.6828326722081582, 0.6828326722081582, 0.6828326722081582, 0.6828326722081582]",True
12,DecisionTree,classical,PCA,gwo,491,123,2.519334400014486,"{'max_depth': 4, 'min_samples_leaf': 8}",0.6422764227642277,0.7439024390243902,0.7261904761904762,0.7349397590361446,0.5938644688644689,0.1853123291652753,0.5634920634920635,18,21,23,61,ok,0.0234168000170029,4,Loan Approval,0.6720350715274573,41.0,"[0.6610136364910604, 0.6611408199643494, 0.6689727708308987, 0.6689727708308987, 0.6720350715274573, 0.6720350715274573, 0.6720350715274573, 0.6720350715274573, 0.6720350715274573]",True
13,DecisionTree,classical,PCA,gwo,491,123,1.3925018000300042,"{'max_depth': 16, 'min_samples_leaf': 1}",0.6016260162601627,0.7464788732394366,0.6309523809523809,0.6838709677419355,0.5847069597069596,0.1595843100827066,0.614010989010989,21,18,31,53,ok,0.0281643000198528,4,Loan Approval,0.6013468789241525,22.0,"[0.5951333346098867, 0.6013468789241525, 0.6013468789241525, 0.6013468789241525, 0.6013468789241525, 0.6013468789241525]",True
14,DecisionTree,classical,PCA,gwo,492,122,2.1924901999882422,"{'max_depth': 3, 'min_samples_leaf': 1}",0.5,0.7090909090909091,0.4642857142857143,0.5611510791366906,0.5216165413533835,0.0402373062938356,0.5191102756892231,22,16,45,39,ok,0.0337991000269539,4,Loan Approval,0.6940212700118891,34.0,"[0.6769444444444445, 0.6769444444444445, 0.6769444444444445, 0.6940212700118891, 0.6940212700118891, 0.6940212700118891, 0.6940212700118891, 0.6940212700118891]",True
0,RandomForest,classical,PCA,gwo,491,123,56.385279799986165,"{'max_depth': 14, 'min_samples_leaf': 2, 'max_features': 'log2'}",0.5040650406504065,0.6764705882352942,0.5411764705882353,0.6013071895424836,0.4811145510835913,-0.0351012650243713,0.5269349845201238,16,22,39,46,ok,0.4117355000344105,4,Loan Approval,0.6545751633986928,42.0,"[0.6455645564556455, 0.6520286167998961, 0.6520286167998961, 0.6545751633986928, 0.6545751633986928, 0.6545751633986928, 0.6545751633986928, 0.6545751633986928]",True
1,RandomForest,classical,PCA,gwo,491,123,57.36523639998632,"{'max_depth': 14, 'min_samples_leaf': 1, 'max_features': None}",0.5203252032520326,0.6911764705882353,0.5529411764705883,0.6143790849673203,0.50015479876161,0.000287715287085,0.5520123839009289,17,21,38,47,ok,0.5171447999891825,4,Loan Approval,0.6181422063775005,44.0,"[0.606675440520582, 0.6120279327110446, 0.6120279327110446, 0.6120279327110446, 0.6156696631079933, 0.6181422063775005, 0.6181422063775005, 0.6181422063775005, 0.6181422063775005, 0.6181422063775005]",True
2,RandomForest,classical,PCA,gwo,491,123,60.765269899973646,"{'max_depth': 12, 'min_samples_leaf': 1, 'max_features': 'sqrt'}",0.5772357723577236,0.7222222222222222,0.6190476190476191,0.6666666666666666,0.5531135531135531,0.1003358100239247,0.5793650793650793,19,20,32,52,ok,0.3641002000076696,4,Loan Approval,0.6657007841053632,48.0,"[0.652342560786691, 0.652342560786691, 0.652342560786691, 0.6612788108079101, 0.6634900311211773, 0.6657007841053632, 0.6657007841053632, 0.6657007841053632, 0.6657007841053632, 0.6657007841053632]",True
3,RandomForest,classical,PCA,gwo,491,123,70.39814780000597,"{'max_depth': 5, 'min_samples_leaf': 5, 'max_features': 'log2'}",0.4796747967479675,0.6388888888888888,0.5476190476190477,0.5897435897435898,0.4404761904761904,-0.112445304337157,0.4728327228327228,13,26,38,46,ok,0.2387416999554261,4,Loan Approval,0.659025222564308,64.0,"[0.6579803691454177, 0.6579803691454177, 0.6579803691454177, 0.6579803691454177, 0.659025222564308, 0.659025222564308, 0.659025222564308, 0.659025222564308, 0.659025222564308]",True
4,RandomForest,classical,PCA,gwo,492,122,52.3054549000226,"{'max_depth': 12, 'min_samples_leaf': 1, 'max_features': 'log2'}",0.5163934426229508,0.6984126984126984,0.5238095238095238,0.5986394557823129,0.5119047619047619,0.0220640823823649,0.4953007518796992,19,19,40,44,ok,0.4074294000165537,4,Loan Approval,0.6771153816839096,39.0,"[0.6424422581683568, 0.661490875896236, 0.6745790629151353, 0.6745790629151353, 0.6753491925518852, 0.6753491925518852, 0.6753491925518852, 0.6771153816839096, 0.6771153816839096, 0.6771153816839096, 0.6771153816839096, 0.6771153816839096]",True
5,RandomForest,classical,PCA,gwo,491,123,61.30814979999559,"{'max_depth': 7, 'min_samples_leaf': 1, 'max_features': 'sqrt'}",0.5447154471544715,0.7543859649122807,0.5058823529411764,0.6056338028169014,0.5687306501547987,0.1273715146642418,0.5821981424148607,24,14,42,43,ok,0.3330475999973714,4,Loan Approval,0.6598273759264471,51.0,"[0.6454000810822986, 0.6521675912869215, 0.6549277558700957, 0.6553924629107949, 0.6558848581475091, 0.6558848581475091, 0.6558848581475091, 0.6598273759264471, 0.6598273759264471, 0.6598273759264471, 0.6598273759264471, 0.6598273759264471]",True
6,RandomForest,classical,PCA,gwo,491,123,40.800252600049134,"{'max_depth': 8, 'min_samples_leaf': 1, 'max_features': 'sqrt'}",0.5772357723577236,0.7538461538461538,0.5764705882352941,0.6533333333333333,0.5777089783281734,0.1438572589040477,0.5928792569659443,22,16,36,49,ok,0.545703100040555,4,Loan Approval,0.6820551644081055,32.0,"[0.6780578898225956, 0.6783851462069284, 0.6783851462069284, 0.6783851462069284, 0.6820551644081055, 0.6820551644081055, 0.6820551644081055, 0.6820551644081055, 0.6820551644081055]",True
7,RandomForest,classical,PCA,gwo,491,123,68.2300847999868,"{'max_depth': 10, 'min_samples_leaf': 3, 'max_features': None}",0.4959349593495935,0.6896551724137931,0.4761904761904761,0.5633802816901409,0.5073260073260073,0.013658361895953,0.552808302808303,21,18,44,40,ok,0.3286426000413485,4,Loan Approval,0.6665389447236181,54.0,"[0.6483246977547497, 0.659749220995398, 0.662148252821828, 0.662148252821828, 0.666399469759868, 0.666399469759868, 0.666399469759868, 0.6665389447236181, 0.6665389447236181, 0.6665389447236181, 0.6665389447236181, 0.6665389447236181]",True
8,RandomForest,classical,PCA,gwo,491,123,65.97444439999526,"{'max_depth': 8, 'min_samples_leaf': 3, 'max_features': None}",0.5691056910569106,0.7066666666666667,0.6309523809523809,0.6666666666666666,0.5334249084249084,0.0637706609005833,0.5924908424908425,17,22,31,53,ok,0.3646743000135757,4,Loan Approval,0.6313239217235197,52.0,"[0.6268022553362868, 0.6268022553362868, 0.6270609308174074, 0.6270609308174074, 0.6270609308174074, 0.6270609308174074, 0.6304974140025686, 0.6304974140025686, 0.6313239217235197, 0.6313239217235197, 0.6313239217235197, 0.6313239217235197]",False
9,RandomForest,classical,PCA,gwo,492,122,65.69211649999488,"{'max_depth': 20, 'min_samples_leaf': 9, 'max_features': None}",0.5819672131147541,0.7538461538461538,0.5833333333333334,0.6577181208053692,0.5811403508771931,0.1506274806404694,0.5426065162907269,22,16,35,49,ok,0.348980400012806,4,Loan Approval,0.6040875373126928,55.0,"[0.5944976076555024, 0.6038190781817191, 0.6038190781817191, 0.6040875373126928, 0.6040875373126928, 0.6040875373126928, 0.6040875373126928, 0.6040875373126928]",True
10,RandomForest,classical,PCA,gwo,491,123,39.42234690004261,"{'max_depth': 8, 'min_samples_leaf': 1, 'max_features': 'sqrt'}",0.5934959349593496,0.7160493827160493,0.6823529411764706,0.6987951807228916,0.5385448916408668,0.0751157367575382,0.6003095975232199,15,23,27,58,ok,0.442989100003615,4,Loan Approval,0.6688352108520176,30.0,"[0.658764515907373, 0.658764515907373, 0.6621658764515908, 0.6621658764515908, 0.6688352108520176, 0.6688352108520176, 0.6688352108520176, 0.6688352108520176, 0.6688352108520176]",True
11,RandomForest,classical,PCA,gwo,491,123,57.55370320001384,"{'max_depth': 4, 'min_samples_leaf': 1, 'max_features': None}",0.5609756097560976,0.7384615384615385,0.5647058823529412,0.64,0.5586687306501548,0.1086093647901077,0.5856037151702786,21,17,37,48,ok,0.4518451999756507,4,Loan Approval,0.647705777239456,44.0,"[0.614308685775543, 0.627507809730691, 0.6315011586585927, 0.6381956430470682, 0.6381956430470682, 0.647705777239456, 0.647705777239456, 0.647705777239456, 0.647705777239456, 0.647705777239456]",True
12,RandomForest,classical,PCA,gwo,491,123,46.56931120000081,"{'max_depth': 2, 'min_samples_leaf': 20, 'max_features': 'sqrt'}",0.5528455284552846,0.6883116883116883,0.6309523809523809,0.6583850931677019,0.5077838827838828,0.0149717977297423,0.5529609279609279,15,24,31,53,ok,0.3989575000014156,4,Loan Approval,0.674069229372462,40.0,"[0.6680215029400264, 0.6680215029400264, 0.674069229372462, 0.674069229372462, 0.674069229372462, 0.674069229372462, 0.674069229372462]",True
13,RandomForest,classical,PCA,gwo,491,123,65.08138310001232,"{'max_depth': 14, 'min_samples_leaf': 2, 'max_features': 'sqrt'}",0.5040650406504065,0.6716417910447762,0.5357142857142857,0.5960264900662252,0.4858058608058608,-0.0265264777511885,0.5363247863247863,17,22,39,45,ok,0.3381556000094861,4,Loan Approval,0.6381205268140576,55.0,"[0.6370916538658474, 0.6370916538658474, 0.6370916538658474, 0.6370916538658474, 0.6381205268140576, 0.6381205268140576, 0.6381205268140576, 0.6381205268140576, 0.6381205268140576]",True
14,RandomForest,classical,PCA,gwo,492,122,51.25370920001296,"{'max_depth': 11, 'min_samples_leaf': 1, 'max_features': 'sqrt'}",0.6065573770491803,0.75,0.6428571428571429,0.6923076923076923,0.5845864661654135,0.1592982732160774,0.6256265664160402,20,18,30,54,ok,0.4645190000301227,4,Loan Approval,0.6731063350237463,41.0,"[0.662932767724973, 0.6696424848863872, 0.6696424848863872, 0.6731063350237463, 0.6731063350237463, 0.6731063350237463, 0.6731063350237463, 0.6731063350237463]",True
0,MLP,classical,PCA,gwo,491,123,14.23406960000284,"{'alpha': 2.0354926714729858e-06, 'learning_rate_init': 0.0007220465274319966}",0.5284552845528455,0.7014925373134329,0.5529411764705883,0.618421052631579,0.513312693498452,0.0247039144803811,0.5572755417956655,18,20,38,47,ok,0.3508189999847673,4,Loan Approval,0.6546276635022522,48.0,"[0.6370048227191085, 0.6546276635022522, 0.6546276635022522, 0.6546276635022522, 0.6546276635022522, 0.6546276635022522]",True
1,MLP,classical,PCA,gwo,491,123,10.879902699962258,"{'alpha': 8.90942209343857e-06, 'learning_rate_init': 0.0963561091779484}",0.4308943089430894,0.7027027027027027,0.3058823529411765,0.4262295081967213,0.5082043343653251,0.0165319666604047,0.5185758513931888,27,11,59,26,ok,0.049425000033807,4,Loan Approval,0.7184253611000136,37.0,"[0.7184253611000136, 0.7184253611000136, 0.7184253611000136, 0.7184253611000136, 0.7184253611000136]",True
2,MLP,classical,PCA,gwo,491,123,14.500205599993931,"{'alpha': 0.10000000000000006, 'learning_rate_init': 0.00010000000000000009}",0.4634146341463415,0.6451612903225806,0.4761904761904761,0.547945205479452,0.456043956043956,-0.0818200572348404,0.4542124542124542,17,22,44,40,ok,0.0803420000011101,4,Loan Approval,0.6180940798862733,48.0,"[0.5927234927234927, 0.6180940798862733, 0.6180940798862733, 0.6180940798862733, 0.6180940798862733, 0.6180940798862733]",True
3,MLP,classical,PCA,gwo,491,123,10.84227640001336,"{'alpha': 3.0822884880201215e-05, 'learning_rate_init': 0.0052866711624397714}",0.5772357723577236,0.7580645161290323,0.5595238095238095,0.6438356164383562,0.5874542124542125,0.1627878222068179,0.6251526251526252,24,15,37,47,ok,0.3686007999931462,4,Loan Approval,0.6757293233082707,64.0,"[0.6631196721670721, 0.6720186490964436, 0.6720186490964436, 0.6757293233082707, 0.6757293233082707, 0.6757293233082707, 0.6757293233082707, 0.6757293233082707]",True
4,MLP,classical,PCA,gwo,492,122,11.230299499991816,"{'alpha': 1.0000000000000004e-06, 'learning_rate_init': 0.03271561865171501}",0.5655737704918032,0.7246376811594203,0.5952380952380952,0.6535947712418301,0.5476190476190477,0.0889773899568799,0.5219298245614036,19,19,34,50,ok,0.1108934999792836,4,Loan Approval,0.6919892738761589,55.0,"[0.6201143544023441, 0.6897729228174437, 0.6919892738761589, 0.6919892738761589, 0.6919892738761589, 0.6919892738761589, 0.6919892738761589]",True
5,MLP,classical,PCA,gwo,491,123,11.82792700000573,"{'alpha': 0.0050648381080629825, 'learning_rate_init': 0.038657890569631946}",0.5203252032520326,0.696969696969697,0.5411764705882353,0.609271523178808,0.5074303405572755,0.0137698934772153,0.5154798761609908,18,20,39,46,ok,0.1154205999919213,4,Loan Approval,0.7314830534978688,80.0,"[0.7136496727161828, 0.7136496727161828, 0.7136496727161828, 0.7237958776377015, 0.7237958776377015, 0.7314830534978688, 0.7314830534978688, 0.7314830534978688, 0.7314830534978688, 0.7314830534978688]",True
6,MLP,classical,PCA,gwo,491,123,7.186492300010286,"{'alpha': 1.9077789777907858e-06, 'learning_rate_init': 0.030483782007366057}",0.4878048780487805,0.75,0.388235294117647,0.5116279069767442,0.5493808049535603,0.095202759761258,0.5919504643962848,27,11,52,33,ok,0.1209345999523066,4,Loan Approval,0.6978013109323902,40.0,"[0.6978013109323902, 0.6978013109323902, 0.6978013109323902, 0.6978013109323902, 0.6978013109323902]",True
7,MLP,classical,PCA,gwo,491,123,11.930538100015838,"{'alpha': 2.4535496836765276e-06, 'learning_rate_init': 0.031154804552027713}",0.5203252032520326,0.7551020408163265,0.4404761904761904,0.556390977443609,0.5663919413919414,0.1262128026070114,0.5604395604395604,27,12,47,37,ok,0.1430861999979242,4,Loan Approval,0.7528800555422729,72.0,"[0.7359559815493731, 0.7359559815493731, 0.7359559815493731, 0.7359559815493731, 0.7528800555422729, 0.7528800555422729, 0.7528800555422729, 0.7528800555422729, 0.7528800555422729]",True
8,MLP,classical,PCA,gwo,491,123,11.217307800019626,"{'alpha': 3.45724673304634e-05, 'learning_rate_init': 0.10000000000000006}",0.6504065040650406,0.7469879518072289,0.7380952380952381,0.7425149700598802,0.5998168498168499,0.1983064134175746,0.5775335775335775,18,21,22,62,ok,0.0647241999977268,4,Loan Approval,0.790703784978969,88.0,"[0.7573197625106022, 0.7890141051195818, 0.7891368356367355, 0.7891368356367355, 0.7891368356367355, 0.7891368356367355, 0.790703784978969, 0.790703784978969, 0.790703784978969, 0.790703784978969, 0.790703784978969]",True
9,MLP,classical,PCA,gwo,492,122,13.809642700012771,"{'alpha': 0.09108622229644393, 'learning_rate_init': 0.10000000000000006}",0.5491803278688525,0.7377049180327869,0.5357142857142857,0.6206896551724138,0.5573308270676691,0.1061988488107183,0.5889724310776943,22,16,39,45,ok,0.0448902999632991,4,Loan Approval,0.7305761153639857,96.0,"[0.6627852932139012, 0.6718240335261613, 0.6826954044345349, 0.6826954044345349, 0.6997598204878286, 0.6997598204878286, 0.6997598204878286, 0.7305761153639857, 0.7305761153639857, 0.7305761153639857, 0.7305761153639857, 0.7305761153639857]",True
10,MLP,classical,PCA,gwo,491,123,9.383402200008277,"{'alpha': 0.0005403258742100036, 'learning_rate_init': 0.025439201002962524}",0.5284552845528455,0.7076923076923077,0.5411764705882353,0.6133333333333333,0.5205882352941176,0.0381135765622277,0.5207430340557275,19,19,39,46,ok,0.1015078999917022,4,Loan Approval,0.703672228321054,40.0,"[0.703672228321054, 0.703672228321054, 0.703672228321054, 0.703672228321054, 0.703672228321054]",True
11,MLP,classical,PCA,gwo,491,123,10.685608499974478,"{'alpha': 0.004808427070714654, 'learning_rate_init': 0.10000000000000006}",0.5365853658536586,0.8181818181818182,0.4235294117647059,0.5581395348837209,0.6065015479876161,0.2053275821810205,0.5959752321981424,30,8,49,36,ok,0.0952932999935001,4,Loan Approval,0.7412391143227719,60.0,"[0.7206105869534838, 0.7206105869534838, 0.7353663890127117, 0.7412391143227719, 0.7412391143227719, 0.7412391143227719, 0.7412391143227719, 0.7412391143227719]",True
12,MLP,classical,PCA,gwo,491,123,14.004590500029735,"{'alpha': 5.823511468393159e-06, 'learning_rate_init': 0.0002974864157265734}",0.5040650406504065,0.6885245901639344,0.5,0.5793103448275863,0.5064102564102564,0.0119320916800808,0.55006105006105,20,19,42,42,ok,0.1392276999540627,4,Loan Approval,0.638766597518433,48.0,"[0.6368318785661703, 0.638766597518433, 0.638766597518433, 0.638766597518433, 0.638766597518433, 0.638766597518433]",True
13,MLP,classical,PCA,gwo,491,123,28.295455200015567,"{'alpha': 8.664868740804872e-05, 'learning_rate_init': 0.00010741517041795166}",0.5447154471544715,0.675,0.6428571428571429,0.6585365853658537,0.4880952380952381,-0.023235040555905,0.5119047619047619,13,26,30,54,ok,0.0823605000041425,4,Loan Approval,0.7491613152663373,96.0,"[0.7299621603027177, 0.7299621603027177, 0.7476483725350439, 0.7476483725350439, 0.748697903994214, 0.748697903994214, 0.748697903994214, 0.7491613152663373, 0.7491613152663373, 0.7491613152663373, 0.7491613152663373, 0.7491613152663373]",True
14,MLP,classical,PCA,gwo,492,122,9.149523900006898,"{'alpha': 0.0001599168623674552, 'learning_rate_init': 0.08095694327859}",0.5655737704918032,0.7627118644067796,0.5357142857142857,0.6293706293706294,0.5836466165413534,0.1550292104234593,0.5601503759398497,24,14,39,45,ok,0.1109434999525547,4,Loan Approval,0.7196924173110877,56.0,"[0.6275731612520704, 0.6328394258035043, 0.7196924173110877, 0.7196924173110877, 0.7196924173110877, 0.7196924173110877, 0.7196924173110877]",True
0,XGBoost,classical,PCA,gwo,491,123,11.805012300028466,"{'max_depth': 3, 'learning_rate': 0.1525676747474585, 'subsample': 0.9096829159605175}",0.4390243902439024,0.6290322580645161,0.4588235294117647,0.5306122448979592,0.4267801857585139,-0.135331569115531,0.4263157894736842,15,23,46,39,ok,0.0798442999948747,4,Loan Approval,0.6533512890313792,40.0,"[0.6533512890313792, 0.6533512890313792, 0.6533512890313792, 0.6533512890313792, 0.6533512890313792]",True
1,XGBoost,classical,PCA,gwo,491,123,17.728336700005457,"{'max_depth': 2, 'learning_rate': 0.0010000000000000002, 'subsample': 0.6229039040740614}",0.5121951219512195,0.711864406779661,0.4941176470588235,0.5833333333333334,0.5233746130030961,0.0432374122190021,0.5752321981424149,21,17,43,42,ok,0.0989716000040061,4,Loan Approval,0.6606080276966354,64.0,"[0.6526579049605367, 0.6526579049605367, 0.6526579049605367, 0.6606080276966354, 0.6606080276966354, 0.6606080276966354, 0.6606080276966354, 0.6606080276966354]",True
2,XGBoost,classical,PCA,gwo,491,123,18.95823059999384,"{'max_depth': 5, 'learning_rate': 0.05759321675967116, 'subsample': 1.0}",0.5772357723577236,0.7580645161290323,0.5595238095238095,0.6438356164383562,0.5874542124542125,0.1627878222068179,0.6106532356532356,24,15,37,47,ok,0.1121606000233441,4,Loan Approval,0.6521558872305141,56.0,"[0.6414158948395494, 0.6414158948395494, 0.6521558872305141, 0.6521558872305141, 0.6521558872305141, 0.6521558872305141, 0.6521558872305141]",True
3,XGBoost,classical,PCA,gwo,491,123,29.384788200026374,"{'max_depth': 7, 'learning_rate': 0.02298876590662869, 'subsample': 0.7128415067815755}",0.5447154471544715,0.7121212121212122,0.5595238095238095,0.6266666666666667,0.5361721611721612,0.0675098283659348,0.5758547008547009,20,19,37,47,ok,0.0970283999922685,4,Loan Approval,0.6816159876857251,96.0,"[0.676436693158711, 0.676436693158711, 0.676436693158711, 0.676436693158711, 0.6780653569380742, 0.6780653569380742, 0.6780653569380742, 0.6816159876857251, 0.6816159876857251, 0.6816159876857251, 0.6816159876857251, 0.6816159876857251]",True
4,XGBoost,classical,PCA,gwo,492,122,28.30743439996149,"{'max_depth': 8, 'learning_rate': 0.04000513823367614, 'subsample': 0.8010701898815108}",0.5327868852459017,0.7076923076923077,0.5476190476190477,0.6174496644295302,0.5238095238095238,0.0441995696087863,0.5610902255639098,19,19,38,46,ok,0.1127834999933838,4,Loan Approval,0.6816059757236227,96.0,"[0.6689870055014229, 0.6704402328823775, 0.6704402328823775, 0.6704402328823775, 0.671048426851697, 0.671048426851697, 0.6717867520943955, 0.6717867520943955, 0.6721062356455819, 0.6721062356455819, 0.6816059757236227, 0.6816059757236227]",False
5,XGBoost,classical,PCA,gwo,491,123,23.59052269998938,"{'max_depth': 8, 'learning_rate': 0.4379565142651443, 'subsample': 0.7065974514939997}",0.4878048780487805,0.6666666666666666,0.5176470588235295,0.5827814569536424,0.4693498452012384,-0.0568008105935132,0.5628482972136223,16,22,41,44,ok,0.0719340000068768,4,Loan Approval,0.65579264661334,96.0,"[0.6415635387880972, 0.6415635387880972, 0.6494059292009337, 0.6527158429332341, 0.6527158429332341, 0.6535422789294938, 0.6535422789294938, 0.6535422789294938, 0.6535422789294938, 0.65579264661334, 0.65579264661334, 0.65579264661334]",False
6,XGBoost,classical,PCA,gwo,491,123,18.851747899956536,"{'max_depth': 5, 'learning_rate': 0.22743568078043738, 'subsample': 0.596041578587263}",0.4959349593495935,0.6825396825396826,0.5058823529411764,0.581081081081081,0.4897832817337461,-0.0188884697279274,0.5479876160990712,18,20,42,43,ok,0.0897026000311598,4,Loan Approval,0.662763814678704,56.0,"[0.6437420739440055, 0.6437420739440055, 0.662763814678704, 0.662763814678704, 0.662763814678704, 0.662763814678704, 0.662763814678704]",True
7,XGBoost,classical,PCA,gwo,491,123,17.53580630000215,"{'max_depth': 2, 'learning_rate': 0.005358907643048977, 'subsample': 1.0}",0.5121951219512195,0.75,0.4285714285714285,0.5454545454545454,0.5604395604395604,0.115311332039411,0.6138583638583639,27,12,48,36,ok,0.0974374000215902,4,Loan Approval,0.688350393866633,88.0,"[0.612926244141983, 0.6343113149034202, 0.6368509924907987, 0.6395705387728593, 0.6655254654426851, 0.6655254654426851, 0.688350393866633, 0.688350393866633, 0.688350393866633, 0.688350393866633, 0.688350393866633]",True
8,XGBoost,classical,PCA,gwo,491,123,14.488261900027284,"{'max_depth': 2, 'learning_rate': 0.0010000000000000002, 'subsample': 0.9241213868051794}",0.5121951219512195,0.75,0.4285714285714285,0.5454545454545454,0.5604395604395604,0.115311332039411,0.6178266178266179,27,12,48,36,ok,0.0648974999785423,4,Loan Approval,0.6951971855923266,64.0,"[0.6456494745701976, 0.6676112771559236, 0.6712631278720048, 0.6951971855923266, 0.6951971855923266, 0.6951971855923266, 0.6951971855923266, 0.6951971855923266]",True
9,XGBoost,classical,PCA,gwo,492,122,10.6337835000013,"{'max_depth': 9, 'learning_rate': 0.3491650049921603, 'subsample': 0.5889390775162318}",0.5081967213114754,0.7142857142857143,0.4761904761904761,0.5714285714285714,0.5275689223057645,0.0512407225570447,0.5332080200501254,22,16,44,40,ok,0.1322148999897763,4,Loan Approval,0.632276407066323,39.0,"[0.632276407066323, 0.632276407066323, 0.632276407066323, 0.632276407066323, 0.632276407066323]",True
10,XGBoost,classical,PCA,gwo,491,123,26.423554600041825,"{'max_depth': 5, 'learning_rate': 0.001402439090025389, 'subsample': 0.9541267064050689}",0.4878048780487805,0.6447368421052632,0.5764705882352941,0.6086956521739131,0.4329721362229102,-0.1274767286921477,0.4642414860681114,11,27,36,49,ok,0.087707299971953,4,Loan Approval,0.6687853460840048,96.0,"[0.6560240994075478, 0.6610436688427539, 0.6622744539411206, 0.6644711467141374, 0.6677406810960607, 0.6677406810960607, 0.6679096375167539, 0.6679096375167539, 0.6679096375167539, 0.6687853460840048, 0.6687853460840048, 0.6687853460840048]",False
11,XGBoost,classical,PCA,gwo,491,123,10.747251399967354,"{'max_depth': 2, 'learning_rate': 0.19113834772472912, 'subsample': 0.7737549273742357}",0.5284552845528455,0.684931506849315,0.5882352941176471,0.6329113924050633,0.4914860681114551,-0.0160182473665464,0.5580495356037152,15,23,35,50,ok,0.0947739999974146,4,Loan Approval,0.6523168129708293,48.0,"[0.6255092046523097, 0.6523168129708293, 0.6523168129708293, 0.6523168129708293, 0.6523168129708293, 0.6523168129708293]",True
12,XGBoost,classical,PCA,gwo,491,123,19.34579870000016,"{'max_depth': 3, 'learning_rate': 0.004170782780465959, 'subsample': 1.0}",0.4471544715447154,0.6428571428571429,0.4285714285714285,0.5142857142857142,0.4578754578754578,-0.078723740422882,0.4688644688644688,19,20,48,36,ok,0.0721096000052057,4,Loan Approval,0.6515320630621918,56.0,"[0.6237279977997799, 0.6237279977997799, 0.6515320630621918, 0.6515320630621918, 0.6515320630621918, 0.6515320630621918, 0.6515320630621918]",True
13,XGBoost,classical,PCA,gwo,491,123,23.63099269999657,"{'max_depth': 4, 'learning_rate': 0.1485821166927812, 'subsample': 0.9784882306517595}",0.5284552845528455,0.696969696969697,0.5476190476190477,0.6133333333333333,0.5173992673992674,0.032473081998804,0.517094017094017,19,20,38,46,ok,0.0773482999647967,4,Loan Approval,0.6764788891979028,92.0,"[0.6615915250061591, 0.6615915250061591, 0.6642603414162793, 0.6642603414162793, 0.6642603414162793, 0.6649530009286108, 0.6649530009286108, 0.6649530009286108, 0.6653029147308324, 0.6764788891979028, 0.6764788891979028, 0.6764788891979028]",False
14,XGBoost,classical,PCA,gwo,492,122,22.687481999979354,"{'max_depth': 3, 'learning_rate': 0.14714334006205693, 'subsample': 0.6817639446383666}",0.5081967213114754,0.7068965517241379,0.4880952380952381,0.5774647887323944,0.5203634085213033,0.0377666033635161,0.5886591478696742,21,17,43,41,ok,0.0707642000052146,4,Loan Approval,0.6340475317373007,96.0,"[0.624936346170466, 0.6303243142575891, 0.6303243142575891, 0.6303243142575891, 0.6303243142575891, 0.6313348828950979, 0.6313348828950979, 0.6340475317373007, 0.6340475317373007, 0.6340475317373007, 0.6340475317373007, 0.6340475317373007]",True
0,VQC,quantum,PCA,gwo,491,123,3613.9570573999663,"{'n_layers': 3, 'learning_rate': 0.0014562450476049303, 'map_reps': 1, 'feature_map': 'angle', 'entanglement': 'full', 'init_scale': 0.3156015410814727}",0.6666666666666666,0.7340425531914894,0.8117647058823529,0.770949720670391,0.5769349845201238,0.1674912801061393,0.5427244582043345,13,25,16,69,ok,8.793310700042639,4,Loan Approval,0.7798119104591482,96.0,"[0.6676291275170628, 0.6676291275170628, 0.6676291275170628, 0.6950257317449268, 0.6973166914767739, 0.7239588370674932, 0.7283883063350745, 0.7674384874384875, 0.7674384874384875, 0.7798119104591482, 0.7798119104591482, 0.7798119104591482]",False
1,VQC,quantum,PCA,gwo,491,123,3248.623078099976,"{'n_layers': 3, 'learning_rate': 0.0010795949123029458, 'map_reps': 1, 'feature_map': 'angle', 'entanglement': 'linear', 'init_scale': 0.19095488705269667}",0.6991869918699187,0.7068965517241379,0.9647058823529412,0.8159203980099502,0.534984520123839,0.1395497823137387,0.4408668730650155,4,34,3,82,ok,9.842430800024886,4,Loan Approval,0.8094249948493492,96.0,"[0.6496861753062381, 0.650038781105949, 0.7543138335200844, 0.7543138335200844, 0.7543138335200844, 0.7543138335200844, 0.8024566628572621, 0.8024566628572621, 0.8094249948493492, 0.8094249948493492, 0.8094249948493492, 0.8094249948493492]",False
2,VQC,quantum,PCA,gwo,491,123,3189.6667984000524,"{'n_layers': 3, 'learning_rate': 0.0010793301459234477, 'map_reps': 1, 'feature_map': 'angle', 'entanglement': 'linear', 'init_scale': 0.13503643191791745}",0.6991869918699187,0.7008547008547008,0.9761904761904762,0.8159203980099502,0.5393772893772893,0.1701293345735885,0.4694749694749695,4,35,2,82,ok,10.582150400034152,4,Loan Approval,0.809363523712966,96.0,"[0.6408727265362336, 0.6925749039462308, 0.7938693307661601, 0.7938693307661601, 0.7938693307661601, 0.8048432366218536, 0.804887648490053, 0.809363523712966, 0.809363523712966, 0.809363523712966, 0.809363523712966, 0.809363523712966]",True
3,VQC,quantum,PCA,gwo,491,123,2951.374137000006,"{'n_layers': 3, 'learning_rate': 0.009960087759225678, 'map_reps': 3, 'feature_map': 'angle', 'entanglement': 'full', 'init_scale': 0.16256571088615165}",0.4552845528455284,0.639344262295082,0.4642857142857143,0.5379310344827586,0.4500915750915751,-0.0928998566520584,0.4942002442002442,17,22,45,39,ok,12.338596599991432,4,Loan Approval,0.699751564945227,88.0,"[0.6710526421315738, 0.6711109432929536, 0.6877665765901072, 0.6877665765901072, 0.6877665765901072, 0.6877665765901072, 0.699751564945227, 0.699751564945227, 0.699751564945227, 0.699751564945227, 0.699751564945227]",True
4,VQC,quantum,PCA,gwo,492,122,3656.9328996000113,"{'n_layers': 4, 'learning_rate': 0.045075437976348866, 'map_reps': 2, 'feature_map': 'zz', 'entanglement': 'linear', 'init_scale': 0.47400350051440493}",0.5081967213114754,0.7068965517241379,0.4880952380952381,0.5774647887323944,0.5203634085213033,0.0377666033635161,0.5213032581453634,21,17,43,41,ok,12.438453099981416,4,Loan Approval,0.680951172040281,88.0,"[0.6321801199304886, 0.6426384890856013, 0.6684909070371625, 0.6684909070371625, 0.6684909070371625, 0.6684909070371625, 0.680951172040281, 0.680951172040281, 0.680951172040281, 0.680951172040281, 0.680951172040281]",True
5,VQC,quantum,PCA,gwo,491,123,3279.137518499978,"{'n_layers': 3, 'learning_rate': 0.0010996272276637075, 'map_reps': 1, 'feature_map': 'angle', 'entanglement': 'linear', 'init_scale': 0.14146445347103434}",0.6829268292682927,0.7017543859649122,0.9411764705882352,0.8040201005025126,0.5232198142414861,0.0823979330375196,0.5052631578947369,4,34,5,80,ok,9.54281140002422,4,Loan Approval,0.8093578678825382,96.0,"[0.7252719496097649, 0.7252719496097649, 0.7252719496097649, 0.7777529262655634, 0.8029476376627197, 0.8029476376627197, 0.8029476376627197, 0.8059330514118662, 0.8092767884200581, 0.8093578678825382, 0.8093578678825382, 0.8093578678825382]",False
6,VQC,quantum,PCA,gwo,491,123,1272.103230100009,"{'n_layers': 3, 'learning_rate': 0.2889952924265478, 'map_reps': 1, 'feature_map': 'angle', 'entanglement': 'circular', 'init_scale': 0.4321356846956498}",0.6910569105691057,0.6910569105691057,1.0,0.8173076923076923,0.5,0.0,0.5256965944272446,0,38,0,85,ok,17.554680399945937,4,Loan Approval,0.7639476431179454,40.0,"[0.7639476431179454, 0.7639476431179454, 0.7639476431179454, 0.7639476431179454, 0.7639476431179454]",True
7,VQC,quantum,PCA,gwo,491,123,1871.9243500999876,"{'n_layers': 3, 'learning_rate': 0.0014472468475670449, 'map_reps': 1, 'feature_map': 'angle', 'entanglement': 'linear', 'init_scale': 0.26861152267607036}",0.7073170731707317,0.75,0.8571428571428571,0.8,0.6208791208791209,0.2717914161090704,0.6352258852258853,15,24,12,72,ok,16.96535670000594,4,Loan Approval,0.736100046137782,48.0,"[0.631500421918019, 0.736100046137782, 0.736100046137782, 0.736100046137782, 0.736100046137782, 0.736100046137782]",True
8,VQC,quantum,PCA,gwo,491,123,2024.5651365999947,"{'n_layers': 5, 'learning_rate': 0.43467588370630106, 'map_reps': 1, 'feature_map': 'zz', 'entanglement': 'circular', 'init_scale': 0.39489954696604157}",0.4878048780487805,0.7560975609756098,0.369047619047619,0.496,0.5563186813186813,0.1111873974991651,0.5848595848595849,29,10,53,31,ok,25.34477220004192,4,Loan Approval,0.7854366694830631,40.0,"[0.7854366694830631, 0.7854366694830631, 0.7854366694830631, 0.7854366694830631, 0.7854366694830631]",True
9,VQC,quantum,PCA,gwo,492,122,2586.861097100016,"{'n_layers': 2, 'learning_rate': 0.001187214919104091, 'map_reps': 1, 'feature_map': 'angle', 'entanglement': 'full', 'init_scale': 0.20068766547874742}",0.5737704918032787,0.7,0.6666666666666666,0.6829268292682927,0.5175438596491228,0.0341992784028384,0.4990601503759398,14,24,28,56,ok,8.289112499973271,4,Loan Approval,0.7684090283584628,96.0,"[0.7001843949004866, 0.7001843949004866, 0.7386988165626569, 0.7386988165626569, 0.7386988165626569, 0.7386988165626569, 0.7486368200455447, 0.7615831966762195, 0.7615831966762195, 0.7615831966762195, 0.7684090283584628, 0.7684090283584628]",False
10,VQC,quantum,PCA,gwo,491,123,2123.131689700007,"{'n_layers': 4, 'learning_rate': 0.00177487256068334, 'map_reps': 2, 'feature_map': 'angle', 'entanglement': 'circular', 'init_scale': 0.3293288473068145}",0.5609756097560976,0.7384615384615385,0.5647058823529412,0.64,0.5586687306501548,0.1086093647901077,0.6018575851393189,21,17,37,48,ok,19.908853100030683,4,Loan Approval,0.6594875788801023,40.0,"[0.6594875788801023, 0.6594875788801023, 0.6594875788801023, 0.6594875788801023, 0.6594875788801023]",True
11,VQC,quantum,PCA,gwo,491,123,1957.432225900004,"{'n_layers': 1, 'learning_rate': 0.1643363745638555, 'map_reps': 1, 'feature_map': 'angle', 'entanglement': 'full', 'init_scale': 0.15195900994593184}",0.5284552845528455,0.7755102040816326,0.4470588235294118,0.5671641791044776,0.5787925696594427,0.1487313847069002,0.6043343653250773,27,11,47,38,ok,7.121402799966745,4,Loan Approval,0.7393670069942626,80.0,"[0.7282230642184008, 0.7282230642184008, 0.7282230642184008, 0.7282230642184008, 0.7311776630060175, 0.7393670069942626, 0.7393670069942626, 0.7393670069942626, 0.7393670069942626, 0.7393670069942626]",True
12,VQC,quantum,PCA,gwo,491,123,2237.6941509000026,"{'n_layers': 5, 'learning_rate': 0.0013477973753449027, 'map_reps': 1, 'feature_map': 'angle', 'entanglement': 'linear', 'init_scale': 0.33752331236357724}",0.5284552845528455,0.6666666666666666,0.6190476190476191,0.6419753086419753,0.4761904761904761,-0.0460043706228236,0.4578754578754579,13,26,32,52,ok,22.14557900000364,4,Loan Approval,0.7288651987517714,40.0,"[0.7288651987517714, 0.7288651987517714, 0.7288651987517714, 0.7288651987517714, 0.7288651987517714]",True
13,VQC,quantum,PCA,gwo,491,123,3959.897236600053,"{'n_layers': 4, 'learning_rate': 0.2884064181532566, 'map_reps': 2, 'feature_map': 'zz', 'entanglement': 'linear', 'init_scale': 0.2615920387440244}",0.3170731707317073,0.0,0.0,0.0,0.5,0.0,0.6120268620268621,39,0,84,0,ok,11.689497399958782,4,Loan Approval,0.7819172748814699,96.0,"[0.6418091624289947, 0.6418091624289947, 0.6736904728040627, 0.7160191293032622, 0.7160191293032622, 0.7160191293032622, 0.7160191293032622, 0.749519818404051, 0.749519818404051, 0.7819172748814699, 0.7819172748814699, 0.7819172748814699]",False
14,VQC,quantum,PCA,gwo,492,122,2374.424543500005,"{'n_layers': 3, 'learning_rate': 0.0010000000000000002, 'map_reps': 3, 'feature_map': 'zz', 'entanglement': 'linear', 'init_scale': 0.22134283891357795}",0.3688524590163934,0.574468085106383,0.3214285714285714,0.4122137404580153,0.3975563909774436,-0.1949695306993783,0.3784461152882205,18,20,57,27,ok,18.481946599960796,4,Loan Approval,0.6807233679436928,48.0,"[0.6742066785220313, 0.6807233679436928, 0.6807233679436928, 0.6807233679436928, 0.6807233679436928, 0.6807233679436928]",True
0,QNN,quantum,PCA,gwo,491,123,2488.9256581999944,"{'n_layers': 2, 'learning_rate': 0.002695243348285495, 'feature_map': 'angle', 'entanglement': 'linear', 'init_scale': 0.180768455937716}",0.5284552845528455,0.684931506849315,0.5882352941176471,0.6329113924050633,0.4914860681114551,-0.0160182473665464,0.5547987616099072,15,23,35,50,ok,12.263306600041687,4,Loan Approval,0.6948088493844836,40.0,"[0.6948088493844836, 0.6948088493844836, 0.6948088493844836, 0.6948088493844836, 0.6948088493844836]",True
1,QNN,quantum,PCA,gwo,491,123,2556.8508063000045,"{'n_layers': 1, 'learning_rate': 0.0010000000000000002, 'feature_map': 'angle', 'entanglement': 'circular', 'init_scale': 0.11257307026281359}",0.6504065040650406,0.6981132075471698,0.8705882352941177,0.774869109947644,0.5142414860681115,0.038133719952423,0.444891640866873,6,32,11,74,ok,5.141890500031877,4,Loan Approval,0.7928114274471006,96.0,"[0.6725310116698179, 0.6748981718291182, 0.6748981718291182, 0.6808603952789999, 0.6943565371675069, 0.6943565371675069, 0.6943565371675069, 0.732569585417072, 0.7928114274471006, 0.7928114274471006, 0.7928114274471006, 0.7928114274471006]",False
2,QNN,quantum,PCA,gwo,491,123,3726.9183473000303,"{'n_layers': 5, 'learning_rate': 0.49999999999999994, 'feature_map': 'angle', 'entanglement': 'linear', 'init_scale': 0.4496409826696803}",0.6666666666666666,0.6837606837606838,0.9523809523809524,0.7960199004975125,0.5018315018315018,0.0079129923057483,0.539072039072039,2,37,4,80,ok,16.170103000011295,4,Loan Approval,0.7581423893179,67.0,"[0.682554514138773, 0.682554514138773, 0.7106095656548012, 0.7106095656548012, 0.7581423893179, 0.7581423893179, 0.7581423893179, 0.7581423893179, 0.7581423893179]",True
3,QNN,quantum,PCA,gwo,491,123,3293.607506499975,"{'n_layers': 2, 'learning_rate': 0.0013120098531894588, 'feature_map': 'angle', 'entanglement': 'circular', 'init_scale': 0.15860428877348168}",0.5447154471544715,0.7,0.5833333333333334,0.6363636363636364,0.5224358974358975,0.0421656144517068,0.5134310134310134,18,21,35,49,ok,8.193093200039584,4,Loan Approval,0.713765925842623,88.0,"[0.6843289480860638, 0.6843289480860638, 0.6949401677742353, 0.6949401677742353, 0.6969430012800242, 0.7069010882084276, 0.713765925842623, 0.713765925842623, 0.713765925842623, 0.713765925842623, 0.713765925842623]",True
4,QNN,quantum,PCA,gwo,492,122,2940.420567699999,"{'n_layers': 1, 'learning_rate': 0.0013467555393221456, 'feature_map': 'angle', 'entanglement': 'linear', 'init_scale': 0.2723046047234702}",0.5327868852459017,0.6753246753246753,0.6190476190476191,0.6459627329192547,0.4805764411027569,-0.0372853843542008,0.4407894736842105,13,25,32,52,ok,4.75654349999968,4,Loan Approval,0.7829834068116092,96.0,"[0.6924798508983248, 0.6924798508983248, 0.6924798508983248, 0.7012977687105768, 0.7012977687105768, 0.7012977687105768, 0.7210261673434109, 0.7211455779412287, 0.7482328274909055, 0.7829834068116092, 0.7829834068116092, 0.7829834068116092]",False
5,QNN,quantum,PCA,gwo,491,123,3782.151780800021,"{'n_layers': 4, 'learning_rate': 0.49999999999999994, 'feature_map': 'zz', 'entanglement': 'circular', 'init_scale': 0.3939022500271193}",0.6666666666666666,0.6964285714285714,0.9176470588235294,0.7918781725888325,0.5114551083591331,0.0370958310259556,0.4597523219814242,4,34,7,78,ok,16.348302999977022,4,Loan Approval,0.7297370021283065,80.0,"[0.6631315495412858, 0.6672153315820393, 0.6672153315820393, 0.6919696969696969, 0.6971473692691967, 0.7297370021283065, 0.7297370021283065, 0.7297370021283065, 0.7297370021283065, 0.7297370021283065]",True
6,QNN,quantum,PCA,gwo,491,123,3720.3077954999753,"{'n_layers': 3, 'learning_rate': 0.0010000000000000002, 'feature_map': 'angle', 'entanglement': 'circular', 'init_scale': 0.28067219011885663}",0.5365853658536586,0.7121212121212122,0.5529411764705883,0.6225165562913907,0.5264705882352941,0.0490552455125796,0.6027863777089784,19,19,38,47,ok,10.23951099999249,4,Loan Approval,0.7136906016910051,72.0,"[0.6721517037446535, 0.6721517037446535, 0.6721517037446535, 0.6721517037446535, 0.7136906016910051, 0.7136906016910051, 0.7136906016910051, 0.7136906016910051, 0.7136906016910051]",True
7,QNN,quantum,PCA,gwo,491,123,1874.5186999000143,"{'n_layers': 1, 'learning_rate': 0.0010639799183903434, 'feature_map': 'angle', 'entanglement': 'circular', 'init_scale': 0.14307682991811616}",0.6341463414634146,0.672566371681416,0.9047619047619048,0.7715736040609137,0.478021978021978,-0.0748430235082058,0.4560439560439561,2,37,8,76,ok,7.738764500012621,4,Loan Approval,0.8077266954482285,64.0,"[0.691814088970487, 0.734166164309452, 0.7864290240870875, 0.8077266954482285, 0.8077266954482285, 0.8077266954482285, 0.8077266954482285, 0.8077266954482285]",True
8,QNN,quantum,PCA,gwo,491,123,3366.597185700026,"{'n_layers': 3, 'learning_rate': 0.0010000000000000002, 'feature_map': 'angle', 'entanglement': 'circular', 'init_scale': 0.21900977563902618}",0.5934959349593496,0.7073170731707317,0.6904761904761905,0.6987951807228916,0.5375457875457875,0.0741249316661101,0.5863858363858364,15,24,26,58,ok,11.492255299992394,4,Loan Approval,0.7079142300194933,56.0,"[0.6740272853475601, 0.6881160345638603, 0.7079142300194933, 0.7079142300194933, 0.7079142300194933, 0.7079142300194933, 0.7079142300194933]",True
9,QNN,quantum,PCA,gwo,492,122,3424.549532500037,"{'n_layers': 2, 'learning_rate': 0.0014864479773935623, 'feature_map': 'angle', 'entanglement': 'linear', 'init_scale': 0.1605378290442936}",0.5491803278688525,0.6986301369863014,0.6071428571428571,0.6496815286624203,0.5140977443609023,0.0266349323479604,0.4761904761904762,16,22,33,51,ok,7.366606099996716,4,Loan Approval,0.7430603565057347,96.0,"[0.6600348576155027, 0.6600348576155027, 0.6975098794086717, 0.7102285019576309, 0.7220090479852789, 0.7220090479852789, 0.7220090479852789, 0.7220090479852789, 0.7321983406923308, 0.7321983406923308, 0.7430603565057347, 0.7430603565057347]",False
10,QNN,quantum,PCA,gwo,491,123,2509.403971200052,"{'n_layers': 1, 'learning_rate': 0.0010350056981731728, 'feature_map': 'angle', 'entanglement': 'linear', 'init_scale': 0.04591290544392794}",0.5284552845528455,0.6666666666666666,0.6352941176470588,0.6506024096385542,0.4623839009287925,-0.0733057190043445,0.4238390092879257,11,27,31,54,ok,5.810187599970959,4,Loan Approval,0.7809614136674488,96.0,"[0.6792573123228735, 0.687954752782339, 0.6982366882112047, 0.752856181865312, 0.7735894712509803, 0.7779942587983742, 0.7791919497313344, 0.7809614136674488, 0.7809614136674488, 0.7809614136674488, 0.7809614136674488, 0.7809614136674488]",True
11,QNN,quantum,PCA,gwo,491,123,2276.5143302999786,"{'n_layers': 1, 'learning_rate': 0.0010000000000000002, 'feature_map': 'angle', 'entanglement': 'circular', 'init_scale': 0.07823969456837508}",0.6097560975609756,0.7176470588235294,0.7176470588235294,0.7176470588235294,0.5430340557275541,0.0860681114551083,0.469969040247678,14,24,24,61,ok,7.783557100046892,4,Loan Approval,0.8025941972532967,72.0,"[0.6439614573457719, 0.7003239459289133, 0.7020945364215043, 0.7956848491914291, 0.8025941972532967, 0.8025941972532967, 0.8025941972532967, 0.8025941972532967, 0.8025941972532967]",True
12,QNN,quantum,PCA,gwo,491,123,2678.593251699989,"{'n_layers': 1, 'learning_rate': 0.0010000000000000002, 'feature_map': 'angle', 'entanglement': 'circular', 'init_scale': 0.25700389657608785}",0.4634146341463415,0.6071428571428571,0.6071428571428571,0.6071428571428571,0.3804945054945055,-0.239010989010989,0.3913308913308913,6,33,33,51,ok,5.015475099964533,4,Loan Approval,0.8043471911567376,96.0,"[0.6825752163213464, 0.6825752163213464, 0.7716146168016108, 0.7778944298629339, 0.7778944298629339, 0.7778944298629339, 0.7778944298629339, 0.8043471911567376, 0.8043471911567376, 0.8043471911567376, 0.8043471911567376, 0.8043471911567376]",True
13,QNN,quantum,PCA,gwo,491,123,2343.129018399981,"{'n_layers': 1, 'learning_rate': 0.0010000000000000002, 'feature_map': 'angle', 'entanglement': 'circular', 'init_scale': 0.05499424185837267}",0.5853658536585366,0.6774193548387096,0.75,0.711864406779661,0.4903846153846154,-0.0208385022537287,0.4838217338217338,9,30,21,63,ok,6.674879800004419,4,Loan Approval,0.7781684217793835,96.0,"[0.6830615018688414, 0.765058308827769, 0.765058308827769, 0.765058308827769, 0.765058308827769, 0.7754453540016814, 0.7754453540016814, 0.7781684217793835, 0.7781684217793835, 0.7781684217793835, 0.7781684217793835, 0.7781684217793835]",True
14,QNN,quantum,PCA,gwo,492,122,2494.706064899976,"{'n_layers': 1, 'learning_rate': 0.001071266056978955, 'feature_map': 'angle', 'entanglement': 'circular', 'init_scale': 0.07053895531447954}",0.6967213114754098,0.7238095238095238,0.9047619047619048,0.8042328042328042,0.5708020050125313,0.1893598423042617,0.5332080200501254,9,29,8,76,ok,6.580857300024945,4,Loan Approval,0.79226922818571,96.0,"[0.7323771480086018, 0.7323771480086018, 0.7632945432045881, 0.7884671847664096, 0.7885034915787831, 0.7897512530743128, 0.7907193750232198, 0.7907193750232198, 0.79226922818571, 0.79226922818571, 0.79226922818571, 0.79226922818571]",False
0,QSVC,quantum,PCA,gwo,491,123,2296.537162100023,"{'C': 7.27125366665476, 'map_reps': 3, 'scale': 0.6404851498161036, 'entanglement': 'full'}",0.5284552845528455,0.7142857142857143,0.5294117647058824,0.6081081081081081,0.5278637770897833,0.0515140083488931,0.521671826625387,20,18,40,45,ok,17.981114600028377,4,Loan Approval,0.6687139488876155,72.0,"[0.6611468073203868, 0.6611468073203868, 0.6611468073203868, 0.6611468073203868, 0.6687139488876155, 0.6687139488876155, 0.6687139488876155, 0.6687139488876155, 0.6687139488876155]",True
1,QSVC,quantum,PCA,gwo,491,123,837.7481042,"{'C': 0.039962104135837416, 'map_reps': 1, 'scale': 0.9687919291438642, 'entanglement': 'circular'}",0.3983739837398374,0.7619047619047619,0.188235294117647,0.3018867924528302,0.528328173374613,0.0695728982266152,0.4862229102167182,33,5,69,16,ok,9.73813940002583,4,Loan Approval,0.6659141650652686,40.0,"[0.6659141650652686, 0.6659141650652686, 0.6659141650652686, 0.6659141650652686, 0.6659141650652686]",True
2,QSVC,quantum,PCA,gwo,491,123,1624.3084860999952,"{'C': 5.313988023928437, 'map_reps': 1, 'scale': 1.1823400638530792, 'entanglement': 'circular'}",0.5040650406504065,0.6949152542372882,0.4880952380952381,0.5734265734265734,0.5132783882783882,0.0247361048589098,0.5152625152625153,21,18,43,41,ok,6.931946599972434,4,Loan Approval,0.6872045560879595,96.0,"[0.6372490115934034, 0.6566661641288506, 0.6793790795127469, 0.6793790795127469, 0.6793790795127469, 0.6801113172541743, 0.6801113172541743, 0.6801113172541743, 0.6801113172541743, 0.6843132571420236, 0.6872045560879595, 0.6872045560879595]",False
3,QSVC,quantum,PCA,gwo,491,123,1833.7769035999663,"{'C': 43.71473292937517, 'map_reps': 1, 'scale': 0.5526819757766284, 'entanglement': 'full'}",0.5284552845528455,0.696969696969697,0.5476190476190477,0.6133333333333333,0.5173992673992674,0.032473081998804,0.4563492063492063,19,20,38,46,ok,8.102190800011158,4,Loan Approval,0.6689929968606617,80.0,"[0.6323595268828535, 0.6323595268828535, 0.648889693925196, 0.648889693925196, 0.6634669275463657, 0.6689929968606617, 0.6689929968606617, 0.6689929968606617, 0.6689929968606617, 0.6689929968606617]",True
4,QSVC,quantum,PCA,gwo,492,122,2093.4137874000007,"{'C': 98.39238691166094, 'map_reps': 1, 'scale': 0.49411979755569524, 'entanglement': 'full'}",0.6311475409836066,0.76,0.6785714285714286,0.7169811320754716,0.6024436090225564,0.1949695306993783,0.6776315789473685,20,18,27,57,ok,7.3428317999932915,4,Loan Approval,0.7389438400624254,96.0,"[0.6927359275185362, 0.6958848371152743, 0.7002950827662128, 0.7037291628155581, 0.7037291628155581, 0.716236621487763, 0.7370632773291494, 0.7370632773291494, 0.7370632773291494, 0.7370632773291494, 0.7389438400624254, 0.7389438400624254]",False
5,QSVC,quantum,PCA,gwo,491,123,2195.1156776999705,"{'C': 40.540684343098214, 'map_reps': 2, 'scale': 0.25195161535141036, 'entanglement': 'circular'}",0.5772357723577236,0.746268656716418,0.5882352941176471,0.6578947368421053,0.5704334365325078,0.1307009428903884,0.5608359133126934,21,17,35,50,ok,9.770059600006787,4,Loan Approval,0.7287568134560937,89.0,"[0.6676781034358394, 0.6676781034358394, 0.6897781548516843, 0.709415090237008, 0.7105175365436108, 0.7105175365436108, 0.7105175365436108, 0.7136901681493711, 0.7226218877910568, 0.7269082392181389, 0.7269082392181389, 0.7287568134560937]",False
6,QSVC,quantum,PCA,gwo,491,123,1172.7759654999827,"{'C': 25.78633240893811, 'map_reps': 1, 'scale': 0.9047629160100173, 'entanglement': 'linear'}",0.5609756097560976,0.7246376811594203,0.5882352941176471,0.6493506493506493,0.5441176470588236,0.0821527628395483,0.5272445820433436,19,19,35,50,ok,6.785083399969153,4,Loan Approval,0.685468556061978,56.0,"[0.6409626487569224, 0.6595401468640906, 0.685468556061978, 0.685468556061978, 0.685468556061978, 0.685468556061978, 0.685468556061978]",True
7,QSVC,quantum,PCA,gwo,491,123,1872.8186743999831,"{'C': 2.0231770660668573, 'map_reps': 1, 'scale': 0.25125067302131415, 'entanglement': 'full'}",0.5609756097560976,0.7884615384615384,0.4880952380952381,0.6029411764705882,0.603021978021978,0.1940890257762648,0.6086691086691086,28,11,43,41,ok,7.527975199976936,4,Loan Approval,0.6865418185111279,95.0,"[0.6531511018638599, 0.6750364103282206, 0.6755238919458074, 0.6828444981042231, 0.6850392988650874, 0.6850392988650874, 0.6850392988650874, 0.6850392988650874, 0.685702458301726, 0.6857901175295126, 0.6857901175295126, 0.6865418185111279]",False
8,QSVC,quantum,PCA,gwo,491,123,1295.6529998999904,"{'C': 100.00000000000013, 'map_reps': 2, 'scale': 1.2575829032951833, 'entanglement': 'full'}",0.5365853658536586,0.7213114754098361,0.5238095238095238,0.6068965517241379,0.543956043956044,0.0818200572348404,0.5567765567765568,22,17,40,44,ok,18.761750899953768,4,Loan Approval,0.6598886885025222,56.0,"[0.6342750672365969, 0.6342750672365969, 0.6598886885025222, 0.6598886885025222, 0.6598886885025222, 0.6598886885025222, 0.6598886885025222]",True
9,QSVC,quantum,PCA,gwo,492,122,1103.1726622999995,"{'C': 0.9942700397460036, 'map_reps': 1, 'scale': 1.6737614702492842, 'entanglement': 'linear'}",0.5655737704918032,0.7313432835820896,0.5833333333333334,0.6490066225165563,0.5548245614035088,0.1020511391510324,0.5447994987468672,20,18,35,49,ok,7.357091600017156,4,Loan Approval,0.6637517676316174,48.0,"[0.6276006441223833, 0.6637517676316174, 0.6637517676316174, 0.6637517676316174, 0.6637517676316174, 0.6637517676316174]",True
10,QSVC,quantum,PCA,gwo,491,123,1429.1869107999955,"{'C': 97.26008083053495, 'map_reps': 1, 'scale': 1.0445745760118648, 'entanglement': 'linear'}",0.6422764227642277,0.8153846153846154,0.6235294117647059,0.7066666666666667,0.6538699690402476,0.2848488353598077,0.660061919504644,26,12,32,53,ok,6.006384500011336,4,Loan Approval,0.6703544048769586,96.0,"[0.6450930628229464, 0.6510636377784101, 0.657764686630666, 0.6618019220794688, 0.6618019220794688, 0.6618019220794688, 0.6618019220794688, 0.6630239113952064, 0.6630239113952064, 0.6634955326289139, 0.6703544048769586, 0.6703544048769586]",False
11,QSVC,quantum,PCA,gwo,491,123,2505.0970448000007,"{'C': 100.00000000000013, 'map_reps': 3, 'scale': 0.6130333103510794, 'entanglement': 'full'}",0.6178861788617886,0.8064516129032258,0.5882352941176471,0.6802721088435374,0.6362229102167183,0.2517796634707555,0.4260061919504644,26,12,35,50,ok,16.555119399970863,4,Loan Approval,0.6709457976739083,72.0,"[0.6247142567951928, 0.6639365616522978, 0.6639365616522978, 0.6639365616522978, 0.6709457976739083, 0.6709457976739083, 0.6709457976739083, 0.6709457976739083, 0.6709457976739083]",True
12,QSVC,quantum,PCA,gwo,491,123,2167.959956999985,"{'C': 100.00000000000013, 'map_reps': 2, 'scale': 0.8128880140244998, 'entanglement': 'linear'}",0.6666666666666666,0.8028169014084507,0.6785714285714286,0.7354838709677419,0.6597985347985349,0.3010536444262953,0.7213064713064713,25,14,27,57,ok,8.666604699974414,4,Loan Approval,0.7076762815311453,96.0,"[0.6594666857990147, 0.673568511331617, 0.673568511331617, 0.6775832193342453, 0.6795134941686666, 0.7004099529318569, 0.7004099529318569, 0.7004099529318569, 0.7008344710756081, 0.7008344710756081, 0.7076762815311453, 0.7076762815311453]",False
13,QSVC,quantum,PCA,gwo,491,123,938.4412595999892,"{'C': 10.199339800073998, 'map_reps': 1, 'scale': 0.910551794713927, 'entanglement': 'linear'}",0.5284552845528455,0.6805555555555556,0.5833333333333334,0.6282051282051282,0.4967948717948718,-0.0060547471566161,0.4525335775335775,16,23,35,49,ok,7.517749599996023,4,Loan Approval,0.6832629815373975,48.0,"[0.6432738511122816, 0.6832629815373975, 0.6832629815373975, 0.6832629815373975, 0.6832629815373975, 0.6832629815373975]",True
14,QSVC,quantum,PCA,gwo,492,122,2714.829513399978,"{'C': 7.400682279061566, 'map_reps': 3, 'scale': 0.33008616921183476, 'entanglement': 'circular'}",0.4672131147540984,0.6417910447761194,0.5119047619047619,0.5695364238410596,0.4401629072681704,-0.1113815290162696,0.4918546365914787,14,24,41,43,ok,11.342334899993148,4,Loan Approval,0.724311107310979,96.0,"[0.658810325476992, 0.6601744703982496, 0.6969578512530056, 0.6969578512530056, 0.6969578512530056, 0.6969578512530056, 0.6987613869876866, 0.701881963264077, 0.7093567251461987, 0.7166006934855319, 0.7238154146048883, 0.724311107310979]",False
0,QDT,quantum,PCA,gwo,491,123,8.02562150004087,"{'max_depth': 5, 'min_samples_split': 30, 'map_reps': 2, 'entanglement': 'linear'}",0.4959349593495935,0.7346938775510204,0.4235294117647059,0.5373134328358209,0.5407120743034056,0.0768494188171213,0.5896284829721361,25,13,49,36,ok,0.0608451999723911,4,Loan Approval,0.6763030853757335,59.0,"[0.6485848204734954, 0.6555171568123163, 0.6720281936008418, 0.6720281936008418, 0.6720281936008418, 0.6720281936008418, 0.6763030853757335, 0.6763030853757335, 0.6763030853757335, 0.6763030853757335, 0.6763030853757335]",True
1,QDT,quantum,PCA,gwo,491,123,7.696611499995923,"{'max_depth': 5, 'min_samples_split': 9, 'map_reps': 3, 'entanglement': 'linear'}",0.4796747967479675,0.7058823529411765,0.4235294117647059,0.5294117647058824,0.5143962848297213,0.027004140015488,0.5012383900928792,23,15,49,36,ok,0.1048183999955654,4,Loan Approval,0.7271421944376947,55.0,"[0.6563566701497736, 0.6563566701497736, 0.7229752770673487, 0.7229752770673487, 0.7271421944376947, 0.7271421944376947, 0.7271421944376947, 0.7271421944376947, 0.7271421944376947]",True
2,QDT,quantum,PCA,gwo,491,123,9.718703700054904,"{'max_depth': 3, 'min_samples_split': 20, 'map_reps': 2, 'entanglement': 'linear'}",0.4959349593495935,0.6486486486486487,0.5714285714285714,0.6075949367088608,0.4523809523809523,-0.0905250446284771,0.4204822954822954,13,26,36,48,ok,0.0418524999986402,4,Loan Approval,0.7118300919355045,69.0,"[0.6438854081974269, 0.6438854081974269, 0.6438854081974269, 0.7112494467742142, 0.7112494467742142, 0.7112494467742142, 0.7118300919355045, 0.7118300919355045, 0.7118300919355045, 0.7118300919355045, 0.7118300919355045]",True
3,QDT,quantum,PCA,gwo,491,123,9.05898640002124,"{'max_depth': 2, 'min_samples_split': 17, 'map_reps': 2, 'entanglement': 'linear'}",0.3983739837398374,0.7777777777777778,0.1666666666666666,0.2745098039215686,0.532051282051282,0.0843949472569722,0.5173992673992673,35,4,70,14,ok,0.0473984000273048,4,Loan Approval,0.7002040149511686,64.0,"[0.6362950353195187, 0.6362950353195187, 0.6362950353195187, 0.6752896902750704, 0.7002040149511686, 0.7002040149511686, 0.7002040149511686, 0.7002040149511686, 0.7002040149511686]",True
4,QDT,quantum,PCA,gwo,492,122,9.391835699963847,"{'max_depth': 7, 'min_samples_split': 2, 'map_reps': 2, 'entanglement': 'full'}",0.5491803278688525,0.7230769230769231,0.5595238095238095,0.6308724832214765,0.5429197994987469,0.0796755399526807,0.5139411027568922,20,18,37,47,ok,0.0547637999989092,4,Loan Approval,0.713702543414167,62.0,"[0.6496128295533161, 0.6687654908581487, 0.6687654908581487, 0.713702543414167, 0.713702543414167, 0.713702543414167, 0.713702543414167, 0.713702543414167]",True
5,QDT,quantum,PCA,gwo,491,123,7.849252499989234,"{'max_depth': 2, 'min_samples_split': 15, 'map_reps': 3, 'entanglement': 'full'}",0.3739837398373983,0.7857142857142857,0.1294117647058823,0.2222222222222222,0.5252321981424148,0.0734191033776496,0.5373065015479875,35,3,74,11,ok,0.070645899977535,4,Loan Approval,0.7118305184408614,48.0,"[0.6364061838016796, 0.6667552224511842, 0.7118305184408614, 0.7118305184408614, 0.7118305184408614, 0.7118305184408614, 0.7118305184408614]",True
6,QDT,quantum,PCA,gwo,491,123,7.525706099986564,"{'max_depth': 2, 'min_samples_split': 19, 'map_reps': 2, 'entanglement': 'circular'}",0.5691056910569106,0.7424242424242424,0.5764705882352941,0.6490066225165563,0.5645510835913312,0.1196259495833082,0.5445820433436532,21,17,36,49,ok,0.056914799963124,4,Loan Approval,0.6908552716479545,49.0,"[0.6799696787951487, 0.6799696787951487, 0.6908552716479545, 0.6908552716479545, 0.6908552716479545, 0.6908552716479545, 0.6908552716479545]",True
7,QDT,quantum,PCA,gwo,491,123,10.60249770001974,"{'max_depth': 7, 'min_samples_split': 31, 'map_reps': 3, 'entanglement': 'linear'}",0.4634146341463415,0.65,0.4642857142857143,0.5416666666666666,0.4629120879120879,-0.0690539342823738,0.4934371184371184,18,21,45,39,ok,0.0447795999934896,4,Loan Approval,0.7004909392823624,81.0,"[0.6805547351356318, 0.6805547351356318, 0.6805547351356318, 0.6805547351356318, 0.6816808865352555, 0.6826964530668235, 0.6826964530668235, 0.6918770622474325, 0.6918770622474325, 0.6918770622474325, 0.7004909392823624, 0.7004909392823624]",False
8,QDT,quantum,PCA,gwo,491,123,6.972964399959892,"{'max_depth': 3, 'min_samples_split': 15, 'map_reps': 1, 'entanglement': 'linear'}",0.4471544715447154,0.6428571428571429,0.4285714285714285,0.5142857142857142,0.4578754578754578,-0.078723740422882,0.469017094017094,19,20,48,36,ok,0.044603000045754,4,Loan Approval,0.6864541283378293,56.0,"[0.6738704345275065, 0.6738704345275065, 0.6766454104169876, 0.6766454104169876, 0.6766454104169876, 0.6864541283378293, 0.6864541283378293, 0.6864541283378293, 0.6864541283378293, 0.6864541283378293]",True
9,QDT,quantum,PCA,gwo,492,122,7.574026499991305,"{'max_depth': 12, 'min_samples_split': 26, 'map_reps': 3, 'entanglement': 'circular'}",0.4426229508196721,0.6333333333333333,0.4523809523809524,0.5277777777777778,0.4367167919799498,-0.117240713780648,0.4645989974937343,16,22,46,38,ok,0.0789402999798767,4,Loan Approval,0.6612112806287564,46.0,"[0.6047851620042871, 0.6612112806287564, 0.6612112806287564, 0.6612112806287564, 0.6612112806287564, 0.6612112806287564]",True
10,QDT,quantum,PCA,gwo,491,123,5.50426229997538,"{'max_depth': 3, 'min_samples_split': 23, 'map_reps': 1, 'entanglement': 'linear'}",0.5772357723577236,0.6987951807228916,0.6823529411764706,0.6904761904761905,0.5122291021671826,0.0241244148590931,0.5004643962848297,13,25,27,58,ok,0.0463175000040791,4,Loan Approval,0.7416418207115881,39.0,"[0.7416418207115881, 0.7416418207115881, 0.7416418207115881, 0.7416418207115881, 0.7416418207115881]",True
11,QDT,quantum,PCA,gwo,491,123,5.358837299980223,"{'max_depth': 11, 'min_samples_split': 32, 'map_reps': 2, 'entanglement': 'circular'}",0.5609756097560976,0.7313432835820896,0.5764705882352941,0.6447368421052632,0.5513931888544892,0.0953686000870526,0.5304953560371517,20,18,36,49,ok,0.0760124000371433,4,Loan Approval,0.6635759468967771,35.0,"[0.6635759468967771, 0.6635759468967771, 0.6635759468967771, 0.6635759468967771, 0.6635759468967771]",True
12,QDT,quantum,PCA,gwo,491,123,9.190044599992689,"{'max_depth': 2, 'min_samples_split': 11, 'map_reps': 3, 'entanglement': 'full'}",0.5284552845528455,0.75,0.4642857142857143,0.5735294117647058,0.5654761904761905,0.1233543586044705,0.5781440781440782,26,13,45,39,ok,0.0657425000099465,4,Loan Approval,0.7105514236345879,57.0,"[0.6299241964040513, 0.7089354491608089, 0.7089354491608089, 0.7105514236345879, 0.7105514236345879, 0.7105514236345879, 0.7105514236345879, 0.7105514236345879]",True
13,QDT,quantum,PCA,gwo,491,123,6.724165200022981,"{'max_depth': 2, 'min_samples_split': 9, 'map_reps': 3, 'entanglement': 'full'}",0.5528455284552846,0.7301587301587301,0.5476190476190477,0.6258503401360545,0.5558608058608059,0.1040071602771557,0.5644078144078144,22,17,38,46,ok,0.1284136999747716,4,Loan Approval,0.691502959960863,37.0,"[0.691502959960863, 0.691502959960863, 0.691502959960863, 0.691502959960863, 0.691502959960863]",True
14,QDT,quantum,PCA,gwo,492,122,6.235510299971793,"{'max_depth': 3, 'min_samples_split': 3, 'map_reps': 3, 'entanglement': 'linear'}",0.5,0.6949152542372882,0.4880952380952381,0.5734265734265734,0.5072055137844611,0.0133545761787998,0.5234962406015038,20,18,43,41,ok,0.0618941000429913,4,Loan Approval,0.7162162382501366,39.0,"[0.7162162382501366, 0.7162162382501366, 0.7162162382501366, 0.7162162382501366, 0.7162162382501366]",True
0,LogReg,classical,LDA,default,491,123,2.00001522898674e-07,{},0.6910569105691057,0.7764705882352941,0.7764705882352941,0.7764705882352941,0.638235294117647,0.2764705882352941,0.6975232198142415,19,19,19,66,ok,0.0313312000362202,1,Loan Approval,,,,
1,LogReg,classical,LDA,default,491,123,2.00001522898674e-07,{},0.7723577235772358,0.8064516129032258,0.8823529411764706,0.8426966292134831,0.7043343653250773,0.4397142785482557,0.8021671826625387,20,18,10,75,ok,0.029856999986805,1,Loan Approval,,,,
2,LogReg,classical,LDA,default,491,123,3.00002284348011e-07,{},0.7398373983739838,0.8421052631578947,0.7619047619047619,0.8,0.7271062271062271,0.4349859800897231,0.7802197802197802,27,12,20,64,ok,0.0264687000308185,1,Loan Approval,,,,
3,LogReg,classical,LDA,default,491,123,2.00001522898674e-07,{},0.6991869918699187,0.7701149425287356,0.7976190476190477,0.783625730994152,0.6423992673992674,0.2912720554231812,0.731990231990232,19,20,17,67,ok,0.0316796000115573,1,Loan Approval,,,,
4,LogReg,classical,LDA,default,492,122,2.00001522898674e-07,{},0.7213114754098361,0.8289473684210527,0.75,0.7875,0.7039473684210527,0.3897569166195156,0.8026315789473684,25,13,21,63,ok,0.0269307999988086,1,Loan Approval,,,,
5,LogReg,classical,LDA,default,491,123,2.00001522898674e-07,{},0.7073170731707317,0.8024691358024691,0.7647058823529411,0.7831325301204819,0.6718266253869969,0.334853284340833,0.7578947368421053,22,16,20,65,ok,0.026833500014618,1,Loan Approval,,,,
6,LogReg,classical,LDA,default,491,123,2.00001522898674e-07,{},0.7723577235772358,0.8701298701298701,0.788235294117647,0.8271604938271605,0.7625386996904024,0.5014184480136586,0.7820433436532508,28,10,18,67,ok,0.0284397000214085,1,Loan Approval,,,,
7,LogReg,classical,LDA,default,491,123,3.00002284348011e-07,{},0.7073170731707317,0.7666666666666667,0.8214285714285714,0.7931034482758621,0.6414835164835164,0.2971868323462756,0.7286324786324786,18,21,15,69,ok,0.028300300007686,1,Loan Approval,,,,
8,LogReg,classical,LDA,default,491,123,3.00002284348011e-07,{},0.7073170731707317,0.7857142857142857,0.7857142857142857,0.7857142857142857,0.6620879120879121,0.3241758241758242,0.7283272283272283,21,18,18,66,ok,0.0282841000007465,1,Loan Approval,,,,
9,LogReg,classical,LDA,default,492,122,3.00002284348011e-07,{},0.7049180327868853,0.8333333333333334,0.7142857142857143,0.7692307692307693,0.6992481203007519,0.375235932464538,0.7976190476190477,26,12,24,60,ok,0.0277171999914571,1,Loan Approval,,,,
10,LogReg,classical,LDA,default,491,123,2.00001522898674e-07,{},0.6991869918699187,0.8076923076923077,0.7411764705882353,0.7730061349693251,0.673219814241486,0.3323343767493182,0.7133126934984519,23,15,22,63,ok,0.0288193000014871,1,Loan Approval,,,,
11,LogReg,classical,LDA,default,491,123,3.00002284348011e-07,{},0.8292682926829268,0.8333333333333334,0.9411764705882352,0.8839779005524862,0.760061919504644,0.5806180354256794,0.8362229102167182,22,16,5,80,ok,0.0267900000326335,1,Loan Approval,,,,
12,LogReg,classical,LDA,default,491,123,3.00002284348011e-07,{},0.7398373983739838,0.825,0.7857142857142857,0.8048780487804879,0.7133699633699634,0.4164434191942978,0.782051282051282,25,14,18,66,ok,0.0349367999588139,1,Loan Approval,,,,
13,LogReg,classical,LDA,default,491,123,5.00003807246685e-07,{},0.6341463414634146,0.782608695652174,0.6428571428571429,0.7058823529411765,0.6291208791208791,0.2421458281962812,0.728937728937729,24,15,30,54,ok,0.0310583999962545,1,Loan Approval,,,,
14,LogReg,classical,LDA,default,492,122,2.999440766870976e-07,{},0.7377049180327869,0.8023255813953488,0.8214285714285714,0.8117647058823529,0.6870300751879699,0.379815259879369,0.7731829573934837,21,17,15,69,ok,0.0331021000165492,1,Loan Approval,,,,
0,SVC,classical,LDA,default,491,123,2.00001522898674e-07,{},0.8373983739837398,0.8421052631578947,0.9411764705882352,0.8888888888888888,0.7732198142414861,0.6021471431945106,0.765015479876161,23,15,5,80,ok,0.0561409999500028,1,Loan Approval,,,,
1,SVC,classical,LDA,default,491,123,2.00001522898674e-07,{},0.7398373983739838,0.7623762376237624,0.9058823529411764,0.8279569892473119,0.6371517027863777,0.3307199803041764,0.6845201238390093,14,24,8,77,ok,0.0572041000123135,1,Loan Approval,,,,
2,SVC,classical,LDA,default,491,123,3.00002284348011e-07,{},0.7967479674796748,0.8241758241758241,0.8928571428571429,0.8571428571428571,0.7413003663003663,0.5118753759413607,0.7573260073260073,23,16,9,75,ok,0.0496744000120088,1,Loan Approval,,,,
3,SVC,classical,LDA,default,491,123,3.00002284348011e-07,{},0.7642276422764228,0.7956989247311828,0.8809523809523809,0.8361581920903954,0.6968864468864469,0.4266931413858753,0.7078754578754578,20,19,10,74,ok,0.054093099955935,1,Loan Approval,,,,
4,SVC,classical,LDA,default,492,122,4.00003045797348e-07,{},0.7704918032786885,0.7916666666666666,0.9047619047619048,0.8444444444444444,0.6892230576441103,0.4279698775065284,0.7343358395989975,18,20,8,76,ok,0.0401722000096924,1,Loan Approval,,,,
5,SVC,classical,LDA,default,491,123,2.00001522898674e-07,{},0.7723577235772358,0.8064516129032258,0.8823529411764706,0.8426966292134831,0.7043343653250773,0.4397142785482557,0.7421052631578947,20,18,10,75,ok,0.0510365999653004,1,Loan Approval,,,,
6,SVC,classical,LDA,default,491,123,2.00001522898674e-07,{},0.7317073170731707,0.7708333333333334,0.8705882352941177,0.8176795580110497,0.6458204334365325,0.3255608270065416,0.7207430340557276,16,22,11,74,ok,0.0553444999968633,1,Loan Approval,,,,
7,SVC,classical,LDA,default,491,123,3.00002284348011e-07,{},0.7723577235772358,0.7592592592592593,0.9761904761904762,0.8541666666666666,0.6547619047619048,0.4401579001589207,0.684981684981685,13,26,2,82,ok,0.0392819999833591,1,Loan Approval,,,,
8,SVC,classical,LDA,default,491,123,3.00002284348011e-07,{},0.7967479674796748,0.8041237113402062,0.9285714285714286,0.861878453038674,0.7206959706959707,0.5030646551736576,0.7786935286935287,20,19,6,78,ok,0.0426645000115968,1,Loan Approval,,,,
9,SVC,classical,LDA,default,492,122,3.00002284348011e-07,{},0.819672131147541,0.81,0.9642857142857144,0.8804347826086957,0.7321428571428572,0.5592492648718819,0.7362155388471179,19,19,3,81,ok,0.0476445000385865,1,Loan Approval,,,,
10,SVC,classical,LDA,default,491,123,3.00002284348011e-07,{},0.7479674796747967,0.8,0.8470588235294118,0.8228571428571428,0.686687306501548,0.3893747830094822,0.7269349845201238,20,18,13,72,ok,0.039718099986203,1,Loan Approval,,,,
11,SVC,classical,LDA,default,491,123,3.00002284348011e-07,{},0.7886178861788617,0.780952380952381,0.9647058823529412,0.8631578947368421,0.6797213622291022,0.469894169721876,0.7250773993808048,15,23,3,82,ok,0.041005800012499,1,Loan Approval,,,,
12,SVC,classical,LDA,default,491,123,3.00002284348011e-07,{},0.8211382113821138,0.8229166666666666,0.9404761904761904,0.8777777777777778,0.7522893772893773,0.5672616298337038,0.8025030525030525,22,17,5,79,ok,0.0472318999818526,1,Loan Approval,,,,
13,SVC,classical,LDA,default,491,123,4.00003045797348e-07,{},0.7560975609756098,0.7647058823529411,0.9285714285714286,0.8387096774193549,0.6565934065934066,0.3873162166686594,0.6797924297924298,15,24,6,78,ok,0.053112499997951,1,Loan Approval,,,,
14,SVC,classical,LDA,default,492,122,3.00002284348011e-07,{},0.8032786885245902,0.7884615384615384,0.9761904761904762,0.8723404255319149,0.6986215538847118,0.5187222655811402,0.7506265664160401,16,22,2,82,ok,0.0451369999791495,1,Loan Approval,,,,
0,DecisionTree,classical,LDA,default,491,123,2.00001522898674e-07,{},0.6016260162601627,0.75,0.6352941176470588,0.6878980891719745,0.5808049535603714,0.1515716246030618,0.5808049535603717,20,18,31,54,ok,0.0256125999731011,1,Loan Approval,,,,
1,DecisionTree,classical,LDA,default,491,123,2.00001522898674e-07,{},0.6747967479674797,0.835820895522388,0.6588235294117647,0.7368421052631579,0.6846749226006192,0.342694999710403,0.6846749226006191,27,11,29,56,ok,0.0259977999958209,1,Loan Approval,,,,
2,DecisionTree,classical,LDA,default,491,123,2.00001522898674e-07,{},0.5853658536585366,0.726027397260274,0.6309523809523809,0.6751592356687898,0.5590659340659341,0.1119161047906684,0.5590659340659341,19,20,31,53,ok,0.0263510000077076,1,Loan Approval,,,,
3,DecisionTree,classical,LDA,default,491,123,3.00002284348011e-07,{},0.6666666666666666,0.8028169014084507,0.6785714285714286,0.7354838709677419,0.6597985347985349,0.3010536444262953,0.6597985347985348,25,14,27,57,ok,0.0346368000027723,1,Loan Approval,,,,
4,DecisionTree,classical,LDA,default,492,122,2.00001522898674e-07,{},0.6967213114754098,0.7974683544303798,0.75,0.7730061349693251,0.6644736842105263,0.31886737333672,0.6644736842105263,22,16,21,63,ok,0.0322252999758347,1,Loan Approval,,,,
5,DecisionTree,classical,LDA,default,491,123,2.00001522898674e-07,{},0.6341463414634146,0.7631578947368421,0.6823529411764706,0.7204968944099379,0.6043343653250774,0.1984279795346595,0.6043343653250774,20,18,27,58,ok,0.0256090000038966,1,Loan Approval,,,,
6,DecisionTree,classical,LDA,default,491,123,1.00000761449337e-07,{},0.6504065040650406,0.8088235294117647,0.6470588235294118,0.7189542483660131,0.6524767801857585,0.2833995577787357,0.6524767801857586,25,13,30,55,ok,0.0284169999649748,1,Loan Approval,,,,
7,DecisionTree,classical,LDA,default,491,123,4.00003045797348e-07,{},0.6341463414634146,0.7671232876712328,0.6666666666666666,0.7133757961783439,0.6153846153846154,0.218626809358515,0.6153846153846153,22,17,28,56,ok,0.0302933999919332,1,Loan Approval,,,,
8,DecisionTree,classical,LDA,default,491,123,4.00003045797348e-07,{},0.7235772357723578,0.8676470588235294,0.7023809523809523,0.7763157894736842,0.7358058608058609,0.4413882177790284,0.7358058608058607,30,9,25,59,ok,0.0331855000113137,1,Loan Approval,,,,
9,DecisionTree,classical,LDA,default,492,122,3.00002284348011e-07,{},0.5901639344262295,0.7575757575757576,0.5952380952380952,0.6666666666666666,0.587092731829574,0.1618741008052097,0.587092731829574,22,16,34,50,ok,0.0380657999776303,1,Loan Approval,,,,
10,DecisionTree,classical,LDA,default,491,123,2.00001522898674e-07,{},0.5853658536585366,0.7236842105263158,0.6470588235294118,0.6832298136645962,0.5472136222910217,0.0897930767923904,0.5472136222910217,17,21,30,55,ok,0.0252665000152774,1,Loan Approval,,,,
11,DecisionTree,classical,LDA,default,491,123,3.00002284348011e-07,{},0.6260162601626016,0.7910447761194029,0.6235294117647059,0.6973684210526315,0.6275541795665635,0.2366979713003957,0.6275541795665635,24,14,32,53,ok,0.0351737000164575,1,Loan Approval,,,,
12,DecisionTree,classical,LDA,default,491,123,4.00003045797348e-07,{},0.6504065040650406,0.7971014492753623,0.6547619047619048,0.7189542483660131,0.6478937728937729,0.2773514273312016,0.6478937728937728,25,14,29,55,ok,0.0340737999649718,1,Loan Approval,,,,
13,DecisionTree,classical,LDA,default,491,123,3.00002284348011e-07,{},0.7479674796747967,0.8955223880597015,0.7142857142857143,0.7947019867549668,0.7673992673992673,0.4997246131191642,0.7673992673992674,32,7,24,60,ok,0.0272107000346295,1,Loan Approval,,,,
14,DecisionTree,classical,LDA,default,492,122,3.00002284348011e-07,{},0.6229508196721312,0.7794117647058824,0.6309523809523809,0.6973684210526315,0.6181077694235588,0.2202361306375849,0.6181077694235588,23,15,31,53,ok,0.0344810999813489,1,Loan Approval,,,,
0,RandomForest,classical,LDA,default,491,123,2.00001522898674e-07,{},0.6666666666666666,0.8235294117647058,0.6588235294117647,0.7320261437908496,0.6715170278637771,0.318788538090192,0.7606811145510837,26,12,29,56,ok,0.4276183000183664,1,Loan Approval,,,,
1,RandomForest,classical,LDA,default,491,123,2.00001522898674e-07,{},0.6341463414634146,0.7941176470588235,0.6352941176470588,0.7058823529411765,0.6334365325077399,0.2480105774672794,0.7577399380804954,24,14,31,54,ok,0.4578990999725647,1,Loan Approval,,,,
2,RandomForest,classical,LDA,default,491,123,2.00001522898674e-07,{},0.6910569105691057,0.8026315789473685,0.7261904761904762,0.7625,0.6707875457875458,0.3271164729303764,0.7194749694749695,24,15,23,61,ok,0.460534599958919,1,Loan Approval,,,,
3,RandomForest,classical,LDA,default,491,123,2.00001522898674e-07,{},0.6341463414634146,0.782608695652174,0.6428571428571429,0.7058823529411765,0.6291208791208791,0.2421458281962812,0.6971916971916972,24,15,30,54,ok,0.451571799989324,1,Loan Approval,,,,
4,RandomForest,classical,LDA,default,492,122,2.00001522898674e-07,{},0.6639344262295082,0.7866666666666666,0.7023809523809523,0.7421383647798742,0.6406641604010025,0.2677104565260577,0.6771616541353384,22,16,25,59,ok,0.3884351999731734,1,Loan Approval,,,,
5,RandomForest,classical,LDA,default,491,123,2.00001522898674e-07,{},0.6341463414634146,0.7941176470588235,0.6352941176470588,0.7058823529411765,0.6334365325077399,0.2480105774672794,0.6578947368421053,24,14,31,54,ok,0.4352501999819651,1,Loan Approval,,,,
6,RandomForest,classical,LDA,default,491,123,2.00001522898674e-07,{},0.7317073170731707,0.8714285714285714,0.7176470588235294,0.7870967741935484,0.7404024767801858,0.4486247607725597,0.8069659442724458,29,9,24,61,ok,0.4088952000020072,1,Loan Approval,,,,
7,RandomForest,classical,LDA,default,491,123,3.00002284348011e-07,{},0.6341463414634146,0.8305084745762712,0.5833333333333334,0.6853146853146853,0.6634615384615385,0.3045099805045114,0.7408424908424909,29,10,35,49,ok,0.3827609000145457,1,Loan Approval,,,,
8,RandomForest,classical,LDA,default,491,123,3.00002284348011e-07,{},0.6422764227642277,0.8225806451612904,0.6071428571428571,0.6986301369863014,0.6625457875457875,0.302563753316337,0.7440476190476191,28,11,33,51,ok,0.4707390000112355,1,Loan Approval,,,,
9,RandomForest,classical,LDA,default,492,122,3.00002284348011e-07,{},0.6639344262295082,0.7945205479452054,0.6904761904761905,0.7388535031847133,0.6478696741854637,0.27937084596083,0.718671679197995,23,15,26,58,ok,0.4457811000174843,1,Loan Approval,,,,
10,RandomForest,classical,LDA,default,491,123,4.00003045797348e-07,{},0.6910569105691057,0.8615384615384616,0.6588235294117647,0.7466666666666667,0.7109907120743034,0.3905925177016277,0.7792569659442725,29,9,29,56,ok,0.4053549999953247,1,Loan Approval,,,,
11,RandomForest,classical,LDA,default,491,123,4.00003045797348e-07,{},0.6585365853658537,0.7529411764705882,0.7529411764705882,0.7529411764705882,0.6001547987616099,0.2003095975232198,0.6529411764705881,17,21,21,64,ok,0.4537604000070132,1,Loan Approval,,,,
12,RandomForest,classical,LDA,default,491,123,4.00003045797348e-07,{},0.6504065040650406,0.7971014492753623,0.6547619047619048,0.7189542483660131,0.6478937728937729,0.2773514273312016,0.7596153846153846,25,14,29,55,ok,0.41080300003523,1,Loan Approval,,,,
13,RandomForest,classical,LDA,default,491,123,3.00002284348011e-07,{},0.6910569105691057,0.8285714285714286,0.6904761904761905,0.7532467532467533,0.6913919413919414,0.3596985069553763,0.7748778998778999,27,12,26,58,ok,0.4621169000165537,1,Loan Approval,,,,
14,RandomForest,classical,LDA,default,492,122,3.00002284348011e-07,{},0.7049180327868853,0.8636363636363636,0.6785714285714286,0.76,0.7208646616541354,0.4105080613945066,0.8203320802005013,29,9,27,57,ok,0.4047138000023551,1,Loan Approval,,,,
0,MLP,classical,LDA,default,491,123,3.00002284348011e-07,{},0.7317073170731707,0.8333333333333334,0.7647058823529411,0.7975460122699386,0.7113003095975232,0.4053944810212863,0.838390092879257,25,13,20,65,ok,0.0972240000264719,1,Loan Approval,,,,
1,MLP,classical,LDA,default,491,123,3.00002284348011e-07,{},0.7560975609756098,0.8021978021978022,0.8588235294117647,0.8295454545454546,0.6925696594427244,0.4056238042420862,0.7835913312693499,20,18,12,73,ok,0.0746527000446803,1,Loan Approval,,,,
2,MLP,classical,LDA,default,491,123,2.00001522898674e-07,{},0.6504065040650406,0.7808219178082192,0.6785714285714286,0.7261146496815286,0.6341575091575091,0.254197044214464,0.7075702075702076,23,16,27,57,ok,0.1188368000439368,1,Loan Approval,,,,
3,MLP,classical,LDA,default,491,123,2.00001522898674e-07,{},0.6991869918699187,0.7640449438202247,0.8095238095238095,0.7861271676300579,0.6355311355311355,0.2820373058152866,0.7264957264957266,18,21,16,68,ok,0.0833945999620482,1,Loan Approval,,,,
4,MLP,classical,LDA,default,492,122,2.00001522898674e-07,{},0.7459016393442623,0.8192771084337349,0.8095238095238095,0.8143712574850299,0.7073934837092732,0.4118937423758572,0.7493734335839599,23,15,16,68,ok,0.1218257999862544,1,Loan Approval,,,,
5,MLP,classical,LDA,default,491,123,1.00000761449337e-07,{},0.7235772357723578,0.8072289156626506,0.788235294117647,0.7976190476190477,0.6835913312693498,0.3621715952263852,0.7464396284829722,22,16,18,67,ok,0.0993240000098012,1,Loan Approval,,,,
6,MLP,classical,LDA,default,491,123,2.00001522898674e-07,{},0.7804878048780488,0.8152173913043478,0.8823529411764706,0.847457627118644,0.7174922600619196,0.4629139861965798,0.7705882352941177,21,17,10,75,ok,0.0652178000309504,1,Loan Approval,,,,
7,MLP,classical,LDA,default,491,123,3.00002284348011e-07,{},0.7560975609756098,0.813953488372093,0.8333333333333334,0.8235294117647058,0.7115384615384616,0.4292805345051568,0.7582417582417582,23,16,14,70,ok,0.1158810000051744,1,Loan Approval,,,,
8,MLP,classical,LDA,default,491,123,3.00002284348011e-07,{},0.7317073170731707,0.7865168539325843,0.8333333333333334,0.8092485549132948,0.6730769230769231,0.3601692621560079,0.6617826617826618,20,19,14,70,ok,0.1066353999776765,1,Loan Approval,,,,
9,MLP,classical,LDA,default,492,122,3.00002284348011e-07,{},0.7295081967213115,0.84,0.75,0.7924528301886793,0.7171052631578947,0.4131923081794164,0.8164160401002507,26,12,21,63,ok,0.1192339000408537,1,Loan Approval,,,,
10,MLP,classical,LDA,default,491,123,3.00002284348011e-07,{},0.6666666666666666,0.7894736842105263,0.7058823529411765,0.7453416149068323,0.6424148606811146,0.2708512480295055,0.7160990712074303,22,16,25,60,ok,0.1007576999836601,1,Loan Approval,,,,
11,MLP,classical,LDA,default,491,123,3.00002284348011e-07,{},0.7398373983739838,0.7789473684210526,0.8705882352941177,0.8222222222222222,0.6589783281733747,0.3503711705726698,0.7080495356037151,17,21,11,74,ok,0.0708776999963447,1,Loan Approval,,,,
12,MLP,classical,LDA,default,491,123,4.00003045797348e-07,{},0.7967479674796748,0.8314606741573034,0.8809523809523809,0.8554913294797688,0.7481684981684982,0.5164331748374504,0.7832722832722833,24,15,10,74,ok,0.1045315999654121,1,Loan Approval,,,,
13,MLP,classical,LDA,default,491,123,3.00002284348011e-07,{},0.6910569105691057,0.7948717948717948,0.7380952380952381,0.7654320987654321,0.663919413919414,0.3167223977494395,0.732905982905983,23,16,22,62,ok,0.0911664000013843,1,Loan Approval,,,,
14,MLP,classical,LDA,default,492,122,3.00002284348011e-07,{},0.7786885245901639,0.8433734939759037,0.8333333333333334,0.8383233532934131,0.7456140350877194,0.4878016526022237,0.7951127819548872,25,13,14,70,ok,0.1134111999999731,1,Loan Approval,,,,
0,XGBoost,classical,LDA,default,491,123,2.00001522898674e-07,{},0.6666666666666666,0.8793103448275862,0.6,0.7132867132867133,0.7078947368421052,0.384861152805052,0.7690402476780186,31,7,34,51,ok,0.713239100005012,1,Loan Approval,,,,
1,XGBoost,classical,LDA,default,491,123,2.00001522898674e-07,{},0.7154471544715447,0.8205128205128205,0.7529411764705882,0.7852760736196319,0.6922600619195046,0.3688644288853023,0.7726006191950464,24,14,21,64,ok,0.6789420999702998,1,Loan Approval,,,,
2,XGBoost,classical,LDA,default,491,123,1.00000761449337e-07,{},0.6341463414634146,0.8305084745762712,0.5833333333333334,0.6853146853146853,0.6634615384615385,0.3045099805045114,0.6982600732600732,29,10,35,49,ok,0.747159999969881,1,Loan Approval,,,,
3,XGBoost,classical,LDA,default,491,123,3.00002284348011e-07,{},0.6341463414634146,0.7746478873239436,0.6547619047619048,0.7096774193548387,0.6222527472527473,0.230318977254501,0.6976495726495727,23,16,29,55,ok,0.778955899993889,1,Loan Approval,,,,
4,XGBoost,classical,LDA,default,492,122,3.00002284348011e-07,{},0.6475409836065574,0.7733333333333333,0.6904761904761905,0.7295597484276729,0.6215538847117794,0.231339993612718,0.6513157894736843,21,17,26,58,ok,0.8208851999952458,1,Loan Approval,,,,
5,XGBoost,classical,LDA,default,491,123,2.00001522898674e-07,{},0.5853658536585366,0.765625,0.5764705882352941,0.6577181208053692,0.5908668730650155,0.1680818607453925,0.653250773993808,23,15,36,49,ok,0.830941999971401,1,Loan Approval,,,,
6,XGBoost,classical,LDA,default,491,123,2.00001522898674e-07,{},0.6910569105691057,0.8309859154929577,0.6941176470588235,0.7564102564102564,0.6891640866873066,0.3538662131670311,0.7402476780185758,26,12,26,59,ok,0.8095456999726593,1,Loan Approval,,,,
7,XGBoost,classical,LDA,default,491,123,3.00002284348011e-07,{},0.7235772357723578,0.8378378378378378,0.7380952380952381,0.7848101265822784,0.7152014652014652,0.4091035670710026,0.7443528693528694,27,12,22,62,ok,0.8045368000166491,1,Loan Approval,,,,
8,XGBoost,classical,LDA,default,491,123,2.00001522898674e-07,{},0.6504065040650406,0.7808219178082192,0.6785714285714286,0.7261146496815286,0.6341575091575091,0.254197044214464,0.7077228327228328,23,16,27,57,ok,0.7612394000170752,1,Loan Approval,,,,
9,XGBoost,classical,LDA,default,492,122,4.00003045797348e-07,{},0.639344262295082,0.7857142857142857,0.6547619047619048,0.7142857142857143,0.6300125313283208,0.2434983144135831,0.7072368421052632,23,15,29,55,ok,0.7983481999835931,1,Loan Approval,,,,
10,XGBoost,classical,LDA,default,491,123,1.00000761449337e-07,{},0.6422764227642277,0.8153846153846154,0.6235294117647059,0.7066666666666667,0.6538699690402476,0.2848488353598077,0.7896284829721362,26,12,32,53,ok,0.7865923999925144,1,Loan Approval,,,,
11,XGBoost,classical,LDA,default,491,123,3.00002284348011e-07,{},0.6829268292682927,0.8285714285714286,0.6823529411764706,0.7483870967741936,0.6832817337461301,0.3420294377042567,0.7541795665634675,26,12,27,58,ok,0.7075880999909714,1,Loan Approval,,,,
12,XGBoost,classical,LDA,default,491,123,3.00002284348011e-07,{},0.6991869918699187,0.8405797101449275,0.6904761904761905,0.7581699346405228,0.7042124542124542,0.3829682247359626,0.7651098901098902,28,11,26,58,ok,0.8293070999789052,1,Loan Approval,,,,
13,XGBoost,classical,LDA,default,491,123,4.00003045797348e-07,{},0.6422764227642277,0.7631578947368421,0.6904761904761905,0.725,0.6144688644688645,0.2192469657710297,0.6483516483516484,21,18,26,58,ok,0.7597733000293374,1,Loan Approval,,,,
14,XGBoost,classical,LDA,default,492,122,5.00003807246685e-07,{},0.680327868852459,0.835820895522388,0.6666666666666666,0.7417218543046358,0.6885964912280702,0.3510559186795514,0.7573621553884712,27,11,28,56,ok,0.8265966000035405,1,Loan Approval,,,,
0,VQC,quantum,LDA,default,491,123,2.00001522898674e-07,{},0.4715447154471545,0.6851851851851852,0.4352941176470588,0.5323741007194245,0.4939628482972136,-0.0112419570201487,0.4839009287925697,21,17,48,37,ok,3.517950600013137,1,Loan Approval,,,,
1,VQC,quantum,LDA,default,491,123,2.00001522898674e-07,{},0.5609756097560976,0.803921568627451,0.4823529411764706,0.6029411764705882,0.6095975232198142,0.2055799046340379,0.6659442724458204,28,10,44,41,ok,3.809141400037333,1,Loan Approval,,,,
2,VQC,quantum,LDA,default,491,123,2.00001522898674e-07,{},0.5528455284552846,0.7543859649122807,0.5119047619047619,0.6099290780141844,0.5764652014652014,0.1427106498368495,0.6135531135531136,25,14,41,43,ok,3.5487892999663018,1,Loan Approval,,,,
3,VQC,quantum,LDA,default,491,123,2.00001522898674e-07,{},0.6016260162601627,0.7215189873417721,0.6785714285714286,0.6993865030674846,0.5572344322344323,0.1111269608667487,0.5989010989010989,17,22,27,57,ok,3.6486973999999455,1,Loan Approval,,,,
4,VQC,quantum,LDA,default,492,122,2.00001522898674e-07,{},0.5901639344262295,0.7236842105263158,0.6547619047619048,0.6875,0.5510651629072681,0.0975889053901398,0.6300125313283208,17,21,29,55,ok,3.594866900006309,1,Loan Approval,,,,
5,VQC,quantum,LDA,default,491,123,2.00001522898674e-07,{},0.5772357723577236,0.746268656716418,0.5882352941176471,0.6578947368421053,0.5704334365325078,0.1307009428903884,0.6077399380804954,21,17,35,50,ok,3.7113712999853306,1,Loan Approval,,,,
6,VQC,quantum,LDA,default,491,123,1.00000761449337e-07,{},0.5528455284552846,0.8260869565217391,0.4470588235294118,0.5801526717557252,0.618266253869969,0.2258748197420019,0.5421052631578948,30,8,47,38,ok,3.2311174999922514,1,Loan Approval,,,,
7,VQC,quantum,LDA,default,491,123,3.00002284348011e-07,{},0.6504065040650406,0.7971014492753623,0.6547619047619048,0.7189542483660131,0.6478937728937729,0.2773514273312016,0.7518315018315018,25,14,29,55,ok,3.5629439000040293,1,Loan Approval,,,,
8,VQC,quantum,LDA,default,491,123,3.00002284348011e-07,{},0.5121951219512195,0.7,0.5,0.5833333333333334,0.5192307692307692,0.0358057437019716,0.5045787545787546,21,18,42,42,ok,3.7916288999840617,1,Loan Approval,,,,
9,VQC,quantum,LDA,default,492,122,3.00002284348011e-07,{},0.5,0.7346938775510204,0.4285714285714285,0.5413533834586466,0.543233082706767,0.0816804592004121,0.5598370927318296,25,13,48,36,ok,3.57446129998425,1,Loan Approval,,,,
10,VQC,quantum,LDA,default,491,123,3.00002284348011e-07,{},0.5691056910569106,0.7285714285714285,0.6,0.6580645161290323,0.55,0.0933070172115497,0.5922600619195048,19,19,34,51,ok,3.676748800033238,1,Loan Approval,,,,
11,VQC,quantum,LDA,default,491,123,4.00003045797348e-07,{},0.5528455284552846,0.734375,0.5529411764705883,0.6308724832214765,0.5527863777089783,0.0976421030905942,0.5885448916408669,21,17,38,47,ok,3.3799085000064224,1,Loan Approval,,,,
12,VQC,quantum,LDA,default,491,123,3.00002284348011e-07,{},0.5203252032520326,0.6865671641791045,0.5476190476190477,0.609271523178808,0.5045787545787546,0.008556928306835,0.5641025641025641,18,21,38,46,ok,3.657418399991002,1,Loan Approval,,,,
13,VQC,quantum,LDA,default,491,123,3.00002284348011e-07,{},0.6097560975609756,0.7571428571428571,0.6309523809523809,0.6883116883116883,0.5975274725274725,0.1832913444533377,0.608058608058608,22,17,31,53,ok,3.490345800004434,1,Loan Approval,,,,
14,VQC,quantum,LDA,default,492,122,3.00002284348011e-07,{},0.5327868852459017,0.7142857142857143,0.5357142857142857,0.6122448979591837,0.5310150375939849,0.0574827409435298,0.5144110275689222,20,18,39,45,ok,3.790418899967335,1,Loan Approval,,,,
0,QNN,quantum,LDA,default,491,123,2.00001522898674e-07,{},0.7886178861788617,0.8105263157894737,0.9058823529411764,0.8555555555555555,0.7160990712074303,0.4762591568835902,0.8170278637770898,20,18,8,77,ok,5.170927099999972,1,Loan Approval,,,,
1,QNN,quantum,LDA,default,491,123,2.00001522898674e-07,{},0.7479674796747967,0.813953488372093,0.8235294117647058,0.8187134502923976,0.7012383900928792,0.4055010690287962,0.7365325077399381,22,16,15,70,ok,4.907699000032153,1,Loan Approval,,,,
2,QNN,quantum,LDA,default,491,123,1.00000761449337e-07,{},0.7398373983739838,0.782608695652174,0.8571428571428571,0.8181818181818182,0.6721611721611721,0.3690306112019284,0.7316849816849818,19,20,12,72,ok,4.707006699987687,1,Loan Approval,,,,
3,QNN,quantum,LDA,default,491,123,1.00000761449337e-07,{},0.7398373983739838,0.8333333333333334,0.7738095238095238,0.8024691358024691,0.7202380952380952,0.4255404282611184,0.8141025641025641,26,13,19,65,ok,5.191518200037535,1,Loan Approval,,,,
4,QNN,quantum,LDA,default,492,122,3.00002284348011e-07,{},0.7540983606557377,0.8068181818181818,0.8452380952380952,0.8255813953488372,0.6989348370927319,0.4109523658493428,0.7459273182957393,21,17,13,71,ok,4.909201800008304,1,Loan Approval,,,,
5,QNN,quantum,LDA,default,491,123,2.00001522898674e-07,{},0.6747967479674797,0.8,0.7058823529411765,0.75,0.6555727554179567,0.2947226749138232,0.7613003095975233,23,15,25,60,ok,5.054983799986076,1,Loan Approval,,,,
6,QNN,quantum,LDA,default,491,123,3.00002284348011e-07,{},0.7804878048780488,0.8152173913043478,0.8823529411764706,0.847457627118644,0.7174922600619196,0.4629139861965798,0.7436532507739938,21,17,10,75,ok,4.856575199984945,1,Loan Approval,,,,
7,QNN,quantum,LDA,default,491,123,1.00000761449337e-07,{},0.7560975609756098,0.7934782608695652,0.8690476190476191,0.8295454545454546,0.6909340659340659,0.4092706512532025,0.7768620268620269,20,19,11,73,ok,5.031617400003597,1,Loan Approval,,,,
8,QNN,quantum,LDA,default,491,123,3.00002284348011e-07,{},0.6910569105691057,0.7948717948717948,0.7380952380952381,0.7654320987654321,0.663919413919414,0.3167223977494395,0.7542735042735044,23,16,22,62,ok,5.002833699982148,1,Loan Approval,,,,
9,QNN,quantum,LDA,default,492,122,2.00001522898674e-07,{},0.8114754098360656,0.8144329896907216,0.9404761904761904,0.8729281767955801,0.7333959899749374,0.5355486829451201,0.7800751879699248,20,18,5,79,ok,5.073426799965091,1,Loan Approval,,,,
10,QNN,quantum,LDA,default,491,123,3.999448381364346e-07,{},0.7317073170731707,0.8421052631578947,0.7529411764705882,0.7950310559006211,0.7185758513931888,0.4156977850191977,0.8126934984520124,26,12,21,64,ok,5.021261000016239,1,Loan Approval,,,,
11,QNN,quantum,LDA,default,491,123,3.00002284348011e-07,{},0.7723577235772358,0.8064516129032258,0.8823529411764706,0.8426966292134831,0.7043343653250773,0.4397142785482557,0.7659442724458204,20,18,10,75,ok,4.973788200004492,1,Loan Approval,,,,
12,QNN,quantum,LDA,default,491,123,4.00003045797348e-07,{},0.7317073170731707,0.7741935483870968,0.8571428571428571,0.8135593220338984,0.6593406593406593,0.34532375163322,0.6846764346764347,18,21,12,72,ok,5.041977599961683,1,Loan Approval,,,,
13,QNN,quantum,LDA,default,491,123,3.00002284348011e-07,{},0.7642276422764228,0.8160919540229885,0.8452380952380952,0.8304093567251462,0.7174908424908425,0.4448688949389424,0.7719780219780219,23,16,13,71,ok,5.162136300001293,1,Loan Approval,,,,
14,QNN,quantum,LDA,default,492,122,4.00003045797348e-07,{},0.7049180327868853,0.7926829268292683,0.7738095238095238,0.7831325301204819,0.6632205513784462,0.3220322421143315,0.7224310776942355,21,17,19,65,ok,5.274853699957021,1,Loan Approval,,,,
0,QSVC,quantum,LDA,default,491,123,2.00001522898674e-07,{},0.4878048780487805,0.7037037037037037,0.4470588235294118,0.5467625899280576,0.5130030959752322,0.024213445889551,0.4786377708978327,22,16,47,38,ok,1.3506068999995475,1,Loan Approval,,,,
1,QSVC,quantum,LDA,default,491,123,2.00001522898674e-07,{},0.5934959349593496,0.7966101694915254,0.5529411764705883,0.6527777777777778,0.6185758513931889,0.2193368063559977,0.6147058823529412,26,12,38,47,ok,1.229428699996788,1,Loan Approval,,,,
2,QSVC,quantum,LDA,default,491,123,2.00001522898674e-07,{},0.4552845528455284,0.6307692307692307,0.4880952380952381,0.5503355704697986,0.4363553113553113,-0.1186570189710924,0.4432234432234432,15,24,43,41,ok,1.2332460000179708,1,Loan Approval,,,,
3,QSVC,quantum,LDA,default,491,123,3.00002284348011e-07,{},0.5934959349593496,0.7741935483870968,0.5714285714285714,0.6575342465753424,0.6062271062271063,0.1977318049841977,0.6468253968253969,25,14,36,48,ok,1.1255025999853387,1,Loan Approval,,,,
4,QSVC,quantum,LDA,default,492,122,2.00001522898674e-07,{},0.6147540983606558,0.7846153846153846,0.6071428571428571,0.6845637583892618,0.619360902255639,0.2215794213282581,0.5968045112781956,24,14,33,51,ok,1.3254043000051752,1,Loan Approval,,,,
5,QSVC,quantum,LDA,default,491,123,1.00000761449337e-07,{},0.5121951219512195,0.7551020408163265,0.4352941176470588,0.5522388059701493,0.5597523219814242,0.1127904017620108,0.5814241486068111,26,12,48,37,ok,1.359551500005182,1,Loan Approval,,,,
6,QSVC,quantum,LDA,default,491,123,2.00001522898674e-07,{},0.6504065040650406,0.7916666666666666,0.6705882352941176,0.7261146496815286,0.6379256965944272,0.2587170833741918,0.651702786377709,23,15,28,57,ok,1.2788143000216223,1,Loan Approval,,,,
7,QSVC,quantum,LDA,default,491,123,4.00003045797348e-07,{},0.4471544715447154,0.6379310344827587,0.4404761904761904,0.5211267605633803,0.451007326007326,-0.0913402951791862,0.485958485958486,18,21,47,37,ok,1.293768999981694,1,Loan Approval,,,,
8,QSVC,quantum,LDA,default,491,123,3.00002284348011e-07,{},0.6747967479674797,0.84375,0.6428571428571429,0.7297297297297297,0.6932234432234432,0.3599529741537922,0.7390109890109889,29,10,30,54,ok,1.2449839999899268,1,Loan Approval,,,,
9,QSVC,quantum,LDA,default,492,122,3.00002284348011e-07,{},0.5081967213114754,0.7307692307692307,0.4523809523809524,0.5588235294117647,0.5419799498746867,0.0786235521239039,0.5225563909774436,24,14,46,38,ok,1.2914299000403844,1,Loan Approval,,,,
10,QSVC,quantum,LDA,default,491,123,3.00002284348011e-07,{},0.5203252032520326,0.696969696969697,0.5411764705882353,0.609271523178808,0.5074303405572755,0.0137698934772153,0.4770897832817337,18,20,39,46,ok,1.3510609000222755,1,Loan Approval,,,,
11,QSVC,quantum,LDA,default,491,123,3.00002284348011e-07,{},0.5121951219512195,0.6984126984126984,0.5176470588235295,0.5945945945945946,0.5088235294117647,0.0163127693104828,0.5405572755417957,19,19,41,44,ok,1.294193300011102,1,Loan Approval,,,,
12,QSVC,quantum,LDA,default,491,123,3.00002284348011e-07,{},0.5691056910569106,0.918918918918919,0.4047619047619047,0.5619834710743802,0.663919413919414,0.3326459553091908,0.6042429792429792,36,3,50,34,ok,1.3289372000144797,1,Loan Approval,,,,
13,QSVC,quantum,LDA,default,491,123,3.00002284348011e-07,{},0.5284552845528455,0.782608695652174,0.4285714285714285,0.5538461538461539,0.5860805860805861,0.165570469011268,0.5931013431013431,29,10,48,36,ok,1.236071199993603,1,Loan Approval,,,,
14,QSVC,quantum,LDA,default,492,122,4.00003045797348e-07,{},0.5901639344262295,0.8148148148148148,0.5238095238095238,0.6376811594202898,0.6303258145363408,0.2430191786345764,0.5968045112781954,28,10,40,44,ok,1.2722771000117064,1,Loan Approval,,,,
0,QDT,quantum,LDA,default,491,123,2.00001522898674e-07,{},0.4878048780487805,0.75,0.388235294117647,0.5116279069767442,0.5493808049535603,0.095202759761258,0.5973684210526317,27,11,52,33,ok,0.0329548000008799,1,Loan Approval,,,,
1,QDT,quantum,LDA,default,491,123,3.00002284348011e-07,{},0.3902439024390244,0.75,0.1764705882352941,0.2857142857142857,0.5224458204334366,0.0562125298098182,0.5498452012383902,33,5,70,15,ok,0.0300046000047586,1,Loan Approval,,,,
2,QDT,quantum,LDA,default,491,123,2.00001522898674e-07,{},0.4308943089430894,0.75,0.25,0.375,0.5352564102564102,0.0782526790683649,0.5028998778998779,32,7,63,21,ok,0.0314115000073798,1,Loan Approval,,,,
3,QDT,quantum,LDA,default,491,123,2.00001522898674e-07,{},0.6341463414634146,0.76,0.6785714285714286,0.7169811320754716,0.6085164835164836,0.2070362552525788,0.6152319902319903,21,18,27,57,ok,0.0302961000124923,1,Loan Approval,,,,
4,QDT,quantum,LDA,default,492,122,2.00001522898674e-07,{},0.319672131147541,0.5714285714285714,0.0476190476190476,0.0879120879120879,0.4843358395989975,-0.062383626616399,0.4786967418546366,35,3,80,4,ok,0.0303442000295035,1,Loan Approval,,,,
5,QDT,quantum,LDA,default,491,123,2.00001522898674e-07,{},0.4715447154471545,0.6785714285714286,0.4470588235294118,0.5390070921985816,0.486687306501548,-0.0247039144803811,0.4972136222910216,20,18,47,38,ok,0.0321884999866597,1,Loan Approval,,,,
6,QDT,quantum,LDA,default,491,123,2.00001522898674e-07,{},0.3902439024390244,0.6190476190476191,0.3058823529411765,0.4094488188976378,0.4424148606811146,-0.1122211006980089,0.4744582043343653,22,16,59,26,ok,0.0323527000145986,1,Loan Approval,,,,
7,QDT,quantum,LDA,default,491,123,2.00001522898674e-07,{},0.4959349593495935,0.7115384615384616,0.4404761904761904,0.5441176470588235,0.5279304029304029,0.0526196914326762,0.5515873015873016,24,15,47,37,ok,0.0317594000371173,1,Loan Approval,,,,
8,QDT,quantum,LDA,default,491,123,3.00002284348011e-07,{},0.5121951219512195,0.6666666666666666,0.5714285714285714,0.6153846153846154,0.478021978021978,-0.0415182662167964,0.4725274725274725,15,24,36,48,ok,0.0424655999522656,1,Loan Approval,,,,
9,QDT,quantum,LDA,default,492,122,3.00002284348011e-07,{},0.5327868852459017,0.7142857142857143,0.5357142857142857,0.6122448979591837,0.5310150375939849,0.0574827409435298,0.5335213032581454,20,18,39,45,ok,0.0429098999593406,1,Loan Approval,,,,
10,QDT,quantum,LDA,default,491,123,2.999440766870976e-07,{},0.4065040650406504,0.6764705882352942,0.2705882352941176,0.3865546218487395,0.4905572755417956,-0.0195116551666775,0.5205882352941177,27,11,62,23,ok,0.0412173000513576,1,Loan Approval,,,,
11,QDT,quantum,LDA,default,491,123,3.00002284348011e-07,{},0.5609756097560976,0.8444444444444444,0.4470588235294118,0.5846153846153846,0.6314241486068112,0.2521464574264264,0.6797213622291021,31,7,47,38,ok,0.0400780999916605,1,Loan Approval,,,,
12,QDT,quantum,LDA,default,491,123,3.00002284348011e-07,{},0.4878048780487805,0.6981132075471698,0.4404761904761904,0.5401459854014599,0.5151098901098901,0.0283972505491086,0.5181623931623932,23,16,47,37,ok,0.0417653000331483,1,Loan Approval,,,,
13,QDT,quantum,LDA,default,491,123,3.00002284348011e-07,{},0.5772357723577236,0.6568627450980392,0.7976190476190477,0.7204301075268817,0.4500915750915751,-0.1234428877686663,0.4525335775335775,4,35,17,67,ok,0.0384828000096604,1,Loan Approval,,,,
14,QDT,quantum,LDA,default,492,122,3.00002284348011e-07,{},0.4426229508196721,0.6212121212121212,0.4880952380952381,0.5466666666666666,0.4151002506265664,-0.157798134238172,0.4083646616541352,13,25,43,41,ok,0.0393197999801486,1,Loan Approval,,,,
0,LogReg,classical,LDA,gwo,491,123,2.6021793999825604,{'C': 0.0034917618660564058},0.7398373983739838,0.7623762376237624,0.9058823529411764,0.8279569892473119,0.6371517027863777,0.3307199803041764,0.7640866873065015,14,24,8,77,ok,0.024515800003428,1,Loan Approval,0.8304412376304233,39.0,"[0.8304412376304233, 0.8304412376304233, 0.8304412376304233, 0.8304412376304233, 0.8304412376304233]",True
1,LogReg,classical,LDA,gwo,491,123,1.6987565000308678,{'C': 0.0010000000000000002},0.8130081300813008,0.81,0.9529411764705882,0.8756756756756757,0.7264705882352941,0.5367587674407865,0.8145510835913312,19,19,4,81,ok,0.0283608000027015,1,Loan Approval,0.8097529983046895,26.0,"[0.8079779609354817, 0.8097529983046895, 0.8097529983046895, 0.8097529983046895, 0.8097529983046895, 0.8097529983046895]",True
2,LogReg,classical,LDA,gwo,491,123,2.4516757000237703,{'C': 0.0013632916098415282},0.7642276422764228,0.7894736842105263,0.8928571428571429,0.8379888268156425,0.690018315018315,0.421751452121707,0.7786935286935287,19,20,9,75,ok,0.0287843999685719,1,Loan Approval,0.811724244532035,35.0,"[0.811724244532035, 0.811724244532035, 0.811724244532035, 0.811724244532035, 0.811724244532035]",True
3,LogReg,classical,LDA,gwo,491,123,2.5773086000117478,{'C': 0.009191092217165894},0.7398373983739838,0.8095238095238095,0.8095238095238095,0.8095238095238095,0.6996336996336996,0.3992673992673993,0.7869352869352869,23,16,16,68,ok,0.0244599999859929,1,Loan Approval,0.8001809262326174,39.0,"[0.8001809262326174, 0.8001809262326174, 0.8001809262326174, 0.8001809262326174, 0.8001809262326174]",True
4,LogReg,classical,LDA,gwo,492,122,2.4050095999846235,{'C': 0.003492818990806916},0.7377049180327869,0.7954545454545454,0.8333333333333334,0.813953488372093,0.6798245614035088,0.3714750519646028,0.7218045112781956,20,18,14,70,ok,0.0436473000445403,1,Loan Approval,0.8177674007069697,37.0,"[0.8177674007069697, 0.8177674007069697, 0.8177674007069697, 0.8177674007069697, 0.8177674007069697]",True
5,LogReg,classical,LDA,gwo,491,123,2.3858204999705777,{'C': 0.003528876308540786},0.7398373983739838,0.8045977011494253,0.8235294117647058,0.813953488372093,0.6880804953560371,0.3820006835844595,0.7300309597523219,21,17,15,70,ok,0.0405198000371456,1,Loan Approval,0.8267419962335216,36.0,"[0.8267419962335216, 0.8267419962335216, 0.8267419962335216, 0.8267419962335216, 0.8267419962335216]",True
6,LogReg,classical,LDA,gwo,491,123,2.406947500014212,{'C': 0.0018071244113136823},0.7073170731707317,0.8266666666666667,0.7294117647058823,0.775,0.6936532507739939,0.3668637475792963,0.7436532507739938,25,13,23,62,ok,0.0373152999673038,1,Loan Approval,0.8041034517953682,37.0,"[0.8041034517953682, 0.8041034517953682, 0.8041034517953682, 0.8041034517953682, 0.8041034517953682]",True
7,LogReg,classical,LDA,gwo,491,123,2.415456500020809,{'C': 0.0019077789777907854},0.7804878048780488,0.7766990291262136,0.9523809523809524,0.8556149732620321,0.6813186813186813,0.4573101955542405,0.786019536019536,16,23,4,80,ok,0.0278408000012859,1,Loan Approval,0.83503834236679,35.0,"[0.83503834236679, 0.83503834236679, 0.83503834236679, 0.83503834236679, 0.83503834236679]",True
8,LogReg,classical,LDA,gwo,491,123,2.3612220999784768,{'C': 0.0016671929822964528},0.7560975609756098,0.7934782608695652,0.8690476190476191,0.8295454545454546,0.6909340659340659,0.4092706512532025,0.7863247863247863,20,19,11,73,ok,0.02647139999317,1,Loan Approval,0.8115243574005846,36.0,"[0.8115243574005846, 0.8115243574005846, 0.8115243574005846, 0.8115243574005846, 0.8115243574005846]",True
9,LogReg,classical,LDA,gwo,492,122,3.2181040000286885,{'C': 0.002959832815012091},0.7377049180327869,0.7653061224489796,0.8928571428571429,0.8241758241758241,0.643796992481203,0.3350368533614277,0.7540726817042606,15,23,9,75,ok,0.021175600006245,1,Loan Approval,0.8239412482868181,52.0,"[0.8227752427573075, 0.8227752427573075, 0.8239412482868181, 0.8239412482868181, 0.8239412482868181, 0.8239412482868181, 0.8239412482868181]",True
10,LogReg,classical,LDA,gwo,491,123,3.379637499980163,{'C': 0.017234303248883975},0.7398373983739838,0.8271604938271605,0.788235294117647,0.8072289156626506,0.7099071207430341,0.4090640122217744,0.7786377708978328,24,14,18,67,ok,0.0191150000318884,1,Loan Approval,0.8137144976193786,60.0,"[0.808381449404101, 0.8106649978372401, 0.8113554406313298, 0.8137144976193786, 0.8137144976193786, 0.8137144976193786, 0.8137144976193786, 0.8137144976193786]",True
11,LogReg,classical,LDA,gwo,491,123,2.960144400014542,{'C': 0.002468460897557079},0.7723577235772358,0.7938144329896907,0.9058823529411764,0.8461538461538461,0.6897832817337461,0.4295529123689436,0.7027863777089783,18,20,8,77,ok,0.0226076999679207,1,Loan Approval,0.822201651285216,47.0,"[0.8211179854956678, 0.822201651285216, 0.822201651285216, 0.822201651285216, 0.822201651285216, 0.822201651285216]",True
12,LogReg,classical,LDA,gwo,491,123,2.5265704999910668,{'C': 0.002951177613020518},0.7073170731707317,0.7352941176470589,0.8928571428571429,0.8064516129032258,0.6002747252747254,0.2480182790948433,0.6446886446886447,12,27,9,75,ok,0.0269912999938242,1,Loan Approval,0.8326727916891853,37.0,"[0.8326727916891853, 0.8326727916891853, 0.8326727916891853, 0.8326727916891853, 0.8326727916891853]",True
13,LogReg,classical,LDA,gwo,491,123,2.192492400004994,{'C': 0.004764238298231553},0.7560975609756098,0.8,0.8571428571428571,0.8275862068965517,0.6978021978021978,0.4154845034744047,0.739010989010989,21,18,12,72,ok,0.0285100999753922,1,Loan Approval,0.8386710863102335,36.0,"[0.8386710863102335, 0.8386710863102335, 0.8386710863102335, 0.8386710863102335, 0.8386710863102335]",True
14,LogReg,classical,LDA,gwo,492,122,2.291876700008288,{'C': 0.002438134217269821},0.7213114754098361,0.8289473684210527,0.75,0.7875,0.7039473684210527,0.3897569166195156,0.7546992481203008,25,13,21,63,ok,0.0277142000268213,1,Loan Approval,0.8035968735584612,33.0,"[0.8035968735584612, 0.8035968735584612, 0.8035968735584612, 0.8035968735584612, 0.8035968735584612]",True
0,SVC,classical,LDA,gwo,491,123,4.282433400047012,"{'C': 0.7699603592924645, 'gamma': 0.001991014967465392}",0.7886178861788617,0.797979797979798,0.9294117647058824,0.8586956521739131,0.701547987616099,0.4699877137481464,0.7873065015479876,18,20,6,79,ok,0.0386087999795563,1,Loan Approval,0.8604573225817244,48.0,"[0.8590122041514859, 0.8604573225817244, 0.8604573225817244, 0.8604573225817244, 0.8604573225817244, 0.8604573225817244]",True
1,SVC,classical,LDA,gwo,491,123,3.6263480000197887,"{'C': 0.036719402799889646, 'gamma': 0.00012643096429369879}",0.8617886178861789,0.8469387755102041,0.976470588235294,0.907103825136612,0.7908668730650155,0.6679477276927663,0.2151702786377709,23,15,2,83,ok,0.0515472999541088,1,Loan Approval,0.8699024405546144,40.0,"[0.8699024405546144, 0.8699024405546144, 0.8699024405546144, 0.8699024405546144, 0.8699024405546144]",True
2,SVC,classical,LDA,gwo,491,123,3.7801858999882825,"{'C': 9.718141095081284, 'gamma': 0.00014643363811332004}",0.7967479674796748,0.780952380952381,0.9761904761904762,0.8677248677248677,0.6932234432234432,0.5087809677491754,0.7783882783882783,16,23,2,82,ok,0.0417352999793365,1,Loan Approval,0.8778878939753324,40.0,"[0.8778878939753324, 0.8778878939753324, 0.8778878939753324, 0.8778878939753324, 0.8778878939753324]",True
3,SVC,classical,LDA,gwo,491,123,3.5879755000351,"{'C': 0.04129595303075826, 'gamma': 0.0008892582536625598}",0.7886178861788617,0.7735849056603774,0.9761904761904762,0.8631578947368421,0.6804029304029304,0.4864835243490902,0.3186813186813186,15,24,2,82,ok,0.041662199946586,1,Loan Approval,0.8812563050227314,40.0,"[0.8812563050227314, 0.8812563050227314, 0.8812563050227314, 0.8812563050227314, 0.8812563050227314]",True
4,SVC,classical,LDA,gwo,492,122,4.746971899992786,"{'C': 0.04462326409596647, 'gamma': 0.007794846363139938}",0.7950819672131147,0.797979797979798,0.9404761904761904,0.8633879781420765,0.7070802005012531,0.4903639090920727,0.6591478696741855,18,20,5,79,ok,0.0467779000173322,1,Loan Approval,0.8732500318064543,56.0,"[0.8720505672816885, 0.8720505672816885, 0.8732500318064543, 0.8732500318064543, 0.8732500318064543, 0.8732500318064543, 0.8732500318064543]",True
5,SVC,classical,LDA,gwo,491,123,3.643316900008358,"{'C': 0.055823351586072614, 'gamma': 0.023351333560523487}",0.8048780487804879,0.7798165137614679,1.0,0.8762886597938144,0.6842105263157895,0.5360044970515528,0.7309597523219813,14,24,0,85,ok,0.045293400005903,1,Loan Approval,0.8676468961244427,40.0,"[0.8676468961244427, 0.8676468961244427, 0.8676468961244427, 0.8676468961244427, 0.8676468961244427]",True
6,SVC,classical,LDA,gwo,491,123,4.717081699986011,"{'C': 0.20275158635328683, 'gamma': 0.018420133682703854}",0.8048780487804879,0.7961165048543689,0.9647058823529412,0.8723404255319149,0.7060371517027864,0.5159922563921937,0.7613003095975232,17,21,3,82,ok,0.0323944999836385,1,Loan Approval,0.8807014868471216,56.0,"[0.8794747666508465, 0.8794747666508465, 0.8807014868471216, 0.8807014868471216, 0.8807014868471216, 0.8807014868471216, 0.8807014868471216]",True
7,SVC,classical,LDA,gwo,491,123,3.742777900013607,"{'C': 0.020956965570820787, 'gamma': 0.011596512176300923}",0.7886178861788617,0.7685185185185185,0.988095238095238,0.8645833333333334,0.6735347985347986,0.4935498347935827,0.3202075702075702,14,25,1,83,ok,0.0513845999957993,1,Loan Approval,0.8811561984068946,40.0,"[0.8811561984068946, 0.8811561984068946, 0.8811561984068946, 0.8811561984068946, 0.8811561984068946]",True
8,SVC,classical,LDA,gwo,491,123,5.454578399949241,"{'C': 2.0820244722144854, 'gamma': 0.000730833899912433}",0.7967479674796748,0.797979797979798,0.9404761904761904,0.8633879781420765,0.7138278388278388,0.5021609885441704,0.7384004884004883,19,20,5,79,ok,0.029357900028117,1,Loan Approval,0.8639996412877768,72.0,"[0.8518478134246639, 0.8637300489582648, 0.8637300489582648, 0.8637300489582648, 0.8639996412877768, 0.8639996412877768, 0.8639996412877768, 0.8639996412877768, 0.8639996412877768]",True
9,SVC,classical,LDA,gwo,492,122,3.678402599995025,"{'C': 0.343761301269588, 'gamma': 0.004475717547336984}",0.860655737704918,0.8316831683168316,1.0,0.9081081081081082,0.7763157894736843,0.6779486577100663,0.8023182957393483,21,17,0,84,ok,0.0402183999540284,1,Loan Approval,0.8597426058560921,40.0,"[0.8597426058560921, 0.8597426058560921, 0.8597426058560921, 0.8597426058560921, 0.8597426058560921]",True
10,SVC,classical,LDA,gwo,491,123,4.234074999985751,"{'C': 0.03336606043657216, 'gamma': 0.008113038291838742}",0.8048780487804879,0.7850467289719626,0.9882352941176472,0.875,0.6914860681114552,0.5260373221695098,0.28343653250774,15,23,1,84,ok,0.0409272999968379,1,Loan Approval,0.8657195340031884,48.0,"[0.8652802273172644, 0.8657195340031884, 0.8657195340031884, 0.8657195340031884, 0.8657195340031884, 0.8657195340031884]",True
11,SVC,classical,LDA,gwo,491,123,3.4927221999969333,"{'C': 0.04585624347629023, 'gamma': 0.005972425531416238}",0.8130081300813008,0.7980769230769231,0.976470588235294,0.8783068783068783,0.7119195046439628,0.5418869807034077,0.5,17,21,2,83,ok,0.0612588999792933,1,Loan Approval,0.8730736991209432,39.0,"[0.8730736991209432, 0.8730736991209432, 0.8730736991209432, 0.8730736991209432, 0.8730736991209432]",True
12,SVC,classical,LDA,gwo,491,123,4.122255199996289,"{'C': 0.1332495651516401, 'gamma': 0.00010000000000000009}",0.7804878048780488,0.7714285714285715,0.9642857142857144,0.8571428571428571,0.6744505494505495,0.459349641498663,0.5,15,24,3,81,ok,0.0406734999851323,1,Loan Approval,0.8739117009280943,48.0,"[0.8723488144228885, 0.8739117009280943, 0.8739117009280943, 0.8739117009280943, 0.8739117009280943, 0.8739117009280943]",True
13,SVC,classical,LDA,gwo,491,123,4.282113699999172,"{'C': 0.016128350690598807, 'gamma': 0.027140000582975648}",0.7967479674796748,0.7757009345794392,0.988095238095238,0.8691099476439791,0.6863553113553114,0.5155749843086851,0.5,15,24,1,83,ok,0.0388296999735757,1,Loan Approval,0.8681639997429471,48.0,"[0.8672142245011125, 0.8681639997429471, 0.8681639997429471, 0.8681639997429471, 0.8681639997429471, 0.8681639997429471]",True
14,SVC,classical,LDA,gwo,492,122,4.764805599988904,"{'C': 0.03686459095144919, 'gamma': 0.0001980756653053511}",0.8442622950819673,0.8155339805825242,1.0,0.8983957219251337,0.75,0.6385663554332175,0.5,19,19,0,84,ok,0.0366833999869413,1,Loan Approval,0.8696268183318058,56.0,"[0.8685107805675009, 0.8685107805675009, 0.8696268183318058, 0.8696268183318058, 0.8696268183318058, 0.8696268183318058, 0.8696268183318058]",True
0,DecisionTree,classical,LDA,gwo,491,123,2.1534039999824017,"{'max_depth': 3, 'min_samples_leaf': 5}",0.7886178861788617,0.7706422018348624,0.9882352941176472,0.865979381443299,0.6651702786377709,0.480602351557989,0.7074303405572756,13,25,1,84,ok,0.023611599986907,1,Loan Approval,0.8203290269449521,36.0,"[0.8163148372511507, 0.8163148372511507, 0.8183316282084228, 0.8183316282084228, 0.8183316282084228, 0.8183316282084228, 0.8203290269449521, 0.8203290269449521, 0.8203290269449521, 0.8203290269449521, 0.8203290269449521]",True
1,DecisionTree,classical,LDA,gwo,491,123,1.960284499975387,"{'max_depth': 2, 'min_samples_leaf': 10}",0.8048780487804879,0.7798165137614679,1.0,0.8762886597938144,0.6842105263157895,0.5360044970515528,0.7221362229102166,14,24,0,85,ok,0.0248926000203937,1,Loan Approval,0.851010273480393,32.0,"[0.851010273480393, 0.851010273480393, 0.851010273480393, 0.851010273480393, 0.851010273480393]",True
2,DecisionTree,classical,LDA,gwo,491,123,2.167485200043302,"{'max_depth': 4, 'min_samples_leaf': 9}",0.7967479674796748,0.8641975308641975,0.8333333333333334,0.8484848484848485,0.7756410256410257,0.540976805202418,0.8087606837606838,28,11,14,70,ok,0.0231655999668873,1,Loan Approval,0.7910514799178658,39.0,"[0.7759894760924273, 0.7910514799178658, 0.7910514799178658, 0.7910514799178658, 0.7910514799178658, 0.7910514799178658]",True
3,DecisionTree,classical,LDA,gwo,491,123,1.2924723000032827,"{'max_depth': 3, 'min_samples_leaf': 1}",0.5772357723577236,0.9210526315789472,0.4166666666666667,0.5737704918032787,0.6698717948717949,0.3421542639903147,0.8000610500610501,36,3,49,35,ok,0.0446144000161439,1,Loan Approval,0.7897090225777981,23.0,"[0.780059127864006, 0.7897090225777981, 0.7897090225777981, 0.7897090225777981, 0.7897090225777981, 0.7897090225777981]",True
4,DecisionTree,classical,LDA,gwo,492,122,1.4032614000025203,"{'max_depth': 2, 'min_samples_leaf': 20}",0.7622950819672131,0.7669902912621359,0.9404761904761904,0.8449197860962567,0.6544486215538847,0.3945027734693937,0.7335526315789473,14,24,5,79,ok,0.0426173000014387,1,Loan Approval,0.8049692729539407,23.0,"[0.8049692729539407, 0.8049692729539407, 0.8049692729539407, 0.8049692729539407, 0.8049692729539407]",True
5,DecisionTree,classical,LDA,gwo,491,123,2.0906674999860115,"{'max_depth': 4, 'min_samples_leaf': 20}",0.6910569105691057,0.7901234567901234,0.7529411764705882,0.7710843373493976,0.6527863777089784,0.2977479204003623,0.754953560371517,21,17,21,64,ok,0.0240318999858573,1,Loan Approval,0.7708081081895125,36.0,"[0.7696281671865625, 0.7708081081895125, 0.7708081081895125, 0.7708081081895125, 0.7708081081895125, 0.7708081081895125]",True
6,DecisionTree,classical,LDA,gwo,491,123,2.059427500003949,"{'max_depth': 4, 'min_samples_leaf': 10}",0.7804878048780488,0.8020833333333334,0.9058823529411764,0.850828729281768,0.7029411764705882,0.4530894312161105,0.7287925696594427,19,19,8,77,ok,0.0256686999928206,1,Loan Approval,0.7564270152505447,36.0,"[0.7479008512980689, 0.7479008512980689, 0.7564270152505447, 0.7564270152505447, 0.7564270152505447, 0.7564270152505447, 0.7564270152505447]",True
7,DecisionTree,classical,LDA,gwo,491,123,1.8569981000036933,"{'max_depth': 2, 'min_samples_leaf': 11}",0.7723577235772358,0.7745098039215687,0.9404761904761904,0.8494623655913979,0.6753663003663004,0.4337488625265981,0.6923076923076923,16,23,5,79,ok,0.0251631999853998,1,Loan Approval,0.7988040775312909,31.0,"[0.7756655396096866, 0.7988040775312909, 0.7988040775312909, 0.7988040775312909, 0.7988040775312909, 0.7988040775312909]",True
8,DecisionTree,classical,LDA,gwo,491,123,2.3194206999614835,"{'max_depth': 4, 'min_samples_leaf': 2}",0.8617886178861789,0.8526315789473684,0.9642857142857144,0.905027932960894,0.8026556776556777,0.6717535177167431,0.8460012210012211,25,14,3,81,ok,0.0196924000047147,1,Loan Approval,0.8168716865013161,42.0,"[0.7941964653227354, 0.7941964653227354, 0.8105573000214372, 0.8168716865013161, 0.8168716865013161, 0.8168716865013161, 0.8168716865013161, 0.8168716865013161]",True
9,DecisionTree,classical,LDA,gwo,492,122,2.1805185999837704,"{'max_depth': 6, 'min_samples_leaf': 5}",0.6065573770491803,0.7727272727272727,0.6071428571428571,0.68,0.606203007518797,0.1973932380322521,0.669329573934837,23,15,33,51,ok,0.0243363000336103,1,Loan Approval,0.8071168067057567,37.0,"[0.8071168067057567, 0.8071168067057567, 0.8071168067057567, 0.8071168067057567, 0.8071168067057567]",True
10,DecisionTree,classical,LDA,gwo,491,123,1.6888137999922035,"{'max_depth': 2, 'min_samples_leaf': 1}",0.7317073170731707,0.782608695652174,0.8470588235294118,0.8135593220338984,0.6603715170278638,0.3413372880424603,0.756811145510836,18,20,13,72,ok,0.0254388999892398,1,Loan Approval,0.8319963513767483,27.0,"[0.8319963513767483, 0.8319963513767483, 0.8319963513767483, 0.8319963513767483, 0.8319963513767483]",True
11,DecisionTree,classical,LDA,gwo,491,123,1.5280408000107857,"{'max_depth': 2, 'min_samples_leaf': 8}",0.7886178861788617,0.7864077669902912,0.9529411764705882,0.8617021276595744,0.6869969040247678,0.4683085242086927,0.7226006191950465,16,22,4,81,ok,0.0298272999934852,1,Loan Approval,0.8504635551160159,27.0,"[0.8504635551160159, 0.8504635551160159, 0.8504635551160159, 0.8504635551160159, 0.8504635551160159]",True
12,DecisionTree,classical,LDA,gwo,491,123,2.03789700003108,"{'max_depth': 2, 'min_samples_leaf': 13}",0.7886178861788617,0.7735849056603774,0.9761904761904762,0.8631578947368421,0.6804029304029304,0.4864835243490902,0.7161172161172161,15,24,2,82,ok,0.0244226999930106,1,Loan Approval,0.8334583256949113,35.0,"[0.8334583256949113, 0.8334583256949113, 0.8334583256949113, 0.8334583256949113, 0.8334583256949113]",True
13,DecisionTree,classical,LDA,gwo,491,123,2.1591941000078805,"{'max_depth': 14, 'min_samples_leaf': 19}",0.6585365853658537,0.828125,0.6309523809523809,0.7162162162162162,0.6744505494505495,0.3249812396980919,0.7948717948717948,28,11,31,53,ok,0.0239842000300996,1,Loan Approval,0.7820096364323472,37.0,"[0.7820096364323472, 0.7820096364323472, 0.7820096364323472, 0.7820096364323472, 0.7820096364323472]",True
14,DecisionTree,classical,LDA,gwo,492,122,1.6342097999877296,"{'max_depth': 2, 'min_samples_leaf': 19}",0.7622950819672131,0.7894736842105263,0.8928571428571429,0.8379888268156425,0.6832706766917294,0.4088939979301873,0.7042606516290726,18,20,9,75,ok,0.0261252999771386,1,Loan Approval,0.8300962783482686,28.0,"[0.8300962783482686, 0.8300962783482686, 0.8300962783482686, 0.8300962783482686, 0.8300962783482686]",True
0,RandomForest,classical,LDA,gwo,491,123,42.633125599997584,"{'max_depth': 2, 'min_samples_leaf': 7, 'max_features': None}",0.8292682926829268,0.8076923076923077,0.9882352941176472,0.8888888888888888,0.7309597523219814,0.5905736853246781,0.7379256965944272,18,20,1,84,ok,0.2747890999889932,1,Loan Approval,0.789984364771802,41.0,"[0.7371384631808374, 0.788442901417218, 0.789984364771802, 0.789984364771802, 0.789984364771802, 0.789984364771802, 0.789984364771802]",True
1,RandomForest,classical,LDA,gwo,491,123,41.006471499975305,"{'max_depth': 8, 'min_samples_leaf': 18, 'max_features': 'sqrt'}",0.7073170731707317,0.8024691358024691,0.7647058823529411,0.7831325301204819,0.6718266253869969,0.334853284340833,0.7608359133126935,22,16,20,65,ok,0.3476961000123992,1,Loan Approval,0.765653308811761,39.0,"[0.765653308811761, 0.765653308811761, 0.765653308811761, 0.765653308811761, 0.765653308811761]",True
2,RandomForest,classical,LDA,gwo,491,123,38.47082019998925,"{'max_depth': 2, 'min_samples_leaf': 1, 'max_features': 'sqrt'}",0.7723577235772358,0.8181818181818182,0.8571428571428571,0.8372093023255814,0.7234432234432234,0.460886271517495,0.7870879120879122,23,16,12,72,ok,0.3202878000447526,1,Loan Approval,0.8390996038054861,35.0,"[0.7987509503638536, 0.7987509503638536, 0.8367547932414975, 0.8367547932414975, 0.8390996038054861, 0.8390996038054861, 0.8390996038054861, 0.8390996038054861, 0.8390996038054861]",True
3,RandomForest,classical,LDA,gwo,491,123,38.55183100001887,"{'max_depth': 2, 'min_samples_leaf': 2, 'max_features': None}",0.6910569105691057,0.7346938775510204,0.8571428571428571,0.7912087912087912,0.5952380952380952,0.22025693980787,0.6330891330891331,13,26,12,72,ok,0.3767438000068068,1,Loan Approval,0.849563990642829,36.0,"[0.8363001488073314, 0.8437145328354746, 0.849563990642829, 0.849563990642829, 0.849563990642829, 0.849563990642829, 0.849563990642829]",True
4,RandomForest,classical,LDA,gwo,492,122,36.62401550001232,"{'max_depth': 4, 'min_samples_leaf': 20, 'max_features': 'sqrt'}",0.7459016393442623,0.8192771084337349,0.8095238095238095,0.8143712574850299,0.7073934837092732,0.4118937423758572,0.7739661654135338,23,15,16,68,ok,0.399605699989479,1,Loan Approval,0.8112490748380546,33.0,"[0.8112490748380546, 0.8112490748380546, 0.8112490748380546, 0.8112490748380546, 0.8112490748380546]",True
5,RandomForest,classical,LDA,gwo,491,123,36.64747409999836,"{'max_depth': 2, 'min_samples_leaf': 11, 'max_features': 'log2'}",0.7235772357723578,0.7575757575757576,0.8823529411764706,0.8152173913043478,0.6253869969040248,0.2923886698433169,0.6704334365325078,14,24,10,75,ok,0.4604903999716043,1,Loan Approval,0.8205357710477569,34.0,"[0.8101011008864641, 0.8205357710477569, 0.8205357710477569, 0.8205357710477569, 0.8205357710477569, 0.8205357710477569]",True
6,RandomForest,classical,LDA,gwo,491,123,48.68936740001664,"{'max_depth': 2, 'min_samples_leaf': 9, 'max_features': 'log2'}",0.7804878048780488,0.8152173913043478,0.8823529411764706,0.847457627118644,0.7174922600619196,0.4629139861965798,0.6959752321981424,21,17,10,75,ok,0.2203134999726899,1,Loan Approval,0.8396795470324881,50.0,"[0.8077621888942644, 0.8392522574725964, 0.8392522574725964, 0.8396795470324881, 0.8396795470324881, 0.8396795470324881, 0.8396795470324881, 0.8396795470324881]",True
7,RandomForest,classical,LDA,gwo,491,123,45.36416509997798,"{'max_depth': 2, 'min_samples_leaf': 8, 'max_features': 'log2'}",0.7723577235772358,0.8181818181818182,0.8571428571428571,0.8372093023255814,0.7234432234432234,0.460886271517495,0.770909645909646,23,16,12,72,ok,0.2471695999847725,1,Loan Approval,0.8049966824194558,45.0,"[0.8008174813843595, 0.8008174813843595, 0.8049966824194558, 0.8049966824194558, 0.8049966824194558, 0.8049966824194558, 0.8049966824194558]",True
8,RandomForest,classical,LDA,gwo,491,123,45.301637700002175,"{'max_depth': 3, 'min_samples_leaf': 12, 'max_features': 'log2'}",0.7804878048780488,0.7938144329896907,0.9166666666666666,0.850828729281768,0.7019230769230769,0.4602728484057738,0.7580891330891331,19,20,7,77,ok,0.2532967000151984,1,Loan Approval,0.831700327601967,44.0,"[0.8284938966757149, 0.831700327601967, 0.831700327601967, 0.831700327601967, 0.831700327601967, 0.831700327601967]",True
9,RandomForest,classical,LDA,gwo,492,122,38.39291759999469,"{'max_depth': 2, 'min_samples_leaf': 16, 'max_features': None}",0.7622950819672131,0.8395061728395061,0.8095238095238095,0.8242424242424242,0.7337092731829574,0.458250496309217,0.7999686716791979,25,13,16,68,ok,0.3461479999823496,1,Loan Approval,0.8240602369542908,36.0,"[0.8240602369542908, 0.8240602369542908, 0.8240602369542908, 0.8240602369542908, 0.8240602369542908]",True
10,RandomForest,classical,LDA,gwo,491,123,54.7489888999844,"{'max_depth': 12, 'min_samples_leaf': 16, 'max_features': 'log2'}",0.7479674796747967,0.8214285714285714,0.8117647058823529,0.8165680473372781,0.708513931888545,0.4140896618103809,0.7868421052631579,23,15,16,69,ok,0.2089906000182964,1,Loan Approval,0.8000734359358059,60.0,"[0.7959877489594017, 0.7959877489594017, 0.7959877489594017, 0.8000734359358059, 0.8000734359358059, 0.8000734359358059, 0.8000734359358059, 0.8000734359358059]",True
11,RandomForest,classical,LDA,gwo,491,123,44.52113680000184,"{'max_depth': 3, 'min_samples_leaf': 20, 'max_features': None}",0.7560975609756098,0.7722772277227723,0.9176470588235294,0.8387096774193549,0.6561919504643963,0.3766325735066749,0.723374613003096,15,23,7,78,ok,0.2655194000108167,1,Loan Approval,0.8058050011845896,43.0,"[0.802779925433397, 0.8058050011845896, 0.8058050011845896, 0.8058050011845896, 0.8058050011845896, 0.8058050011845896]",True
12,RandomForest,classical,LDA,gwo,491,123,41.634915000002366,"{'max_depth': 3, 'min_samples_leaf': 15, 'max_features': 'log2'}",0.6747967479674797,0.7619047619047619,0.7619047619047619,0.7619047619047619,0.6245421245421245,0.2490842490842491,0.6776556776556777,19,20,20,64,ok,0.2983485999866389,1,Loan Approval,0.8412419753733925,39.0,"[0.8301979227905153, 0.8412419753733925, 0.8412419753733925, 0.8412419753733925, 0.8412419753733925, 0.8412419753733925]",True
13,RandomForest,classical,LDA,gwo,491,123,43.10078570002224,"{'max_depth': 11, 'min_samples_leaf': 20, 'max_features': 'log2'}",0.7317073170731707,0.8311688311688312,0.7619047619047619,0.7950310559006211,0.7142857142857142,0.4121647845599651,0.7532051282051282,26,13,20,64,ok,0.2881649999762885,1,Loan Approval,0.8219969382783172,41.0,"[0.8209581474192426, 0.8219969382783172, 0.8219969382783172, 0.8219969382783172, 0.8219969382783172, 0.8219969382783172]",True
14,RandomForest,classical,LDA,gwo,492,122,54.0364446999738,"{'max_depth': 2, 'min_samples_leaf': 7, 'max_features': 'sqrt'}",0.7786885245901639,0.7766990291262136,0.9523809523809524,0.8556149732620321,0.6735588972431077,0.4433154898621584,0.7210213032581454,15,23,4,80,ok,0.1992775000398978,1,Loan Approval,0.8170393674483883,59.0,"[0.7824974256093409, 0.78269604831055, 0.78269604831055, 0.8108156404640671, 0.8108156404640671, 0.8154892392003678, 0.8170393674483883, 0.8170393674483883, 0.8170393674483883, 0.8170393674483883, 0.8170393674483883]",True
0,MLP,classical,LDA,gwo,491,123,41.22913969994988,"{'alpha': 0.10000000000000006, 'learning_rate_init': 0.00011278091487323071}",0.7560975609756098,0.8089887640449438,0.8470588235294118,0.8275862068965517,0.6998452012383901,0.4129433904947654,0.736842105263158,21,17,13,72,ok,0.1579334000125527,1,Loan Approval,0.826659529092511,77.0,"[0.8187485610045516, 0.8202370041182326, 0.8211387942480717, 0.8211387942480717, 0.8211387942480717, 0.826659529092511, 0.826659529092511, 0.826659529092511, 0.826659529092511, 0.826659529092511]",True
1,MLP,classical,LDA,gwo,491,123,18.06211409997195,"{'alpha': 0.10000000000000006, 'learning_rate_init': 0.00623061460424407}",0.8211382113821138,0.8620689655172413,0.8823529411764706,0.872093023255814,0.78328173374613,0.5753590542877044,0.8235294117647058,26,12,10,75,ok,0.0696735000237822,1,Loan Approval,0.7996758958866298,87.0,"[0.7751529267198553, 0.7927804783385491, 0.7927804783385491, 0.7927804783385491, 0.7927804783385491, 0.7960464170883587, 0.7996758958866298, 0.7996758958866298, 0.7996758958866298, 0.7996758958866298, 0.7996758958866298]",True
2,MLP,classical,LDA,gwo,491,123,19.117228799965236,"{'alpha': 0.004968079818625119, 'learning_rate_init': 0.00010000000000000009}",0.6747967479674797,0.75,0.7857142857142857,0.7674418604651163,0.6108058608058609,0.2285542575967905,0.6691086691086692,17,22,18,66,ok,0.2447165999910794,1,Loan Approval,0.8426693015125029,47.0,"[0.8421298687797066, 0.8426693015125029, 0.8426693015125029, 0.8426693015125029, 0.8426693015125029, 0.8426693015125029]",True
3,MLP,classical,LDA,gwo,491,123,8.732396100007463,"{'alpha': 4.5098312519653825e-06, 'learning_rate_init': 0.10000000000000006}",0.8130081300813008,0.8144329896907216,0.9404761904761904,0.8729281767955801,0.7394688644688645,0.5458564619415414,0.7817460317460316,21,18,5,79,ok,0.0538730000262148,1,Loan Approval,0.8664737569824678,48.0,"[0.8489266229294832, 0.8664737569824678, 0.8664737569824678, 0.8664737569824678, 0.8664737569824678, 0.8664737569824678]",True
4,MLP,classical,LDA,gwo,492,122,13.659820300003048,"{'alpha': 5.854788241793101e-06, 'learning_rate_init': 0.10000000000000006}",0.680327868852459,0.7586206896551724,0.7857142857142857,0.7719298245614035,0.6165413533834586,0.238642530612088,0.7105263157894737,17,21,18,66,ok,0.0876932999817654,1,Loan Approval,0.8461658927500805,64.0,"[0.7839058690351793, 0.7839058690351793, 0.8212438526840149, 0.8461658927500805, 0.8461658927500805, 0.8461658927500805, 0.8461658927500805, 0.8461658927500805]",True
5,MLP,classical,LDA,gwo,491,123,38.882885200029705,"{'alpha': 0.10000000000000006, 'learning_rate_init': 0.0001308145039022397}",0.6991869918699187,0.7790697674418605,0.788235294117647,0.783625730994152,0.6441176470588235,0.2904011502044687,0.7408668730650154,19,19,18,67,ok,0.176343499973882,1,Loan Approval,0.8334535661039774,76.0,"[0.8182292186900467, 0.8300552652544021, 0.8318361827489617, 0.8318361827489617, 0.8318361827489617, 0.8334535661039774, 0.8334535661039774, 0.8334535661039774, 0.8334535661039774, 0.8334535661039774]",True
6,MLP,classical,LDA,gwo,491,123,41.596324200043455,"{'alpha': 0.10000000000000006, 'learning_rate_init': 0.00010000000000000009}",0.7398373983739838,0.7912087912087912,0.8470588235294118,0.8181818181818182,0.6735294117647059,0.3655179136297256,0.7356037151702787,19,19,13,72,ok,0.208749399986118,1,Loan Approval,0.8567705643450324,79.0,"[0.8534831933286869, 0.8551443094998934, 0.8551443094998934, 0.8551443094998934, 0.8551443094998934, 0.8567705643450324, 0.8567705643450324, 0.8567705643450324, 0.8567705643450324, 0.8567705643450324]",True
7,MLP,classical,LDA,gwo,491,123,9.033811799949037,"{'alpha': 0.0007488455497352867, 'learning_rate_init': 0.0019947654855994087}",0.7886178861788617,0.8536585365853658,0.8333333333333334,0.8433734939759037,0.7628205128205128,0.5188745216627708,0.8308913308913308,27,12,14,70,ok,0.0801683000172488,1,Loan Approval,0.7912886319508314,48.0,"[0.7838288571282669, 0.7912886319508314, 0.7912886319508314, 0.7912886319508314, 0.7912886319508314, 0.7912886319508314]",True
8,MLP,classical,LDA,gwo,491,123,23.457382299995515,"{'alpha': 0.00013478247522141545, 'learning_rate_init': 0.00017206559067888073}",0.7398373983739838,0.7954545454545454,0.8333333333333334,0.813953488372093,0.6858974358974359,0.3834422668772602,0.7451159951159951,21,18,14,70,ok,0.1511061000055633,1,Loan Approval,0.8078183248207725,48.0,"[0.8061574167768858, 0.8078183248207725, 0.8078183248207725, 0.8078183248207725, 0.8078183248207725, 0.8078183248207725]",True
9,MLP,classical,LDA,gwo,492,122,13.142162500007544,"{'alpha': 0.0004729099152024426, 'learning_rate_init': 0.10000000000000006}",0.7459016393442623,0.7849462365591398,0.8690476190476191,0.8248587570621468,0.6713659147869674,0.3728596670518412,0.7415413533834586,18,20,11,73,ok,0.0842179000028409,1,Loan Approval,0.8660587774425311,95.0,"[0.8397584959956165, 0.8606540645926931, 0.8606540645926931, 0.8606540645926931, 0.8611655074616787, 0.8611655074616787, 0.8614529849705607, 0.8614529849705607, 0.8639577722863819, 0.8639577722863819, 0.8639577722863819, 0.8660587774425311]",False
10,MLP,classical,LDA,gwo,491,123,9.91953969997121,"{'alpha': 0.006330938721712785, 'learning_rate_init': 0.056812090861508895}",0.6747967479674797,0.7647058823529411,0.7647058823529411,0.7647058823529411,0.6191950464396284,0.2383900928792569,0.6640866873065016,18,20,20,65,ok,0.0812131999991834,1,Loan Approval,0.8354882474921959,64.0,"[0.8199220067861842, 0.8199220067861842, 0.8226169005985519, 0.8354882474921959, 0.8354882474921959, 0.8354882474921959, 0.8354882474921959, 0.8354882474921959]",True
11,MLP,classical,LDA,gwo,491,123,9.455375400022604,"{'alpha': 0.0018452587366418072, 'learning_rate_init': 0.10000000000000006}",0.7886178861788617,0.797979797979798,0.9294117647058824,0.8586956521739131,0.701547987616099,0.4699877137481464,0.7972136222910217,18,20,6,79,ok,0.0578962999861687,1,Loan Approval,0.8628737060041408,56.0,"[0.8489882723292334, 0.8489882723292334, 0.8628737060041408, 0.8628737060041408, 0.8628737060041408, 0.8628737060041408, 0.8628737060041408]",True
12,MLP,classical,LDA,gwo,491,123,18.46277080004802,"{'alpha': 0.0004335468482737883, 'learning_rate_init': 0.06172660775312451}",0.8455284552845529,0.8494623655913979,0.9404761904761904,0.8926553672316384,0.7907509157509158,0.6301166157675135,0.8327228327228328,25,14,5,79,ok,0.0544098999816924,1,Loan Approval,0.8216530453227632,80.0,"[0.8052863972486706, 0.8136531968887067, 0.8136531968887067, 0.8136531968887067, 0.8136531968887067, 0.8216530453227632, 0.8216530453227632, 0.8216530453227632, 0.8216530453227632, 0.8216530453227632]",True
13,MLP,classical,LDA,gwo,491,123,28.10913850000361,"{'alpha': 1.0000000000000004e-06, 'learning_rate_init': 0.00010000000000000009}",0.8211382113821138,0.8297872340425532,0.9285714285714286,0.8764044943820225,0.7591575091575091,0.5682020726943221,0.7936507936507937,23,16,6,78,ok,0.2205767999985255,1,Loan Approval,0.8276946082945487,46.0,"[0.8139148463286393, 0.8276946082945487, 0.8276946082945487, 0.8276946082945487, 0.8276946082945487, 0.8276946082945487]",True
14,MLP,classical,LDA,gwo,492,122,31.204837800003588,"{'alpha': 0.0026587658128305884, 'learning_rate_init': 0.00010000000000000009}",0.7540983606557377,0.78125,0.8928571428571429,0.8333333333333334,0.6701127819548872,0.3847477541159684,0.7102130325814536,17,21,9,75,ok,0.2346273000002838,1,Loan Approval,0.8477889225486738,47.0,"[0.8469551426045038, 0.8477889225486738, 0.8477889225486738, 0.8477889225486738, 0.8477889225486738, 0.8477889225486738]",True
0,XGBoost,classical,LDA,gwo,491,123,11.320083300000988,"{'max_depth': 2, 'learning_rate': 0.0011514730237641383, 'subsample': 0.7917120901146404}",0.8048780487804879,0.8279569892473119,0.9058823529411764,0.8651685393258427,0.7424148606811145,0.5216610304595216,0.8312693498452013,22,16,8,77,ok,0.056406199990306,1,Loan Approval,0.8222110590375368,64.0,"[0.749701671946037, 0.7559694587276747, 0.8062275760968634, 0.8222110590375368, 0.8222110590375368, 0.8222110590375368, 0.8222110590375368, 0.8222110590375368]",True
1,XGBoost,classical,LDA,gwo,491,123,8.288095999974757,"{'max_depth': 2, 'learning_rate': 0.003989185347178604, 'subsample': 0.8260420472059244}",0.8292682926829268,0.8137254901960784,0.976470588235294,0.8877005347593583,0.7382352941176471,0.5850966686926822,0.7608359133126936,19,19,2,83,ok,0.0818191000143997,1,Loan Approval,0.786081852656969,48.0,"[0.7791219813735953, 0.786081852656969, 0.786081852656969, 0.786081852656969, 0.786081852656969, 0.786081852656969]",True
2,XGBoost,classical,LDA,gwo,491,123,7.946168499998748,"{'max_depth': 2, 'learning_rate': 0.00575470146321621, 'subsample': 1.0}",0.7479674796747967,0.7912087912087912,0.8571428571428571,0.8228571428571428,0.684981684981685,0.3924054115375895,0.7336691086691087,20,19,12,72,ok,0.09552580001764,1,Loan Approval,0.8452671312427409,48.0,"[0.741646304619073, 0.8452671312427409, 0.8452671312427409, 0.8452671312427409, 0.8452671312427409, 0.8452671312427409]",True
3,XGBoost,classical,LDA,gwo,491,123,12.00670850003371,"{'max_depth': 4, 'learning_rate': 0.005563944461969303, 'subsample': 0.9190892681214775}",0.6910569105691057,0.7613636363636364,0.7976190476190477,0.7790697674418605,0.6295787545787546,0.2672762599169079,0.7271062271062271,18,21,17,67,ok,0.0561648999573662,1,Loan Approval,0.7877743840930491,64.0,"[0.7795567237427704, 0.7849156076493671, 0.7856260623858434, 0.7877743840930491, 0.7877743840930491, 0.7877743840930491, 0.7877743840930491, 0.7877743840930491]",True
4,XGBoost,classical,LDA,gwo,492,122,10.284847099974286,"{'max_depth': 5, 'learning_rate': 0.003965905289718367, 'subsample': 0.8917884118175023}",0.6147540983606558,0.7681159420289855,0.6309523809523809,0.6928104575163399,0.6049498746867168,0.1961014844444393,0.7095864661654135,22,16,31,53,ok,0.0690499999909661,1,Loan Approval,0.8064752053215033,56.0,"[0.7805693016960622, 0.7937848685221075, 0.8064752053215033, 0.8064752053215033, 0.8064752053215033, 0.8064752053215033, 0.8064752053215033]",True
5,XGBoost,classical,LDA,gwo,491,123,8.832886299991515,"{'max_depth': 2, 'learning_rate': 0.0013947839499779881, 'subsample': 0.8929851337681762}",0.7398373983739838,0.7623762376237624,0.9058823529411764,0.8279569892473119,0.6371517027863777,0.3307199803041764,0.6860681114551084,14,24,8,77,ok,0.0786994000081904,1,Loan Approval,0.8615025797381749,56.0,"[0.8475937949202991, 0.8475937949202991, 0.8615025797381749, 0.8615025797381749, 0.8615025797381749, 0.8615025797381749, 0.8615025797381749]",True
6,XGBoost,classical,LDA,gwo,491,123,10.987753399997018,"{'max_depth': 2, 'learning_rate': 0.0120708138104706, 'subsample': 1.0}",0.8455284552845529,0.851063829787234,0.9411764705882352,0.8938547486033519,0.7863777089783281,0.6234584873166151,0.771671826625387,24,14,5,80,ok,0.057333699951414,1,Loan Approval,0.843315404404727,64.0,"[0.8183764011265945, 0.8272054787982914, 0.8361179068049251, 0.843315404404727, 0.843315404404727, 0.843315404404727, 0.843315404404727, 0.843315404404727]",True
7,XGBoost,classical,LDA,gwo,491,123,13.551171500002964,"{'max_depth': 2, 'learning_rate': 0.005682253815493065, 'subsample': 0.9760376132195316}",0.8130081300813008,0.801980198019802,0.9642857142857144,0.8756756756756757,0.7257326007326007,0.5481812794201162,0.7957875457875457,19,20,3,81,ok,0.0439834000426344,1,Loan Approval,0.8495675763095104,96.0,"[0.7985271863569866, 0.8065807883437062, 0.8065807883437062, 0.8098701107589884, 0.8098701107589884, 0.8494428470287447, 0.8494428470287447, 0.8495675763095104, 0.8495675763095104, 0.8495675763095104, 0.8495675763095104, 0.8495675763095104]",True
8,XGBoost,classical,LDA,gwo,491,123,15.271352500014473,"{'max_depth': 2, 'learning_rate': 0.0014538998223441975, 'subsample': 0.6381126775903494}",0.7642276422764228,0.8021978021978022,0.8690476190476191,0.8342857142857143,0.7037545787545787,0.4322287330055133,0.7596153846153846,21,18,11,73,ok,0.0390533999889157,1,Loan Approval,0.8039838948929857,96.0,"[0.7857491633087706, 0.7857491633087706, 0.7863110755013428, 0.7910295205056225, 0.8024064455599724, 0.8024064455599724, 0.8024064455599724, 0.8039838948929857, 0.8039838948929857, 0.8039838948929857, 0.8039838948929857, 0.8039838948929857]",True
9,XGBoost,classical,LDA,gwo,492,122,9.619485299976075,"{'max_depth': 2, 'learning_rate': 0.001160548282998868, 'subsample': 1.0}",0.7704918032786885,0.7916666666666666,0.9047619047619048,0.8444444444444444,0.6892230576441103,0.4279698775065284,0.7418546365914787,18,20,8,76,ok,0.0494491999852471,1,Loan Approval,0.8161050473192898,64.0,"[0.7670228668201248, 0.7932352381464717, 0.8126442094322224, 0.8161050473192898, 0.8161050473192898, 0.8161050473192898, 0.8161050473192898, 0.8161050473192898]",True
10,XGBoost,classical,LDA,gwo,491,123,9.798049799981529,"{'max_depth': 2, 'learning_rate': 0.0063265618660351824, 'subsample': 0.5586705737115749}",0.7235772357723578,0.8072289156626506,0.788235294117647,0.7976190476190477,0.6835913312693498,0.3621715952263852,0.7337461300309598,22,16,18,67,ok,0.0912738000042736,1,Loan Approval,0.7958787027280178,56.0,"[0.7440852169108269, 0.7884712953206104, 0.7958787027280178, 0.7958787027280178, 0.7958787027280178, 0.7958787027280178, 0.7958787027280178]",True
11,XGBoost,classical,LDA,gwo,491,123,10.93559920002008,"{'max_depth': 2, 'learning_rate': 0.002469314656242463, 'subsample': 1.0}",0.7967479674796748,0.7884615384615384,0.9647058823529412,0.8677248677248677,0.6928792569659443,0.4932002760821373,0.7043343653250774,16,22,3,82,ok,0.0506428999942727,1,Loan Approval,0.8026873618645771,64.0,"[0.7821041966618675, 0.7821041966618675, 0.7873642439431913, 0.8026873618645771, 0.8026873618645771, 0.8026873618645771, 0.8026873618645771, 0.8026873618645771]",True
12,XGBoost,classical,LDA,gwo,491,123,11.151067600003444,"{'max_depth': 2, 'learning_rate': 0.002755464079931432, 'subsample': 1.0}",0.7642276422764228,0.8160919540229885,0.8452380952380952,0.8304093567251462,0.7174908424908425,0.4448688949389424,0.7789987789987791,23,16,13,71,ok,0.0475938000017777,1,Loan Approval,0.8584251049078634,64.0,"[0.8075769314818126, 0.8248203356108799, 0.8480665519219737, 0.8584251049078634, 0.8584251049078634, 0.8584251049078634, 0.8584251049078634, 0.8584251049078634]",True
13,XGBoost,classical,LDA,gwo,491,123,15.245321199996395,"{'max_depth': 2, 'learning_rate': 0.003238344771386049, 'subsample': 0.8269583990754109}",0.7886178861788617,0.8372093023255814,0.8571428571428571,0.8470588235294118,0.7490842490842491,0.5054731834865915,0.7922771672771672,25,14,12,72,ok,0.0390753999818116,1,Loan Approval,0.8018233362578888,96.0,"[0.7988220693412099, 0.7988220693412099, 0.7988220693412099, 0.7993840251428592, 0.8005083601413876, 0.8005083601413876, 0.8005083601413876, 0.8018233362578888, 0.8018233362578888, 0.8018233362578888, 0.8018233362578888, 0.8018233362578888]",True
14,XGBoost,classical,LDA,gwo,492,122,15.021415500028525,"{'max_depth': 3, 'learning_rate': 0.006234676520240237, 'subsample': 1.0}",0.7213114754098361,0.7604166666666666,0.8690476190476191,0.8111111111111111,0.6318922305764412,0.2983035073348484,0.6712092731829575,15,23,11,73,ok,0.0412832000292837,1,Loan Approval,0.8659377682126652,96.0,"[0.8469603173812433, 0.8469603173812433, 0.8469603173812433, 0.8469603173812433, 0.8489066378624722, 0.8513953660522614, 0.8643894695683131, 0.8643894695683131, 0.8659377682126652, 0.8659377682126652, 0.8659377682126652, 0.8659377682126652]",False
0,VQC,quantum,LDA,gwo,491,123,800.2588445000001,"{'n_layers': 2, 'learning_rate': 0.0033062044590302575, 'map_reps': 1, 'feature_map': 'angle', 'entanglement': 'full', 'init_scale': 0.34706221192885833}",0.7642276422764228,0.7692307692307693,0.9411764705882352,0.8465608465608465,0.6547987616099071,0.3958268668395965,0.751702786377709,14,24,5,80,ok,2.3920079999952577,1,Loan Approval,0.8738366323067518,88.0,"[0.8443197550702622, 0.8491482790973458, 0.8491482790973458, 0.8646807459631979, 0.8646807459631979, 0.8646807459631979, 0.8738366323067518, 0.8738366323067518, 0.8738366323067518, 0.8738366323067518, 0.8738366323067518]",True
1,VQC,quantum,LDA,gwo,491,123,749.8994679999887,"{'n_layers': 2, 'learning_rate': 0.002849150335773933, 'map_reps': 1, 'feature_map': 'angle', 'entanglement': 'full', 'init_scale': 0.14503821426445956}",0.7886178861788617,0.8172043010752689,0.8941176470588236,0.8539325842696629,0.723374613003096,0.4806876545038886,0.74984520123839,21,17,9,76,ok,2.844086099998094,1,Loan Approval,0.870761154855643,80.0,"[0.8151263332297815, 0.8151263332297815, 0.8151263332297815, 0.8519104125751715, 0.8519104125751715, 0.870761154855643, 0.870761154855643, 0.870761154855643, 0.870761154855643, 0.870761154855643]",True
2,VQC,quantum,LDA,gwo,491,123,859.252078999998,"{'n_layers': 4, 'learning_rate': 0.0012666771581146543, 'map_reps': 1, 'feature_map': 'angle', 'entanglement': 'linear', 'init_scale': 0.3100383148938532}",0.7804878048780488,0.7714285714285715,0.9642857142857144,0.8571428571428571,0.6744505494505495,0.459349641498663,0.6321733821733821,15,24,3,81,ok,3.124123200017493,1,Loan Approval,0.8756406368882003,72.0,"[0.832890499194847, 0.870139284163912, 0.870139284163912, 0.8752958971450179, 0.8756406368882003, 0.8756406368882003, 0.8756406368882003, 0.8756406368882003, 0.8756406368882003]",True
3,VQC,quantum,LDA,gwo,491,123,1002.2516204999991,"{'n_layers': 5, 'learning_rate': 0.0011814413549337132, 'map_reps': 1, 'feature_map': 'angle', 'entanglement': 'circular', 'init_scale': 0.09938943613957751}",0.8211382113821138,0.81,0.9642857142857144,0.8804347826086957,0.7385531135531136,0.5694074085768364,0.7963980463980463,20,19,3,81,ok,3.105834499991033,1,Loan Approval,0.8717382423984086,96.0,"[0.8154868420709901, 0.8368176138440169, 0.8625631839566797, 0.8667552294197032, 0.8667552294197032, 0.8706820903125082, 0.8706820903125082, 0.8717382423984086, 0.8717382423984086, 0.8717382423984086, 0.8717382423984086, 0.8717382423984086]",True
4,VQC,quantum,LDA,gwo,492,122,918.8402505000122,"{'n_layers': 3, 'learning_rate': 0.0013032922993051704, 'map_reps': 1, 'feature_map': 'angle', 'entanglement': 'circular', 'init_scale': 0.32313215436206605}",0.8032786885245902,0.7830188679245284,0.988095238095238,0.8736842105263158,0.6914160401002507,0.525202567616779,0.7697368421052632,15,23,1,83,ok,2.509236800018698,1,Loan Approval,0.8743313970999527,96.0,"[0.8339230378008969, 0.8339230378008969, 0.8339230378008969, 0.8521533052039381, 0.8554970812752583, 0.8556596804316249, 0.8556596804316249, 0.8606044106784848, 0.8676567769130998, 0.8731249999999999, 0.8743313970999527, 0.8743313970999527]",False
5,VQC,quantum,LDA,gwo,491,123,712.0651501999819,"{'n_layers': 3, 'learning_rate': 0.0019164852513159933, 'map_reps': 1, 'feature_map': 'angle', 'entanglement': 'linear', 'init_scale': 0.03537994411591268}",0.7886178861788617,0.780952380952381,0.9647058823529412,0.8631578947368421,0.6797213622291022,0.469894169721876,0.7256965944272447,15,23,3,82,ok,3.580635400023312,1,Loan Approval,0.8777290058399315,72.0,"[0.8422958642938485, 0.876227112147885, 0.876227112147885, 0.876227112147885, 0.8777290058399315, 0.8777290058399315, 0.8777290058399315, 0.8777290058399315, 0.8777290058399315]",True
6,VQC,quantum,LDA,gwo,491,123,940.41233859997,"{'n_layers': 4, 'learning_rate': 0.0016351480693511916, 'map_reps': 1, 'feature_map': 'angle', 'entanglement': 'linear', 'init_scale': 0.4025322367027911}",0.7723577235772358,0.7663551401869159,0.9647058823529412,0.8541666666666666,0.653405572755418,0.4214252112125984,0.6842105263157895,13,25,3,82,ok,2.8155353000038303,1,Loan Approval,0.8723698247396494,96.0,"[0.8281148736069798, 0.8583647206989998, 0.8591350381545474, 0.8591350381545474, 0.8591350381545474, 0.8591350381545474, 0.8636893308142565, 0.8662492885600455, 0.8723698247396494, 0.8723698247396494, 0.8723698247396494, 0.8723698247396494]",False
7,VQC,quantum,LDA,gwo,491,123,1041.0897027999745,"{'n_layers': 6, 'learning_rate': 0.0010272754536801627, 'map_reps': 1, 'feature_map': 'angle', 'entanglement': 'circular', 'init_scale': 0.30388614905144423}",0.8048780487804879,0.8125,0.9285714285714286,0.8666666666666667,0.7335164835164836,0.5250515993016133,0.7597680097680097,21,18,6,78,ok,3.3797347000218,1,Loan Approval,0.8650004572553781,96.0,"[0.8352368599495135, 0.8352368599495135, 0.8352368599495135, 0.8441559932339414, 0.8626061130075459, 0.8626061130075459, 0.8634320087324547, 0.8650004572553781, 0.8650004572553781, 0.8650004572553781, 0.8650004572553781, 0.8650004572553781]",True
8,VQC,quantum,LDA,gwo,491,123,844.3150363999885,"{'n_layers': 3, 'learning_rate': 0.001739517598587317, 'map_reps': 1, 'feature_map': 'angle', 'entanglement': 'circular', 'init_scale': 0.2268073098466075}",0.8130081300813008,0.801980198019802,0.9642857142857144,0.8756756756756757,0.7257326007326007,0.5481812794201162,0.724053724053724,19,20,3,81,ok,2.73664259997895,1,Loan Approval,0.8774691207077376,96.0,"[0.8442200170165477, 0.8442200170165477, 0.8442200170165477, 0.8715058661145617, 0.8715058661145617, 0.8726441690418826, 0.8751569097341093, 0.8751569097341093, 0.8774691207077376, 0.8774691207077376, 0.8774691207077376, 0.8774691207077376]",False
9,VQC,quantum,LDA,gwo,492,122,510.7427239999524,"{'n_layers': 3, 'learning_rate': 0.0018516206469500669, 'map_reps': 1, 'feature_map': 'angle', 'entanglement': 'linear', 'init_scale': 0.2089761200158356}",0.819672131147541,0.8163265306122449,0.9523809523809524,0.8791208791208791,0.7393483709273183,0.5576648278172783,0.8104636591478698,20,18,4,80,ok,4.846182800014503,1,Loan Approval,0.8686056237197071,56.0,"[0.8673308898527208, 0.8673308898527208, 0.8686056237197071, 0.8686056237197071, 0.8686056237197071, 0.8686056237197071, 0.8686056237197071]",True
10,VQC,quantum,LDA,gwo,491,123,782.3399147000164,"{'n_layers': 2, 'learning_rate': 0.003299923767801979, 'map_reps': 1, 'feature_map': 'angle', 'entanglement': 'linear', 'init_scale': 0.07828748867362813}",0.7723577235772358,0.7821782178217822,0.9294117647058824,0.8494623655913979,0.6752321981424149,0.4225451667091734,0.6990712074303406,16,22,6,79,ok,2.4101714999997057,1,Loan Approval,0.8779120918812627,96.0,"[0.8710091591857627, 0.8741383291667922, 0.8741383291667922, 0.8746467018996125, 0.8746467018996125, 0.8761198379157132, 0.8761198379157132, 0.8770070480837197, 0.8779120918812627, 0.8779120918812627, 0.8779120918812627, 0.8779120918812627]",False
11,VQC,quantum,LDA,gwo,491,123,696.7691187000019,"{'n_layers': 1, 'learning_rate': 0.0044088464360289075, 'map_reps': 1, 'feature_map': 'angle', 'entanglement': 'linear', 'init_scale': 0.4516914376036684}",0.8130081300813008,0.7870370370370371,1.0,0.8808290155440415,0.6973684210526316,0.5573800450499489,0.6133126934984521,15,23,0,85,ok,2.4599475999712013,1,Loan Approval,0.8670278884462151,72.0,"[0.8449256575570746, 0.8449256575570746, 0.8449256575570746, 0.8595884474030927, 0.8670278884462151, 0.8670278884462151, 0.8670278884462151, 0.8670278884462151, 0.8670278884462151]",True
12,VQC,quantum,LDA,gwo,491,123,684.0083851999952,"{'n_layers': 6, 'learning_rate': 0.49999999999999994, 'map_reps': 1, 'feature_map': 'angle', 'entanglement': 'circular', 'init_scale': 0.3036952672240124}",0.8048780487804879,0.7941176470588235,0.9642857142857144,0.8709677419354839,0.7129120879120879,0.5266141542424756,0.6788766788766789,18,21,3,81,ok,7.163558100000955,1,Loan Approval,0.8590204527330724,56.0,"[0.7828384906645777, 0.813493558096345, 0.8590204527330724, 0.8590204527330724, 0.8590204527330724, 0.8590204527330724, 0.8590204527330724]",True
13,VQC,quantum,LDA,gwo,491,123,609.1192977000028,"{'n_layers': 5, 'learning_rate': 0.0021608075608158354, 'map_reps': 1, 'feature_map': 'angle', 'entanglement': 'circular', 'init_scale': 0.12524333010598387}",0.8048780487804879,0.8,0.9523809523809524,0.8695652173913043,0.7197802197802198,0.5245979963855689,0.7982295482295483,19,20,4,80,ok,6.051303200016264,1,Loan Approval,0.8731436925310819,48.0,"[0.8729213568287538, 0.8731436925310819, 0.8731436925310819, 0.8731436925310819, 0.8731436925310819, 0.8731436925310819]",True
14,VQC,quantum,LDA,gwo,492,122,759.0369119999814,"{'n_layers': 2, 'learning_rate': 0.002450372042382028, 'map_reps': 1, 'feature_map': 'angle', 'entanglement': 'linear', 'init_scale': 0.47890200245044307}",0.7704918032786885,0.8181818181818182,0.8571428571428571,0.8372093023255814,0.7180451127819549,0.4504296797340828,0.8251879699248121,22,16,12,72,ok,2.471510200004559,1,Loan Approval,0.8768418939909046,93.0,"[0.8004419264508952, 0.839557022016116, 0.8459797310025241, 0.8459797310025241, 0.848523946933593, 0.8697190912440544, 0.8697190912440544, 0.8725206024438762, 0.8725206024438762, 0.8768418939909046, 0.8768418939909046, 0.8768418939909046]",False
0,QNN,quantum,LDA,gwo,491,123,642.7539854000206,"{'n_layers': 1, 'learning_rate': 0.004412264863231761, 'feature_map': 'angle', 'entanglement': 'circular', 'init_scale': 0.03669761757630749}",0.8048780487804879,0.7798165137614679,1.0,0.8762886597938144,0.6842105263157895,0.5360044970515528,0.7157894736842105,14,24,0,85,ok,1.65959880000446,1,Loan Approval,0.8723292118605656,96.0,"[0.8700109840642853, 0.8700109840642853, 0.8700109840642853, 0.8708177898283508, 0.8708177898283508, 0.8708177898283508, 0.8719693257282605, 0.8719693257282605, 0.8723292118605656, 0.8723292118605656, 0.8723292118605656, 0.8723292118605656]",False
1,QNN,quantum,LDA,gwo,491,123,514.4066160999937,"{'n_layers': 2, 'learning_rate': 0.005025508030951973, 'feature_map': 'angle', 'entanglement': 'linear', 'init_scale': 0.463575618293971}",0.7967479674796748,0.8333333333333334,0.8823529411764706,0.8571428571428571,0.7438080495356036,0.5085118434825328,0.8126934984520124,23,15,10,75,ok,3.0880529999849387,1,Loan Approval,0.8618111559139785,40.0,"[0.8618111559139785, 0.8618111559139785, 0.8618111559139785, 0.8618111559139785, 0.8618111559139785]",True
2,QNN,quantum,LDA,gwo,491,123,517.4667670000345,"{'n_layers': 3, 'learning_rate': 0.0044125264473285596, 'feature_map': 'angle', 'entanglement': 'circular', 'init_scale': 0.3146293784936771}",0.7560975609756098,0.8,0.8571428571428571,0.8275862068965517,0.6978021978021978,0.4154845034744047,0.7332112332112332,21,18,12,72,ok,4.206792599987239,1,Loan Approval,0.8738114197178933,56.0,"[0.8634397396309069, 0.8715612532037653, 0.8738114197178933, 0.8738114197178933, 0.8738114197178933, 0.8738114197178933, 0.8738114197178933]",True
3,QNN,quantum,LDA,gwo,491,123,623.8069231999689,"{'n_layers': 6, 'learning_rate': 0.20937106779786177, 'feature_map': 'zz', 'entanglement': 'circular', 'init_scale': 0.3203102357770448}",0.5203252032520326,0.9310344827586208,0.3214285714285714,0.4778761061946903,0.63507326007326,0.2961477234007509,0.7512210012210012,37,2,57,27,ok,6.09624680003617,1,Loan Approval,0.8618529911956943,48.0,"[0.824647534151257, 0.8618529911956943, 0.8618529911956943, 0.8618529911956943, 0.8618529911956943, 0.8618529911956943]",True
4,QNN,quantum,LDA,gwo,492,122,754.2979891999858,"{'n_layers': 1, 'learning_rate': 0.003852960757423465, 'feature_map': 'angle', 'entanglement': 'circular', 'init_scale': 0.2602608133894007}",0.7786885245901639,0.7714285714285715,0.9642857142857144,0.8571428571428571,0.6663533834586466,0.4449118418741724,0.680451127819549,14,24,3,81,ok,1.215937800006941,1,Loan Approval,0.868353910090207,72.0,"[0.8146010573867443, 0.8146010573867443, 0.8162113633448763, 0.8484201054468832, 0.868353910090207, 0.868353910090207, 0.868353910090207, 0.868353910090207, 0.868353910090207]",True
5,QNN,quantum,LDA,gwo,491,123,511.08248859999,"{'n_layers': 2, 'learning_rate': 0.4188650787357164, 'feature_map': 'angle', 'entanglement': 'linear', 'init_scale': 0.44134317616595925}",0.5691056910569106,0.8333333333333334,0.4705882352941176,0.6015037593984962,0.6300309597523219,0.2463353700772254,0.7572755417956656,30,8,45,40,ok,3.601817400020081,1,Loan Approval,0.8415405046480743,48.0,"[0.8220157258769379, 0.8415405046480743, 0.8415405046480743, 0.8415405046480743, 0.8415405046480743, 0.8415405046480743]",True
6,QNN,quantum,LDA,gwo,491,123,527.1971665999736,"{'n_layers': 3, 'learning_rate': 0.36755001486030336, 'feature_map': 'zz', 'entanglement': 'linear', 'init_scale': 0.07153465563936391}",0.3089430894308943,0.0,0.0,0.0,0.5,0.0,0.7182662538699691,38,0,85,0,ok,4.212775300024077,1,Loan Approval,0.8648320197889562,48.0,"[0.8098684217981713, 0.8648320197889562, 0.8648320197889562, 0.8648320197889562, 0.8648320197889562, 0.8648320197889562]",True
7,QNN,quantum,LDA,gwo,491,123,686.6455879000132,"{'n_layers': 5, 'learning_rate': 0.11745140948680284, 'feature_map': 'angle', 'entanglement': 'linear', 'init_scale': 0.01}",0.7479674796747967,0.8354430379746836,0.7857142857142857,0.8098159509202454,0.7261904761904762,0.4391737493453911,0.8153235653235653,26,13,18,66,ok,4.647345200006384,1,Loan Approval,0.8381134399809521,48.0,"[0.83346193538144, 0.8381134399809521, 0.8381134399809521, 0.8381134399809521, 0.8381134399809521, 0.8381134399809521]",True
8,QNN,quantum,LDA,gwo,491,123,740.2897215000121,"{'n_layers': 2, 'learning_rate': 0.0021580600960791904, 'feature_map': 'zz', 'entanglement': 'linear', 'init_scale': 0.3370265934413218}",0.7723577235772358,0.7692307692307693,0.9523809523809524,0.851063829787234,0.6684981684981685,0.4339139940970527,0.6312576312576312,15,24,4,80,ok,1.94435100001283,1,Loan Approval,0.8719834817395792,96.0,"[0.8344316778051718, 0.8344316778051718, 0.8344316778051718, 0.8448123103478352, 0.8577287014061207, 0.8577287014061207, 0.8577287014061207, 0.8577287014061207, 0.8719834817395792, 0.8719834817395792, 0.8719834817395792, 0.8719834817395792]",False
9,QNN,quantum,LDA,gwo,492,122,653.2384327999898,"{'n_layers': 3, 'learning_rate': 0.006639420189503235, 'feature_map': 'angle', 'entanglement': 'linear', 'init_scale': 0.29030143467714653}",0.7704918032786885,0.7916666666666666,0.9047619047619048,0.8444444444444444,0.6892230576441103,0.4279698775065284,0.6983082706766918,18,20,8,76,ok,3.0466595999896526,1,Loan Approval,0.871642582949344,64.0,"[0.8153309781633779, 0.8340627552101703, 0.8340627552101703, 0.871642582949344, 0.871642582949344, 0.871642582949344, 0.871642582949344, 0.871642582949344]",True
10,QNN,quantum,LDA,gwo,491,123,482.57358630001545,"{'n_layers': 1, 'learning_rate': 0.005693454924160353, 'feature_map': 'angle', 'entanglement': 'linear', 'init_scale': 0.01}",0.8130081300813008,0.8369565217391305,0.9058823529411764,0.8700564971751412,0.7555727554179567,0.5439651182993263,0.7671826625386996,23,15,8,77,ok,2.605898800014984,1,Loan Approval,0.8749066205053496,64.0,"[0.8435948255739777, 0.8502666561580496, 0.8732663797226207, 0.8749066205053496, 0.8749066205053496, 0.8749066205053496, 0.8749066205053496, 0.8749066205053496]",True
11,QNN,quantum,LDA,gwo,491,123,502.7621957999654,"{'n_layers': 1, 'learning_rate': 0.0027168609270591714, 'feature_map': 'angle', 'entanglement': 'circular', 'init_scale': 0.01}",0.8536585365853658,0.8252427184466019,1.0,0.9042553191489362,0.763157894736842,0.6590434529426967,0.7185758513931889,20,18,0,85,ok,2.514780300029088,1,Loan Approval,0.8494641715127825,48.0,"[0.8326960045053727, 0.8494641715127825, 0.8494641715127825, 0.8494641715127825, 0.8494641715127825, 0.8494641715127825]",True
12,QNN,quantum,LDA,gwo,491,123,694.012808599975,"{'n_layers': 4, 'learning_rate': 0.49999999999999994, 'feature_map': 'angle', 'entanglement': 'linear', 'init_scale': 0.28649591243995043}",0.7073170731707317,0.7857142857142857,0.7857142857142857,0.7857142857142857,0.6620879120879121,0.3241758241758242,0.7518315018315018,21,18,18,66,ok,3.849045099981595,1,Loan Approval,0.8527536231884058,56.0,"[0.8290777275331127, 0.8513066301494921, 0.8527536231884058, 0.8527536231884058, 0.8527536231884058, 0.8527536231884058, 0.8527536231884058]",True
13,QNN,quantum,LDA,gwo,491,123,608.2891462999978,"{'n_layers': 3, 'learning_rate': 0.004317070468560273, 'feature_map': 'angle', 'entanglement': 'linear', 'init_scale': 0.1410123145324234}",0.7723577235772358,0.7692307692307693,0.9523809523809524,0.851063829787234,0.6684981684981685,0.4339139940970527,0.7335164835164835,15,24,4,80,ok,3.6564793999423273,1,Loan Approval,0.8808771155313169,64.0,"[0.8636695596271294, 0.8636695596271294, 0.8636695596271294, 0.8808162746806039, 0.8808162746806039, 0.8808162746806039, 0.8808771155313169, 0.8808771155313169]",True
14,QNN,quantum,LDA,gwo,492,122,632.8802596000023,"{'n_layers': 5, 'learning_rate': 0.22989904625244378, 'feature_map': 'angle', 'entanglement': 'linear', 'init_scale': 0.20135674746059218}",0.7295081967213115,0.7931034482758621,0.8214285714285714,0.8070175438596491,0.6738721804511278,0.3560392593809378,0.7459273182957393,20,18,15,69,ok,5.022161700006109,1,Loan Approval,0.8578541566115038,48.0,"[0.8204009191677365, 0.8578541566115038, 0.8578541566115038, 0.8578541566115038, 0.8578541566115038, 0.8578541566115038]",True
0,QSVC,quantum,LDA,gwo,491,123,179.07344020000892,"{'C': 0.08217407898471835, 'map_reps': 1, 'scale': 0.25, 'entanglement': 'full'}",0.8455284552845529,0.8235294117647058,0.9882352941176472,0.8983957219251337,0.7572755417956656,0.6318587806154892,0.7885448916408668,20,18,1,84,ok,0.4729172000079416,1,Loan Approval,0.8574378423227681,96.0,"[0.8214640583760285, 0.8397550997357323, 0.8397550997357323, 0.8430171277997366, 0.8542419840548526, 0.8555114375165513, 0.8555114375165513, 0.8558631338241506, 0.8570584570353295, 0.8574378423227681, 0.8574378423227681, 0.8574378423227681]",False
1,QSVC,quantum,LDA,gwo,491,123,154.49854770000093,"{'C': 0.08326252827959325, 'map_reps': 1, 'scale': 0.25, 'entanglement': 'linear'}",0.7967479674796748,0.7727272727272727,1.0,0.8717948717948718,0.6710526315789473,0.5141537386673815,0.7278637770897832,13,25,0,85,ok,0.5652418999816291,1,Loan Approval,0.8558845106394863,72.0,"[0.8324047851606907, 0.8368627972136394, 0.8368627972136394, 0.8368627972136394, 0.8558845106394863, 0.8558845106394863, 0.8558845106394863, 0.8558845106394863, 0.8558845106394863]",True
2,QSVC,quantum,LDA,gwo,491,123,103.5455246999627,"{'C': 41.590019574428474, 'map_reps': 1, 'scale': 0.25, 'entanglement': 'circular'}",0.8048780487804879,0.7884615384615384,0.9761904761904762,0.8723404255319149,0.706043956043956,0.5306013514773743,0.7860195360195359,17,22,2,82,ok,0.9343695000279696,1,Loan Approval,0.86761288877691,56.0,"[0.8615824414900447, 0.8663961419155637, 0.86761288877691, 0.86761288877691, 0.86761288877691, 0.86761288877691, 0.86761288877691]",True
3,QSVC,quantum,LDA,gwo,491,123,147.4990872000344,"{'C': 0.010000000000000004, 'map_reps': 1, 'scale': 0.26987330103786805, 'entanglement': 'full'}",0.8292682926829268,0.8247422680412371,0.9523809523809524,0.8839779005524862,0.7582417582417582,0.5886482687094251,0.2667887667887668,22,17,4,80,ok,0.6010133000090718,1,Loan Approval,0.863917738808481,80.0,"[0.8413637209375978, 0.8413637209375978, 0.8427160386912709, 0.8437041546416547, 0.8560163235110506, 0.863917738808481, 0.863917738808481, 0.863917738808481, 0.863917738808481, 0.863917738808481]",True
4,QSVC,quantum,LDA,gwo,492,122,120.57059099996695,"{'C': 0.031240886631650613, 'map_reps': 1, 'scale': 0.25, 'entanglement': 'linear'}",0.7704918032786885,0.7545454545454545,0.988095238095238,0.8556701030927835,0.6387844611528822,0.4316336700529913,0.6477130325814536,11,27,1,83,ok,0.830943200038746,1,Loan Approval,0.8619639628306389,64.0,"[0.8568687662281668, 0.8592701245146542, 0.8603934601525802, 0.8619639628306389, 0.8619639628306389, 0.8619639628306389, 0.8619639628306389, 0.8619639628306389]",True
5,QSVC,quantum,LDA,gwo,491,123,147.0336110999924,"{'C': 0.04020628650513518, 'map_reps': 1, 'scale': 0.25, 'entanglement': 'circular'}",0.8048780487804879,0.7850467289719626,0.9882352941176472,0.875,0.6914860681114552,0.5260373221695098,0.7222910216718267,15,23,1,84,ok,0.6340362000046298,1,Loan Approval,0.8620926651972008,71.0,"[0.8541295262350214, 0.8552801538500842, 0.8552801538500842, 0.8573026500175752, 0.8620926651972008, 0.8620926651972008, 0.8620926651972008, 0.8620926651972008, 0.8620926651972008]",True
6,QSVC,quantum,LDA,gwo,491,123,175.53858680004487,"{'C': 0.03195302362883918, 'map_reps': 3, 'scale': 0.2751502544803644, 'entanglement': 'full'}",0.8130081300813008,0.8229166666666666,0.9294117647058824,0.8729281767955801,0.7410216718266254,0.5381085006891564,0.7848297213622291,21,17,6,79,ok,0.9010999000165612,1,Loan Approval,0.8664307376579033,72.0,"[0.820272397448636, 0.8488555659963183, 0.8523497267759562, 0.8633123217000632, 0.8664307376579033, 0.8664307376579033, 0.8664307376579033, 0.8664307376579033, 0.8664307376579033]",True
7,QSVC,quantum,LDA,gwo,491,123,83.95585750002647,"{'C': 30.366733789971516, 'map_reps': 1, 'scale': 0.25, 'entanglement': 'circular'}",0.7560975609756098,0.75,0.9642857142857144,0.84375,0.635989010989011,0.3867659655242587,0.6794871794871795,12,27,3,81,ok,0.7097481999662705,1,Loan Approval,0.881780400384649,40.0,"[0.8817408417353189, 0.8817408417353189, 0.881780400384649, 0.881780400384649, 0.881780400384649]",True
8,QSVC,quantum,LDA,gwo,491,123,106.01596009999048,"{'C': 0.037360807869663344, 'map_reps': 1, 'scale': 0.25, 'entanglement': 'circular'}",0.8292682926829268,0.8058252427184466,0.988095238095238,0.8877005347593583,0.7376373626373627,0.5993535138703303,0.8064713064713065,19,20,1,83,ok,0.8073851999943145,1,Loan Approval,0.8578126655798989,56.0,"[0.8418237113173083, 0.8418237113173083, 0.8578126655798989, 0.8578126655798989, 0.8578126655798989, 0.8578126655798989, 0.8578126655798989]",True
9,QSVC,quantum,LDA,gwo,492,122,169.49426340003265,"{'C': 0.05227393785601656, 'map_reps': 1, 'scale': 0.33235056695755405, 'entanglement': 'full'}",0.8278688524590164,0.8058252427184466,0.988095238095238,0.8877005347593583,0.7308897243107769,0.5897536390404527,0.8026315789473684,18,20,1,83,ok,0.5384838999598287,1,Loan Approval,0.8726456235981255,96.0,"[0.870106105283971, 0.870106105283971, 0.870106105283971, 0.870106105283971, 0.8704673932756614, 0.871940529291762, 0.871940529291762, 0.871940529291762, 0.8726456235981255, 0.8726456235981255, 0.8726456235981255, 0.8726456235981255]",False
10,QSVC,quantum,LDA,gwo,491,123,137.27433169999858,"{'C': 0.015068958443395371, 'map_reps': 1, 'scale': 0.49435704215672516, 'entanglement': 'circular'}",0.7804878048780488,0.7959183673469388,0.9176470588235294,0.8524590163934426,0.6956656346749226,0.4493272633335054,0.6900928792569659,18,20,7,78,ok,0.6422006000066176,1,Loan Approval,0.8604278358351832,72.0,"[0.8539457267623206, 0.8539457267623206, 0.8573179686709379, 0.8573179686709379, 0.8604278358351832, 0.8604278358351832, 0.8604278358351832, 0.8604278358351832, 0.8604278358351832]",True
11,QSVC,quantum,LDA,gwo,491,123,127.06577190000098,"{'C': 100.00000000000013, 'map_reps': 1, 'scale': 0.3292755347421316, 'entanglement': 'circular'}",0.8048780487804879,0.7850467289719626,0.9882352941176472,0.875,0.6914860681114552,0.5260373221695098,0.7452012383900928,15,23,1,84,ok,0.705265500000678,1,Loan Approval,0.8694714020824419,64.0,"[0.8663206681046404, 0.8663206681046404, 0.8663206681046404, 0.8694714020824419, 0.8694714020824419, 0.8694714020824419, 0.8694714020824419, 0.8694714020824419]",True
12,QSVC,quantum,LDA,gwo,491,123,125.63431480003057,"{'C': 0.030937314842925154, 'map_reps': 1, 'scale': 0.25, 'entanglement': 'linear'}",0.7967479674796748,0.8041237113402062,0.9285714285714286,0.861878453038674,0.7206959706959707,0.5030646551736576,0.7678571428571429,20,19,6,78,ok,0.7371600999613293,1,Loan Approval,0.8785032667137931,64.0,"[0.8678929895575279, 0.8678929895575279, 0.8678929895575279, 0.8785032667137931, 0.8785032667137931, 0.8785032667137931, 0.8785032667137931, 0.8785032667137931]",True
13,QSVC,quantum,LDA,gwo,491,123,116.0410407000454,"{'C': 25.206773887967802, 'map_reps': 1, 'scale': 0.4315156766088927, 'entanglement': 'linear'}",0.7723577235772358,0.7692307692307693,0.9523809523809524,0.851063829787234,0.6684981684981685,0.4339139940970527,0.7704517704517704,15,24,4,80,ok,0.8270854999427684,1,Loan Approval,0.8743380047829697,64.0,"[0.869602529358627, 0.8707860922146636, 0.8723766869587853, 0.8743380047829697, 0.8743380047829697, 0.8743380047829697, 0.8743380047829697, 0.8743380047829697]",True
14,QSVC,quantum,LDA,gwo,492,122,180.7777998999809,"{'C': 0.02722298148729031, 'map_reps': 3, 'scale': 0.29531728986743494, 'entanglement': 'circular'}",0.7950819672131147,0.7920792079207921,0.9523809523809524,0.8648648648648649,0.699874686716792,0.4903982353957169,0.7139724310776943,17,21,4,80,ok,0.8545756000094116,1,Loan Approval,0.8708939343029489,72.0,"[0.8401258178272158, 0.8662994091776436, 0.8678432188248345, 0.8689875812206544, 0.8708939343029489, 0.8708939343029489, 0.8708939343029489, 0.8708939343029489, 0.8708939343029489]",True
0,QDT,quantum,LDA,gwo,491,123,2.7208759000059217,"{'max_depth': 2, 'min_samples_split': 2, 'map_reps': 3, 'entanglement': 'circular'}",0.4634146341463415,0.8064516129032258,0.2941176470588235,0.4310344827586206,0.5681114551083591,0.1449695045740179,0.5185758513931888,32,6,60,25,ok,0.0336629999801516,1,Loan Approval,0.7525573484625209,33.0,"[0.7035073466185264, 0.7525573484625209, 0.7525573484625209, 0.7525573484625209, 0.7525573484625209, 0.7525573484625209]",True
1,QDT,quantum,LDA,gwo,491,123,3.5630571000510827,"{'max_depth': 12, 'min_samples_split': 12, 'map_reps': 1, 'entanglement': 'circular'}",0.5447154471544715,0.7301587301587301,0.5411764705882353,0.6216216216216216,0.5469040247678019,0.0867152473873035,0.5741486068111454,21,17,39,46,ok,0.0300629999837838,1,Loan Approval,0.6450037417779353,46.0,"[0.6296190627688634, 0.6450037417779353, 0.6450037417779353, 0.6450037417779353, 0.6450037417779353, 0.6450037417779353]",True
2,QDT,quantum,LDA,gwo,491,123,2.7008144999854267,"{'max_depth': 3, 'min_samples_split': 3, 'map_reps': 1, 'entanglement': 'linear'}",0.4390243902439024,0.6923076923076923,0.3214285714285714,0.4390243902439024,0.5068681318681318,0.0137362637362637,0.5528083028083028,27,12,57,27,ok,0.0315580000169575,1,Loan Approval,0.768651394213164,36.0,"[0.768651394213164, 0.768651394213164, 0.768651394213164, 0.768651394213164, 0.768651394213164]",True
3,QDT,quantum,LDA,gwo,491,123,3.255432699981611,"{'max_depth': 2, 'min_samples_split': 7, 'map_reps': 1, 'entanglement': 'linear'}",0.3170731707317073,0.5,0.0238095238095238,0.0454545454545454,0.4862637362637362,-0.0720720850710334,0.4987789987789987,37,2,82,2,ok,0.030767599993851,1,Loan Approval,0.6772129762113948,43.0,"[0.5674322440864263, 0.6676254278644285, 0.6772129762113948, 0.6772129762113948, 0.6772129762113948, 0.6772129762113948, 0.6772129762113948]",True
4,QDT,quantum,LDA,gwo,492,122,3.3408271000371315,"{'max_depth': 2, 'min_samples_split': 24, 'map_reps': 3, 'entanglement': 'circular'}",0.5409836065573771,0.6794871794871795,0.6309523809523809,0.654320987654321,0.4865288220551378,-0.0259832439199313,0.4793233082706767,13,25,31,53,ok,0.0323869999847374,1,Loan Approval,0.7178031503706389,40.0,"[0.7178031503706389, 0.7178031503706389, 0.7178031503706389, 0.7178031503706389, 0.7178031503706389]",True
5,QDT,quantum,LDA,gwo,491,123,4.686210799962282,"{'max_depth': 12, 'min_samples_split': 25, 'map_reps': 1, 'entanglement': 'full'}",0.5447154471544715,0.7735849056603774,0.4823529411764706,0.5942028985507246,0.58328173374613,0.1554154032811572,0.604953560371517,26,12,44,41,ok,0.0242000999860465,1,Loan Approval,0.6555951985436029,69.0,"[0.5953877183440969, 0.6186154896593486, 0.6343094667315553, 0.6533275734273871, 0.6533275734273871, 0.6533275734273871, 0.6555951985436029, 0.6555951985436029, 0.6555951985436029, 0.6555951985436029, 0.6555951985436029]",True
6,QDT,quantum,LDA,gwo,491,123,3.4294525000150315,"{'max_depth': 2, 'min_samples_split': 21, 'map_reps': 1, 'entanglement': 'circular'}",0.3821138211382114,0.6956521739130435,0.188235294117647,0.2962962962962963,0.5020123839009287,0.0047695584256529,0.4657894736842105,31,7,69,16,ok,0.0312973000109195,1,Loan Approval,0.7345346856392867,44.0,"[0.636677337350532, 0.7345346856392867, 0.7345346856392867, 0.7345346856392867, 0.7345346856392867, 0.7345346856392867]",True
7,QDT,quantum,LDA,gwo,491,123,3.0613623000099324,"{'max_depth': 10, 'min_samples_split': 32, 'map_reps': 3, 'entanglement': 'linear'}",0.5203252032520326,0.6865671641791045,0.5476190476190477,0.609271523178808,0.5045787545787546,0.008556928306835,0.4445970695970696,18,21,38,46,ok,0.0340763999847695,1,Loan Approval,0.6272607457293623,44.0,"[0.6190690330165433, 0.6190690330165433, 0.6272607457293623, 0.6272607457293623, 0.6272607457293623, 0.6272607457293623, 0.6272607457293623]",True
8,QDT,quantum,LDA,gwo,491,123,2.69156499998644,"{'max_depth': 2, 'min_samples_split': 27, 'map_reps': 1, 'entanglement': 'circular'}",0.4146341463414634,0.7727272727272727,0.2023809523809523,0.320754716981132,0.5370879120879121,0.0900662954016823,0.5315934065934066,34,5,67,17,ok,0.0432973999995738,1,Loan Approval,0.5721510605207913,32.0,"[0.5721510605207913, 0.5721510605207913, 0.5721510605207913, 0.5721510605207913, 0.5721510605207913]",True
9,QDT,quantum,LDA,gwo,492,122,4.296173100010492,"{'max_depth': 6, 'min_samples_split': 16, 'map_reps': 1, 'entanglement': 'full'}",0.5327868852459017,0.7368421052631579,0.5,0.5957446808510638,0.5526315789473684,0.0977043117667909,0.5560776942355891,23,15,42,42,ok,0.0263092000386677,1,Loan Approval,0.7260936070206953,64.0,"[0.7206159877486574, 0.7206159877486574, 0.7259033637811249, 0.7259033637811249, 0.7259033637811249, 0.7260936070206953, 0.7260936070206953, 0.7260936070206953, 0.7260936070206953, 0.7260936070206953]",True
10,QDT,quantum,LDA,gwo,491,123,3.761710899998434,"{'max_depth': 9, 'min_samples_split': 7, 'map_reps': 1, 'entanglement': 'linear'}",0.5121951219512195,0.7777777777777778,0.4117647058823529,0.5384615384615384,0.5743034055727554,0.1425563010184743,0.5481424148606812,28,10,50,35,ok,0.0280106999562121,1,Loan Approval,0.6859884665884753,54.0,"[0.6745160334647334, 0.6848622910513481, 0.6859884665884753, 0.6859884665884753, 0.6859884665884753, 0.6859884665884753, 0.6859884665884753]",True
11,QDT,quantum,LDA,gwo,491,123,4.169194100017194,"{'max_depth': 3, 'min_samples_split': 19, 'map_reps': 1, 'entanglement': 'full'}",0.4959349593495935,0.8484848484848485,0.3294117647058823,0.4745762711864407,0.5989164086687306,0.2063105193557704,0.613312693498452,33,5,57,28,ok,0.0269655999727547,1,Loan Approval,0.7804401211167535,59.0,"[0.7334229487299293, 0.7334229487299293, 0.7457237909769555, 0.7794300201066525, 0.7794300201066525, 0.7804401211167535, 0.7804401211167535, 0.7804401211167535, 0.7804401211167535, 0.7804401211167535]",True
12,QDT,quantum,LDA,gwo,491,123,4.414062199997716,"{'max_depth': 7, 'min_samples_split': 29, 'map_reps': 3, 'entanglement': 'linear'}",0.6178861788617886,0.7126436781609196,0.7380952380952381,0.7251461988304093,0.5485347985347986,0.0992760060284797,0.5207570207570207,14,25,22,62,ok,0.0265597000252455,1,Loan Approval,0.6190683303126515,57.0,"[0.6154072504708098, 0.6154072504708098, 0.6154072504708098, 0.6177460530039128, 0.6177460530039128, 0.6190683303126515, 0.6190683303126515, 0.6190683303126515, 0.6190683303126515, 0.6190683303126515]",True
13,QDT,quantum,LDA,gwo,491,123,2.6867520000087097,"{'max_depth': 3, 'min_samples_split': 17, 'map_reps': 3, 'entanglement': 'circular'}",0.5121951219512195,0.7,0.5,0.5833333333333334,0.5192307692307692,0.0358057437019716,0.5398351648351648,21,18,42,42,ok,0.0444498999859206,1,Loan Approval,0.6579533130206231,39.0,"[0.6579533130206231, 0.6579533130206231, 0.6579533130206231, 0.6579533130206231, 0.6579533130206231]",True
14,QDT,quantum,LDA,gwo,492,122,2.622810000029858,"{'max_depth': 3, 'min_samples_split': 23, 'map_reps': 1, 'entanglement': 'circular'}",0.4426229508196721,0.6666666666666666,0.3809523809523809,0.4848484848484848,0.4799498746867168,-0.0380138668992385,0.4370300751879699,22,16,52,32,ok,0.0425292999716475,1,Loan Approval,0.7354537087769434,39.0,"[0.7354537087769434, 0.7354537087769434, 0.7354537087769434, 0.7354537087769434, 0.7354537087769434]",True
