fold,model,family,reduction,optimizer,n_train,n_test,inner_f1,n_evaluations,convergence,stopped_early,search_time_s,best_params,accuracy,precision,recall,f1,balanced_accuracy,mcc,roc_auc,tn,fp,fn,tp,status,fit_time_s,n_reduced_features,dataset
0,VQC,quantum,LDA,gwo,1200,2000,0.4681065777572269,96,"[0.4389656110479909, 0.4566700281669196, 0.4566700281669196, 0.4566700281669196, 0.4566700281669196, 0.4592441218135112, 0.4592441218135112, 0.4592441218135112, 0.4681065777572269, 0.4681065777572269, 0.4681065777572269, 0.4681065777572269]",False,962.4685226999572,"{'n_layers': 1, 'learning_rate': 0.49999999999999994, 'map_reps': 1, 'feature_map': 'angle', 'entanglement': 'linear', 'init_scale': 0.35377616893867736}",0.636,0.3340248962655601,0.7892156862745098,0.4693877551020408,0.6929746773081091,0.3112529939622286,0.7670013671297665,950,642,86,322,ok,2.8484510999987838,1,Bank Customer Churn
1,VQC,quantum,LDA,gwo,1200,2000,0.4675270540959011,96,"[0.46144515455849744, 0.4658180203938931, 0.46642079794684926, 0.46642079794684926, 0.46642079794684926, 0.46693255611801404, 0.46693255611801404, 0.46693255611801404, 0.46752443483816597, 0.46752443483816597, 0.4675270540959011, 0.4675270540959011]",False,1250.9994767000317,"{'n_layers': 4, 'learning_rate': 0.01017534005490126, 'map_reps': 1, 'feature_map': 'zz', 'entanglement': 'full', 'init_scale': 0.4595355831680737}",0.683,0.3430555555555555,0.6053921568627451,0.4379432624113475,0.654140802049463,0.258808174998679,0.7149534436890335,1119,473,161,247,ok,4.303506499971263,1,Bank Customer Churn
2,VQC,quantum,LDA,gwo,1200,2000,0.4891706390158402,56,"[0.4824059329521116, 0.4829044141039824, 0.4891706390158402, 0.4891706390158402, 0.4891706390158402, 0.4891706390158402, 0.4891706390158402]",True,792.056709699973,"{'n_layers': 1, 'learning_rate': 0.04378622401685114, 'map_reps': 1, 'feature_map': 'angle', 'entanglement': 'circular', 'init_scale': 0.2234688596852108}",0.657,0.3451720310765815,0.7641277641277642,0.4755351681957186,0.6968786968786969,0.3186196620353861,0.7662068848509527,1003,590,96,311,ok,4.041212000011001,1,Bank Customer Churn
3,VQC,quantum,LDA,gwo,1200,2000,0.4621776991023853,56,"[0.4539668180894509, 0.4561054902318233, 0.4621776991023853, 0.4621776991023853, 0.4621776991023853, 0.4621776991023853, 0.4621776991023853]",True,1064.6763180000123,"{'n_layers': 6, 'learning_rate': 0.018200542512485204, 'map_reps': 2, 'feature_map': 'angle', 'entanglement': 'linear', 'init_scale': 0.28650780532325876}",0.657,0.3271375464684015,0.6486486486486487,0.4349258649093904,0.6538911793149081,0.2525758520752678,0.7035571781334493,1050,543,143,264,ok,6.773500900017098,1,Bank Customer Churn
4,VQC,quantum,LDA,gwo,1200,2000,0.5093156528666513,88,"[0.4940136310427155, 0.503490808624417, 0.503490808624417, 0.5069569712747436, 0.5069569712747436, 0.5069569712747436, 0.5093156528666513, 0.5093156528666513, 0.5093156528666513, 0.5093156528666513, 0.5093156528666513]",True,1354.3449297000188,"{'n_layers': 3, 'learning_rate': 0.010297462958582141, 'map_reps': 2, 'feature_map': 'angle', 'entanglement': 'full', 'init_scale': 0.5}",0.7275,0.4014285714285714,0.6904176904176904,0.5076784101174345,0.7136959764078408,0.3607536527047343,0.777387557048574,1174,419,126,281,ok,3.4802591999759898,1,Bank Customer Churn
5,VQC,quantum,LDA,gwo,1200,2000,0.45982773211564,56,"[0.44600158051798905, 0.44817728919963895, 0.45982773211564004, 0.45982773211564004, 0.45982773211564004, 0.45982773211564004, 0.45982773211564004]",True,897.4985635000048,"{'n_layers': 3, 'learning_rate': 0.0016273704766344736, 'map_reps': 1, 'feature_map': 'angle', 'entanglement': 'linear', 'init_scale': 0.36636134104402024}",0.7035,0.3748308525033829,0.678921568627451,0.4829991281604184,0.6943602818011627,0.3245333751760234,0.7582674401418859,1130,462,131,277,ok,5.408971400000155,1,Bank Customer Churn
6,VQC,quantum,LDA,gwo,1200,2000,0.5155421543882235,56,"[0.49564253157684696, 0.5132685742441839, 0.5155421543882235, 0.5155421543882235, 0.5155421543882235, 0.5155421543882235, 0.5155421543882235]",True,929.2689596000127,"{'n_layers': 4, 'learning_rate': 0.0026215295446616704, 'map_reps': 1, 'feature_map': 'angle', 'entanglement': 'linear', 'init_scale': 0.3336550978230402}",0.71,0.3834688346883468,0.6936274509803921,0.493891797556719,0.7039117154399448,0.3405774808197819,0.7565708444181694,1137,455,125,283,ok,6.281647199997678,1,Bank Customer Churn
7,VQC,quantum,LDA,gwo,1200,2000,0.5275923408342295,88,"[0.5161341173132399, 0.516470971950424, 0.516470971950424, 0.5201898077661051, 0.5259582293031743, 0.5259582293031743, 0.5275923408342295, 0.5275923408342295, 0.5275923408342295, 0.5275923408342295, 0.5275923408342295]",True,1002.413833700004,"{'n_layers': 1, 'learning_rate': 0.009794265779893632, 'map_reps': 1, 'feature_map': 'angle', 'entanglement': 'linear', 'init_scale': 0.27633733511185254}",0.692,0.3685534591194968,0.7199017199017199,0.4875207986688852,0.702386515945838,0.3329964277081701,0.7712566187142458,1091,502,114,293,ok,2.634912999987137,1,Bank Customer Churn
8,VQC,quantum,LDA,gwo,1200,2000,0.4860598447323299,96,"[0.46246750085742416, 0.465268583020624, 0.4785654008438818, 0.4785654008438818, 0.48382226469182993, 0.48382226469182993, 0.48382226469182993, 0.48382226469182993, 0.48605984473232994, 0.48605984473232994, 0.48605984473232994, 0.48605984473232994]",False,1387.576050899981,"{'n_layers': 5, 'learning_rate': 0.11698011738174444, 'map_reps': 1, 'feature_map': 'angle', 'entanglement': 'full', 'init_scale': 0.47531999478975756}",0.671,0.3463892288861689,0.6953316953316954,0.4624183006535948,0.6800575614134936,0.2949463673497984,0.7449051516848126,1059,534,124,283,ok,4.543351000000257,1,Bank Customer Churn
9,VQC,quantum,LDA,gwo,1200,2000,0.4582040864393805,56,"[0.45449329654929005, 0.45449329654929005, 0.45820408643938054, 0.45820408643938054, 0.45820408643938054, 0.45820408643938054, 0.45820408643938054]",True,769.5121892000316,"{'n_layers': 3, 'learning_rate': 0.015649167777273924, 'map_reps': 1, 'feature_map': 'zz', 'entanglement': 'linear', 'init_scale': 0.433925212750028}",0.699,0.3773584905660377,0.7371007371007371,0.4991680532445923,0.7131831369119505,0.3507606359422638,0.7714926020010765,1098,495,107,300,ok,7.1526124000083655,1,Bank Customer Churn
10,VQC,quantum,LDA,gwo,1200,2000,0.5203389115030906,72,"[0.5076735097437433, 0.5156369682005731, 0.5160389977877244, 0.5161248293967348, 0.5203389115030906, 0.5203389115030906, 0.5203389115030906, 0.5203389115030906, 0.5203389115030906]",True,1176.069634000014,"{'n_layers': 4, 'learning_rate': 0.0016875670324168887, 'map_reps': 1, 'feature_map': 'angle', 'entanglement': 'linear', 'init_scale': 0.21646950351289215}",0.709,0.3746397694524496,0.6372549019607843,0.4718693284936479,0.6823209183170755,0.3086858946003542,0.7575669400926198,1158,434,148,260,ok,4.78740159998415,1,Bank Customer Churn
11,VQC,quantum,LDA,gwo,1200,2000,0.4898560117947684,48,"[0.48904250066466637, 0.4898560117947684, 0.4898560117947684, 0.4898560117947684, 0.4898560117947684, 0.4898560117947684]",True,880.44933579996,"{'n_layers': 6, 'learning_rate': 0.004236088428249221, 'map_reps': 1, 'feature_map': 'angle', 'entanglement': 'circular', 'init_scale': 0.3075049655876769}",0.7145,0.3908969210174029,0.7156862745098039,0.5056277056277056,0.7149411272046506,0.3581090484492041,0.7800214306828258,1137,455,116,292,ok,10.001222099992448,1,Bank Customer Churn
12,VQC,quantum,LDA,gwo,1200,2000,0.467222375360641,56,"[0.46491875378751235, 0.46491875378751235, 0.467222375360641, 0.467222375360641, 0.467222375360641, 0.467222375360641, 0.467222375360641]",True,980.7356489999802,"{'n_layers': 2, 'learning_rate': 0.49999999999999994, 'map_reps': 2, 'feature_map': 'angle', 'entanglement': 'full', 'init_scale': 0.31369853852669266}",0.66,0.3414634146341463,0.7223587223587223,0.4637223974763407,0.6832132594844459,0.297939820362137,0.7420748946172675,1026,567,113,294,ok,3.881301900022663,1,Bank Customer Churn
13,VQC,quantum,LDA,gwo,1200,2000,0.4633819128408984,40,"[0.4633793790653152, 0.46338191284089847, 0.46338191284089847, 0.46338191284089847, 0.46338191284089847]",True,581.3753187999828,"{'n_layers': 5, 'learning_rate': 0.007991077089878576, 'map_reps': 2, 'feature_map': 'angle', 'entanglement': 'circular', 'init_scale': 0.01}",0.713,0.3854595336076817,0.6904176904176904,0.4947183098591549,0.7045936537461961,0.3422872380202974,0.7493333086553424,1145,448,126,281,ok,10.5619871999952,1,Bank Customer Churn
14,VQC,quantum,LDA,gwo,1200,2000,0.4978628316939035,72,"[0.4858192424212248, 0.49026857130459717, 0.4970668267306923, 0.49770484962293954, 0.49782894736842104, 0.49782894736842104, 0.49782894736842104, 0.49782894736842104, 0.49786283169390355]",True,866.879007200012,"{'n_layers': 2, 'learning_rate': 0.03935824560322159, 'map_reps': 1, 'feature_map': 'angle', 'entanglement': 'circular', 'init_scale': 0.47203454620238516}",0.7165,0.3840579710144927,0.6511056511056511,0.4831358249772106,0.6921567175804464,0.325484615990064,0.7572688250654352,1168,425,142,265,ok,4.870097899984103,1,Bank Customer Churn
0,QSVC,quantum,LDA,gwo,1200,2000,0.4919329776366477,88,"[0.4795276855714872, 0.48869176172478707, 0.4887435128134529, 0.4901181367755106, 0.49025082464413, 0.49025082464413, 0.49193297763664773, 0.49193297763664773, 0.49193297763664773, 0.49193297763664773, 0.49193297763664773]",True,342.514256399998,"{'C': 16.092530003911563, 'map_reps': 1, 'scale': 0.36970502283268664, 'entanglement': 'circular'}",0.689,0.3747072599531616,0.7843137254901961,0.5071315372424723,0.7244432949059021,0.3656932973716755,0.7774934722632773,1058,534,88,320,ok,4.809785999997985,1,Bank Customer Churn
1,QSVC,quantum,LDA,gwo,1200,2000,0.4783712510969057,64,"[0.47594696969696965, 0.47594696969696965, 0.47636414904348595, 0.47837125109690576, 0.47837125109690576, 0.47837125109690576, 0.47837125109690576, 0.47837125109690576]",True,244.6178802999784,"{'C': 100.00000000000013, 'map_reps': 1, 'scale': 0.3606458175921816, 'entanglement': 'full'}",0.6705,0.3489771359807461,0.7107843137254902,0.4681194511702986,0.6854800965612375,0.303334043765904,0.7419642637205636,1051,541,118,290,ok,7.427286499994807,1,Bank Customer Churn
2,QSVC,quantum,LDA,gwo,1200,2000,0.493142705721682,35,"[0.4806061730112363, 0.493142705721682, 0.493142705721682, 0.493142705721682, 0.493142705721682, 0.493142705721682]",True,209.29770639998603,"{'C': 0.010000000000000004, 'map_reps': 3, 'scale': 0.25, 'entanglement': 'linear'}",0.736,0.401305057096248,0.6044226044226044,0.4823529411764706,0.6870198395622125,0.3266286684807313,0.7404060454907913,1226,367,161,246,ok,15.447242599970195,1,Bank Customer Churn
3,QSVC,quantum,LDA,gwo,1200,2000,0.4983390582324626,96,"[0.48984946958614134, 0.4912461085158199, 0.4917576718064938, 0.49332734589754906, 0.49332734589754906, 0.4953360768175583, 0.4968174053376598, 0.4968174053376598, 0.4968174053376598, 0.4976770556747255, 0.4976770556747255, 0.49833905823246266]",False,439.4273291999707,"{'C': 47.635247194788356, 'map_reps': 3, 'scale': 0.36121944150484064, 'entanglement': 'circular'}",0.673,0.3545347467608952,0.7395577395577395,0.4792993630573248,0.6977763587933079,0.3221943780651404,0.7693479303648795,1045,548,106,301,ok,6.544429800007492,1,Bank Customer Churn
4,QSVC,quantum,LDA,gwo,1200,2000,0.5324555746838553,72,"[0.5302528060819142, 0.5302528060819142, 0.5302528060819142, 0.5303186549061835, 0.5324555746838553, 0.5324555746838553, 0.5324555746838553, 0.5324555746838553, 0.5324555746838553]",True,288.95478820003336,"{'C': 0.042602231275107746, 'map_reps': 1, 'scale': 0.9827246011471139, 'entanglement': 'circular'}",0.721,0.3926031294452347,0.6781326781326781,0.4972972972972973,0.7050424847035016,0.3458050200310433,0.7611031678828291,1166,427,131,276,ok,6.328764200035948,1,Bank Customer Churn
5,QSVC,quantum,LDA,gwo,1200,2000,0.470591542959964,96,"[0.46350507409921754, 0.4661156330048735, 0.4661156330048735, 0.46816837511126425, 0.46816837511126425, 0.4699820788530466, 0.4699820788530466, 0.4699820788530466, 0.4699820788530466, 0.470591542959964, 0.470591542959964, 0.470591542959964]",False,360.10845739999786,"{'C': 1.059037892019144, 'map_reps': 1, 'scale': 0.3092972015444597, 'entanglement': 'linear'}",0.7075,0.3815261044176707,0.6985294117647058,0.4935064935064935,0.7041642033697901,0.340153834433615,0.7650261109468914,1130,462,123,285,ok,4.280460599984508,1,Bank Customer Churn
6,QSVC,quantum,LDA,gwo,1200,2000,0.5092865562352391,96,"[0.4986660489738699, 0.50613918332446, 0.50613918332446, 0.50613918332446, 0.5069511866235167, 0.5069511866235167, 0.5076689836523386, 0.5076689836523386, 0.5076689836523386, 0.5092865562352391, 0.5092865562352391, 0.5092865562352391]",False,332.3355095000006,"{'C': 35.166874048502144, 'map_reps': 1, 'scale': 0.6712189481029737, 'entanglement': 'linear'}",0.732,0.3990536277602524,0.6200980392156863,0.4856046065259117,0.6903882155877427,0.3297628240959776,0.7612826694748251,1211,381,155,253,ok,5.119903999962844,1,Bank Customer Churn
7,QSVC,quantum,LDA,gwo,1200,2000,0.5042552319317379,72,"[0.49734692234043504, 0.5014395519628754, 0.5029487179487179, 0.5029487179487179, 0.5042552319317379, 0.5042552319317379, 0.5042552319317379, 0.5042552319317379, 0.5042552319317379]",True,281.6461229000124,"{'C': 0.08647692695785911, 'map_reps': 1, 'scale': 0.42862407725410484, 'entanglement': 'circular'}",0.7245,0.3950437317784256,0.6658476658476659,0.4958828911253431,0.7026664569037451,0.3437614897447377,0.7639272554526791,1178,415,136,271,ok,6.630960299982689,1,Bank Customer Churn
8,QSVC,quantum,LDA,gwo,1200,2000,0.5255572400097173,96,"[0.5069999413248841, 0.5077606976823102, 0.5095516333548248, 0.5223791732773768, 0.5223791732773768, 0.5246675234775426, 0.5246675234775426, 0.5246675234775426, 0.5255572400097173, 0.5255572400097173, 0.5255572400097173, 0.5255572400097173]",False,366.6330343000009,"{'C': 0.03735878691220516, 'map_reps': 1, 'scale': 0.36127629837452974, 'entanglement': 'circular'}",0.74,0.4160475482912333,0.687960687960688,0.5185185185185185,0.7206281782552969,0.3759698971905097,0.7747493255967832,1200,393,127,280,ok,3.990999199973885,1,Bank Customer Churn
9,QSVC,quantum,LDA,gwo,1200,2000,0.461953335389043,72,"[0.4464055367267988, 0.46006061013315813, 0.46006061013315813, 0.46006061013315813, 0.46195333538904304, 0.46195333538904304, 0.46195333538904304, 0.46195333538904304, 0.46195333538904304]",True,343.15695209999103,"{'C': 0.012295588816564429, 'map_reps': 2, 'scale': 0.4409080036724363, 'entanglement': 'circular'}",0.71,0.3751803751803751,0.6388206388206388,0.4727272727272727,0.6835032258761072,0.3105091342687492,0.5,1160,433,147,260,ok,6.685065899975598,1,Bank Customer Churn
10,QSVC,quantum,LDA,gwo,1200,2000,0.5185318517527252,64,"[0.5126240976822728, 0.5153808482937375, 0.5153808482937375, 0.5185318517527252, 0.5185318517527252, 0.5185318517527252, 0.5185318517527252, 0.5185318517527252]",True,249.8733977000229,"{'C': 0.03307880359111554, 'map_reps': 1, 'scale': 0.39125231763028867, 'entanglement': 'full'}",0.698,0.3623595505617977,0.6323529411764706,0.4607142857142857,0.6735885308897428,0.2921828414532533,0.7374949194501922,1138,454,150,258,ok,6.916269399982411,1,Bank Customer Churn
11,QSVC,quantum,LDA,gwo,1200,2000,0.4834290446848917,64,"[0.47929658907919775, 0.4810290049711076, 0.4810290049711076, 0.4834290446848917, 0.4834290446848917, 0.4834290446848917, 0.4834290446848917, 0.4834290446848917]",True,316.2281574999797,"{'C': 0.8614674656464972, 'map_reps': 2, 'scale': 0.28908899726251414, 'entanglement': 'full'}",0.7175,0.3880171184022825,0.6666666666666666,0.4905320108205591,0.6985971524288107,0.3354602308400868,0.751673502315499,1163,429,136,272,ok,8.246689099993091,1,Bank Customer Churn
12,QSVC,quantum,LDA,gwo,1200,2000,0.4763653351070447,64,"[0.47149161250489247, 0.47149161250489247, 0.4742791464226211, 0.47636533510704476, 0.47636533510704476, 0.47636533510704476, 0.47636533510704476, 0.47636533510704476]",True,321.91408130002674,"{'C': 1.0583927841161833, 'map_reps': 2, 'scale': 0.3894921281017497, 'entanglement': 'full'}",0.68,0.3567035670356703,0.7125307125307125,0.4754098360655737,0.6921096751605227,0.3149297537199624,0.7571762826000114,1070,523,117,290,ok,7.936239100003149,1,Bank Customer Churn
13,QSVC,quantum,LDA,gwo,1200,2000,0.4969662821427995,48,"[0.4922060008608806, 0.49696628214279953, 0.49696628214279953, 0.49696628214279953, 0.49696628214279953, 0.49696628214279953]",True,263.7957208000007,"{'C': 68.46670165380344, 'map_reps': 2, 'scale': 0.5048929040863341, 'entanglement': 'circular'}",0.7255,0.3940298507462687,0.6486486486486487,0.49025069637883,0.6968918070612986,0.3358918847385869,0.7578873172093511,1187,406,143,264,ok,9.950170400028584,1,Bank Customer Churn
14,QSVC,quantum,LDA,gwo,1200,2000,0.4787189443841804,96,"[0.4669401197442345, 0.4716330834657015, 0.4716330834657015, 0.4741284246819302, 0.4741284246819302, 0.47490308861448893, 0.4779508952290345, 0.4779508952290345, 0.4779508952290345, 0.4779508952290345, 0.4787189443841804, 0.4787189443841804]",False,370.1524061000091,"{'C': 100.00000000000013, 'map_reps': 1, 'scale': 0.27281962087620204, 'entanglement': 'circular'}",0.6555,0.3436807095343681,0.7616707616707616,0.4736440030557677,0.6950224492597374,0.3155842028937231,0.7504962589708353,1001,592,97,310,ok,3.8866974000120535,1,Bank Customer Churn
0,VQC,quantum,LDA,pso,1200,2000,0.4582556795925319,96,"[0.45149983147960904, 0.45149983147960904, 0.4582556795925319, 0.4582556795925319, 0.4582556795925319, 0.4582556795925319, 0.4582556795925319, 0.4582556795925319, 0.4582556795925319, 0.4582556795925319, 0.4582556795925319, 0.4582556795925319]",False,1525.9610579999862,"{'n_layers': 3, 'learning_rate': 0.04474524530189401, 'map_reps': 1, 'feature_map': 'zz', 'entanglement': 'circular', 'init_scale': 0.09316581168827798}",0.687,0.3569553805774278,0.6666666666666666,0.4649572649572649,0.6794388609715243,0.2977901336790291,0.7395879520149768,1102,490,136,272,ok,5.4314679999952205,1,Bank Customer Churn
1,VQC,quantum,LDA,pso,1200,2000,0.5066275228039934,95,"[0.5025863425621225, 0.5025863425621225, 0.5025863425621225, 0.502832996419674, 0.502832996419674, 0.5066275228039934, 0.5066275228039934, 0.5066275228039934, 0.5066275228039934, 0.5066275228039934, 0.5066275228039934, 0.5066275228039934]",False,1777.597778299998,"{'n_layers': 5, 'learning_rate': 0.002159554995402928, 'map_reps': 1, 'feature_map': 'angle', 'entanglement': 'circular', 'init_scale': 0.3525477059188151}",0.7295,0.4054054054054054,0.6985294117647058,0.513051305130513,0.717983298847177,0.3679655655670709,0.7823430879889643,1174,418,123,285,ok,5.156517900002655,1,Bank Customer Churn
2,VQC,quantum,LDA,pso,1200,2000,0.4731291776300888,96,"[0.4657273882279644, 0.4727286299756203, 0.4727286299756203, 0.4727286299756203, 0.4731291776300888, 0.4731291776300888, 0.4731291776300888, 0.4731291776300888, 0.4731291776300888, 0.4731291776300888, 0.4731291776300888, 0.4731291776300888]",False,1619.7447022999986,"{'n_layers': 5, 'learning_rate': 0.004285736588525537, 'map_reps': 1, 'feature_map': 'angle', 'entanglement': 'circular', 'init_scale': 0.3600318548987133}",0.678,0.3587604290822407,0.7395577395577395,0.4831460674157303,0.7009150907455992,0.3278314055806094,0.7683631242953276,1055,538,106,301,ok,6.971000399964396,1,Bank Customer Churn
3,VQC,quantum,LDA,pso,1200,2000,0.5032185750299144,96,"[0.49680639611375366, 0.49680639611375366, 0.5032185750299144, 0.5032185750299144, 0.5032185750299144, 0.5032185750299144, 0.5032185750299144, 0.5032185750299144, 0.5032185750299144, 0.5032185750299144, 0.5032185750299144, 0.5032185750299144]",False,1783.6976368000032,"{'n_layers': 5, 'learning_rate': 0.01579897298791534, 'map_reps': 1, 'feature_map': 'angle', 'entanglement': 'linear', 'init_scale': 0.24352210045023276}",0.6825,0.3564231738035264,0.6953316953316954,0.4712739383846794,0.6872766449037635,0.3082015392281789,0.7507538354995982,1082,511,124,283,ok,5.007642800046597,1,Bank Customer Churn
4,VQC,quantum,LDA,pso,1200,2000,0.5116024523901864,96,"[0.5013717024244043, 0.5021582556361305, 0.5058149779735682, 0.5100294246974378, 0.5116024523901864, 0.5116024523901864, 0.5116024523901864, 0.5116024523901864, 0.5116024523901864, 0.5116024523901864, 0.5116024523901864, 0.5116024523901864]",False,1728.5952669000253,"{'n_layers': 5, 'learning_rate': 0.01192565751106456, 'map_reps': 1, 'feature_map': 'angle', 'entanglement': 'circular', 'init_scale': 0.5}",0.7415,0.4174174174174174,0.683046683046683,0.5181733457595527,0.71974054177444,0.3754311033175167,0.7757295045430639,1205,388,129,278,ok,5.871811000048183,1,Bank Customer Churn
5,VQC,quantum,LDA,pso,1200,2000,0.4743038504299733,95,"[0.46486013526473496, 0.470023415624274, 0.4711110346274057, 0.47293187880636195, 0.47293187880636195, 0.4743038504299733, 0.4743038504299733, 0.4743038504299733, 0.4743038504299733, 0.4743038504299733, 0.4743038504299733, 0.4743038504299733]",False,1283.6547466000193,"{'n_layers': 1, 'learning_rate': 0.005105021023678549, 'map_reps': 1, 'feature_map': 'angle', 'entanglement': 'linear', 'init_scale': 0.399083354838202}",0.7025,0.3754993342210386,0.6911764705882353,0.4866264020707506,0.6982892403192433,0.3300118769143771,0.7581119445265543,1123,469,126,282,ok,3.72511850000592,1,Bank Customer Churn
6,VQC,quantum,LDA,pso,1200,2000,0.5044871794871795,96,"[0.4961839851983019, 0.4961839851983019, 0.4961839851983019, 0.5021290091282645, 0.5021290091282645, 0.5021290091282645, 0.5021290091282645, 0.5021290091282645, 0.5021290091282645, 0.5021290091282645, 0.5021290091282645, 0.5044871794871795]",False,1791.1864367999951,"{'n_layers': 5, 'learning_rate': 0.0027741550864964536, 'map_reps': 1, 'feature_map': 'angle', 'entanglement': 'circular', 'init_scale': 0.3881980773860989}",0.708,0.3739255014326647,0.6397058823529411,0.4719710669077758,0.6826041974578776,0.3087515608360663,0.7518289979308307,1155,437,147,261,ok,4.49451330001466,1,Bank Customer Churn
7,VQC,quantum,LDA,pso,1200,2000,0.435088429789991,95,"[0.43242154392286086, 0.43242154392286086, 0.43242154392286086, 0.43242154392286086, 0.43242154392286086, 0.43508842978999107, 0.43508842978999107, 0.43508842978999107, 0.43508842978999107, 0.43508842978999107, 0.43508842978999107, 0.43508842978999107]",False,1619.9644121999736,"{'n_layers': 4, 'learning_rate': 0.041573536695985736, 'map_reps': 1, 'feature_map': 'angle', 'entanglement': 'circular', 'init_scale': 0.021466871098428694}",0.721,0.3840245775729646,0.6142506142506142,0.4725897920604915,0.6812621558384271,0.3114911843574153,0.740722232247656,1192,401,157,250,ok,5.717621300020255,1,Bank Customer Churn
8,VQC,quantum,LDA,pso,1200,2000,0.4985546477214064,96,"[0.48113578764839265, 0.4833868112088843, 0.4985546477214064, 0.4985546477214064, 0.4985546477214064, 0.4985546477214064, 0.4985546477214064, 0.4985546477214064, 0.4985546477214064, 0.4985546477214064, 0.4985546477214064, 0.4985546477214064]",False,1762.209268900042,"{'n_layers': 5, 'learning_rate': 0.4372965742436517, 'map_reps': 2, 'feature_map': 'angle', 'entanglement': 'circular', 'init_scale': 0.20721842836788046}",0.7185,0.3821752265861027,0.6216216216216216,0.4733395696913002,0.6824366739620977,0.3121692943487693,0.7233196216247063,1184,409,154,253,ok,5.674188299977686,1,Bank Customer Churn
9,VQC,quantum,LDA,pso,1200,2000,0.4859225741578682,96,"[0.46815076907956166, 0.47450506274035686, 0.4780399071623758, 0.47982643350380044, 0.47982643350380044, 0.47982643350380044, 0.47982643350380044, 0.47982643350380044, 0.47982643350380044, 0.48401762725292136, 0.48592257415786827, 0.48592257415786827]",False,1487.9637441000086,"{'n_layers': 2, 'learning_rate': 0.028765234915566706, 'map_reps': 1, 'feature_map': 'angle', 'entanglement': 'full', 'init_scale': 0.15590461440985637}",0.677,0.3558504221954162,0.7248157248157249,0.4773462783171521,0.6947995761555084,0.318395838638701,0.7647786461345785,1059,534,112,295,ok,5.0188600000110455,1,Bank Customer Churn
10,VQC,quantum,LDA,pso,1200,2000,0.4856950340273567,96,"[0.4800869070094998, 0.4800869070094998, 0.4800869070094998, 0.48156908257150555, 0.48156908257150555, 0.48156908257150555, 0.48156908257150555, 0.48156908257150555, 0.48276686056327883, 0.48276686056327883, 0.4856950340273567, 0.4856950340273567]",False,1503.4683050999884,"{'n_layers': 4, 'learning_rate': 0.01725027226856825, 'map_reps': 1, 'feature_map': 'angle', 'entanglement': 'linear', 'init_scale': 0.18338271622213825}",0.709,0.3804945054945055,0.678921568627451,0.4876760563380282,0.6978150556705094,0.331345980184912,0.7581427357375111,1141,451,131,277,ok,6.9301668999833055,1,Bank Customer Churn
11,VQC,quantum,LDA,pso,1200,2000,0.5181293632490687,96,"[0.4970052368410712, 0.5052239575279626, 0.511153021287959, 0.511153021287959, 0.511153021287959, 0.511153021287959, 0.5135141637460129, 0.5135141637460129, 0.5151556577393898, 0.5151556577393898, 0.5181293632490687, 0.5181293632490687]",False,1161.941636100004,"{'n_layers': 2, 'learning_rate': 0.27406012922887785, 'map_reps': 1, 'feature_map': 'zz', 'entanglement': 'full', 'init_scale': 0.23631263389530613}",0.637,0.334375,0.7867647058823529,0.4692982456140351,0.6926913981673071,0.3108434000738503,0.7594128731894768,953,639,87,321,ok,5.151850999973249,1,Bank Customer Churn
12,VQC,quantum,LDA,pso,1200,2000,0.4832851523087213,96,"[0.48021975543165213, 0.48022908588390517, 0.48022908588390517, 0.4832851523087213, 0.4832851523087213, 0.4832851523087213, 0.4832851523087213, 0.4832851523087213, 0.4832851523087213, 0.4832851523087213, 0.4832851523087213, 0.4832851523087213]",False,1490.8206360000186,"{'n_layers': 3, 'learning_rate': 0.03996101350776912, 'map_reps': 2, 'feature_map': 'angle', 'entanglement': 'linear', 'init_scale': 0.5}",0.6865,0.3628428927680798,0.714987714987715,0.4813895781637717,0.6971046547317734,0.3238294748134855,0.7489847320355795,1082,511,116,291,ok,6.451047300011851,1,Bank Customer Churn
13,VQC,quantum,LDA,pso,1200,2000,0.4593094573545122,96,"[0.4454215025803661, 0.45816501315046304, 0.45816501315046304, 0.45816501315046304, 0.45816501315046304, 0.45816501315046304, 0.45816501315046304, 0.45837646710350266, 0.45837646710350266, 0.4592173853913872, 0.45930945735451223, 0.45930945735451223]",False,1110.1976288000003,"{'n_layers': 2, 'learning_rate': 0.009380255506882778, 'map_reps': 1, 'feature_map': 'zz', 'entanglement': 'circular', 'init_scale': 0.3418349933648427}",0.6755,0.3468354430379747,0.6732186732186732,0.4578111946532999,0.6746507678711069,0.2876731684861625,0.7297497805972382,1077,516,133,274,ok,5.979410300031304,1,Bank Customer Churn
14,VQC,quantum,LDA,pso,1200,2000,0.4584106385250064,89,"[0.43284168085869795, 0.4414424563170112, 0.4484698214455716, 0.4517932769652215, 0.45211662196265495, 0.45253911325952495, 0.45438117053259, 0.45438117053259, 0.45438117053259, 0.4584106385250064, 0.4584106385250064, 0.4584106385250064]",False,1621.2653691000305,"{'n_layers': 4, 'learning_rate': 0.0027761001847688574, 'map_reps': 1, 'feature_map': 'angle', 'entanglement': 'circular', 'init_scale': 0.5}",0.6785,0.3521303258145363,0.6904176904176904,0.4663900414937759,0.6829364032753864,0.3008025716236061,0.7492361390666477,1076,517,126,281,ok,6.03735219995724,1,Bank Customer Churn
0,QSVC,quantum,LDA,pso,1200,2000,0.4784118839038747,48,"[0.47322221098639344, 0.47322221098639344, 0.4766505636070853, 0.47841188390387474, 0.47841188390387474, 0.47841188390387474, 0.47841188390387474, 0.47841188390387474, 0.47841188390387474, 0.47841188390387474, 0.47841188390387474, 0.47841188390387474]",False,185.8692790999776,"{'C': 0.010000000000000004, 'map_reps': 1, 'scale': 0.25, 'entanglement': 'linear'}",0.69,0.3623376623376623,0.6838235294117647,0.4736842105263157,0.6877032219923145,0.310889044508094,0.2940714602423884,1101,491,129,279,ok,7.272900599986315,1,Bank Customer Churn
1,QSVC,quantum,LDA,pso,1200,2000,0.5073642382840035,85,"[0.48482485214791704, 0.4918200572787729, 0.4918200572787729, 0.4955716642623664, 0.4955716642623664, 0.5007727525963669, 0.5007727525963669, 0.5007727525963669, 0.5007727525963669, 0.5007727525963669, 0.5073642382840035, 0.5073642382840035]",False,339.28704019996803,"{'C': 0.07087557341767259, 'map_reps': 1, 'scale': 0.25, 'entanglement': 'linear'}",0.7375,0.4112291350531107,0.6642156862745098,0.5079662605435802,0.7102485466548428,0.3605018644077747,0.7733974714257561,1204,388,137,271,ok,6.173808699997608,1,Bank Customer Churn
2,QSVC,quantum,LDA,pso,1200,2000,0.4390373868540347,94,"[0.4297291733268402, 0.4334049506559236, 0.43460500449365047, 0.4364743572290742, 0.4364743572290742, 0.43811874127115064, 0.43811874127115064, 0.43811874127115064, 0.43903738685403476, 0.43903738685403476, 0.43903738685403476, 0.43903738685403476]",False,419.4247491999995,"{'C': 0.26283212603984246, 'map_reps': 2, 'scale': 0.25, 'entanglement': 'linear'}",0.7095,0.3817934782608695,0.6904176904176904,0.4916885389326334,0.7023965413795923,0.3379292083313799,0.7558914847050441,1138,455,126,281,ok,6.328327999974135,1,Bank Customer Churn
3,QSVC,quantum,LDA,pso,1200,2000,0.4851644732778468,93,"[0.4771207129561585, 0.4835305792505358, 0.4835305792505358, 0.4835305792505358, 0.4835305792505358, 0.4835305792505358, 0.4835305792505358, 0.4835305792505358, 0.4835305792505358, 0.4835305792505358, 0.48516447327784684, 0.48516447327784684]",False,349.49231210001744,"{'C': 4.222435064928727, 'map_reps': 1, 'scale': 0.531688549363664, 'entanglement': 'full'}",0.7345,0.4066265060240964,0.6633906633906634,0.5042016806722689,0.7080292927750556,0.3556905377696527,0.7796494491409746,1199,394,137,270,ok,5.184893999947235,1,Bank Customer Churn
4,QSVC,quantum,LDA,pso,1200,2000,0.4917222796662373,91,"[0.49098219057626763, 0.49098219057626763, 0.49098219057626763, 0.49098219057626763, 0.4917222796662373, 0.4917222796662373, 0.4917222796662373, 0.4917222796662373, 0.4917222796662373, 0.4917222796662373, 0.4917222796662373, 0.4917222796662373]",False,471.9747008999693,"{'C': 0.017956267008228482, 'map_reps': 3, 'scale': 0.42493265049869944, 'entanglement': 'circular'}",0.686,0.3634116192830655,0.7223587223587223,0.4835526315789473,0.6995346656363606,0.3273582604428254,0.7511232341740817,1078,515,113,294,ok,6.948521600046661,1,Bank Customer Churn
5,QSVC,quantum,LDA,pso,1200,2000,0.4663382791137755,94,"[0.4534872039421396, 0.45820858314905205, 0.4613917223963042, 0.46388512413957267, 0.46633827911377557, 0.46633827911377557, 0.46633827911377557, 0.46633827911377557, 0.46633827911377557, 0.46633827911377557, 0.46633827911377557, 0.46633827911377557]",False,343.52778450003825,"{'C': 6.592148652775636, 'map_reps': 1, 'scale': 0.25, 'entanglement': 'linear'}",0.6855,0.3716608594657375,0.7843137254901961,0.5043341213553979,0.7222448024435906,0.3617427070325772,0.7857208838309193,1051,541,88,320,ok,5.758887400035746,1,Bank Customer Churn
6,QSVC,quantum,LDA,pso,1200,2000,0.4605356588115208,95,"[0.4513945808727828, 0.45763579788271036, 0.46053565881152086, 0.46053565881152086, 0.46053565881152086, 0.46053565881152086, 0.46053565881152086, 0.46053565881152086, 0.46053565881152086, 0.46053565881152086, 0.46053565881152086, 0.46053565881152086]",False,342.23469000001205,"{'C': 1.8655604948471347, 'map_reps': 1, 'scale': 0.6532334213567195, 'entanglement': 'full'}",0.701,0.3695054945054945,0.6593137254901961,0.4735915492957746,0.6854985712878117,0.3107155100905896,0.7529929057049956,1133,459,139,269,ok,6.31858869997086,1,Bank Customer Churn
7,QSVC,quantum,LDA,pso,1200,2000,0.5098282934320901,89,"[0.4927914290090918, 0.5057844137416051, 0.5098282934320901, 0.5098282934320901, 0.5098282934320901, 0.5098282934320901, 0.5098282934320901, 0.5098282934320901, 0.5098282934320901, 0.5098282934320901, 0.5098282934320901, 0.5098282934320901]",False,473.8555201999843,"{'C': 0.033707721504892506, 'map_reps': 3, 'scale': 0.25, 'entanglement': 'circular'}",0.735,0.4040561622464899,0.6363636363636364,0.4942748091603053,0.6982822576042915,0.3421213681460482,0.7651364770008837,1211,382,148,259,ok,6.966394200047944,1,Bank Customer Churn
8,QSVC,quantum,LDA,pso,1200,2000,0.525649016117972,96,"[0.5250508592413813, 0.525649016117972, 0.525649016117972, 0.525649016117972, 0.525649016117972, 0.525649016117972, 0.525649016117972, 0.525649016117972, 0.525649016117972, 0.525649016117972, 0.525649016117972, 0.525649016117972]",False,335.96538439998403,"{'C': 0.07479082872628286, 'map_reps': 1, 'scale': 0.5295094583948631, 'entanglement': 'circular'}",0.719,0.3909985935302391,0.683046683046683,0.4973166368515205,0.7056162479891294,0.3458846263197671,0.7678279203702933,1160,433,129,278,ok,6.246811099990737,1,Bank Customer Churn
9,QSVC,quantum,LDA,pso,1200,2000,0.4802587887070311,96,"[0.476480261713128, 0.47807607597081275, 0.47836202488235413, 0.47836202488235413, 0.47836202488235413, 0.47836202488235413, 0.47836202488235413, 0.4789580391500989, 0.4794613765352113, 0.4794613765352113, 0.4794613765352113, 0.4802587887070311]",False,351.1290249999729,"{'C': 10.144091073448834, 'map_reps': 1, 'scale': 0.6687228793801558, 'entanglement': 'circular'}",0.722,0.3834115805946791,0.601965601965602,0.4684512428298279,0.6773167620625248,0.3062001426247584,0.7372279829906949,1199,394,162,245,ok,5.034415300004184,1,Bank Customer Churn
10,QSVC,quantum,LDA,pso,1200,2000,0.4916867895190844,94,"[0.4847795188222241, 0.4847795188222241, 0.4847795188222241, 0.4847795188222241, 0.4847795188222241, 0.4847795188222241, 0.4869270785237172, 0.48786686280053154, 0.48786686280053154, 0.4916867895190844, 0.4916867895190844, 0.4916867895190844]",False,422.440461500024,"{'C': 17.95518092916431, 'map_reps': 2, 'scale': 0.4533308990211127, 'entanglement': 'circular'}",0.703,0.3729508196721312,0.6691176470588235,0.4789473684210526,0.6904005320721254,0.3185551270309652,0.7527096265641936,1133,459,135,273,ok,6.194280299998354,1,Bank Customer Churn
11,QSVC,quantum,LDA,pso,1200,2000,0.4798930188585361,96,"[0.4712320533418342, 0.4781892247378973, 0.4781892247378973, 0.4781892247378973, 0.4781892247378973, 0.4781892247378973, 0.4781892247378973, 0.4781892247378973, 0.4781892247378973, 0.4781892247378973, 0.47989301885853614, 0.47989301885853614]",False,355.55697970004985,"{'C': 0.12361555047828705, 'map_reps': 1, 'scale': 0.6265445385132251, 'entanglement': 'linear'}",0.6975,0.3712418300653595,0.696078431372549,0.484228473998295,0.6969713764902946,0.3266408766004819,0.7518505517785004,1111,481,124,284,ok,4.580074599944055,1,Bank Customer Churn
12,QSVC,quantum,LDA,pso,1200,2000,0.4971506850915548,65,"[0.489105929911757, 0.4924092242243025, 0.4971323361478884, 0.49715068509155486, 0.49715068509155486, 0.49715068509155486, 0.49715068509155486, 0.49715068509155486, 0.49715068509155486, 0.49715068509155486, 0.49715068509155486, 0.49715068509155486]",False,267.108827500022,"{'C': 100.00000000000013, 'map_reps': 1, 'scale': 0.25, 'entanglement': 'circular'}",0.6905,0.373508353221957,0.769041769041769,0.5028112449799197,0.7197374570255926,0.3586031573695254,0.7877060419433302,1068,525,94,313,ok,7.027876699983608,1,Bank Customer Churn
13,QSVC,quantum,LDA,pso,1200,2000,0.4955511886241437,96,"[0.485523431105188, 0.485523431105188, 0.485523431105188, 0.4862484814617394, 0.4862484814617394, 0.4887945451133307, 0.4887945451133307, 0.4887945451133307, 0.4887945451133307, 0.4955511886241437, 0.4955511886241437, 0.4955511886241437]",False,340.27052650001133,"{'C': 0.06796345056453089, 'map_reps': 1, 'scale': 0.25, 'entanglement': 'full'}",0.732,0.3951219512195122,0.597051597051597,0.4755381604696673,0.6817649699005631,0.3171632302847008,0.7549645176763821,1221,372,164,243,ok,6.026098500005901,1,Bank Customer Churn
14,QSVC,quantum,LDA,pso,1200,2000,0.4961938215326469,78,"[0.49383164005805513, 0.49541866174735166, 0.49619382153264696, 0.49619382153264696, 0.49619382153264696, 0.49619382153264696, 0.49619382153264696, 0.49619382153264696, 0.49619382153264696, 0.49619382153264696, 0.49619382153264696, 0.49619382153264696]",False,280.2236608999665,"{'C': 0.015683635921967122, 'map_reps': 1, 'scale': 0.31390898520861754, 'entanglement': 'linear'}",0.7345,0.4066265060240964,0.6633906633906634,0.5042016806722689,0.7080292927750556,0.3556905377696527,0.2485551807585706,1199,394,137,270,ok,7.211688100011088,1,Bank Customer Churn
0,VQC,quantum,LDA,random,1200,2000,0.4949299640564701,96,"[0.48322614180624274, 0.48322614180624274, 0.48322614180624274, 0.4866083843159066, 0.4866083843159066, 0.4866083843159066, 0.4866083843159066, 0.4866083843159066, 0.4866083843159066, 0.4866083843159066, 0.48884180668498983, 0.48884180668498983, 0.48884180668498983, 0.48884180668498983, 0.49005642142897043, 0.49005642142897043, 0.49005642142897043, 0.49005642142897043, 0.49005642142897043, 0.49005642142897043, 0.49005642142897043, 0.49005642142897043, 0.49005642142897043, 0.49005642142897043, 0.49005642142897043, 0.49005642142897043, 0.49005642142897043, 0.49005642142897043, 0.49005642142897043, 0.49005642142897043, 0.49005642142897043, 0.49005642142897043, 0.49005642142897043, 0.49005642142897043, 0.49005642142897043, 0.49005642142897043, 0.49005642142897043, 0.49005642142897043, 0.49005642142897043, 0.49005642142897043, 0.4949299640564701, 0.4949299640564701, 0.4949299640564701, 0.4949299640564701, 0.4949299640564701, 0.4949299640564701, 0.4949299640564701, 0.4949299640564701, 0.4949299640564701, 0.4949299640564701, 0.4949299640564701, 0.4949299640564701, 0.4949299640564701, 0.4949299640564701, 0.4949299640564701, 0.4949299640564701, 0.4949299640564701, 0.4949299640564701, 0.4949299640564701, 0.4949299640564701, 0.4949299640564701, 0.4949299640564701, 0.4949299640564701, 0.4949299640564701, 0.4949299640564701, 0.4949299640564701, 0.4949299640564701, 0.4949299640564701, 0.4949299640564701, 0.4949299640564701, 0.4949299640564701, 0.4949299640564701, 0.4949299640564701, 0.4949299640564701, 0.4949299640564701, 0.4949299640564701, 0.4949299640564701, 0.4949299640564701, 0.4949299640564701, 0.4949299640564701, 0.4949299640564701, 0.4949299640564701, 0.4949299640564701, 0.4949299640564701, 0.4949299640564701, 0.4949299640564701, 0.4949299640564701, 0.4949299640564701, 0.4949299640564701, 0.4949299640564701, 0.4949299640564701, 0.4949299640564701, 0.4949299640564701, 0.4949299640564701, 0.4949299640564701, 0.4949299640564701]",False,1631.068051500013,"{'n_layers': 4, 'learning_rate': 0.013777265154504854, 'map_reps': 1, 'feature_map': 'angle', 'entanglement': 'full', 'init_scale': 0.36896795576572183}",0.7325,0.4088952654232424,0.6985294117647058,0.5158371040723982,0.7198677209577298,0.371881425261814,0.7859194871415902,1180,412,123,285,ok,7.156080899992958,1,Bank Customer Churn
1,VQC,quantum,LDA,random,1200,2000,0.4379984795880694,96,"[0.33843017174092643, 0.33843017174092643, 0.33854839516511853, 0.4031825333828416, 0.42431262431262434, 0.42431262431262434, 0.42431262431262434, 0.4302576370131055, 0.4302576370131055, 0.4302576370131055, 0.4302576370131055, 0.4302576370131055, 0.4379984795880694, 0.4379984795880694, 0.4379984795880694, 0.4379984795880694, 0.4379984795880694, 0.4379984795880694, 0.4379984795880694, 0.4379984795880694, 0.4379984795880694, 0.4379984795880694, 0.4379984795880694, 0.4379984795880694, 0.4379984795880694, 0.4379984795880694, 0.4379984795880694, 0.4379984795880694, 0.4379984795880694, 0.4379984795880694, 0.4379984795880694, 0.4379984795880694, 0.4379984795880694, 0.4379984795880694, 0.4379984795880694, 0.4379984795880694, 0.4379984795880694, 0.4379984795880694, 0.4379984795880694, 0.4379984795880694, 0.4379984795880694, 0.4379984795880694, 0.4379984795880694, 0.4379984795880694, 0.4379984795880694, 0.4379984795880694, 0.4379984795880694, 0.4379984795880694, 0.4379984795880694, 0.4379984795880694, 0.4379984795880694, 0.4379984795880694, 0.4379984795880694, 0.4379984795880694, 0.4379984795880694, 0.4379984795880694, 0.4379984795880694, 0.4379984795880694, 0.4379984795880694, 0.4379984795880694, 0.4379984795880694, 0.4379984795880694, 0.4379984795880694, 0.4379984795880694, 0.4379984795880694, 0.4379984795880694, 0.4379984795880694, 0.4379984795880694, 0.4379984795880694, 0.4379984795880694, 0.4379984795880694, 0.4379984795880694, 0.4379984795880694, 0.4379984795880694, 0.4379984795880694, 0.4379984795880694, 0.4379984795880694, 0.4379984795880694, 0.4379984795880694, 0.4379984795880694, 0.4379984795880694, 0.4379984795880694, 0.4379984795880694, 0.4379984795880694, 0.4379984795880694, 0.4379984795880694, 0.4379984795880694, 0.4379984795880694, 0.4379984795880694, 0.4379984795880694, 0.4379984795880694, 0.4379984795880694, 0.4379984795880694, 0.4379984795880694, 0.4379984795880694, 0.4379984795880694]",False,1671.4203868999612,"{'n_layers': 4, 'learning_rate': 0.030833603397668816, 'map_reps': 1, 'feature_map': 'angle', 'entanglement': 'full', 'init_scale': 0.4112648317486173}",0.71,0.3795518207282913,0.6642156862745098,0.483065953654189,0.6929746773081091,0.3246103344398831,0.7743188984136367,1149,443,137,271,ok,4.980826000042725,1,Bank Customer Churn
2,VQC,quantum,LDA,random,1200,2000,0.5107008051170489,96,"[0.3347191977152692, 0.3868332479945383, 0.4908795012749085, 0.4908795012749085, 0.4908795012749085, 0.4908795012749085, 0.4908795012749085, 0.4908795012749085, 0.4908795012749085, 0.4908795012749085, 0.4908795012749085, 0.49948632843369695, 0.49948632843369695, 0.49948632843369695, 0.49948632843369695, 0.49948632843369695, 0.49948632843369695, 0.49948632843369695, 0.49948632843369695, 0.49948632843369695, 0.49948632843369695, 0.49948632843369695, 0.49948632843369695, 0.49948632843369695, 0.49948632843369695, 0.49948632843369695, 0.49948632843369695, 0.49948632843369695, 0.49948632843369695, 0.49948632843369695, 0.49948632843369695, 0.49948632843369695, 0.49948632843369695, 0.49948632843369695, 0.49948632843369695, 0.49948632843369695, 0.49948632843369695, 0.49948632843369695, 0.49948632843369695, 0.49948632843369695, 0.49948632843369695, 0.49948632843369695, 0.49948632843369695, 0.49948632843369695, 0.49948632843369695, 0.49948632843369695, 0.49948632843369695, 0.49948632843369695, 0.49948632843369695, 0.49948632843369695, 0.49948632843369695, 0.49948632843369695, 0.49948632843369695, 0.49948632843369695, 0.49948632843369695, 0.5107008051170489, 0.5107008051170489, 0.5107008051170489, 0.5107008051170489, 0.5107008051170489, 0.5107008051170489, 0.5107008051170489, 0.5107008051170489, 0.5107008051170489, 0.5107008051170489, 0.5107008051170489, 0.5107008051170489, 0.5107008051170489, 0.5107008051170489, 0.5107008051170489, 0.5107008051170489, 0.5107008051170489, 0.5107008051170489, 0.5107008051170489, 0.5107008051170489, 0.5107008051170489, 0.5107008051170489, 0.5107008051170489, 0.5107008051170489, 0.5107008051170489, 0.5107008051170489, 0.5107008051170489, 0.5107008051170489, 0.5107008051170489, 0.5107008051170489, 0.5107008051170489, 0.5107008051170489, 0.5107008051170489, 0.5107008051170489, 0.5107008051170489, 0.5107008051170489, 0.5107008051170489, 0.5107008051170489, 0.5107008051170489, 0.5107008051170489, 0.5107008051170489]",False,1572.9423477000091,"{'n_layers': 1, 'learning_rate': 0.46986845571564184, 'map_reps': 1, 'feature_map': 'zz', 'entanglement': 'circular', 'init_scale': 0.05565150696462087}",0.6205,0.3103448275862069,0.7076167076167076,0.4314606741573034,0.6529295088617122,0.2469192795708339,0.7061807570282146,953,640,119,288,ok,4.120677099970635,1,Bank Customer Churn
3,VQC,quantum,LDA,random,1200,2000,0.4742720492692303,96,"[0.46260592283439345, 0.46260592283439345, 0.46260592283439345, 0.46260592283439345, 0.46260592283439345, 0.46260592283439345, 0.46260592283439345, 0.4720565629656539, 0.4720565629656539, 0.4720565629656539, 0.4720565629656539, 0.4720565629656539, 0.4720565629656539, 0.4720565629656539, 0.4720565629656539, 0.47427204926923033, 0.47427204926923033, 0.47427204926923033, 0.47427204926923033, 0.47427204926923033, 0.47427204926923033, 0.47427204926923033, 0.47427204926923033, 0.47427204926923033, 0.47427204926923033, 0.47427204926923033, 0.47427204926923033, 0.47427204926923033, 0.47427204926923033, 0.47427204926923033, 0.47427204926923033, 0.47427204926923033, 0.47427204926923033, 0.47427204926923033, 0.47427204926923033, 0.47427204926923033, 0.47427204926923033, 0.47427204926923033, 0.47427204926923033, 0.47427204926923033, 0.47427204926923033, 0.47427204926923033, 0.47427204926923033, 0.47427204926923033, 0.47427204926923033, 0.47427204926923033, 0.47427204926923033, 0.47427204926923033, 0.47427204926923033, 0.47427204926923033, 0.47427204926923033, 0.47427204926923033, 0.47427204926923033, 0.47427204926923033, 0.47427204926923033, 0.47427204926923033, 0.47427204926923033, 0.47427204926923033, 0.47427204926923033, 0.47427204926923033, 0.47427204926923033, 0.47427204926923033, 0.47427204926923033, 0.47427204926923033, 0.47427204926923033, 0.47427204926923033, 0.47427204926923033, 0.47427204926923033, 0.47427204926923033, 0.47427204926923033, 0.47427204926923033, 0.47427204926923033, 0.47427204926923033, 0.47427204926923033, 0.47427204926923033, 0.47427204926923033, 0.47427204926923033, 0.47427204926923033, 0.47427204926923033, 0.47427204926923033, 0.47427204926923033, 0.47427204926923033, 0.47427204926923033, 0.47427204926923033, 0.47427204926923033, 0.47427204926923033, 0.47427204926923033, 0.47427204926923033, 0.47427204926923033, 0.47427204926923033, 0.47427204926923033, 0.47427204926923033, 0.47427204926923033, 0.47427204926923033, 0.47427204926923033, 0.47427204926923033]",False,1646.308778400009,"{'n_layers': 4, 'learning_rate': 0.014922674070112486, 'map_reps': 1, 'feature_map': 'angle', 'entanglement': 'full', 'init_scale': 0.014783835760204775}",0.664,0.3435655253837072,0.714987714987715,0.4641148325358851,0.6829803609464626,0.298183226213393,0.7469935266545435,1037,556,116,291,ok,5.9117664999794215,1,Bank Customer Churn
4,VQC,quantum,LDA,random,1200,2000,0.5115234670887615,96,"[0.4978859417251542, 0.5045839561534629, 0.5045839561534629, 0.5063072149825638, 0.5063072149825638, 0.5063072149825638, 0.5063072149825638, 0.5090659629153347, 0.5090659629153347, 0.5090659629153347, 0.5090659629153347, 0.5090659629153347, 0.5090659629153347, 0.5090659629153347, 0.5090659629153347, 0.5090659629153347, 0.5090659629153347, 0.5090659629153347, 0.5090659629153347, 0.5090659629153347, 0.5090659629153347, 0.5090659629153347, 0.5090659629153347, 0.5090659629153347, 0.5090659629153347, 0.5090659629153347, 0.5090659629153347, 0.5090659629153347, 0.5090659629153347, 0.5090659629153347, 0.5090659629153347, 0.5115234670887615, 0.5115234670887615, 0.5115234670887615, 0.5115234670887615, 0.5115234670887615, 0.5115234670887615, 0.5115234670887615, 0.5115234670887615, 0.5115234670887615, 0.5115234670887615, 0.5115234670887615, 0.5115234670887615, 0.5115234670887615, 0.5115234670887615, 0.5115234670887615, 0.5115234670887615, 0.5115234670887615, 0.5115234670887615, 0.5115234670887615, 0.5115234670887615, 0.5115234670887615, 0.5115234670887615, 0.5115234670887615, 0.5115234670887615, 0.5115234670887615, 0.5115234670887615, 0.5115234670887615, 0.5115234670887615, 0.5115234670887615, 0.5115234670887615, 0.5115234670887615, 0.5115234670887615, 0.5115234670887615, 0.5115234670887615, 0.5115234670887615, 0.5115234670887615, 0.5115234670887615, 0.5115234670887615, 0.5115234670887615, 0.5115234670887615, 0.5115234670887615, 0.5115234670887615, 0.5115234670887615, 0.5115234670887615, 0.5115234670887615, 0.5115234670887615, 0.5115234670887615, 0.5115234670887615, 0.5115234670887615, 0.5115234670887615, 0.5115234670887615, 0.5115234670887615, 0.5115234670887615, 0.5115234670887615, 0.5115234670887615, 0.5115234670887615, 0.5115234670887615, 0.5115234670887615, 0.5115234670887615, 0.5115234670887615, 0.5115234670887615, 0.5115234670887615, 0.5115234670887615, 0.5115234670887615, 0.5115234670887615]",False,1662.30348469998,"{'n_layers': 4, 'learning_rate': 0.11175434615260996, 'map_reps': 2, 'feature_map': 'angle', 'entanglement': 'circular', 'init_scale': 0.30402250825696164}",0.7035,0.3697478991596639,0.6486486486486487,0.4710080285459411,0.6830813864712171,0.3076873849067032,0.7440244558888627,1143,450,143,264,ok,5.585438400041312,1,Bank Customer Churn
5,VQC,quantum,LDA,random,1200,2000,0.48826306920837,96,"[0.4005740349583616, 0.40164250402991053, 0.4691236031631982, 0.4691236031631982, 0.47021198915584966, 0.47021198915584966, 0.48826306920837004, 0.48826306920837004, 0.48826306920837004, 0.48826306920837004, 0.48826306920837004, 0.48826306920837004, 0.48826306920837004, 0.48826306920837004, 0.48826306920837004, 0.48826306920837004, 0.48826306920837004, 0.48826306920837004, 0.48826306920837004, 0.48826306920837004, 0.48826306920837004, 0.48826306920837004, 0.48826306920837004, 0.48826306920837004, 0.48826306920837004, 0.48826306920837004, 0.48826306920837004, 0.48826306920837004, 0.48826306920837004, 0.48826306920837004, 0.48826306920837004, 0.48826306920837004, 0.48826306920837004, 0.48826306920837004, 0.48826306920837004, 0.48826306920837004, 0.48826306920837004, 0.48826306920837004, 0.48826306920837004, 0.48826306920837004, 0.48826306920837004, 0.48826306920837004, 0.48826306920837004, 0.48826306920837004, 0.48826306920837004, 0.48826306920837004, 0.48826306920837004, 0.48826306920837004, 0.48826306920837004, 0.48826306920837004, 0.48826306920837004, 0.48826306920837004, 0.48826306920837004, 0.48826306920837004, 0.48826306920837004, 0.48826306920837004, 0.48826306920837004, 0.48826306920837004, 0.48826306920837004, 0.48826306920837004, 0.48826306920837004, 0.48826306920837004, 0.48826306920837004, 0.48826306920837004, 0.48826306920837004, 0.48826306920837004, 0.48826306920837004, 0.48826306920837004, 0.48826306920837004, 0.48826306920837004, 0.48826306920837004, 0.48826306920837004, 0.48826306920837004, 0.48826306920837004, 0.48826306920837004, 0.48826306920837004, 0.48826306920837004, 0.48826306920837004, 0.48826306920837004, 0.48826306920837004, 0.48826306920837004, 0.48826306920837004, 0.48826306920837004, 0.48826306920837004, 0.48826306920837004, 0.48826306920837004, 0.48826306920837004, 0.48826306920837004, 0.48826306920837004, 0.48826306920837004, 0.48826306920837004, 0.48826306920837004, 0.48826306920837004, 0.48826306920837004, 0.48826306920837004, 0.48826306920837004]",False,1614.343294799968,"{'n_layers': 3, 'learning_rate': 0.47781691776343094, 'map_reps': 1, 'feature_map': 'zz', 'entanglement': 'linear', 'init_scale': 0.2529127977779641}",0.7985,0.5103734439834025,0.3014705882352941,0.3790446841294299,0.6136749926101094,0.2814200932040995,0.7212194551187309,1474,118,285,123,ok,6.7387584000243805,1,Bank Customer Churn
6,VQC,quantum,LDA,random,1200,2000,0.5078280151564994,96,"[0.4035164295296941, 0.5048619481109119, 0.5048619481109119, 0.5066341271844932, 0.5066341271844932, 0.5066341271844932, 0.5066341271844932, 0.5066341271844932, 0.5066341271844932, 0.5066341271844932, 0.5066341271844932, 0.5066341271844932, 0.5066341271844932, 0.5072131279980922, 0.5072131279980922, 0.5072131279980922, 0.5072131279980922, 0.5072131279980922, 0.5072131279980922, 0.5072131279980922, 0.5072131279980922, 0.5072131279980922, 0.5072131279980922, 0.5072131279980922, 0.5072131279980922, 0.5072131279980922, 0.5078280151564994, 0.5078280151564994, 0.5078280151564994, 0.5078280151564994, 0.5078280151564994, 0.5078280151564994, 0.5078280151564994, 0.5078280151564994, 0.5078280151564994, 0.5078280151564994, 0.5078280151564994, 0.5078280151564994, 0.5078280151564994, 0.5078280151564994, 0.5078280151564994, 0.5078280151564994, 0.5078280151564994, 0.5078280151564994, 0.5078280151564994, 0.5078280151564994, 0.5078280151564994, 0.5078280151564994, 0.5078280151564994, 0.5078280151564994, 0.5078280151564994, 0.5078280151564994, 0.5078280151564994, 0.5078280151564994, 0.5078280151564994, 0.5078280151564994, 0.5078280151564994, 0.5078280151564994, 0.5078280151564994, 0.5078280151564994, 0.5078280151564994, 0.5078280151564994, 0.5078280151564994, 0.5078280151564994, 0.5078280151564994, 0.5078280151564994, 0.5078280151564994, 0.5078280151564994, 0.5078280151564994, 0.5078280151564994, 0.5078280151564994, 0.5078280151564994, 0.5078280151564994, 0.5078280151564994, 0.5078280151564994, 0.5078280151564994, 0.5078280151564994, 0.5078280151564994, 0.5078280151564994, 0.5078280151564994, 0.5078280151564994, 0.5078280151564994, 0.5078280151564994, 0.5078280151564994, 0.5078280151564994, 0.5078280151564994, 0.5078280151564994, 0.5078280151564994, 0.5078280151564994, 0.5078280151564994, 0.5078280151564994, 0.5078280151564994, 0.5078280151564994, 0.5078280151564994, 0.5078280151564994, 0.5078280151564994]",False,1672.7571931000566,"{'n_layers': 1, 'learning_rate': 0.029048475611415745, 'map_reps': 1, 'feature_map': 'angle', 'entanglement': 'circular', 'init_scale': 0.025124076614397695}",0.703,0.3663793103448275,0.625,0.4619565217391304,0.6739949748743719,0.2943912509930377,0.7360916100108384,1151,441,153,255,ok,2.5546160000376403,1,Bank Customer Churn
7,VQC,quantum,LDA,random,1200,2000,0.4740360122968818,96,"[0.3500081796541974, 0.4669559150164521, 0.4669559150164521, 0.4669559150164521, 0.47403601229688186, 0.47403601229688186, 0.47403601229688186, 0.47403601229688186, 0.47403601229688186, 0.47403601229688186, 0.47403601229688186, 0.47403601229688186, 0.47403601229688186, 0.47403601229688186, 0.47403601229688186, 0.47403601229688186, 0.47403601229688186, 0.47403601229688186, 0.47403601229688186, 0.47403601229688186, 0.47403601229688186, 0.47403601229688186, 0.47403601229688186, 0.47403601229688186, 0.47403601229688186, 0.47403601229688186, 0.47403601229688186, 0.47403601229688186, 0.47403601229688186, 0.47403601229688186, 0.47403601229688186, 0.47403601229688186, 0.47403601229688186, 0.47403601229688186, 0.47403601229688186, 0.47403601229688186, 0.47403601229688186, 0.47403601229688186, 0.47403601229688186, 0.47403601229688186, 0.47403601229688186, 0.47403601229688186, 0.47403601229688186, 0.47403601229688186, 0.47403601229688186, 0.47403601229688186, 0.47403601229688186, 0.47403601229688186, 0.47403601229688186, 0.47403601229688186, 0.47403601229688186, 0.47403601229688186, 0.47403601229688186, 0.47403601229688186, 0.47403601229688186, 0.47403601229688186, 0.47403601229688186, 0.47403601229688186, 0.47403601229688186, 0.47403601229688186, 0.47403601229688186, 0.47403601229688186, 0.47403601229688186, 0.47403601229688186, 0.47403601229688186, 0.47403601229688186, 0.47403601229688186, 0.47403601229688186, 0.47403601229688186, 0.47403601229688186, 0.47403601229688186, 0.47403601229688186, 0.47403601229688186, 0.47403601229688186, 0.47403601229688186, 0.47403601229688186, 0.47403601229688186, 0.47403601229688186, 0.47403601229688186, 0.47403601229688186, 0.47403601229688186, 0.47403601229688186, 0.47403601229688186, 0.47403601229688186, 0.47403601229688186, 0.47403601229688186, 0.47403601229688186, 0.47403601229688186, 0.47403601229688186, 0.47403601229688186, 0.47403601229688186, 0.47403601229688186, 0.47403601229688186, 0.47403601229688186, 0.47403601229688186, 0.47403601229688186]",False,1626.6427108999924,"{'n_layers': 2, 'learning_rate': 0.009795152851838951, 'map_reps': 1, 'feature_map': 'angle', 'entanglement': 'full', 'init_scale': 0.03102622845325108}",0.6855,0.362962962962963,0.7223587223587223,0.4831552999178307,0.6992207924411313,0.3267787154876711,0.7469009841891197,1077,516,113,294,ok,5.027923699992243,1,Bank Customer Churn
8,VQC,quantum,LDA,random,1200,2000,0.4923813417537266,96,"[0.32354181718193536, 0.3513351918815393, 0.4756098683520162, 0.4756098683520162, 0.4756098683520162, 0.4756098683520162, 0.4756098683520162, 0.4756098683520162, 0.4756098683520162, 0.4756098683520162, 0.4756098683520162, 0.4791260749685529, 0.48286367289531845, 0.48286367289531845, 0.48286367289531845, 0.48286367289531845, 0.48286367289531845, 0.48286367289531845, 0.48286367289531845, 0.48286367289531845, 0.48286367289531845, 0.48286367289531845, 0.48286367289531845, 0.48286367289531845, 0.488572154025881, 0.488572154025881, 0.488572154025881, 0.488572154025881, 0.488572154025881, 0.488572154025881, 0.488572154025881, 0.488572154025881, 0.488572154025881, 0.488572154025881, 0.488572154025881, 0.488572154025881, 0.488572154025881, 0.488572154025881, 0.488572154025881, 0.488572154025881, 0.488572154025881, 0.488572154025881, 0.488572154025881, 0.488572154025881, 0.488572154025881, 0.488572154025881, 0.488572154025881, 0.488572154025881, 0.488572154025881, 0.488572154025881, 0.488572154025881, 0.488572154025881, 0.49238134175372666, 0.49238134175372666, 0.49238134175372666, 0.49238134175372666, 0.49238134175372666, 0.49238134175372666, 0.49238134175372666, 0.49238134175372666, 0.49238134175372666, 0.49238134175372666, 0.49238134175372666, 0.49238134175372666, 0.49238134175372666, 0.49238134175372666, 0.49238134175372666, 0.49238134175372666, 0.49238134175372666, 0.49238134175372666, 0.49238134175372666, 0.49238134175372666, 0.49238134175372666, 0.49238134175372666, 0.49238134175372666, 0.49238134175372666, 0.49238134175372666, 0.49238134175372666, 0.49238134175372666, 0.49238134175372666, 0.49238134175372666, 0.49238134175372666, 0.49238134175372666, 0.49238134175372666, 0.49238134175372666, 0.49238134175372666, 0.49238134175372666, 0.49238134175372666, 0.49238134175372666, 0.49238134175372666, 0.49238134175372666, 0.49238134175372666, 0.49238134175372666, 0.49238134175372666, 0.49238134175372666, 0.49238134175372666]",False,1631.9003162000445,"{'n_layers': 6, 'learning_rate': 0.01733452398910945, 'map_reps': 1, 'feature_map': 'angle', 'entanglement': 'linear', 'init_scale': 0.43921249977171267}",0.7005,0.3588235294117647,0.5995085995085995,0.4489420423183072,0.6629055866344002,0.2769042645903642,0.7300952724681539,1157,436,163,244,ok,9.084259099967312,1,Bank Customer Churn
9,VQC,quantum,LDA,random,1200,2000,0.498475346843243,96,"[0.4895257734173204, 0.4895257734173204, 0.4895257734173204, 0.4895257734173204, 0.4895257734173204, 0.4895257734173204, 0.4895257734173204, 0.4895257734173204, 0.4895257734173204, 0.4895257734173204, 0.4895257734173204, 0.4895257734173204, 0.4895257734173204, 0.4895257734173204, 0.4895257734173204, 0.4895257734173204, 0.4895257734173204, 0.4895257734173204, 0.4895257734173204, 0.4895257734173204, 0.4895257734173204, 0.4895257734173204, 0.4895257734173204, 0.4895257734173204, 0.4895257734173204, 0.49543548790109176, 0.49543548790109176, 0.49543548790109176, 0.49543548790109176, 0.49543548790109176, 0.49543548790109176, 0.49543548790109176, 0.49543548790109176, 0.49543548790109176, 0.49543548790109176, 0.49543548790109176, 0.49543548790109176, 0.49543548790109176, 0.49543548790109176, 0.49543548790109176, 0.49543548790109176, 0.49543548790109176, 0.49543548790109176, 0.49543548790109176, 0.49543548790109176, 0.49543548790109176, 0.49543548790109176, 0.49543548790109176, 0.49543548790109176, 0.49543548790109176, 0.498475346843243, 0.498475346843243, 0.498475346843243, 0.498475346843243, 0.498475346843243, 0.498475346843243, 0.498475346843243, 0.498475346843243, 0.498475346843243, 0.498475346843243, 0.498475346843243, 0.498475346843243, 0.498475346843243, 0.498475346843243, 0.498475346843243, 0.498475346843243, 0.498475346843243, 0.498475346843243, 0.498475346843243, 0.498475346843243, 0.498475346843243, 0.498475346843243, 0.498475346843243, 0.498475346843243, 0.498475346843243, 0.498475346843243, 0.498475346843243, 0.498475346843243, 0.498475346843243, 0.498475346843243, 0.498475346843243, 0.498475346843243, 0.498475346843243, 0.498475346843243, 0.498475346843243, 0.498475346843243, 0.498475346843243, 0.498475346843243, 0.498475346843243, 0.498475346843243, 0.498475346843243, 0.498475346843243, 0.498475346843243, 0.498475346843243, 0.498475346843243, 0.498475346843243]",False,1668.0993556000176,"{'n_layers': 6, 'learning_rate': 0.0030348523445824175, 'map_reps': 1, 'feature_map': 'angle', 'entanglement': 'circular', 'init_scale': 0.29705826315870876}",0.721,0.387815750371471,0.6412776412776413,0.4833333333333333,0.6913230642044201,0.32603139520952,0.7461945767030513,1181,412,146,261,ok,6.684870299999602,1,Bank Customer Churn
10,VQC,quantum,LDA,random,1200,2000,0.4958353550056607,96,"[0.4173041177512116, 0.48096345373135, 0.48096345373135, 0.48096345373135, 0.49571945738728257, 0.49571945738728257, 0.49571945738728257, 0.49571945738728257, 0.49571945738728257, 0.49571945738728257, 0.49571945738728257, 0.49571945738728257, 0.49571945738728257, 0.49571945738728257, 0.49571945738728257, 0.49571945738728257, 0.49571945738728257, 0.49571945738728257, 0.49571945738728257, 0.49571945738728257, 0.49571945738728257, 0.49571945738728257, 0.49571945738728257, 0.49571945738728257, 0.49571945738728257, 0.49571945738728257, 0.49571945738728257, 0.49571945738728257, 0.49571945738728257, 0.49571945738728257, 0.49571945738728257, 0.49571945738728257, 0.49571945738728257, 0.49571945738728257, 0.49571945738728257, 0.49571945738728257, 0.49571945738728257, 0.49571945738728257, 0.49571945738728257, 0.49571945738728257, 0.49571945738728257, 0.49571945738728257, 0.49571945738728257, 0.49571945738728257, 0.49571945738728257, 0.49571945738728257, 0.49571945738728257, 0.49571945738728257, 0.49571945738728257, 0.49571945738728257, 0.49571945738728257, 0.49571945738728257, 0.49571945738728257, 0.49571945738728257, 0.49571945738728257, 0.49571945738728257, 0.49571945738728257, 0.49571945738728257, 0.49571945738728257, 0.49571945738728257, 0.49571945738728257, 0.49571945738728257, 0.49571945738728257, 0.49571945738728257, 0.49571945738728257, 0.49571945738728257, 0.49571945738728257, 0.49571945738728257, 0.49571945738728257, 0.49571945738728257, 0.49571945738728257, 0.49571945738728257, 0.49571945738728257, 0.49571945738728257, 0.49571945738728257, 0.49571945738728257, 0.49571945738728257, 0.49571945738728257, 0.49571945738728257, 0.49571945738728257, 0.49571945738728257, 0.49571945738728257, 0.49571945738728257, 0.49571945738728257, 0.49571945738728257, 0.49571945738728257, 0.49571945738728257, 0.49571945738728257, 0.49571945738728257, 0.4958353550056607, 0.4958353550056607, 0.4958353550056607, 0.4958353550056607, 0.4958353550056607, 0.4958353550056607, 0.4958353550056607]",False,1680.6263149000006,"{'n_layers': 3, 'learning_rate': 0.008957117969329137, 'map_reps': 1, 'feature_map': 'angle', 'entanglement': 'full', 'init_scale': 0.09271944524389053}",0.7175,0.3880171184022825,0.6666666666666666,0.4905320108205591,0.6985971524288107,0.3354602308400868,0.7597823677209579,1163,429,136,272,ok,3.4160123000037856,1,Bank Customer Churn
11,VQC,quantum,LDA,random,1200,2000,0.4739155201156295,96,"[0.34711845414241277, 0.4587906236722444, 0.4587906236722444, 0.4587906236722444, 0.4587906236722444, 0.4587906236722444, 0.4587906236722444, 0.4587906236722444, 0.4587906236722444, 0.4587906236722444, 0.45924422622294964, 0.45924422622294964, 0.45924422622294964, 0.45924422622294964, 0.45924422622294964, 0.45924422622294964, 0.46111668298429526, 0.46111668298429526, 0.46111668298429526, 0.46111668298429526, 0.46111668298429526, 0.4627769897557132, 0.4627769897557132, 0.4690857603749036, 0.4690857603749036, 0.4690857603749036, 0.4690857603749036, 0.4739155201156295, 0.4739155201156295, 0.4739155201156295, 0.4739155201156295, 0.4739155201156295, 0.4739155201156295, 0.4739155201156295, 0.4739155201156295, 0.4739155201156295, 0.4739155201156295, 0.4739155201156295, 0.4739155201156295, 0.4739155201156295, 0.4739155201156295, 0.4739155201156295, 0.4739155201156295, 0.4739155201156295, 0.4739155201156295, 0.4739155201156295, 0.4739155201156295, 0.4739155201156295, 0.4739155201156295, 0.4739155201156295, 0.4739155201156295, 0.4739155201156295, 0.4739155201156295, 0.4739155201156295, 0.4739155201156295, 0.4739155201156295, 0.4739155201156295, 0.4739155201156295, 0.4739155201156295, 0.4739155201156295, 0.4739155201156295, 0.4739155201156295, 0.4739155201156295, 0.4739155201156295, 0.4739155201156295, 0.4739155201156295, 0.4739155201156295, 0.4739155201156295, 0.4739155201156295, 0.4739155201156295, 0.4739155201156295, 0.4739155201156295, 0.4739155201156295, 0.4739155201156295, 0.4739155201156295, 0.4739155201156295, 0.4739155201156295, 0.4739155201156295, 0.4739155201156295, 0.4739155201156295, 0.4739155201156295, 0.4739155201156295, 0.4739155201156295, 0.4739155201156295, 0.4739155201156295, 0.4739155201156295, 0.4739155201156295, 0.4739155201156295, 0.4739155201156295, 0.4739155201156295, 0.4739155201156295, 0.4739155201156295, 0.4739155201156295, 0.4739155201156295, 0.4739155201156295, 0.4739155201156295]",False,1620.9080092000077,"{'n_layers': 5, 'learning_rate': 0.0018150368895275529, 'map_reps': 1, 'feature_map': 'angle', 'entanglement': 'full', 'init_scale': 0.02911525257118798}",0.7285,0.4061196105702364,0.7156862745098039,0.518189884649512,0.7237350970538969,0.3757739894398079,0.7786727756429205,1165,427,116,292,ok,9.420849699992688,1,Bank Customer Churn
12,VQC,quantum,LDA,random,1200,2000,0.4803009614837572,96,"[0.39495478029839876, 0.39495478029839876, 0.39495478029839876, 0.39495478029839876, 0.39495478029839876, 0.39495478029839876, 0.39495478029839876, 0.45750314629982686, 0.45750314629982686, 0.45867889420521, 0.45953210205089196, 0.45953210205089196, 0.45953210205089196, 0.45953210205089196, 0.47098387377549894, 0.47098387377549894, 0.47098387377549894, 0.47098387377549894, 0.47098387377549894, 0.47098387377549894, 0.47098387377549894, 0.47098387377549894, 0.47098387377549894, 0.47098387377549894, 0.47098387377549894, 0.47098387377549894, 0.47098387377549894, 0.47098387377549894, 0.47098387377549894, 0.47098387377549894, 0.47098387377549894, 0.47098387377549894, 0.47098387377549894, 0.47098387377549894, 0.47098387377549894, 0.47098387377549894, 0.47098387377549894, 0.47098387377549894, 0.47098387377549894, 0.47098387377549894, 0.47098387377549894, 0.47098387377549894, 0.47098387377549894, 0.47098387377549894, 0.47098387377549894, 0.4803009614837572, 0.4803009614837572, 0.4803009614837572, 0.4803009614837572, 0.4803009614837572, 0.4803009614837572, 0.4803009614837572, 0.4803009614837572, 0.4803009614837572, 0.4803009614837572, 0.4803009614837572, 0.4803009614837572, 0.4803009614837572, 0.4803009614837572, 0.4803009614837572, 0.4803009614837572, 0.4803009614837572, 0.4803009614837572, 0.4803009614837572, 0.4803009614837572, 0.4803009614837572, 0.4803009614837572, 0.4803009614837572, 0.4803009614837572, 0.4803009614837572, 0.4803009614837572, 0.4803009614837572, 0.4803009614837572, 0.4803009614837572, 0.4803009614837572, 0.4803009614837572, 0.4803009614837572, 0.4803009614837572, 0.4803009614837572, 0.4803009614837572, 0.4803009614837572, 0.4803009614837572, 0.4803009614837572, 0.4803009614837572, 0.4803009614837572, 0.4803009614837572, 0.4803009614837572, 0.4803009614837572, 0.4803009614837572, 0.4803009614837572, 0.4803009614837572, 0.4803009614837572, 0.4803009614837572, 0.4803009614837572, 0.4803009614837572, 0.4803009614837572]",False,1633.457137599995,"{'n_layers': 6, 'learning_rate': 0.24101079119330582, 'map_reps': 1, 'feature_map': 'angle', 'entanglement': 'full', 'init_scale': 0.35009425613451534}",0.515,0.2781717888100867,0.8673218673218673,0.4212410501193317,0.646153086831053,0.2443732028918147,0.7562338918271121,677,916,54,353,ok,9.296319799963385,1,Bank Customer Churn
13,VQC,quantum,LDA,random,1200,2000,0.5084558823529411,96,"[0.4842924558400448, 0.4842924558400448, 0.4842924558400448, 0.4842924558400448, 0.4842924558400448, 0.49705014871631065, 0.5084558823529411, 0.5084558823529411, 0.5084558823529411, 0.5084558823529411, 0.5084558823529411, 0.5084558823529411, 0.5084558823529411, 0.5084558823529411, 0.5084558823529411, 0.5084558823529411, 0.5084558823529411, 0.5084558823529411, 0.5084558823529411, 0.5084558823529411, 0.5084558823529411, 0.5084558823529411, 0.5084558823529411, 0.5084558823529411, 0.5084558823529411, 0.5084558823529411, 0.5084558823529411, 0.5084558823529411, 0.5084558823529411, 0.5084558823529411, 0.5084558823529411, 0.5084558823529411, 0.5084558823529411, 0.5084558823529411, 0.5084558823529411, 0.5084558823529411, 0.5084558823529411, 0.5084558823529411, 0.5084558823529411, 0.5084558823529411, 0.5084558823529411, 0.5084558823529411, 0.5084558823529411, 0.5084558823529411, 0.5084558823529411, 0.5084558823529411, 0.5084558823529411, 0.5084558823529411, 0.5084558823529411, 0.5084558823529411, 0.5084558823529411, 0.5084558823529411, 0.5084558823529411, 0.5084558823529411, 0.5084558823529411, 0.5084558823529411, 0.5084558823529411, 0.5084558823529411, 0.5084558823529411, 0.5084558823529411, 0.5084558823529411, 0.5084558823529411, 0.5084558823529411, 0.5084558823529411, 0.5084558823529411, 0.5084558823529411, 0.5084558823529411, 0.5084558823529411, 0.5084558823529411, 0.5084558823529411, 0.5084558823529411, 0.5084558823529411, 0.5084558823529411, 0.5084558823529411, 0.5084558823529411, 0.5084558823529411, 0.5084558823529411, 0.5084558823529411, 0.5084558823529411, 0.5084558823529411, 0.5084558823529411, 0.5084558823529411, 0.5084558823529411, 0.5084558823529411, 0.5084558823529411, 0.5084558823529411, 0.5084558823529411, 0.5084558823529411, 0.5084558823529411, 0.5084558823529411, 0.5084558823529411, 0.5084558823529411, 0.5084558823529411, 0.5084558823529411, 0.5084558823529411, 0.5084558823529411]",False,1676.2974647000085,"{'n_layers': 3, 'learning_rate': 0.026542000365472385, 'map_reps': 1, 'feature_map': 'angle', 'entanglement': 'full', 'init_scale': 0.2654260138302432}",0.6875,0.3588082901554404,0.6805896805896806,0.4698897370653095,0.6849276086564222,0.305864453931858,0.7522437691929218,1098,495,130,277,ok,3.641727300011553,1,Bank Customer Churn
14,VQC,quantum,LDA,random,1200,2000,0.476756402693976,96,"[0.4574679429293842, 0.4574679429293842, 0.4574679429293842, 0.4574679429293842, 0.4574679429293842, 0.4574679429293842, 0.4574679429293842, 0.4574679429293842, 0.4606265543473638, 0.4652509404788667, 0.4652509404788667, 0.4652509404788667, 0.4652509404788667, 0.4652509404788667, 0.4652509404788667, 0.4652509404788667, 0.4652509404788667, 0.4652509404788667, 0.4652509404788667, 0.4652509404788667, 0.46839607731820104, 0.46839607731820104, 0.46839607731820104, 0.46839607731820104, 0.46839607731820104, 0.46839607731820104, 0.46839607731820104, 0.4732480987420901, 0.4732480987420901, 0.4732480987420901, 0.4732480987420901, 0.4732480987420901, 0.4732480987420901, 0.4732480987420901, 0.4732480987420901, 0.4732480987420901, 0.4732480987420901, 0.4732480987420901, 0.4732480987420901, 0.4732480987420901, 0.4732480987420901, 0.4732480987420901, 0.4732480987420901, 0.4732480987420901, 0.4732480987420901, 0.4732480987420901, 0.4732480987420901, 0.4732480987420901, 0.4732480987420901, 0.47658376833677285, 0.47658376833677285, 0.47658376833677285, 0.47658376833677285, 0.47658376833677285, 0.47658376833677285, 0.47658376833677285, 0.47658376833677285, 0.47658376833677285, 0.47658376833677285, 0.47658376833677285, 0.47675640269397607, 0.47675640269397607, 0.47675640269397607, 0.47675640269397607, 0.47675640269397607, 0.47675640269397607, 0.47675640269397607, 0.47675640269397607, 0.47675640269397607, 0.47675640269397607, 0.47675640269397607, 0.47675640269397607, 0.47675640269397607, 0.47675640269397607, 0.47675640269397607, 0.47675640269397607, 0.47675640269397607, 0.47675640269397607, 0.47675640269397607, 0.47675640269397607, 0.47675640269397607, 0.47675640269397607, 0.47675640269397607, 0.47675640269397607, 0.47675640269397607, 0.47675640269397607, 0.47675640269397607, 0.47675640269397607, 0.47675640269397607, 0.47675640269397607, 0.47675640269397607, 0.47675640269397607, 0.47675640269397607, 0.47675640269397607, 0.47675640269397607, 0.47675640269397607]",False,1650.3057272000003,"{'n_layers': 5, 'learning_rate': 0.4015395263877613, 'map_reps': 1, 'feature_map': 'zz', 'entanglement': 'circular', 'init_scale': 0.4709124753123121}",0.6865,0.3593350383631714,0.6904176904176904,0.4726661059714045,0.6879583743990524,0.3101485447650644,0.740749994987283,1092,501,126,281,ok,6.642259199987166,1,Bank Customer Churn
0,QSVC,quantum,LDA,random,1200,2000,0.507781956109041,96,"[0.5038676780010257, 0.5038676780010257, 0.5038676780010257, 0.5057496949094211, 0.5057496949094211, 0.5057496949094211, 0.5057496949094211, 0.5057496949094211, 0.5057496949094211, 0.5057496949094211, 0.5057496949094211, 0.5057496949094211, 0.5057496949094211, 0.5057496949094211, 0.5057496949094211, 0.5057496949094211, 0.5057496949094211, 0.5057496949094211, 0.5057496949094211, 0.5057496949094211, 0.5057496949094211, 0.5057496949094211, 0.5057496949094211, 0.5057496949094211, 0.5057496949094211, 0.5057496949094211, 0.5057496949094211, 0.5057496949094211, 0.5057496949094211, 0.5057496949094211, 0.5057496949094211, 0.5057496949094211, 0.5057496949094211, 0.5057496949094211, 0.5057496949094211, 0.5057496949094211, 0.5057496949094211, 0.5057496949094211, 0.5057496949094211, 0.5057496949094211, 0.5057496949094211, 0.5057496949094211, 0.5062151355076363, 0.5062151355076363, 0.5062151355076363, 0.5062151355076363, 0.5062151355076363, 0.5062151355076363, 0.5062151355076363, 0.5062151355076363, 0.5062151355076363, 0.5062151355076363, 0.5062151355076363, 0.5062151355076363, 0.5062151355076363, 0.5062151355076363, 0.5062151355076363, 0.5062151355076363, 0.5062151355076363, 0.5062151355076363, 0.5062151355076363, 0.5062151355076363, 0.5062151355076363, 0.5062151355076363, 0.507781956109041, 0.507781956109041, 0.507781956109041, 0.507781956109041, 0.507781956109041, 0.507781956109041, 0.507781956109041, 0.507781956109041, 0.507781956109041, 0.507781956109041, 0.507781956109041, 0.507781956109041, 0.507781956109041, 0.507781956109041, 0.507781956109041, 0.507781956109041, 0.507781956109041, 0.507781956109041, 0.507781956109041, 0.507781956109041, 0.507781956109041, 0.507781956109041, 0.507781956109041, 0.507781956109041, 0.507781956109041, 0.507781956109041, 0.507781956109041, 0.507781956109041, 0.507781956109041, 0.507781956109041, 0.507781956109041, 0.507781956109041]",False,486.81054159998894,"{'C': 0.05352346347743439, 'map_reps': 1, 'scale': 0.47956842058681726, 'entanglement': 'circular'}",0.7005,0.3693570451436389,0.6617647058823529,0.4741000877963126,0.6860959207803725,0.3114432788059535,0.7582120159621638,1131,461,138,270,ok,7.240286799962632,1,Bank Customer Churn
1,QSVC,quantum,LDA,random,1200,2000,0.4940187891729742,96,"[0.28449336288822646, 0.30706818619896503, 0.30706818619896503, 0.48906398329219675, 0.48906398329219675, 0.48906398329219675, 0.48906398329219675, 0.48906398329219675, 0.48906398329219675, 0.4894072046538414, 0.4894072046538414, 0.4894072046538414, 0.4894072046538414, 0.4894072046538414, 0.4894072046538414, 0.4894072046538414, 0.4894072046538414, 0.4894072046538414, 0.4894072046538414, 0.4894072046538414, 0.4894072046538414, 0.4894072046538414, 0.491304347826087, 0.491304347826087, 0.4930402380580389, 0.4930402380580389, 0.4930402380580389, 0.4930402380580389, 0.4930402380580389, 0.4930402380580389, 0.4930402380580389, 0.4930402380580389, 0.4930402380580389, 0.4930402380580389, 0.4930402380580389, 0.4930402380580389, 0.4930402380580389, 0.4930402380580389, 0.4930402380580389, 0.4930402380580389, 0.4930402380580389, 0.4930402380580389, 0.4930402380580389, 0.4930402380580389, 0.4930402380580389, 0.4930402380580389, 0.4930402380580389, 0.4930402380580389, 0.4930402380580389, 0.4930402380580389, 0.4930402380580389, 0.4930402380580389, 0.4930402380580389, 0.4930402380580389, 0.4930402380580389, 0.4930402380580389, 0.4930402380580389, 0.4930402380580389, 0.4930402380580389, 0.4930402380580389, 0.4930402380580389, 0.4930402380580389, 0.4930402380580389, 0.4930402380580389, 0.4930402380580389, 0.4930402380580389, 0.4930402380580389, 0.4930402380580389, 0.4930402380580389, 0.4930402380580389, 0.4930402380580389, 0.4930402380580389, 0.4930402380580389, 0.4930402380580389, 0.4930402380580389, 0.4940187891729742, 0.4940187891729742, 0.4940187891729742, 0.4940187891729742, 0.4940187891729742, 0.4940187891729742, 0.4940187891729742, 0.4940187891729742, 0.4940187891729742, 0.4940187891729742, 0.4940187891729742, 0.4940187891729742, 0.4940187891729742, 0.4940187891729742, 0.4940187891729742, 0.4940187891729742, 0.4940187891729742, 0.4940187891729742, 0.4940187891729742, 0.4940187891729742, 0.4940187891729742]",False,491.0390139000374,"{'C': 0.1693524113438976, 'map_reps': 1, 'scale': 0.6562930718561188, 'entanglement': 'linear'}",0.6765,0.3547995139732685,0.7156862745098039,0.4744110479285134,0.6910717804709824,0.3129248195086274,0.7434838099812789,1061,531,116,292,ok,6.897105900046881,1,Bank Customer Churn
2,QSVC,quantum,LDA,random,1200,2000,0.4845469164767857,96,"[0.47118450208691876, 0.4720327960407251, 0.4720327960407251, 0.4720327960407251, 0.4720327960407251, 0.4720327960407251, 0.4720327960407251, 0.47357770968339796, 0.47357770968339796, 0.47357770968339796, 0.47357770968339796, 0.47357770968339796, 0.47357770968339796, 0.47357770968339796, 0.47357770968339796, 0.47357770968339796, 0.47357770968339796, 0.4834133935282843, 0.4834133935282843, 0.4834133935282843, 0.4834133935282843, 0.4834133935282843, 0.4834133935282843, 0.4834133935282843, 0.4834133935282843, 0.4834133935282843, 0.4834133935282843, 0.4834133935282843, 0.4834133935282843, 0.4834133935282843, 0.4834133935282843, 0.4834133935282843, 0.4834133935282843, 0.4834133935282843, 0.4834133935282843, 0.4834133935282843, 0.4834133935282843, 0.4834133935282843, 0.4834133935282843, 0.4834133935282843, 0.4834133935282843, 0.4834133935282843, 0.4834133935282843, 0.4834133935282843, 0.4834133935282843, 0.4834133935282843, 0.48454691647678577, 0.48454691647678577, 0.48454691647678577, 0.48454691647678577, 0.48454691647678577, 0.48454691647678577, 0.48454691647678577, 0.48454691647678577, 0.48454691647678577, 0.48454691647678577, 0.48454691647678577, 0.48454691647678577, 0.48454691647678577, 0.48454691647678577, 0.48454691647678577, 0.48454691647678577, 0.48454691647678577, 0.48454691647678577, 0.48454691647678577, 0.48454691647678577, 0.48454691647678577, 0.48454691647678577, 0.48454691647678577, 0.48454691647678577, 0.48454691647678577, 0.48454691647678577, 0.48454691647678577, 0.48454691647678577, 0.48454691647678577, 0.48454691647678577, 0.48454691647678577, 0.48454691647678577, 0.48454691647678577, 0.48454691647678577, 0.48454691647678577, 0.48454691647678577, 0.48454691647678577, 0.48454691647678577, 0.48454691647678577, 0.48454691647678577, 0.48454691647678577, 0.48454691647678577, 0.48454691647678577, 0.48454691647678577, 0.48454691647678577, 0.48454691647678577, 0.48454691647678577, 0.48454691647678577, 0.48454691647678577, 0.48454691647678577]",False,500.0228059000219,"{'C': 0.014375300337858296, 'map_reps': 1, 'scale': 0.2542646509862949, 'entanglement': 'circular'}",0.735,0.4019138755980861,0.6191646191646192,0.4874274661508704,0.6918798613713868,0.3330392694133275,0.3183368268114031,1218,375,155,252,ok,5.139588699967135,1,Bank Customer Churn
3,QSVC,quantum,LDA,random,1200,2000,0.4673853345851977,96,"[0.35062193408003733, 0.4673853345851977, 0.4673853345851977, 0.4673853345851977, 0.4673853345851977, 0.4673853345851977, 0.4673853345851977, 0.4673853345851977, 0.4673853345851977, 0.4673853345851977, 0.4673853345851977, 0.4673853345851977, 0.4673853345851977, 0.4673853345851977, 0.4673853345851977, 0.4673853345851977, 0.4673853345851977, 0.4673853345851977, 0.4673853345851977, 0.4673853345851977, 0.4673853345851977, 0.4673853345851977, 0.4673853345851977, 0.4673853345851977, 0.4673853345851977, 0.4673853345851977, 0.4673853345851977, 0.4673853345851977, 0.4673853345851977, 0.4673853345851977, 0.4673853345851977, 0.4673853345851977, 0.4673853345851977, 0.4673853345851977, 0.4673853345851977, 0.4673853345851977, 0.4673853345851977, 0.4673853345851977, 0.4673853345851977, 0.4673853345851977, 0.4673853345851977, 0.4673853345851977, 0.4673853345851977, 0.4673853345851977, 0.4673853345851977, 0.4673853345851977, 0.4673853345851977, 0.4673853345851977, 0.4673853345851977, 0.4673853345851977, 0.4673853345851977, 0.4673853345851977, 0.4673853345851977, 0.4673853345851977, 0.4673853345851977, 0.4673853345851977, 0.4673853345851977, 0.4673853345851977, 0.4673853345851977, 0.4673853345851977, 0.4673853345851977, 0.4673853345851977, 0.4673853345851977, 0.4673853345851977, 0.4673853345851977, 0.4673853345851977, 0.4673853345851977, 0.4673853345851977, 0.4673853345851977, 0.4673853345851977, 0.4673853345851977, 0.4673853345851977, 0.4673853345851977, 0.4673853345851977, 0.4673853345851977, 0.4673853345851977, 0.4673853345851977, 0.4673853345851977, 0.4673853345851977, 0.4673853345851977, 0.4673853345851977, 0.4673853345851977, 0.4673853345851977, 0.4673853345851977, 0.4673853345851977, 0.4673853345851977, 0.4673853345851977, 0.4673853345851977, 0.4673853345851977, 0.4673853345851977, 0.4673853345851977, 0.4673853345851977, 0.4673853345851977, 0.4673853345851977, 0.4673853345851977, 0.4673853345851977]",False,485.3673259000061,"{'C': 24.744942996163694, 'map_reps': 2, 'scale': 0.45358422627856954, 'entanglement': 'circular'}",0.684,0.3639661426844015,0.7395577395577395,0.4878444084278768,0.7046815690883488,0.3346663637190601,0.7576297406805882,1067,526,106,301,ok,10.686029499978758,1,Bank Customer Churn
4,QSVC,quantum,LDA,random,1200,2000,0.4808648095077466,96,"[0.34705513205348976, 0.46047584626505284, 0.46047584626505284, 0.46047584626505284, 0.4609156130518621, 0.4609156130518621, 0.4609156130518621, 0.4633344321013497, 0.4633344321013497, 0.4633344321013497, 0.46492174349056264, 0.46492174349056264, 0.46492174349056264, 0.46492174349056264, 0.46948822079443975, 0.46948822079443975, 0.46948822079443975, 0.46948822079443975, 0.4706007884575074, 0.4706007884575074, 0.4706007884575074, 0.4706007884575074, 0.4706007884575074, 0.4706007884575074, 0.4706007884575074, 0.4706007884575074, 0.4706007884575074, 0.4706007884575074, 0.4706007884575074, 0.4706007884575074, 0.4706007884575074, 0.4706007884575074, 0.4706007884575074, 0.4706007884575074, 0.4706007884575074, 0.4706007884575074, 0.4706007884575074, 0.4706007884575074, 0.4706007884575074, 0.4706007884575074, 0.4706007884575074, 0.4706007884575074, 0.4706007884575074, 0.4706007884575074, 0.4706007884575074, 0.4706007884575074, 0.4706007884575074, 0.4706007884575074, 0.4706007884575074, 0.4706007884575074, 0.4706007884575074, 0.4706007884575074, 0.4706007884575074, 0.4706007884575074, 0.4706007884575074, 0.4706007884575074, 0.4706007884575074, 0.4706007884575074, 0.4706007884575074, 0.4706007884575074, 0.4706007884575074, 0.4706007884575074, 0.4706007884575074, 0.4706007884575074, 0.4706007884575074, 0.4706007884575074, 0.4706007884575074, 0.4706007884575074, 0.4706007884575074, 0.4706007884575074, 0.4706007884575074, 0.4808648095077466, 0.4808648095077466, 0.4808648095077466, 0.4808648095077466, 0.4808648095077466, 0.4808648095077466, 0.4808648095077466, 0.4808648095077466, 0.4808648095077466, 0.4808648095077466, 0.4808648095077466, 0.4808648095077466, 0.4808648095077466, 0.4808648095077466, 0.4808648095077466, 0.4808648095077466, 0.4808648095077466, 0.4808648095077466, 0.4808648095077466, 0.4808648095077466, 0.4808648095077466, 0.4808648095077466, 0.4808648095077466, 0.4808648095077466, 0.4808648095077466]",False,498.0115464000264,"{'C': 0.04998794083216739, 'map_reps': 1, 'scale': 0.3236502407530385, 'entanglement': 'circular'}",0.7305,0.4078212290502793,0.7174447174447175,0.5200356188780053,0.7256401239452087,0.378976599642321,0.7846876151960898,1169,424,115,292,ok,5.497613099985756,1,Bank Customer Churn
5,QSVC,quantum,LDA,random,1200,2000,0.46189518554805,96,"[0.45558724643820786, 0.46189518554805, 0.46189518554805, 0.46189518554805, 0.46189518554805, 0.46189518554805, 0.46189518554805, 0.46189518554805, 0.46189518554805, 0.46189518554805, 0.46189518554805, 0.46189518554805, 0.46189518554805, 0.46189518554805, 0.46189518554805, 0.46189518554805, 0.46189518554805, 0.46189518554805, 0.46189518554805, 0.46189518554805, 0.46189518554805, 0.46189518554805, 0.46189518554805, 0.46189518554805, 0.46189518554805, 0.46189518554805, 0.46189518554805, 0.46189518554805, 0.46189518554805, 0.46189518554805, 0.46189518554805, 0.46189518554805, 0.46189518554805, 0.46189518554805, 0.46189518554805, 0.46189518554805, 0.46189518554805, 0.46189518554805, 0.46189518554805, 0.46189518554805, 0.46189518554805, 0.46189518554805, 0.46189518554805, 0.46189518554805, 0.46189518554805, 0.46189518554805, 0.46189518554805, 0.46189518554805, 0.46189518554805, 0.46189518554805, 0.46189518554805, 0.46189518554805, 0.46189518554805, 0.46189518554805, 0.46189518554805, 0.46189518554805, 0.46189518554805, 0.46189518554805, 0.46189518554805, 0.46189518554805, 0.46189518554805, 0.46189518554805, 0.46189518554805, 0.46189518554805, 0.46189518554805, 0.46189518554805, 0.46189518554805, 0.46189518554805, 0.46189518554805, 0.46189518554805, 0.46189518554805, 0.46189518554805, 0.46189518554805, 0.46189518554805, 0.46189518554805, 0.46189518554805, 0.46189518554805, 0.46189518554805, 0.46189518554805, 0.46189518554805, 0.46189518554805, 0.46189518554805, 0.46189518554805, 0.46189518554805, 0.46189518554805, 0.46189518554805, 0.46189518554805, 0.46189518554805, 0.46189518554805, 0.46189518554805, 0.46189518554805, 0.46189518554805, 0.46189518554805, 0.46189518554805, 0.46189518554805, 0.46189518554805]",False,500.6818396000308,"{'C': 0.33453136801736094, 'map_reps': 1, 'scale': 0.6382816722648428, 'entanglement': 'circular'}",0.692,0.3590785907859078,0.6495098039215687,0.462478184991274,0.6761996255788747,0.2942921865551945,0.7398766196176964,1119,473,143,265,ok,5.112559299974237,1,Bank Customer Churn
6,QSVC,quantum,LDA,random,1200,2000,0.472936322095795,96,"[0.4535048881300672, 0.4535048881300672, 0.4535048881300672, 0.4672708925711671, 0.4672708925711671, 0.4672708925711671, 0.4672708925711671, 0.4672708925711671, 0.4672708925711671, 0.4672708925711671, 0.4672708925711671, 0.4672708925711671, 0.471478376843576, 0.471478376843576, 0.471478376843576, 0.471478376843576, 0.471478376843576, 0.471478376843576, 0.471478376843576, 0.471478376843576, 0.471478376843576, 0.471478376843576, 0.471478376843576, 0.471478376843576, 0.471478376843576, 0.471478376843576, 0.471478376843576, 0.471478376843576, 0.471478376843576, 0.471478376843576, 0.471478376843576, 0.471478376843576, 0.471478376843576, 0.471478376843576, 0.471478376843576, 0.471478376843576, 0.471478376843576, 0.471478376843576, 0.471478376843576, 0.471478376843576, 0.471478376843576, 0.471478376843576, 0.471478376843576, 0.471478376843576, 0.471478376843576, 0.471478376843576, 0.471478376843576, 0.471478376843576, 0.471478376843576, 0.471478376843576, 0.471478376843576, 0.471478376843576, 0.471478376843576, 0.471478376843576, 0.471478376843576, 0.471478376843576, 0.472936322095795, 0.472936322095795, 0.472936322095795, 0.472936322095795, 0.472936322095795, 0.472936322095795, 0.472936322095795, 0.472936322095795, 0.472936322095795, 0.472936322095795, 0.472936322095795, 0.472936322095795, 0.472936322095795, 0.472936322095795, 0.472936322095795, 0.472936322095795, 0.472936322095795, 0.472936322095795, 0.472936322095795, 0.472936322095795, 0.472936322095795, 0.472936322095795, 0.472936322095795, 0.472936322095795, 0.472936322095795, 0.472936322095795, 0.472936322095795, 0.472936322095795, 0.472936322095795, 0.472936322095795, 0.472936322095795, 0.472936322095795, 0.472936322095795, 0.472936322095795, 0.472936322095795, 0.472936322095795, 0.472936322095795, 0.472936322095795, 0.472936322095795, 0.472936322095795]",False,485.3185284999781,"{'C': 0.017463210840776726, 'map_reps': 3, 'scale': 0.3394588361239742, 'entanglement': 'circular'}",0.702,0.3766404199475066,0.7034313725490197,0.4905982905982906,0.7025322691890827,0.3361151045519908,0.779802043304759,1117,475,121,287,ok,13.263398300041445,1,Bank Customer Churn
7,QSVC,quantum,LDA,random,1200,2000,0.4855788694321312,96,"[0.3627444989369164, 0.48157698985227343, 0.48157698985227343, 0.48157698985227343, 0.48157698985227343, 0.48157698985227343, 0.48157698985227343, 0.48157698985227343, 0.48157698985227343, 0.48157698985227343, 0.48157698985227343, 0.48157698985227343, 0.48157698985227343, 0.48157698985227343, 0.48157698985227343, 0.48157698985227343, 0.48157698985227343, 0.48157698985227343, 0.48157698985227343, 0.48157698985227343, 0.48157698985227343, 0.48157698985227343, 0.48157698985227343, 0.48157698985227343, 0.48157698985227343, 0.48157698985227343, 0.48157698985227343, 0.48157698985227343, 0.48157698985227343, 0.48157698985227343, 0.48157698985227343, 0.4821657501920931, 0.4821657501920931, 0.4821657501920931, 0.4821657501920931, 0.4821657501920931, 0.4821657501920931, 0.4821657501920931, 0.4821657501920931, 0.4821657501920931, 0.4821657501920931, 0.4821657501920931, 0.4821657501920931, 0.4821657501920931, 0.4821657501920931, 0.4821657501920931, 0.4821657501920931, 0.4821657501920931, 0.4821657501920931, 0.4821657501920931, 0.4821657501920931, 0.4821657501920931, 0.4821657501920931, 0.4821657501920931, 0.4821657501920931, 0.4821657501920931, 0.4821657501920931, 0.4821657501920931, 0.4821657501920931, 0.4821657501920931, 0.4821657501920931, 0.4821657501920931, 0.4821657501920931, 0.4821657501920931, 0.4821657501920931, 0.4821657501920931, 0.4821657501920931, 0.4821657501920931, 0.4821657501920931, 0.4821657501920931, 0.4821657501920931, 0.4821657501920931, 0.4821657501920931, 0.4821657501920931, 0.4821657501920931, 0.4821657501920931, 0.4821657501920931, 0.4821657501920931, 0.4821657501920931, 0.4821657501920931, 0.4821657501920931, 0.4821657501920931, 0.4821657501920931, 0.4855788694321312, 0.4855788694321312, 0.4855788694321312, 0.4855788694321312, 0.4855788694321312, 0.4855788694321312, 0.4855788694321312, 0.4855788694321312, 0.4855788694321312, 0.4855788694321312, 0.4855788694321312, 0.4855788694321312, 0.4855788694321312]",False,483.4512907000026,"{'C': 23.798223810060232, 'map_reps': 3, 'scale': 0.4629827184433552, 'entanglement': 'full'}",0.7135,0.3830985915492957,0.6683046683046683,0.4870188003581021,0.6966758746419763,0.3309498197398109,0.7619345076972196,1155,438,135,272,ok,13.821463299973402,1,Bank Customer Churn
8,QSVC,quantum,LDA,random,1200,2000,0.5090164536992132,96,"[0.2670799692545214, 0.4709637451948126, 0.4709637451948126, 0.4956642569018806, 0.50391320692158, 0.50391320692158, 0.50391320692158, 0.50391320692158, 0.50391320692158, 0.50391320692158, 0.50391320692158, 0.5090164536992132, 0.5090164536992132, 0.5090164536992132, 0.5090164536992132, 0.5090164536992132, 0.5090164536992132, 0.5090164536992132, 0.5090164536992132, 0.5090164536992132, 0.5090164536992132, 0.5090164536992132, 0.5090164536992132, 0.5090164536992132, 0.5090164536992132, 0.5090164536992132, 0.5090164536992132, 0.5090164536992132, 0.5090164536992132, 0.5090164536992132, 0.5090164536992132, 0.5090164536992132, 0.5090164536992132, 0.5090164536992132, 0.5090164536992132, 0.5090164536992132, 0.5090164536992132, 0.5090164536992132, 0.5090164536992132, 0.5090164536992132, 0.5090164536992132, 0.5090164536992132, 0.5090164536992132, 0.5090164536992132, 0.5090164536992132, 0.5090164536992132, 0.5090164536992132, 0.5090164536992132, 0.5090164536992132, 0.5090164536992132, 0.5090164536992132, 0.5090164536992132, 0.5090164536992132, 0.5090164536992132, 0.5090164536992132, 0.5090164536992132, 0.5090164536992132, 0.5090164536992132, 0.5090164536992132, 0.5090164536992132, 0.5090164536992132, 0.5090164536992132, 0.5090164536992132, 0.5090164536992132, 0.5090164536992132, 0.5090164536992132, 0.5090164536992132, 0.5090164536992132, 0.5090164536992132, 0.5090164536992132, 0.5090164536992132, 0.5090164536992132, 0.5090164536992132, 0.5090164536992132, 0.5090164536992132, 0.5090164536992132, 0.5090164536992132, 0.5090164536992132, 0.5090164536992132, 0.5090164536992132, 0.5090164536992132, 0.5090164536992132, 0.5090164536992132, 0.5090164536992132, 0.5090164536992132, 0.5090164536992132, 0.5090164536992132, 0.5090164536992132, 0.5090164536992132, 0.5090164536992132, 0.5090164536992132, 0.5090164536992132, 0.5090164536992132, 0.5090164536992132, 0.5090164536992132, 0.5090164536992132]",False,503.5512446999783,"{'C': 0.07731030320635059, 'map_reps': 2, 'scale': 0.398564247800002, 'entanglement': 'linear'}",0.7395,0.4013840830449827,0.5700245700245701,0.4710659898477157,0.6764121594630069,0.3133645662381459,0.741717063750962,1247,346,175,232,ok,6.319428400020115,1,Bank Customer Churn
9,QSVC,quantum,LDA,random,1200,2000,0.5227340863925991,96,"[0.5039288787363111, 0.5039288787363111, 0.5039288787363111, 0.5039288787363111, 0.5039288787363111, 0.5039288787363111, 0.5039288787363111, 0.5120006703734373, 0.5120006703734373, 0.5120006703734373, 0.5120006703734373, 0.5120006703734373, 0.5120006703734373, 0.5120006703734373, 0.5120006703734373, 0.5120006703734373, 0.5120006703734373, 0.5120006703734373, 0.5120006703734373, 0.5120006703734373, 0.5120006703734373, 0.5120006703734373, 0.5120006703734373, 0.5120006703734373, 0.5120006703734373, 0.5120006703734373, 0.5120006703734373, 0.5120006703734373, 0.5120006703734373, 0.5120006703734373, 0.5120006703734373, 0.5120006703734373, 0.5120006703734373, 0.5120006703734373, 0.5120006703734373, 0.5120006703734373, 0.5120006703734373, 0.5120006703734373, 0.5120006703734373, 0.5120006703734373, 0.5120006703734373, 0.5120006703734373, 0.5120006703734373, 0.5120006703734373, 0.5120006703734373, 0.5136195180248043, 0.5227340863925991, 0.5227340863925991, 0.5227340863925991, 0.5227340863925991, 0.5227340863925991, 0.5227340863925991, 0.5227340863925991, 0.5227340863925991, 0.5227340863925991, 0.5227340863925991, 0.5227340863925991, 0.5227340863925991, 0.5227340863925991, 0.5227340863925991, 0.5227340863925991, 0.5227340863925991, 0.5227340863925991, 0.5227340863925991, 0.5227340863925991, 0.5227340863925991, 0.5227340863925991, 0.5227340863925991, 0.5227340863925991, 0.5227340863925991, 0.5227340863925991, 0.5227340863925991, 0.5227340863925991, 0.5227340863925991, 0.5227340863925991, 0.5227340863925991, 0.5227340863925991, 0.5227340863925991, 0.5227340863925991, 0.5227340863925991, 0.5227340863925991, 0.5227340863925991, 0.5227340863925991, 0.5227340863925991, 0.5227340863925991, 0.5227340863925991, 0.5227340863925991, 0.5227340863925991, 0.5227340863925991, 0.5227340863925991, 0.5227340863925991, 0.5227340863925991, 0.5227340863925991, 0.5227340863925991, 0.5227340863925991, 0.5227340863925991]",False,501.7794731999748,"{'C': 0.014375300337858296, 'map_reps': 1, 'scale': 0.2542646509862949, 'entanglement': 'circular'}",0.7095,0.3804945054945055,0.6805896805896806,0.4881057268722467,0.6987380292465039,0.3325881885670804,0.4456690897368863,1142,451,130,277,ok,4.873644699982833,1,Bank Customer Churn
10,QSVC,quantum,LDA,random,1200,2000,0.4893896083023373,96,"[0.459510118149824, 0.4861929949845551, 0.4861929949845551, 0.4861929949845551, 0.4861929949845551, 0.4861929949845551, 0.4861929949845551, 0.4861929949845551, 0.4861929949845551, 0.4861929949845551, 0.4861929949845551, 0.4861929949845551, 0.4861929949845551, 0.4861929949845551, 0.4861929949845551, 0.4861929949845551, 0.4861929949845551, 0.4861929949845551, 0.4861929949845551, 0.4861929949845551, 0.48683676268861453, 0.48683676268861453, 0.48683676268861453, 0.48683676268861453, 0.48683676268861453, 0.48683676268861453, 0.48683676268861453, 0.48683676268861453, 0.4889438582156724, 0.4889438582156724, 0.4889438582156724, 0.4889438582156724, 0.4889438582156724, 0.4889438582156724, 0.4889438582156724, 0.4889438582156724, 0.4889438582156724, 0.4889438582156724, 0.4889438582156724, 0.4893896083023373, 0.4893896083023373, 0.4893896083023373, 0.4893896083023373, 0.4893896083023373, 0.4893896083023373, 0.4893896083023373, 0.4893896083023373, 0.4893896083023373, 0.4893896083023373, 0.4893896083023373, 0.4893896083023373, 0.4893896083023373, 0.4893896083023373, 0.4893896083023373, 0.4893896083023373, 0.4893896083023373, 0.4893896083023373, 0.4893896083023373, 0.4893896083023373, 0.4893896083023373, 0.4893896083023373, 0.4893896083023373, 0.4893896083023373, 0.4893896083023373, 0.4893896083023373, 0.4893896083023373, 0.4893896083023373, 0.4893896083023373, 0.4893896083023373, 0.4893896083023373, 0.4893896083023373, 0.4893896083023373, 0.4893896083023373, 0.4893896083023373, 0.4893896083023373, 0.4893896083023373, 0.4893896083023373, 0.4893896083023373, 0.4893896083023373, 0.4893896083023373, 0.4893896083023373, 0.4893896083023373, 0.4893896083023373, 0.4893896083023373, 0.4893896083023373, 0.4893896083023373, 0.4893896083023373, 0.4893896083023373, 0.4893896083023373, 0.4893896083023373, 0.4893896083023373, 0.4893896083023373, 0.4893896083023373, 0.4893896083023373, 0.4893896083023373, 0.4893896083023373]",False,505.51846150000347,"{'C': 1.0153760001289986, 'map_reps': 1, 'scale': 0.8513613495040178, 'entanglement': 'circular'}",0.705,0.3766937669376693,0.6813725490196079,0.4851657940663176,0.6962139127007587,0.3277204546351743,0.7558457114001379,1132,460,130,278,ok,4.148859399952926,1,Bank Customer Churn
11,QSVC,quantum,LDA,random,1200,2000,0.5090715372907154,96,"[0.3257888096130491, 0.4540125230843046, 0.4540125230843046, 0.4540125230843046, 0.4540125230843046, 0.45409291957484327, 0.45409291957484327, 0.45409291957484327, 0.500329975554792, 0.500329975554792, 0.5073411847934288, 0.5073411847934288, 0.5073411847934288, 0.5073411847934288, 0.5073411847934288, 0.5073411847934288, 0.5090715372907154, 0.5090715372907154, 0.5090715372907154, 0.5090715372907154, 0.5090715372907154, 0.5090715372907154, 0.5090715372907154, 0.5090715372907154, 0.5090715372907154, 0.5090715372907154, 0.5090715372907154, 0.5090715372907154, 0.5090715372907154, 0.5090715372907154, 0.5090715372907154, 0.5090715372907154, 0.5090715372907154, 0.5090715372907154, 0.5090715372907154, 0.5090715372907154, 0.5090715372907154, 0.5090715372907154, 0.5090715372907154, 0.5090715372907154, 0.5090715372907154, 0.5090715372907154, 0.5090715372907154, 0.5090715372907154, 0.5090715372907154, 0.5090715372907154, 0.5090715372907154, 0.5090715372907154, 0.5090715372907154, 0.5090715372907154, 0.5090715372907154, 0.5090715372907154, 0.5090715372907154, 0.5090715372907154, 0.5090715372907154, 0.5090715372907154, 0.5090715372907154, 0.5090715372907154, 0.5090715372907154, 0.5090715372907154, 0.5090715372907154, 0.5090715372907154, 0.5090715372907154, 0.5090715372907154, 0.5090715372907154, 0.5090715372907154, 0.5090715372907154, 0.5090715372907154, 0.5090715372907154, 0.5090715372907154, 0.5090715372907154, 0.5090715372907154, 0.5090715372907154, 0.5090715372907154, 0.5090715372907154, 0.5090715372907154, 0.5090715372907154, 0.5090715372907154, 0.5090715372907154, 0.5090715372907154, 0.5090715372907154, 0.5090715372907154, 0.5090715372907154, 0.5090715372907154, 0.5090715372907154, 0.5090715372907154, 0.5090715372907154, 0.5090715372907154, 0.5090715372907154, 0.5090715372907154, 0.5090715372907154, 0.5090715372907154, 0.5090715372907154, 0.5090715372907154, 0.5090715372907154, 0.5090715372907154]",False,474.4907352000009,"{'C': 0.01955288603872259, 'map_reps': 1, 'scale': 0.3149203677684455, 'entanglement': 'linear'}",0.697,0.3697368421052631,0.6887254901960784,0.4811643835616438,0.6939230466055769,0.3219907499965723,0.7543023019509311,1113,479,127,281,ok,7.443339699995704,1,Bank Customer Churn
12,QSVC,quantum,LDA,random,1200,2000,0.4886894586894587,96,"[0.462774323186485, 0.4648502917579486, 0.4648502917579486, 0.4648502917579486, 0.4648502917579486, 0.4648502917579486, 0.4648502917579486, 0.4648502917579486, 0.4648502917579486, 0.4648502917579486, 0.4648502917579486, 0.4648502917579486, 0.4648502917579486, 0.4648502917579486, 0.4648502917579486, 0.4648502917579486, 0.4648502917579486, 0.4788212679778945, 0.4788212679778945, 0.4788212679778945, 0.4788212679778945, 0.4788212679778945, 0.4788212679778945, 0.4788212679778945, 0.4788212679778945, 0.4788212679778945, 0.4788212679778945, 0.4788212679778945, 0.4788212679778945, 0.4788212679778945, 0.4788212679778945, 0.4788212679778945, 0.4788212679778945, 0.4788212679778945, 0.4788212679778945, 0.4788212679778945, 0.4788212679778945, 0.4788212679778945, 0.4788212679778945, 0.4788212679778945, 0.4788212679778945, 0.4788212679778945, 0.4788212679778945, 0.4788212679778945, 0.4788212679778945, 0.4788212679778945, 0.48868945868945873, 0.48868945868945873, 0.48868945868945873, 0.48868945868945873, 0.48868945868945873, 0.48868945868945873, 0.48868945868945873, 0.48868945868945873, 0.48868945868945873, 0.48868945868945873, 0.48868945868945873, 0.48868945868945873, 0.48868945868945873, 0.48868945868945873, 0.48868945868945873, 0.48868945868945873, 0.48868945868945873, 0.48868945868945873, 0.48868945868945873, 0.48868945868945873, 0.48868945868945873, 0.48868945868945873, 0.48868945868945873, 0.48868945868945873, 0.48868945868945873, 0.48868945868945873, 0.48868945868945873, 0.48868945868945873, 0.48868945868945873, 0.48868945868945873, 0.48868945868945873, 0.48868945868945873, 0.48868945868945873, 0.48868945868945873, 0.48868945868945873, 0.48868945868945873, 0.48868945868945873, 0.48868945868945873, 0.48868945868945873, 0.48868945868945873, 0.48868945868945873, 0.48868945868945873, 0.48868945868945873, 0.48868945868945873, 0.48868945868945873, 0.48868945868945873, 0.48868945868945873, 0.48868945868945873, 0.48868945868945873, 0.48868945868945873]",False,497.9961734000244,"{'C': 0.014375300337858296, 'map_reps': 1, 'scale': 0.2542646509862949, 'entanglement': 'circular'}",0.7335,0.4012539184952978,0.628992628992629,0.4899521531100478,0.6945967539187878,0.3361799331772914,0.5,1211,382,151,256,ok,5.433054099965375,1,Bank Customer Churn
13,QSVC,quantum,LDA,random,1200,2000,0.4887888398691755,96,"[0.45487234807623156, 0.45487234807623156, 0.45487234807623156, 0.45487234807623156, 0.45487234807623156, 0.45487234807623156, 0.45487234807623156, 0.45487234807623156, 0.47662743630669446, 0.47662743630669446, 0.47662743630669446, 0.47662743630669446, 0.481821486825657, 0.481821486825657, 0.481821486825657, 0.481821486825657, 0.481821486825657, 0.481821486825657, 0.481821486825657, 0.481821486825657, 0.481821486825657, 0.481821486825657, 0.481821486825657, 0.481821486825657, 0.481821486825657, 0.481821486825657, 0.481821486825657, 0.481821486825657, 0.481821486825657, 0.481821486825657, 0.481821486825657, 0.481821486825657, 0.481821486825657, 0.481821486825657, 0.481821486825657, 0.481821486825657, 0.481821486825657, 0.48864375798597304, 0.48864375798597304, 0.48864375798597304, 0.48864375798597304, 0.48864375798597304, 0.48864375798597304, 0.48864375798597304, 0.48864375798597304, 0.48864375798597304, 0.48864375798597304, 0.48864375798597304, 0.48864375798597304, 0.48864375798597304, 0.48864375798597304, 0.48864375798597304, 0.48864375798597304, 0.48864375798597304, 0.48864375798597304, 0.48864375798597304, 0.48864375798597304, 0.48864375798597304, 0.48864375798597304, 0.48864375798597304, 0.48864375798597304, 0.48864375798597304, 0.48864375798597304, 0.48864375798597304, 0.48864375798597304, 0.48864375798597304, 0.48864375798597304, 0.48864375798597304, 0.48864375798597304, 0.48864375798597304, 0.48864375798597304, 0.48864375798597304, 0.48864375798597304, 0.48864375798597304, 0.48864375798597304, 0.48864375798597304, 0.48864375798597304, 0.48864375798597304, 0.48864375798597304, 0.48864375798597304, 0.48864375798597304, 0.48864375798597304, 0.48864375798597304, 0.48864375798597304, 0.48864375798597304, 0.48864375798597304, 0.48864375798597304, 0.48864375798597304, 0.48864375798597304, 0.48864375798597304, 0.48864375798597304, 0.48864375798597304, 0.48878883986917554, 0.48878883986917554, 0.48878883986917554, 0.48878883986917554]",False,482.5476823000354,"{'C': 44.509216708868195, 'map_reps': 1, 'scale': 0.6252598947860052, 'entanglement': 'circular'}",0.6445,0.3336980306345733,0.7493857493857494,0.4617713853141559,0.6835440987983361,0.2966794761950386,0.750863344083683,984,609,102,305,ok,7.067217400006484,1,Bank Customer Churn
14,QSVC,quantum,LDA,random,1200,2000,0.5104879739377556,96,"[0.3905571804026698, 0.4814728029599544, 0.4814728029599544, 0.5004194577229008, 0.5004194577229008, 0.5004194577229008, 0.5004194577229008, 0.5097815540345633, 0.5097815540345633, 0.5097815540345633, 0.5097815540345633, 0.5097815540345633, 0.5097815540345633, 0.5097815540345633, 0.5097815540345633, 0.5097815540345633, 0.5097815540345633, 0.5097815540345633, 0.5097815540345633, 0.5097815540345633, 0.5097815540345633, 0.5097815540345633, 0.5097815540345633, 0.5097815540345633, 0.5097815540345633, 0.5097815540345633, 0.5097815540345633, 0.5097815540345633, 0.5097815540345633, 0.5097815540345633, 0.5097815540345633, 0.5097815540345633, 0.5097815540345633, 0.5097815540345633, 0.5097815540345633, 0.5097815540345633, 0.5097815540345633, 0.5097815540345633, 0.5097815540345633, 0.5097815540345633, 0.5097815540345633, 0.5097815540345633, 0.5097815540345633, 0.5097815540345633, 0.5097815540345633, 0.5097815540345633, 0.5097815540345633, 0.5097815540345633, 0.5097815540345633, 0.5097815540345633, 0.5097815540345633, 0.5097815540345633, 0.5097815540345633, 0.5097815540345633, 0.5097815540345633, 0.5097815540345633, 0.5097815540345633, 0.5097815540345633, 0.5097815540345633, 0.5097815540345633, 0.5097815540345633, 0.5097815540345633, 0.5097815540345633, 0.5097815540345633, 0.5097815540345633, 0.5097815540345633, 0.5097815540345633, 0.5097815540345633, 0.5097815540345633, 0.5097815540345633, 0.5097815540345633, 0.5097815540345633, 0.5097815540345633, 0.5097815540345633, 0.5097815540345633, 0.5104879739377556, 0.5104879739377556, 0.5104879739377556, 0.5104879739377556, 0.5104879739377556, 0.5104879739377556, 0.5104879739377556, 0.5104879739377556, 0.5104879739377556, 0.5104879739377556, 0.5104879739377556, 0.5104879739377556, 0.5104879739377556, 0.5104879739377556, 0.5104879739377556, 0.5104879739377556, 0.5104879739377556, 0.5104879739377556, 0.5104879739377556, 0.5104879739377556, 0.5104879739377556]",False,496.955078900035,"{'C': 0.05513523020368106, 'map_reps': 1, 'scale': 0.39333939134113416, 'entanglement': 'circular'}",0.7225,0.3924418604651162,0.6633906633906634,0.4931506849315068,0.7004963360895564,0.3398446145882471,0.7689430570786504,1175,418,137,270,ok,5.719196699967142,1,Bank Customer Churn
0,VQC,quantum,LDA,gwo,1200,905,0.2562540118745847,96,"[0.24269737524639487, 0.24902198368246908, 0.24902198368246908, 0.2526125834949364, 0.2526125834949364, 0.2527188163584625, 0.2527188163584625, 0.2527188163584625, 0.2535913097384677, 0.2535913097384677, 0.2562540118745847, 0.2562540118745847]",False,699.3372586999903,"{'n_layers': 2, 'learning_rate': 0.022760426359021056, 'map_reps': 1, 'feature_map': 'angle', 'entanglement': 'full', 'init_scale': 0.10180344139559563}",0.6662983425414365,0.1950464396284829,0.6,0.2943925233644859,0.6375,0.1838271200696201,0.7018928571428571,540,260,42,63,ok,2.1496595999924466,1,Bank Marketing
1,VQC,quantum,LDA,gwo,1200,904,0.2539382861962925,40,"[0.2539382861962925, 0.2539382861962925, 0.2539382861962925, 0.2539382861962925, 0.2539382861962925]",True,385.9250070999842,"{'n_layers': 2, 'learning_rate': 0.10149017593305375, 'map_reps': 1, 'feature_map': 'angle', 'entanglement': 'linear', 'init_scale': 0.052009414062266286}",0.6969026548672567,0.1804511278195488,0.4615384615384615,0.2594594594594595,0.5945192307692309,0.132361195063687,0.6249879807692308,582,218,56,48,ok,3.120612300001085,1,Bank Marketing
2,VQC,quantum,LDA,gwo,1200,904,0.262027388951388,88,"[0.2515156636801066, 0.25446102091560624, 0.25446102091560624, 0.26042215728039725, 0.26042215728039725, 0.26042215728039725, 0.262027388951388, 0.262027388951388, 0.262027388951388, 0.262027388951388, 0.262027388951388]",True,722.7757558999583,"{'n_layers': 4, 'learning_rate': 0.056470562027022136, 'map_reps': 1, 'feature_map': 'angle', 'entanglement': 'linear', 'init_scale': 0.3655950670649559}",0.7123893805309734,0.180327868852459,0.4230769230769231,0.2528735632183908,0.5865384615384616,0.1244038864012567,0.6379927884615385,600,200,60,44,ok,2.9728377000428736,1,Bank Marketing
3,VQC,quantum,LDA,gwo,1200,904,0.2344950706948704,64,"[0.22860820958726213, 0.234085289799883, 0.234085289799883, 0.23449507069487044, 0.23449507069487044, 0.23449507069487044, 0.23449507069487044, 0.23449507069487044]",True,629.0319207999855,"{'n_layers': 4, 'learning_rate': 0.004951135784111156, 'map_reps': 1, 'feature_map': 'angle', 'entanglement': 'full', 'init_scale': 0.1927961113125264}",0.6415929203539823,0.1910112359550561,0.6538461538461539,0.2956521739130435,0.6469230769230769,0.1918962091738507,0.7256730769230769,512,288,36,68,ok,3.929905700031668,1,Bank Marketing
4,VQC,quantum,LDA,gwo,1200,904,0.3056503460574735,40,"[0.3056503460574735, 0.3056503460574735, 0.3056503460574735, 0.3056503460574735, 0.3056503460574735]",True,462.09523650002666,"{'n_layers': 6, 'learning_rate': 0.3696293213720632, 'map_reps': 2, 'feature_map': 'angle', 'entanglement': 'linear', 'init_scale': 0.20398349379099318}",0.6382743362831859,0.1749271137026239,0.5769230769230769,0.2684563758389262,0.6115865384615384,0.1467489402456544,0.6457091346153846,517,283,44,60,ok,6.614130200003274,1,Bank Marketing
5,VQC,quantum,LDA,gwo,1200,905,0.2675658544354196,88,"[0.24830052257920188, 0.25250567186467937, 0.2580103586471488, 0.2580103586471488, 0.26419999261474836, 0.26419999261474836, 0.26756585443541964, 0.26756585443541964, 0.26756585443541964, 0.26756585443541964, 0.26756585443541964]",True,669.6075634000008,"{'n_layers': 2, 'learning_rate': 0.0035662692757163633, 'map_reps': 1, 'feature_map': 'angle', 'entanglement': 'linear', 'init_scale': 0.31821169577715697}",0.5889502762430939,0.1687344913151365,0.6476190476190476,0.2677165354330709,0.6144345238095239,0.1474763307813103,0.6555952380952381,465,335,37,68,ok,2.3054834000067785,1,Bank Marketing
6,VQC,quantum,LDA,gwo,1200,904,0.2519905463503731,96,"[0.24741220252056165, 0.2502428484630878, 0.2502428484630878, 0.2502428484630878, 0.2506157798796154, 0.2506157798796154, 0.2506157798796154, 0.25084655346381185, 0.25084655346381185, 0.25084655346381185, 0.25084655346381185, 0.25199054635037316]",False,638.3652380999993,"{'n_layers': 1, 'learning_rate': 0.035464773267388866, 'map_reps': 2, 'feature_map': 'angle', 'entanglement': 'linear', 'init_scale': 0.18685937822597215}",0.5608407079646017,0.161662817551963,0.6730769230769231,0.260707635009311,0.6096634615384615,0.1400874427258132,0.6521274038461538,437,363,34,70,ok,2.209747100016102,1,Bank Marketing
7,VQC,quantum,LDA,gwo,1200,904,0.2934101721369291,96,"[0.2579583252316844, 0.2579583252316844, 0.25869289827533476, 0.26285429802461097, 0.26285429802461097, 0.26473297765763193, 0.2726502119172276, 0.2726502119172276, 0.29341017213692916, 0.29341017213692916, 0.29341017213692916, 0.29341017213692916]",False,813.0192148999777,"{'n_layers': 5, 'learning_rate': 0.49999999999999994, 'map_reps': 1, 'feature_map': 'angle', 'entanglement': 'full', 'init_scale': 0.20885778543648212}",0.6084070796460177,0.1657754010695187,0.5961538461538461,0.2594142259414226,0.6030769230769231,0.133560909866203,0.6735216346153846,488,312,42,62,ok,2.6728217999916524,1,Bank Marketing
8,VQC,quantum,LDA,gwo,1200,904,0.276360338498147,96,"[0.26170375522161526, 0.2632631343076033, 0.2683719578257538, 0.2683719578257538, 0.2683719578257538, 0.27038518687255597, 0.27038518687255597, 0.27412586589449767, 0.27412586589449767, 0.27636033849814706, 0.27636033849814706, 0.27636033849814706]",False,761.9808169000316,"{'n_layers': 3, 'learning_rate': 0.31962227309684105, 'map_reps': 1, 'feature_map': 'angle', 'entanglement': 'circular', 'init_scale': 0.3557439145422204}",0.5088495575221239,0.1626984126984127,0.7884615384615384,0.2697368421052631,0.6304807692307692,0.1676458871181857,0.7090264423076923,378,422,22,82,ok,2.281269999977667,1,Bank Marketing
9,VQC,quantum,LDA,gwo,1200,904,0.3028602475028499,96,"[0.2984541710812378, 0.2984541710812378, 0.2984541710812378, 0.2984541710812378, 0.2991114136529845, 0.2991114136529845, 0.2991114136529845, 0.2991114136529845, 0.3028115724350034, 0.3028115724350034, 0.3028115724350034, 0.3028602475028499]",False,707.3054849000182,"{'n_layers': 2, 'learning_rate': 0.46970352642971125, 'map_reps': 1, 'feature_map': 'angle', 'entanglement': 'circular', 'init_scale': 0.2846471064966148}",0.5940265486725663,0.1584415584415584,0.5865384615384616,0.2494887525562372,0.5907692307692307,0.1171429806153531,0.6173437500000001,476,324,43,61,ok,2.063657799968496,1,Bank Marketing
10,VQC,quantum,LDA,gwo,1200,905,0.2678847288404811,72,"[0.2466393281256384, 0.2466393281256384, 0.2466393281256384, 0.24686149913163016, 0.2678847288404811, 0.2678847288404811, 0.2678847288404811, 0.2678847288404811, 0.2678847288404811]",True,584.5274109999882,"{'n_layers': 4, 'learning_rate': 0.49999999999999994, 'map_reps': 1, 'feature_map': 'angle', 'entanglement': 'circular', 'init_scale': 0.31435957424954813}",0.8773480662983425,0.425,0.1619047619047619,0.2344827586206896,0.566577380952381,0.2074714279308167,0.6408214285714287,777,23,88,17,ok,4.459399399987888,1,Bank Marketing
11,VQC,quantum,LDA,gwo,1200,904,0.2877492337631478,88,"[0.2588450543167524, 0.2601426731593407, 0.2642094187136364, 0.2829958712311654, 0.2829958712311654, 0.2829958712311654, 0.2877492337631478, 0.2877492337631478, 0.2877492337631478, 0.2877492337631478, 0.2877492337631478]",True,763.390327400004,"{'n_layers': 3, 'learning_rate': 0.49999999999999994, 'map_reps': 1, 'feature_map': 'angle', 'entanglement': 'circular', 'init_scale': 0.36184124478554924}",0.4225663716814159,0.1421232876712329,0.7980769230769231,0.2412790697674418,0.5859134615384616,0.114649314830928,0.6703846153846154,299,501,21,83,ok,2.1322959000244737,1,Bank Marketing
12,VQC,quantum,LDA,gwo,1200,904,0.3263525125897353,96,"[0.3018707617107734, 0.3018707617107734, 0.3035176713723331, 0.3060049800133926, 0.31335489264065436, 0.31335489264065436, 0.31335489264065436, 0.31538213001639015, 0.32635251258973536, 0.32635251258973536, 0.32635251258973536, 0.32635251258973536]",False,645.2866419000202,"{'n_layers': 2, 'learning_rate': 0.3957766410761994, 'map_reps': 1, 'feature_map': 'angle', 'entanglement': 'full', 'init_scale': 0.26090151176315113}",0.7688053097345132,0.2511848341232227,0.5096153846153846,0.3365079365079365,0.6560576923076923,0.2354338986688,0.7195072115384615,642,158,51,53,ok,2.6709100999869406,1,Bank Marketing
13,VQC,quantum,LDA,gwo,1200,904,0.2819061603441909,96,"[0.26945758965350014, 0.26966283067288604, 0.26966283067288604, 0.28017716815287247, 0.28017716815287247, 0.28017716815287247, 0.28017716815287247, 0.2819061603441909, 0.2819061603441909, 0.2819061603441909, 0.2819061603441909, 0.2819061603441909]",True,729.2024856000207,"{'n_layers': 3, 'learning_rate': 0.0671612797240452, 'map_reps': 1, 'feature_map': 'angle', 'entanglement': 'circular', 'init_scale': 0.1172812110205991}",0.6050884955752213,0.178117048346056,0.6730769230769231,0.2816901408450704,0.6346634615384615,0.1733543354250208,0.685721153846154,477,323,34,70,ok,2.353478899982292,1,Bank Marketing
14,VQC,quantum,LDA,gwo,1200,904,0.2686325663111598,88,"[0.25396076316321714, 0.25396076316321714, 0.25396076316321714, 0.25396076316321714, 0.2583870548131391, 0.2583870548131391, 0.26863256631115984, 0.26863256631115984, 0.26863256631115984, 0.26863256631115984, 0.26863256631115984]",True,819.9802217000397,"{'n_layers': 5, 'learning_rate': 0.49999999999999994, 'map_reps': 1, 'feature_map': 'angle', 'entanglement': 'linear', 'init_scale': 0.35593293047782376}",0.6913716814159292,0.1818181818181818,0.4807692307692308,0.2638522427440633,0.5997596153846154,0.1383740828133853,0.6284134615384616,575,225,54,50,ok,2.504292399971746,1,Bank Marketing
0,QSVC,quantum,LDA,gwo,1200,905,0.2545390712264436,56,"[0.24649639972948245, 0.24720382265043042, 0.25453907122644365, 0.25453907122644365, 0.25453907122644365, 0.25453907122644365, 0.25453907122644365]",True,236.67194650002057,"{'C': 0.04029818350657751, 'map_reps': 3, 'scale': 0.25, 'entanglement': 'circular'}",0.7458563535911602,0.2340425531914893,0.5238095238095238,0.3235294117647059,0.6494047619047619,0.2182542684017279,0.6826309523809524,620,180,50,55,ok,4.216749899962451,1,Bank Marketing
1,QSVC,quantum,LDA,gwo,1200,904,0.2464286232402174,72,"[0.23396464769652103, 0.24551970941594212, 0.24551970941594212, 0.24551970941594212, 0.24641495041952707, 0.24641495041952707, 0.24641495041952707, 0.24641495041952707, 0.24642862324021744]",True,234.25374890002425,"{'C': 40.90280414005436, 'map_reps': 1, 'scale': 0.30987360255301993, 'entanglement': 'full'}",0.6747787610619469,0.1678321678321678,0.4615384615384615,0.2461538461538461,0.5820192307692308,0.1125460083519369,0.6465865384615385,562,238,56,48,ok,2.6084547999780625,1,Bank Marketing
2,QSVC,quantum,LDA,gwo,1200,904,0.2628497287096012,72,"[0.2498875886320401, 0.25211958946898705, 0.25988597645312556, 0.25988597645312556, 0.26284972870960127, 0.26284972870960127, 0.26284972870960127, 0.26284972870960127, 0.26284972870960127]",True,209.43329070002076,"{'C': 0.023719821840425266, 'map_reps': 1, 'scale': 0.43587426388013045, 'entanglement': 'circular'}",0.7123893805309734,0.213235294117647,0.5576923076923077,0.3085106382978723,0.6450961538461539,0.2018852398415213,0.669579326923077,586,214,46,58,ok,3.0441546000074595,1,Bank Marketing
3,QSVC,quantum,LDA,gwo,1200,904,0.334434325756921,44,"[0.3162687116113134, 0.33443432575692106, 0.33443432575692106, 0.33443432575692106, 0.33443432575692106, 0.33443432575692106]",True,199.2079267000081,"{'C': 0.010000000000000004, 'map_reps': 3, 'scale': 0.25, 'entanglement': 'linear'}",0.7013274336283186,0.2035714285714285,0.5480769230769231,0.296875,0.6346634615384615,0.1858532338190321,0.6772475961538462,577,223,47,57,ok,5.2292616999475285,1,Bank Marketing
4,QSVC,quantum,LDA,gwo,1200,904,0.2669226179914383,78,"[0.2549433564591201, 0.26080556670681115, 0.26330858098105264, 0.26650531792288185, 0.26650531792288185, 0.26692261799143835, 0.26692261799143835, 0.26692261799143835, 0.26692261799143835, 0.26692261799143835]",True,301.0289017999894,"{'C': 0.01884483496940319, 'map_reps': 3, 'scale': 0.3388817529936662, 'entanglement': 'linear'}",0.7123893805309734,0.208955223880597,0.5384615384615384,0.3010752688172043,0.6367307692307692,0.1910565631314997,0.6768569711538461,588,212,48,56,ok,2.874822999991011,1,Bank Marketing
5,QSVC,quantum,LDA,gwo,1200,905,0.2712081322217347,45,"[0.2647706045027222, 0.2712081322217347, 0.2712081322217347, 0.2712081322217347, 0.2712081322217347, 0.2712081322217347]",True,209.0363460000372,"{'C': 0.05161888067184233, 'map_reps': 3, 'scale': 0.25, 'entanglement': 'full'}",0.7690607734806629,0.2450980392156862,0.4761904761904761,0.3236245954692556,0.6418452380952381,0.2174254144661419,0.6858333333333333,646,154,55,50,ok,5.233605899964459,1,Bank Marketing
6,QSVC,quantum,LDA,gwo,1200,904,0.2719087059978948,96,"[0.2577581021129408, 0.26299524703158705, 0.2632913539103255, 0.2650116226665718, 0.2650116226665718, 0.26548679491651245, 0.26742406288264803, 0.26802187801295746, 0.26986560942965854, 0.270875614795312, 0.270875614795312, 0.2719087059978948]",False,262.8942420000094,"{'C': 0.08629391768977758, 'map_reps': 1, 'scale': 0.32616095302529236, 'entanglement': 'circular'}",0.7245575221238938,0.1966527196652719,0.4519230769230769,0.2740524781341107,0.6059615384615384,0.1533310610147877,0.6576201923076923,608,192,57,47,ok,2.0869965000310917,1,Bank Marketing
7,QSVC,quantum,LDA,gwo,1200,904,0.281251298333541,87,"[0.26702571146292686, 0.26771597778776235, 0.2731986411585911, 0.2780798241418947, 0.2803221153508637, 0.28045458325111167, 0.28125129833354107, 0.28125129833354107, 0.28125129833354107, 0.28125129833354107, 0.28125129833354107]",True,277.3038651999668,"{'C': 0.028398632001964005, 'map_reps': 1, 'scale': 0.27649349158937275, 'entanglement': 'linear'}",0.7477876106194691,0.2256637168141592,0.4903846153846153,0.3090909090909091,0.6358173076923077,0.2001601922563589,0.6762740384615384,625,175,53,51,ok,1.6947991999913938,1,Bank Marketing
8,QSVC,quantum,LDA,gwo,1200,904,0.2810795549486324,56,"[0.2620327423526522, 0.2775108866662071, 0.2810795549486324, 0.2810795549486324, 0.2810795549486324, 0.2810795549486324, 0.2810795549486324]",True,163.77200629998697,"{'C': 0.04754830143544091, 'map_reps': 1, 'scale': 0.34296990364399466, 'entanglement': 'circular'}",0.7477876106194691,0.2416666666666666,0.5576923076923077,0.3372093023255814,0.6650961538461538,0.2385827027573231,0.7097355769230769,618,182,46,58,ok,3.1456511999713257,1,Bank Marketing
9,QSVC,quantum,LDA,gwo,1200,904,0.3031830205048987,56,"[0.29034312630918585, 0.2990874300853695, 0.3031830205048987, 0.3031830205048987, 0.3031830205048987, 0.3031830205048987, 0.3031830205048987]",True,234.0168390000472,"{'C': 0.15173389892754122, 'map_reps': 1, 'scale': 0.35202186904362337, 'entanglement': 'linear'}",0.6836283185840708,0.1904761904761904,0.5384615384615384,0.2814070351758794,0.6204807692307692,0.1641235143205305,0.6884975961538461,562,238,48,56,ok,2.400917999970261,1,Bank Marketing
10,QSVC,quantum,LDA,gwo,1200,905,0.2959618074560603,80,"[0.28209475781528764, 0.2906880694425495, 0.2906880694425495, 0.2916106840885077, 0.2916106840885077, 0.2959618074560603, 0.2959618074560603, 0.2959618074560603, 0.2959618074560603, 0.2959618074560603]",True,229.72866219998104,"{'C': 13.567299947135027, 'map_reps': 1, 'scale': 0.3463470118845946, 'entanglement': 'circular'}",0.687292817679558,0.2013422818791946,0.5714285714285714,0.2977667493796526,0.6369642857142856,0.1866699873571897,0.6495833333333334,562,238,45,60,ok,2.632503699976951,1,Bank Marketing
11,QSVC,quantum,LDA,gwo,1200,904,0.2948761555904413,96,"[0.27337142106645657, 0.27337142106645657, 0.2757430463967771, 0.2852942901723389, 0.29430679741238747, 0.29430679741238747, 0.29430679741238747, 0.29430679741238747, 0.2948761555904413, 0.2948761555904413, 0.2948761555904413, 0.2948761555904413]",False,269.07160569995176,"{'C': 0.19613443440052775, 'map_reps': 1, 'scale': 0.28983710948085706, 'entanglement': 'circular'}",0.7323008849557522,0.2195121951219512,0.5192307692307693,0.3085714285714285,0.6396153846153847,0.2001909476996101,0.6848377403846153,608,192,50,54,ok,1.7945507000549696,1,Bank Marketing
12,QSVC,quantum,LDA,gwo,1200,904,0.2842048834474649,80,"[0.2434723573891436, 0.24928476863960736, 0.27277082221431537, 0.2836301708037867, 0.2836301708037867, 0.2842048834474649, 0.2842048834474649, 0.2842048834474649, 0.2842048834474649, 0.2842048834474649]",True,239.23928599996725,"{'C': 0.06141390658696359, 'map_reps': 1, 'scale': 0.279585958804226, 'entanglement': 'linear'}",0.7898230088495575,0.2584269662921348,0.4423076923076923,0.3262411347517731,0.6386538461538461,0.2225078146704082,0.69609375,668,132,58,46,ok,2.229550200048834,1,Bank Marketing
13,QSVC,quantum,LDA,gwo,1200,904,0.2705963627016258,88,"[0.2615646265030033, 0.2616798766899971, 0.2647311487901048, 0.2667653177207317, 0.2667653177207317, 0.270135985192068, 0.27059636270162585, 0.27059636270162585, 0.27059636270162585, 0.27059636270162585, 0.27059636270162585]",True,248.93612420000136,"{'C': 0.2573100717705455, 'map_reps': 1, 'scale': 0.25630387321897563, 'entanglement': 'linear'}",0.7079646017699115,0.2058823529411764,0.5384615384615384,0.2978723404255319,0.6342307692307692,0.1867672596545817,0.6874399038461538,584,216,48,56,ok,2.1140927000087686,1,Bank Marketing
14,QSVC,quantum,LDA,gwo,1200,904,0.2815109970509443,40,"[0.28151099705094434, 0.28151099705094434, 0.28151099705094434, 0.28151099705094434, 0.28151099705094434]",True,144.78411369997775,"{'C': 0.010299721857547055, 'map_reps': 2, 'scale': 0.30730940997166356, 'entanglement': 'full'}",0.6957964601769911,0.2101694915254237,0.5961538461538461,0.3107769423558897,0.652451923076923,0.2074936983414531,0.3109495192307692,567,233,42,62,ok,4.883422399987467,1,Bank Marketing
0,VQC,quantum,LDA,pso,1200,905,0.2649194961551941,96,"[0.24474936321721544, 0.2504043451428178, 0.25214908063059127, 0.25214908063059127, 0.25214908063059127, 0.25214908063059127, 0.25214908063059127, 0.2544061589243822, 0.2649194961551941, 0.2649194961551941, 0.2649194961551941, 0.2649194961551941]",False,685.1954601999605,"{'n_layers': 2, 'learning_rate': 0.11655015685837085, 'map_reps': 1, 'feature_map': 'zz', 'entanglement': 'linear', 'init_scale': 0.2529879255454485}",0.6198895027624309,0.1689750692520775,0.580952380952381,0.2618025751072961,0.6029761904761906,0.1346956000350149,0.6569642857142857,500,300,44,61,ok,2.943277499987744,1,Bank Marketing
1,VQC,quantum,LDA,pso,1200,904,0.3024921437237677,95,"[0.27761193049116395, 0.2881268664401195, 0.2969435430380342, 0.2969435430380342, 0.2998336631391781, 0.3011056828014392, 0.3011056828014392, 0.3011056828014392, 0.3011056828014392, 0.30249214372376776, 0.30249214372376776, 0.30249214372376776]",False,996.7261462000316,"{'n_layers': 6, 'learning_rate': 0.07818030174327183, 'map_reps': 1, 'feature_map': 'angle', 'entanglement': 'circular', 'init_scale': 0.5}",0.661504424778761,0.1920731707317073,0.6057692307692307,0.2916666666666667,0.6372596153846153,0.1821739490811949,0.709435096153846,535,265,41,63,ok,3.5976914999773726,1,Bank Marketing
2,VQC,quantum,LDA,pso,1200,904,0.2909978682091599,96,"[0.2826800506258533, 0.2826800506258533, 0.2909978682091599, 0.2909978682091599, 0.2909978682091599, 0.2909978682091599, 0.2909978682091599, 0.2909978682091599, 0.2909978682091599, 0.2909978682091599, 0.2909978682091599, 0.2909978682091599]",False,1045.1965983000118,"{'n_layers': 6, 'learning_rate': 0.49999999999999994, 'map_reps': 1, 'feature_map': 'angle', 'entanglement': 'full', 'init_scale': 0.27049626469356053}",0.875,0.3548387096774194,0.1057692307692307,0.1629629629629629,0.5403846153846154,0.1416183862080381,0.6720072115384615,780,20,93,11,ok,3.0530960999894887,1,Bank Marketing
3,VQC,quantum,LDA,pso,1200,904,0.2842351914475837,96,"[0.25586738081536897, 0.26287630127145384, 0.26287630127145384, 0.26287630127145384, 0.26287630127145384, 0.2731463180596203, 0.27357493120817417, 0.27357493120817417, 0.28423519144758375, 0.28423519144758375, 0.28423519144758375, 0.28423519144758375]",False,977.9052499999524,"{'n_layers': 5, 'learning_rate': 0.47463175344692143, 'map_reps': 1, 'feature_map': 'angle', 'entanglement': 'linear', 'init_scale': 0.3499729623604632}",0.2466814159292035,0.1287001287001287,0.9615384615384616,0.2270147559591373,0.5576442307692308,0.1058607915649564,0.6885817307692308,123,677,4,100,ok,3.4222515000146814,1,Bank Marketing
4,VQC,quantum,LDA,pso,1200,904,0.3024111817153089,96,"[0.28383951363734156, 0.28738707791699053, 0.28738707791699053, 0.2913828362643112, 0.3005224429727741, 0.30241118171530895, 0.30241118171530895, 0.30241118171530895, 0.30241118171530895, 0.30241118171530895, 0.30241118171530895, 0.30241118171530895]",False,619.0376727999537,"{'n_layers': 1, 'learning_rate': 0.23584200590097976, 'map_reps': 1, 'feature_map': 'angle', 'entanglement': 'linear', 'init_scale': 0.14036048199935097}",0.6338495575221239,0.1890410958904109,0.6634615384615384,0.2942430703624733,0.6467307692307692,0.1908411558771093,0.6919350961538462,504,296,35,69,ok,2.207091999996919,1,Bank Marketing
5,VQC,quantum,LDA,pso,1200,905,0.2474649058119834,92,"[0.23832366806926494, 0.24030046874773603, 0.24746490581198344, 0.24746490581198344, 0.24746490581198344, 0.24746490581198344, 0.24746490581198344, 0.24746490581198344, 0.24746490581198344, 0.24746490581198344, 0.24746490581198344, 0.24746490581198344]",False,919.3495519999996,"{'n_layers': 5, 'learning_rate': 0.0019373347792849538, 'map_reps': 1, 'feature_map': 'angle', 'entanglement': 'full', 'init_scale': 0.45981427712226136}",0.6320441988950276,0.1815642458100558,0.6190476190476191,0.2807775377969762,0.6263988095238096,0.1655683976686337,0.6745714285714285,507,293,40,65,ok,3.7424578000209294,1,Bank Marketing
6,VQC,quantum,LDA,pso,1200,904,0.337345920540764,96,"[0.29947389463931, 0.30311897998498055, 0.3178588207657975, 0.3302259606019537, 0.3302259606019537, 0.3302259606019537, 0.3302259606019537, 0.33734592054076407, 0.33734592054076407, 0.33734592054076407, 0.33734592054076407, 0.33734592054076407]",False,850.2917391000083,"{'n_layers': 5, 'learning_rate': 0.49999999999999994, 'map_reps': 1, 'feature_map': 'angle', 'entanglement': 'full', 'init_scale': 0.27038505356686515}",0.7422566371681416,0.1822660098522167,0.3557692307692308,0.2410423452768729,0.5741346153846154,0.1133719638476228,0.6536778846153846,634,166,67,37,ok,4.839341700018849,1,Bank Marketing
7,VQC,quantum,LDA,pso,1200,904,0.2603052954797141,96,"[0.2414263970428354, 0.25072265078253414, 0.252811078513077, 0.252811078513077, 0.252811078513077, 0.2603052954797141, 0.2603052954797141, 0.2603052954797141, 0.2603052954797141, 0.2603052954797141, 0.2603052954797141, 0.2603052954797141]",False,864.962976699986,"{'n_layers': 3, 'learning_rate': 0.10963695204840233, 'map_reps': 1, 'feature_map': 'zz', 'entanglement': 'linear', 'init_scale': 0.29281370113511823}",0.6482300884955752,0.199438202247191,0.6826923076923077,0.308695652173913,0.6632211538461539,0.2131831250475206,0.7046033653846153,515,285,33,71,ok,2.920727299991995,1,Bank Marketing
8,VQC,quantum,LDA,pso,1200,904,0.2887778663057936,96,"[0.2717144883834137, 0.2723291268403026, 0.272518121651434, 0.27714802829439833, 0.2781086425693852, 0.2781086425693852, 0.28877786630579366, 0.28877786630579366, 0.28877786630579366, 0.28877786630579366, 0.28877786630579366, 0.28877786630579366]",False,1046.306812499999,"{'n_layers': 6, 'learning_rate': 0.07665157964707241, 'map_reps': 1, 'feature_map': 'angle', 'entanglement': 'circular', 'init_scale': 0.24023209576229437}",0.713495575221239,0.2261484098939929,0.6153846153846154,0.330749354005168,0.6708173076923076,0.2350631293241387,0.7350841346153847,581,219,40,64,ok,2.9858521999558434,1,Bank Marketing
9,VQC,quantum,LDA,pso,1200,904,0.3364090629608097,96,"[0.28799206548766515, 0.2909196321935042, 0.2909196321935042, 0.2983605938644076, 0.30623668909333496, 0.3222506797090292, 0.3222506797090292, 0.3222506797090292, 0.3364090629608097, 0.3364090629608097, 0.3364090629608097, 0.3364090629608097]",False,933.1114587999764,"{'n_layers': 6, 'learning_rate': 0.21200573410470164, 'map_reps': 1, 'feature_map': 'angle', 'entanglement': 'full', 'init_scale': 0.48266992342211457}",0.6493362831858407,0.1839762611275964,0.5961538461538461,0.2811791383219955,0.6262019230769231,0.1665524983692183,0.7129086538461538,525,275,42,62,ok,4.130454900034238,1,Bank Marketing
10,VQC,quantum,LDA,pso,1200,905,0.2487995569837001,96,"[0.23912481658677187, 0.24652741232453823, 0.24777803841843252, 0.24777803841843252, 0.24777803841843252, 0.24777803841843252, 0.24777803841843252, 0.24777803841843252, 0.24777803841843252, 0.24777803841843252, 0.24777803841843252, 0.24879955698370018]",False,1004.7885823999532,"{'n_layers': 5, 'learning_rate': 0.039870260154138665, 'map_reps': 1, 'feature_map': 'angle', 'entanglement': 'circular', 'init_scale': 0.3018257421190812}",0.6132596685082873,0.1784776902887139,0.6476190476190476,0.279835390946502,0.6281845238095238,0.1662941998290295,0.6868214285714286,487,313,37,68,ok,2.908422500011511,1,Bank Marketing
11,VQC,quantum,LDA,pso,1200,904,0.2784244171008387,96,"[0.2663163341629418, 0.2663163341629418, 0.26928029707492007, 0.27340127314465384, 0.27340127314465384, 0.27340127314465384, 0.27340127314465384, 0.27842441710083876, 0.27842441710083876, 0.27842441710083876, 0.27842441710083876, 0.27842441710083876]",False,771.348679799994,"{'n_layers': 4, 'learning_rate': 0.07243397467379888, 'map_reps': 1, 'feature_map': 'angle', 'entanglement': 'circular', 'init_scale': 0.4927205649824037}",0.6360619469026548,0.1700879765395894,0.5576923076923077,0.2606741573033708,0.6019711538461539,0.1342572061589978,0.6490144230769231,517,283,46,58,ok,4.0811276999884285,1,Bank Marketing
12,VQC,quantum,LDA,pso,1200,904,0.2635306673354848,95,"[0.25276224026728594, 0.25288746087458397, 0.254249272280912, 0.26302398459243986, 0.2635306673354848, 0.2635306673354848, 0.2635306673354848, 0.2635306673354848, 0.2635306673354848, 0.2635306673354848, 0.2635306673354848, 0.2635306673354848]",False,987.684050300042,"{'n_layers': 6, 'learning_rate': 0.2225510744845104, 'map_reps': 1, 'feature_map': 'angle', 'entanglement': 'full', 'init_scale': 0.32080504086101075}",0.5188053097345132,0.1471215351812366,0.6634615384615384,0.2408376963350785,0.5817307692307692,0.1043869468578235,0.629314903846154,400,400,35,69,ok,3.785852500004694,1,Bank Marketing
13,VQC,quantum,LDA,pso,1200,904,0.3061957695385022,90,"[0.2825907769727995, 0.2825907769727995, 0.3061957695385022, 0.3061957695385022, 0.3061957695385022, 0.3061957695385022, 0.3061957695385022, 0.3061957695385022, 0.3061957695385022, 0.3061957695385022, 0.3061957695385022, 0.3061957695385022]",False,566.012767600012,"{'n_layers': 2, 'learning_rate': 0.49999999999999994, 'map_reps': 1, 'feature_map': 'angle', 'entanglement': 'linear', 'init_scale': 0.38770991741302036}",0.754424778761062,0.2412280701754386,0.5288461538461539,0.3313253012048193,0.6562980769230768,0.2296701329868237,0.725576923076923,627,173,49,55,ok,3.3073382999864407,1,Bank Marketing
14,VQC,quantum,LDA,pso,1200,904,0.2698237104426821,92,"[0.25099319243659574, 0.2564338270831642, 0.2564338270831642, 0.2568758924691128, 0.2568758924691128, 0.25816426735755627, 0.25960449037608635, 0.26784456199729395, 0.26784456199729395, 0.26822161632779157, 0.26964309934176733, 0.2698237104426821]",False,579.0537843999919,"{'n_layers': 2, 'learning_rate': 0.205813849088722, 'map_reps': 1, 'feature_map': 'angle', 'entanglement': 'full', 'init_scale': 0.14908011136700527}",0.5077433628318584,0.1623762376237623,0.7884615384615384,0.2692939244663382,0.6298557692307692,0.1668863326679278,0.7016947115384615,377,423,22,82,ok,3.07783720002044,1,Bank Marketing
0,QSVC,quantum,LDA,pso,1200,905,0.2940726774571774,43,"[0.2875013336178385, 0.28853127537562073, 0.29257545714915184, 0.29257545714915184, 0.2928169421275469, 0.2928169421275469, 0.2928169421275469, 0.2928169421275469, 0.2928169421275469, 0.2932314168605295, 0.2940726774571774, 0.2940726774571774]",False,156.54170960001647,"{'C': 100.00000000000013, 'map_reps': 3, 'scale': 0.254680406599906, 'entanglement': 'full'}",0.7392265193370166,0.2390438247011952,0.5714285714285714,0.3370786516853932,0.6663392857142857,0.2379790552097837,0.693047619047619,609,191,45,60,ok,5.848145800002385,1,Bank Marketing
1,QSVC,quantum,LDA,pso,1200,904,0.2646964490263459,92,"[0.2590237485524635, 0.2590237485524635, 0.25992086097186357, 0.26298919460046283, 0.2634489420677469, 0.26383879041673913, 0.2646964490263459, 0.2646964490263459, 0.2646964490263459, 0.2646964490263459, 0.2646964490263459, 0.2646964490263459]",False,299.9389744999935,"{'C': 11.711733273548083, 'map_reps': 2, 'scale': 0.327013771620076, 'entanglement': 'circular'}",0.6194690265486725,0.1629213483146067,0.5576923076923077,0.2521739130434782,0.5925961538461538,0.1209398229282841,0.6461478365384615,502,298,46,58,ok,2.457346399954986,1,Bank Marketing
2,QSVC,quantum,LDA,pso,1200,904,0.2957830609425223,95,"[0.2535416098580759, 0.28494599082834376, 0.29516823341539844, 0.29516823341539844, 0.29516823341539844, 0.29516823341539844, 0.29516823341539844, 0.29516823341539844, 0.29516823341539844, 0.29516823341539844, 0.2957830609425223, 0.2957830609425223]",False,293.0963132000179,"{'C': 1.5766595567538497, 'map_reps': 2, 'scale': 0.25, 'entanglement': 'linear'}",0.6316371681415929,0.170028818443804,0.5673076923076923,0.2616407982261641,0.6036538461538461,0.1360143546888894,0.6669711538461539,512,288,45,59,ok,2.737329299969133,1,Bank Marketing
3,QSVC,quantum,LDA,pso,1200,904,0.2943141470061489,37,"[0.28720761199947137, 0.28978341286447945, 0.2943141470061489, 0.2943141470061489, 0.2943141470061489, 0.2943141470061489, 0.2943141470061489, 0.2943141470061489, 0.2943141470061489, 0.2943141470061489, 0.2943141470061489, 0.2943141470061489]",False,131.41773919999832,"{'C': 100.00000000000013, 'map_reps': 1, 'scale': 0.25, 'entanglement': 'full'}",0.7278761061946902,0.231060606060606,0.5865384615384616,0.3315217391304347,0.6663942307692308,0.2335274691624911,0.7169591346153846,597,203,43,61,ok,3.3694544000318274,1,Bank Marketing
4,QSVC,quantum,LDA,pso,1200,904,0.3058544694607579,92,"[0.30585446946075795, 0.30585446946075795, 0.30585446946075795, 0.30585446946075795, 0.30585446946075795, 0.30585446946075795, 0.30585446946075795, 0.30585446946075795, 0.30585446946075795, 0.30585446946075795, 0.30585446946075795, 0.30585446946075795]",False,259.7845996000105,"{'C': 0.019008283758824306, 'map_reps': 1, 'scale': 0.5848490066887396, 'entanglement': 'full'}",0.7223451327433629,0.1818181818181818,0.4038461538461538,0.2507462686567164,0.583798076923077,0.1226061312802447,0.6208473557692308,611,189,62,42,ok,2.2585948999621905,1,Bank Marketing
5,QSVC,quantum,LDA,pso,1200,905,0.285465706377831,35,"[0.28137339093856706, 0.2816059194299808, 0.285465706377831, 0.285465706377831, 0.285465706377831, 0.285465706377831, 0.285465706377831, 0.285465706377831, 0.285465706377831, 0.285465706377831, 0.285465706377831, 0.285465706377831]",False,165.650820400042,"{'C': 0.010000000000000004, 'map_reps': 3, 'scale': 0.25, 'entanglement': 'full'}",0.7093922651933702,0.1889763779527559,0.4571428571428571,0.2674094707520891,0.5998214285714286,0.1422938293195269,0.3823571428571428,594,206,57,48,ok,5.000094299961347,1,Bank Marketing
6,QSVC,quantum,LDA,pso,1200,904,0.2610808108353786,96,"[0.2542422574214482, 0.2575740794333032, 0.2585345068640897, 0.2585345068640897, 0.2585345068640897, 0.2585345068640897, 0.2585345068640897, 0.2610808108353786, 0.2610808108353786, 0.2610808108353786, 0.2610808108353786, 0.2610808108353786]",False,300.11029700003564,"{'C': 0.17995607072965203, 'map_reps': 1, 'scale': 0.8715309393227948, 'entanglement': 'circular'}",0.6957964601769911,0.1978798586572438,0.5384615384615384,0.2894056847545219,0.6273557692307692,0.1752553418462267,0.6755769230769231,573,227,48,56,ok,1.7010504999780096,1,Bank Marketing
7,QSVC,quantum,LDA,pso,1200,904,0.2856457018159146,53,"[0.27397981234855046, 0.2814239982623737, 0.28541545799041534, 0.2856457018159146, 0.2856457018159146, 0.2856457018159146, 0.2856457018159146, 0.2856457018159146, 0.2856457018159146, 0.2856457018159146, 0.2856457018159146, 0.2856457018159146]",False,193.8920248000068,"{'C': 0.010000000000000004, 'map_reps': 1, 'scale': 0.25, 'entanglement': 'circular'}",0.6758849557522124,0.1839464882943143,0.5288461538461539,0.2729528535980149,0.6119230769230769,0.151809174376465,0.343671875,556,244,49,55,ok,2.8331206000293605,1,Bank Marketing
8,QSVC,quantum,LDA,pso,1200,904,0.3087859991165164,95,"[0.30336549341692337, 0.30776443311711005, 0.30776443311711005, 0.30878599911651644, 0.30878599911651644, 0.30878599911651644, 0.30878599911651644, 0.30878599911651644, 0.30878599911651644, 0.30878599911651644, 0.30878599911651644, 0.30878599911651644]",False,272.95127710001543,"{'C': 0.25573094879492725, 'map_reps': 1, 'scale': 0.4185507094210089, 'entanglement': 'full'}",0.6183628318584071,0.1820580474934037,0.6634615384615384,0.2857142857142857,0.6379807692307693,0.1784477037626083,0.681923076923077,490,310,35,69,ok,2.0479557999642566,1,Bank Marketing
9,QSVC,quantum,LDA,pso,1200,904,0.3302817399671704,44,"[0.3107586244781367, 0.3107586244781367, 0.329098612395154, 0.3302817399671704, 0.3302817399671704, 0.3302817399671704, 0.3302817399671704, 0.3302817399671704, 0.3302817399671704, 0.3302817399671704, 0.3302817399671704, 0.3302817399671704]",False,131.3110906999791,"{'C': 0.010000000000000004, 'map_reps': 1, 'scale': 0.25, 'entanglement': 'circular'}",0.7920353982300885,0.2439024390243902,0.3846153846153846,0.2985074626865671,0.6148076923076923,0.1901187115635594,0.3403245192307692,676,124,64,40,ok,3.4121921000187285,1,Bank Marketing
10,QSVC,quantum,LDA,pso,1200,905,0.2926761100171505,70,"[0.28188308248278265, 0.2889334870829025, 0.2926761100171505, 0.2926761100171505, 0.2926761100171505, 0.2926761100171505, 0.2926761100171505, 0.2926761100171505, 0.2926761100171505, 0.2926761100171505, 0.2926761100171505, 0.2926761100171505]",False,294.5395804999862,"{'C': 0.01525316890446576, 'map_reps': 3, 'scale': 0.25, 'entanglement': 'circular'}",0.7027624309392265,0.2210884353741496,0.6190476190476191,0.3258145363408521,0.6663988095238096,0.2275755406923677,0.5658333333333333,571,229,40,65,ok,3.480155700002797,1,Bank Marketing
11,QSVC,quantum,LDA,pso,1200,904,0.2825526067491738,93,"[0.2737541428964703, 0.28030525720746186, 0.2820629866943364, 0.2820629866943364, 0.2820629866943364, 0.2820629866943364, 0.2820629866943364, 0.2820629866943364, 0.2825526067491738, 0.2825526067491738, 0.2825526067491738, 0.2825526067491738]",False,243.6092640000279,"{'C': 8.853751390029828, 'map_reps': 1, 'scale': 0.41224785193590807, 'entanglement': 'full'}",0.6493362831858407,0.1702786377708978,0.5288461538461539,0.2576112412177986,0.5969230769230769,0.1290712524451081,0.6439242788461539,532,268,49,55,ok,2.4182033999823034,1,Bank Marketing
12,QSVC,quantum,LDA,pso,1200,904,0.2939346609397371,96,"[0.2879695264736111, 0.2925216822124039, 0.2939346609397371, 0.2939346609397371, 0.2939346609397371, 0.2939346609397371, 0.2939346609397371, 0.2939346609397371, 0.2939346609397371, 0.2939346609397371, 0.2939346609397371, 0.2939346609397371]",False,262.41447479999624,"{'C': 1.1872711000770315, 'map_reps': 1, 'scale': 0.25, 'entanglement': 'linear'}",0.7179203539823009,0.2015810276679842,0.4903846153846153,0.2857142857142857,0.6189423076923077,0.1690741700603226,0.6524879807692308,598,202,53,51,ok,2.1432659999700263,1,Bank Marketing
13,QSVC,quantum,LDA,pso,1200,904,0.2726492284901304,95,"[0.27049784907615765, 0.27049784907615765, 0.27049784907615765, 0.27049784907615765, 0.27049784907615765, 0.27224274349099037, 0.27224274349099037, 0.27224274349099037, 0.27224274349099037, 0.27224274349099037, 0.27224274349099037, 0.27264922849013046]",False,247.6020145000075,"{'C': 0.16259585304513255, 'map_reps': 1, 'scale': 0.6475664854482371, 'entanglement': 'linear'}",0.6758849557522124,0.1881188118811881,0.5480769230769231,0.2800982800982801,0.6202884615384616,0.1626136803001558,0.6639062499999999,554,246,47,57,ok,2.468828500015661,1,Bank Marketing
14,QSVC,quantum,LDA,pso,1200,904,0.2858440994034215,90,"[0.2805085130554521, 0.2805085130554521, 0.2830110313662945, 0.2830110313662945, 0.2830110313662945, 0.28359723663191877, 0.28359723663191877, 0.2852727796548022, 0.2852727796548022, 0.2852727796548022, 0.2858440994034215, 0.2858440994034215]",False,236.334960600012,"{'C': 0.11937950266982367, 'map_reps': 1, 'scale': 0.25, 'entanglement': 'circular'}",0.7599557522123894,0.2372093023255814,0.4903846153846153,0.3197492163009404,0.6426923076923077,0.2138766532091464,0.6751682692307693,636,164,53,51,ok,2.6322845999966376,1,Bank Marketing
0,VQC,quantum,LDA,random,1200,905,0.2926791037489427,96,"[0.278968944087111, 0.278968944087111, 0.278968944087111, 0.278968944087111, 0.278968944087111, 0.278968944087111, 0.278968944087111, 0.278968944087111, 0.278968944087111, 0.278968944087111, 0.278968944087111, 0.278968944087111, 0.278968944087111, 0.278968944087111, 0.278968944087111, 0.278968944087111, 0.278968944087111, 0.2792677177990412, 0.2792677177990412, 0.2792677177990412, 0.2792677177990412, 0.2792677177990412, 0.2792677177990412, 0.2792677177990412, 0.2792677177990412, 0.2792677177990412, 0.2792677177990412, 0.2792677177990412, 0.2792677177990412, 0.2792677177990412, 0.2792677177990412, 0.2792677177990412, 0.2792677177990412, 0.2792677177990412, 0.2792677177990412, 0.2792677177990412, 0.2792677177990412, 0.2792677177990412, 0.2792677177990412, 0.2792677177990412, 0.2792677177990412, 0.2792677177990412, 0.2792677177990412, 0.2792677177990412, 0.2792677177990412, 0.2792677177990412, 0.2792677177990412, 0.2792677177990412, 0.2792677177990412, 0.2792677177990412, 0.2792677177990412, 0.2792677177990412, 0.2792677177990412, 0.2792677177990412, 0.2792677177990412, 0.2792677177990412, 0.2792677177990412, 0.2792677177990412, 0.2792677177990412, 0.2792677177990412, 0.2792677177990412, 0.2792677177990412, 0.2792677177990412, 0.2792677177990412, 0.2792677177990412, 0.2792677177990412, 0.28337722436698054, 0.28337722436698054, 0.28337722436698054, 0.28337722436698054, 0.28337722436698054, 0.2926791037489427, 0.2926791037489427, 0.2926791037489427, 0.2926791037489427, 0.2926791037489427, 0.2926791037489427, 0.2926791037489427, 0.2926791037489427, 0.2926791037489427, 0.2926791037489427, 0.2926791037489427, 0.2926791037489427, 0.2926791037489427, 0.2926791037489427, 0.2926791037489427, 0.2926791037489427, 0.2926791037489427, 0.2926791037489427, 0.2926791037489427, 0.2926791037489427, 0.2926791037489427, 0.2926791037489427, 0.2926791037489427, 0.2926791037489427, 0.2926791037489427]",False,926.1132750000106,"{'n_layers': 2, 'learning_rate': 0.23683449422600913, 'map_reps': 1, 'feature_map': 'angle', 'entanglement': 'full', 'init_scale': 0.17775344365363546}",0.630939226519337,0.1792717086834734,0.6095238095238096,0.277056277056277,0.6216369047619048,0.1594081830644853,0.6997976190476191,507,293,41,64,ok,1.7623355999821797,1,Bank Marketing
1,VQC,quantum,LDA,random,1200,904,0.2914751227444725,96,"[0.21373575869926234, 0.2699636050288474, 0.2699636050288474, 0.2699636050288474, 0.2699636050288474, 0.27266855301211823, 0.27266855301211823, 0.28164157508662696, 0.28164157508662696, 0.28164157508662696, 0.28164157508662696, 0.28435950285830053, 0.28435950285830053, 0.28435950285830053, 0.28435950285830053, 0.28435950285830053, 0.28435950285830053, 0.28435950285830053, 0.28435950285830053, 0.28435950285830053, 0.28435950285830053, 0.28435950285830053, 0.28435950285830053, 0.28435950285830053, 0.28435950285830053, 0.28435950285830053, 0.28435950285830053, 0.28435950285830053, 0.28435950285830053, 0.28435950285830053, 0.28435950285830053, 0.28435950285830053, 0.28435950285830053, 0.28435950285830053, 0.28435950285830053, 0.28435950285830053, 0.28435950285830053, 0.28435950285830053, 0.28435950285830053, 0.28435950285830053, 0.28435950285830053, 0.28768363758087667, 0.28768363758087667, 0.28768363758087667, 0.28768363758087667, 0.28768363758087667, 0.28768363758087667, 0.28768363758087667, 0.28768363758087667, 0.28768363758087667, 0.28768363758087667, 0.29147512274447257, 0.29147512274447257, 0.29147512274447257, 0.29147512274447257, 0.29147512274447257, 0.29147512274447257, 0.29147512274447257, 0.29147512274447257, 0.29147512274447257, 0.29147512274447257, 0.29147512274447257, 0.29147512274447257, 0.29147512274447257, 0.29147512274447257, 0.29147512274447257, 0.29147512274447257, 0.29147512274447257, 0.29147512274447257, 0.29147512274447257, 0.29147512274447257, 0.29147512274447257, 0.29147512274447257, 0.29147512274447257, 0.29147512274447257, 0.29147512274447257, 0.29147512274447257, 0.29147512274447257, 0.29147512274447257, 0.29147512274447257, 0.29147512274447257, 0.29147512274447257, 0.29147512274447257, 0.29147512274447257, 0.29147512274447257, 0.29147512274447257, 0.29147512274447257, 0.29147512274447257, 0.29147512274447257, 0.29147512274447257, 0.29147512274447257, 0.29147512274447257, 0.29147512274447257, 0.29147512274447257, 0.29147512274447257, 0.29147512274447257]",False,894.0689049000503,"{'n_layers': 6, 'learning_rate': 0.0019835357881422214, 'map_reps': 1, 'feature_map': 'angle', 'entanglement': 'linear', 'init_scale': 0.13412376207840246}",0.6648230088495575,0.1919504643962848,0.5961538461538461,0.2903981264637002,0.634951923076923,0.1797137924669734,0.6969951923076924,539,261,42,62,ok,6.242050400003791,1,Bank Marketing
2,VQC,quantum,LDA,random,1200,904,0.3044132842047803,96,"[0.20832748664829745, 0.22894471347861178, 0.28112667918532425, 0.28112667918532425, 0.28112667918532425, 0.28112667918532425, 0.28112667918532425, 0.28112667918532425, 0.28112667918532425, 0.28112667918532425, 0.28112667918532425, 0.28112667918532425, 0.2867166578889437, 0.2867166578889437, 0.2867166578889437, 0.2867166578889437, 0.2867166578889437, 0.2867166578889437, 0.2867166578889437, 0.2867166578889437, 0.2867166578889437, 0.2867166578889437, 0.2867166578889437, 0.28695963638160166, 0.29745542548480125, 0.29745542548480125, 0.29745542548480125, 0.29745542548480125, 0.29745542548480125, 0.29745542548480125, 0.29745542548480125, 0.29745542548480125, 0.29745542548480125, 0.29745542548480125, 0.29745542548480125, 0.29745542548480125, 0.29745542548480125, 0.29745542548480125, 0.29745542548480125, 0.29745542548480125, 0.29745542548480125, 0.29745542548480125, 0.29745542548480125, 0.29745542548480125, 0.29745542548480125, 0.29745542548480125, 0.29745542548480125, 0.29745542548480125, 0.29745542548480125, 0.29745542548480125, 0.29745542548480125, 0.29745542548480125, 0.29745542548480125, 0.29745542548480125, 0.29745542548480125, 0.29745542548480125, 0.29745542548480125, 0.29745542548480125, 0.29745542548480125, 0.29745542548480125, 0.29745542548480125, 0.29745542548480125, 0.29745542548480125, 0.29745542548480125, 0.29745542548480125, 0.29745542548480125, 0.29745542548480125, 0.29745542548480125, 0.29745542548480125, 0.29745542548480125, 0.29745542548480125, 0.29745542548480125, 0.3044132842047803, 0.3044132842047803, 0.3044132842047803, 0.3044132842047803, 0.3044132842047803, 0.3044132842047803, 0.3044132842047803, 0.3044132842047803, 0.3044132842047803, 0.3044132842047803, 0.3044132842047803, 0.3044132842047803, 0.3044132842047803, 0.3044132842047803, 0.3044132842047803, 0.3044132842047803, 0.3044132842047803, 0.3044132842047803, 0.3044132842047803, 0.3044132842047803, 0.3044132842047803, 0.3044132842047803, 0.3044132842047803, 0.3044132842047803]",False,902.0083589999704,"{'n_layers': 3, 'learning_rate': 0.14007225680161584, 'map_reps': 1, 'feature_map': 'angle', 'entanglement': 'circular', 'init_scale': 0.17180789102133315}",0.5066371681415929,0.1361702127659574,0.6153846153846154,0.2229965156794425,0.5539423076923077,0.0689012953954341,0.618954326923077,394,406,40,64,ok,2.9097105999826454,1,Bank Marketing
3,VQC,quantum,LDA,random,1200,904,0.2838378637516203,96,"[0.20681980056980057, 0.20681980056980057, 0.24588352530847915, 0.24588352530847915, 0.24588352530847915, 0.24588352530847915, 0.24588352530847915, 0.24588352530847915, 0.24588352530847915, 0.27699442957581155, 0.27699442957581155, 0.27699442957581155, 0.27699442957581155, 0.27699442957581155, 0.27699442957581155, 0.27699442957581155, 0.27699442957581155, 0.279927620724359, 0.279927620724359, 0.279927620724359, 0.279927620724359, 0.279927620724359, 0.279927620724359, 0.279927620724359, 0.279927620724359, 0.279927620724359, 0.279927620724359, 0.279927620724359, 0.279927620724359, 0.279927620724359, 0.279927620724359, 0.279927620724359, 0.279927620724359, 0.279927620724359, 0.279927620724359, 0.279927620724359, 0.279927620724359, 0.279927620724359, 0.279927620724359, 0.279927620724359, 0.28122180654682566, 0.28122180654682566, 0.28122180654682566, 0.28122180654682566, 0.28122180654682566, 0.28122180654682566, 0.28122180654682566, 0.28122180654682566, 0.28122180654682566, 0.28122180654682566, 0.28122180654682566, 0.28122180654682566, 0.28122180654682566, 0.28122180654682566, 0.28122180654682566, 0.28122180654682566, 0.28122180654682566, 0.28122180654682566, 0.28122180654682566, 0.28122180654682566, 0.28122180654682566, 0.28122180654682566, 0.28122180654682566, 0.28122180654682566, 0.28122180654682566, 0.28122180654682566, 0.28122180654682566, 0.28122180654682566, 0.28122180654682566, 0.28122180654682566, 0.28122180654682566, 0.28122180654682566, 0.28122180654682566, 0.28122180654682566, 0.28122180654682566, 0.28122180654682566, 0.28122180654682566, 0.28122180654682566, 0.28122180654682566, 0.28122180654682566, 0.28122180654682566, 0.28122180654682566, 0.28122180654682566, 0.28122180654682566, 0.28122180654682566, 0.28122180654682566, 0.28122180654682566, 0.28122180654682566, 0.28122180654682566, 0.28122180654682566, 0.28122180654682566, 0.28383786375162035, 0.28383786375162035, 0.28383786375162035, 0.28383786375162035, 0.28383786375162035]",False,888.983897899976,"{'n_layers': 1, 'learning_rate': 0.19764129700978367, 'map_reps': 1, 'feature_map': 'angle', 'entanglement': 'circular', 'init_scale': 0.4962408885698197}",0.5685840707964602,0.1764705882352941,0.75,0.2857142857142857,0.6475,0.188300536185323,0.7181971153846154,436,364,26,78,ok,2.467195499979425,1,Bank Marketing
4,VQC,quantum,LDA,random,1200,904,0.2760823686251122,96,"[0.2166648505321274, 0.26645836433070474, 0.26645836433070474, 0.26645836433070474, 0.26645836433070474, 0.26645836433070474, 0.26645836433070474, 0.2695695953652402, 0.2695695953652402, 0.2695695953652402, 0.2695695953652402, 0.2760823686251122, 0.2760823686251122, 0.2760823686251122, 0.2760823686251122, 0.2760823686251122, 0.2760823686251122, 0.2760823686251122, 0.2760823686251122, 0.2760823686251122, 0.2760823686251122, 0.2760823686251122, 0.2760823686251122, 0.2760823686251122, 0.2760823686251122, 0.2760823686251122, 0.2760823686251122, 0.2760823686251122, 0.2760823686251122, 0.2760823686251122, 0.2760823686251122, 0.2760823686251122, 0.2760823686251122, 0.2760823686251122, 0.2760823686251122, 0.2760823686251122, 0.2760823686251122, 0.2760823686251122, 0.2760823686251122, 0.2760823686251122, 0.2760823686251122, 0.2760823686251122, 0.2760823686251122, 0.2760823686251122, 0.2760823686251122, 0.2760823686251122, 0.2760823686251122, 0.2760823686251122, 0.2760823686251122, 0.2760823686251122, 0.2760823686251122, 0.2760823686251122, 0.2760823686251122, 0.2760823686251122, 0.2760823686251122, 0.2760823686251122, 0.2760823686251122, 0.2760823686251122, 0.2760823686251122, 0.2760823686251122, 0.2760823686251122, 0.2760823686251122, 0.2760823686251122, 0.2760823686251122, 0.2760823686251122, 0.2760823686251122, 0.2760823686251122, 0.2760823686251122, 0.2760823686251122, 0.2760823686251122, 0.2760823686251122, 0.2760823686251122, 0.2760823686251122, 0.2760823686251122, 0.2760823686251122, 0.2760823686251122, 0.2760823686251122, 0.2760823686251122, 0.2760823686251122, 0.2760823686251122, 0.2760823686251122, 0.2760823686251122, 0.2760823686251122, 0.2760823686251122, 0.2760823686251122, 0.2760823686251122, 0.2760823686251122, 0.2760823686251122, 0.2760823686251122, 0.2760823686251122, 0.2760823686251122, 0.2760823686251122, 0.2760823686251122, 0.2760823686251122, 0.2760823686251122, 0.2760823686251122]",False,914.7723584999912,"{'n_layers': 2, 'learning_rate': 0.1672637392894189, 'map_reps': 1, 'feature_map': 'angle', 'entanglement': 'linear', 'init_scale': 0.2400571804566784}",0.6548672566371682,0.1867469879518072,0.5961538461538461,0.2844036697247706,0.6293269230769231,0.1712038582062328,0.6829807692307693,530,270,42,62,ok,2.1798318999935877,1,Bank Marketing
5,VQC,quantum,LDA,random,1200,905,0.2647130647130647,96,"[0.20801352382208074, 0.2093728722594702, 0.24467683129190068, 0.24467683129190068, 0.2473486852770935, 0.2473486852770935, 0.2473486852770935, 0.2473486852770935, 0.2473486852770935, 0.24814818641370073, 0.24814818641370073, 0.24814818641370073, 0.2522815725031613, 0.2522815725031613, 0.2522815725031613, 0.2522815725031613, 0.2522815725031613, 0.2522815725031613, 0.2522815725031613, 0.2522815725031613, 0.2522815725031613, 0.2522815725031613, 0.2522815725031613, 0.2601402153772299, 0.2601402153772299, 0.2601402153772299, 0.2601402153772299, 0.2601402153772299, 0.2601402153772299, 0.2601402153772299, 0.2601402153772299, 0.2601402153772299, 0.2601402153772299, 0.2601402153772299, 0.2601402153772299, 0.2601402153772299, 0.2601402153772299, 0.2601402153772299, 0.2601402153772299, 0.2601402153772299, 0.2601402153772299, 0.2601402153772299, 0.2601402153772299, 0.2601402153772299, 0.2601402153772299, 0.2601402153772299, 0.2601402153772299, 0.2601402153772299, 0.2601402153772299, 0.2601402153772299, 0.2601402153772299, 0.2601402153772299, 0.2601402153772299, 0.2601402153772299, 0.2601402153772299, 0.2601402153772299, 0.2601402153772299, 0.2601402153772299, 0.2601402153772299, 0.2601402153772299, 0.2601402153772299, 0.2601402153772299, 0.2601402153772299, 0.2601402153772299, 0.2601402153772299, 0.2601402153772299, 0.2601402153772299, 0.2610645656021175, 0.2610645656021175, 0.2610645656021175, 0.2610645656021175, 0.2610645656021175, 0.2610645656021175, 0.2610645656021175, 0.2610645656021175, 0.2610645656021175, 0.2610645656021175, 0.2610645656021175, 0.2610645656021175, 0.2610645656021175, 0.2610645656021175, 0.2610645656021175, 0.2610645656021175, 0.2610645656021175, 0.2610645656021175, 0.2647130647130647, 0.2647130647130647, 0.2647130647130647, 0.2647130647130647, 0.2647130647130647, 0.2647130647130647, 0.2647130647130647, 0.2647130647130647, 0.2647130647130647, 0.2647130647130647, 0.2647130647130647]",False,875.8521147999563,"{'n_layers': 1, 'learning_rate': 0.16188858240740495, 'map_reps': 1, 'feature_map': 'angle', 'entanglement': 'circular', 'init_scale': 0.329149692638551}",0.6165745856353592,0.1729729729729729,0.6095238095238096,0.2694736842105263,0.6135119047619049,0.14788812302428,0.6503214285714285,494,306,41,64,ok,2.1940100000356324,1,Bank Marketing
6,VQC,quantum,LDA,random,1200,904,0.2983260655335516,96,"[0.1913414043865941, 0.27096513371023173, 0.27096513371023173, 0.27096513371023173, 0.27096513371023173, 0.29566695882485355, 0.29566695882485355, 0.29566695882485355, 0.29566695882485355, 0.29566695882485355, 0.29566695882485355, 0.29566695882485355, 0.29566695882485355, 0.29566695882485355, 0.29566695882485355, 0.29566695882485355, 0.29566695882485355, 0.29566695882485355, 0.29566695882485355, 0.29566695882485355, 0.29566695882485355, 0.29566695882485355, 0.29566695882485355, 0.29566695882485355, 0.29566695882485355, 0.29566695882485355, 0.29566695882485355, 0.29566695882485355, 0.29566695882485355, 0.29566695882485355, 0.29566695882485355, 0.29566695882485355, 0.29566695882485355, 0.29566695882485355, 0.29566695882485355, 0.29566695882485355, 0.29566695882485355, 0.29566695882485355, 0.29566695882485355, 0.29566695882485355, 0.29566695882485355, 0.29566695882485355, 0.29566695882485355, 0.29566695882485355, 0.29566695882485355, 0.29566695882485355, 0.29566695882485355, 0.29566695882485355, 0.29566695882485355, 0.29566695882485355, 0.29566695882485355, 0.29566695882485355, 0.29566695882485355, 0.29566695882485355, 0.29566695882485355, 0.29566695882485355, 0.29566695882485355, 0.29566695882485355, 0.29566695882485355, 0.29566695882485355, 0.29566695882485355, 0.29566695882485355, 0.29566695882485355, 0.29566695882485355, 0.29566695882485355, 0.29566695882485355, 0.29566695882485355, 0.29566695882485355, 0.29566695882485355, 0.29566695882485355, 0.29566695882485355, 0.29566695882485355, 0.29566695882485355, 0.29566695882485355, 0.29566695882485355, 0.29566695882485355, 0.29566695882485355, 0.29566695882485355, 0.29566695882485355, 0.29566695882485355, 0.29566695882485355, 0.29566695882485355, 0.29566695882485355, 0.29566695882485355, 0.29566695882485355, 0.29566695882485355, 0.29566695882485355, 0.29566695882485355, 0.29566695882485355, 0.29566695882485355, 0.29566695882485355, 0.2983260655335516, 0.2983260655335516, 0.2983260655335516, 0.2983260655335516, 0.2983260655335516]",False,914.9860260999994,"{'n_layers': 4, 'learning_rate': 0.004520188288702644, 'map_reps': 1, 'feature_map': 'angle', 'entanglement': 'linear', 'init_scale': 0.046712051268002604}",0.7367256637168141,0.2112068965517241,0.4711538461538461,0.2916666666666667,0.621201923076923,0.1770812343380642,0.7042067307692308,617,183,55,49,ok,3.178005499998108,1,Bank Marketing
7,VQC,quantum,LDA,random,1200,904,0.302171214206677,96,"[0.22616849243609807, 0.2961073318216176, 0.2961073318216176, 0.2961073318216176, 0.302171214206677, 0.302171214206677, 0.302171214206677, 0.302171214206677, 0.302171214206677, 0.302171214206677, 0.302171214206677, 0.302171214206677, 0.302171214206677, 0.302171214206677, 0.302171214206677, 0.302171214206677, 0.302171214206677, 0.302171214206677, 0.302171214206677, 0.302171214206677, 0.302171214206677, 0.302171214206677, 0.302171214206677, 0.302171214206677, 0.302171214206677, 0.302171214206677, 0.302171214206677, 0.302171214206677, 0.302171214206677, 0.302171214206677, 0.302171214206677, 0.302171214206677, 0.302171214206677, 0.302171214206677, 0.302171214206677, 0.302171214206677, 0.302171214206677, 0.302171214206677, 0.302171214206677, 0.302171214206677, 0.302171214206677, 0.302171214206677, 0.302171214206677, 0.302171214206677, 0.302171214206677, 0.302171214206677, 0.302171214206677, 0.302171214206677, 0.302171214206677, 0.302171214206677, 0.302171214206677, 0.302171214206677, 0.302171214206677, 0.302171214206677, 0.302171214206677, 0.302171214206677, 0.302171214206677, 0.302171214206677, 0.302171214206677, 0.302171214206677, 0.302171214206677, 0.302171214206677, 0.302171214206677, 0.302171214206677, 0.302171214206677, 0.302171214206677, 0.302171214206677, 0.302171214206677, 0.302171214206677, 0.302171214206677, 0.302171214206677, 0.302171214206677, 0.302171214206677, 0.302171214206677, 0.302171214206677, 0.302171214206677, 0.302171214206677, 0.302171214206677, 0.302171214206677, 0.302171214206677, 0.302171214206677, 0.302171214206677, 0.302171214206677, 0.302171214206677, 0.302171214206677, 0.302171214206677, 0.302171214206677, 0.302171214206677, 0.302171214206677, 0.302171214206677, 0.302171214206677, 0.302171214206677, 0.302171214206677, 0.302171214206677, 0.302171214206677, 0.302171214206677]",False,896.8890913000214,"{'n_layers': 2, 'learning_rate': 0.009795152851838951, 'map_reps': 1, 'feature_map': 'angle', 'entanglement': 'full', 'init_scale': 0.03102622845325108}",0.6371681415929203,0.1818181818181818,0.6153846153846154,0.2807017543859649,0.6276923076923078,0.1671150348830308,0.6909134615384616,512,288,40,64,ok,2.5659625999978743,1,Bank Marketing
8,VQC,quantum,LDA,random,1200,904,0.2571028411364546,96,"[0.18915652248985582, 0.21757686710791904, 0.22885834556156506, 0.23101695684038895, 0.23101695684038895, 0.23101695684038895, 0.23101695684038895, 0.23101695684038895, 0.23101695684038895, 0.23101695684038895, 0.23101695684038895, 0.23101695684038895, 0.23101695684038895, 0.23101695684038895, 0.23101695684038895, 0.23101695684038895, 0.23101695684038895, 0.2314038769857215, 0.2314038769857215, 0.2314038769857215, 0.2314038769857215, 0.2314038769857215, 0.2314038769857215, 0.2432274601671006, 0.2432274601671006, 0.2432274601671006, 0.2432274601671006, 0.2432274601671006, 0.2432274601671006, 0.2432274601671006, 0.2432274601671006, 0.2432274601671006, 0.2432274601671006, 0.2432274601671006, 0.2432274601671006, 0.2432274601671006, 0.2432274601671006, 0.2432274601671006, 0.2432274601671006, 0.2493834915317327, 0.2493834915317327, 0.2493834915317327, 0.2493834915317327, 0.2493834915317327, 0.2493834915317327, 0.2493834915317327, 0.2493834915317327, 0.2493834915317327, 0.2493834915317327, 0.2493834915317327, 0.2493834915317327, 0.2493834915317327, 0.2493834915317327, 0.2571028411364546, 0.2571028411364546, 0.2571028411364546, 0.2571028411364546, 0.2571028411364546, 0.2571028411364546, 0.2571028411364546, 0.2571028411364546, 0.2571028411364546, 0.2571028411364546, 0.2571028411364546, 0.2571028411364546, 0.2571028411364546, 0.2571028411364546, 0.2571028411364546, 0.2571028411364546, 0.2571028411364546, 0.2571028411364546, 0.2571028411364546, 0.2571028411364546, 0.2571028411364546, 0.2571028411364546, 0.2571028411364546, 0.2571028411364546, 0.2571028411364546, 0.2571028411364546, 0.2571028411364546, 0.2571028411364546, 0.2571028411364546, 0.2571028411364546, 0.2571028411364546, 0.2571028411364546, 0.2571028411364546, 0.2571028411364546, 0.2571028411364546, 0.2571028411364546, 0.2571028411364546, 0.2571028411364546, 0.2571028411364546, 0.2571028411364546, 0.2571028411364546, 0.2571028411364546, 0.2571028411364546]",False,926.51662400004,"{'n_layers': 6, 'learning_rate': 0.2584988844576038, 'map_reps': 1, 'feature_map': 'angle', 'entanglement': 'circular', 'init_scale': 0.36381809086099315}",0.5243362831858407,0.1589958158995816,0.7307692307692307,0.2611683848797251,0.6141346153846153,0.1459117581926199,0.6877644230769231,398,402,28,76,ok,3.4277414999669418,1,Bank Marketing
9,VQC,quantum,LDA,random,1200,904,0.27135302826761,96,"[0.26547312870076195, 0.26547312870076195, 0.26547312870076195, 0.26547312870076195, 0.26547312870076195, 0.26547312870076195, 0.26547312870076195, 0.26547312870076195, 0.26547312870076195, 0.26547312870076195, 0.26547312870076195, 0.2692038161150634, 0.2692038161150634, 0.2692038161150634, 0.2692038161150634, 0.2692038161150634, 0.2692038161150634, 0.2692038161150634, 0.2692038161150634, 0.2692038161150634, 0.2692038161150634, 0.2692038161150634, 0.2692038161150634, 0.2692038161150634, 0.2692038161150634, 0.2707232505405263, 0.2707232505405263, 0.2707232505405263, 0.2707232505405263, 0.2707232505405263, 0.2707232505405263, 0.2707232505405263, 0.2707232505405263, 0.2707232505405263, 0.2707232505405263, 0.2707232505405263, 0.2707232505405263, 0.2707232505405263, 0.2707232505405263, 0.2707232505405263, 0.2707232505405263, 0.2707232505405263, 0.2707232505405263, 0.2707232505405263, 0.2709626099982851, 0.2709626099982851, 0.2709626099982851, 0.2709626099982851, 0.2709626099982851, 0.2709626099982851, 0.2709626099982851, 0.2709626099982851, 0.2709626099982851, 0.2709626099982851, 0.2709626099982851, 0.2709626099982851, 0.2709626099982851, 0.2709626099982851, 0.2709626099982851, 0.2709626099982851, 0.2709626099982851, 0.2709626099982851, 0.2709626099982851, 0.2709626099982851, 0.2709626099982851, 0.2709626099982851, 0.2709626099982851, 0.2709626099982851, 0.2709626099982851, 0.2709626099982851, 0.2709626099982851, 0.2709626099982851, 0.2709626099982851, 0.2709626099982851, 0.2709626099982851, 0.2709626099982851, 0.2709626099982851, 0.2709626099982851, 0.2709626099982851, 0.2709626099982851, 0.2709626099982851, 0.2709626099982851, 0.2709626099982851, 0.2709626099982851, 0.2709626099982851, 0.2709626099982851, 0.2709626099982851, 0.2709626099982851, 0.2709626099982851, 0.2709626099982851, 0.2709626099982851, 0.2709626099982851, 0.2709626099982851, 0.2709626099982851, 0.2709626099982851, 0.27135302826761004]",False,915.6726680999856,"{'n_layers': 6, 'learning_rate': 0.07692341127389131, 'map_reps': 1, 'feature_map': 'angle', 'entanglement': 'circular', 'init_scale': 0.14856415013505744}",0.6537610619469026,0.1935483870967742,0.6346153846153846,0.2966292134831461,0.6454326923076923,0.1914795137345443,0.6669350961538462,525,275,38,66,ok,4.047108800034039,1,Bank Marketing
10,VQC,quantum,LDA,random,1200,905,0.3035920454858721,96,"[0.23703137388152676, 0.30211162937813135, 0.30211162937813135, 0.30211162937813135, 0.30211162937813135, 0.30211162937813135, 0.30211162937813135, 0.30211162937813135, 0.30211162937813135, 0.30211162937813135, 0.30211162937813135, 0.30211162937813135, 0.30211162937813135, 0.30211162937813135, 0.30211162937813135, 0.30211162937813135, 0.30211162937813135, 0.30211162937813135, 0.30211162937813135, 0.30211162937813135, 0.30211162937813135, 0.30211162937813135, 0.30211162937813135, 0.30211162937813135, 0.30211162937813135, 0.30211162937813135, 0.30211162937813135, 0.30211162937813135, 0.30211162937813135, 0.30211162937813135, 0.30211162937813135, 0.30211162937813135, 0.30211162937813135, 0.30211162937813135, 0.30211162937813135, 0.30211162937813135, 0.30211162937813135, 0.30211162937813135, 0.30211162937813135, 0.30211162937813135, 0.30211162937813135, 0.30211162937813135, 0.30211162937813135, 0.30211162937813135, 0.30211162937813135, 0.30211162937813135, 0.30211162937813135, 0.30211162937813135, 0.30211162937813135, 0.30211162937813135, 0.30211162937813135, 0.30211162937813135, 0.30211162937813135, 0.30211162937813135, 0.30211162937813135, 0.30211162937813135, 0.30211162937813135, 0.30211162937813135, 0.30211162937813135, 0.30211162937813135, 0.30211162937813135, 0.30211162937813135, 0.30211162937813135, 0.30211162937813135, 0.30211162937813135, 0.30211162937813135, 0.30211162937813135, 0.30211162937813135, 0.30211162937813135, 0.30211162937813135, 0.30211162937813135, 0.30211162937813135, 0.30211162937813135, 0.30211162937813135, 0.30211162937813135, 0.30211162937813135, 0.30211162937813135, 0.30211162937813135, 0.30211162937813135, 0.30211162937813135, 0.30211162937813135, 0.30211162937813135, 0.30211162937813135, 0.30359204548587215, 0.30359204548587215, 0.30359204548587215, 0.30359204548587215, 0.30359204548587215, 0.30359204548587215, 0.30359204548587215, 0.30359204548587215, 0.30359204548587215, 0.30359204548587215, 0.30359204548587215, 0.30359204548587215, 0.30359204548587215]",False,928.2281484000268,"{'n_layers': 4, 'learning_rate': 0.0819987337691157, 'map_reps': 1, 'feature_map': 'angle', 'entanglement': 'circular', 'init_scale': 0.3847033739770191}",0.6342541436464089,0.1752873563218391,0.580952380952381,0.2693156732891832,0.6111011904761905,0.1462753451937437,0.6619761904761905,513,287,44,61,ok,2.582302399969194,1,Bank Marketing
11,VQC,quantum,LDA,random,1200,904,0.2439513749557417,96,"[0.19342177998894416, 0.20543052167406883, 0.24395137495574173, 0.24395137495574173, 0.24395137495574173, 0.24395137495574173, 0.24395137495574173, 0.24395137495574173, 0.24395137495574173, 0.24395137495574173, 0.24395137495574173, 0.24395137495574173, 0.24395137495574173, 0.24395137495574173, 0.24395137495574173, 0.24395137495574173, 0.24395137495574173, 0.24395137495574173, 0.24395137495574173, 0.24395137495574173, 0.24395137495574173, 0.24395137495574173, 0.24395137495574173, 0.24395137495574173, 0.24395137495574173, 0.24395137495574173, 0.24395137495574173, 0.24395137495574173, 0.24395137495574173, 0.24395137495574173, 0.24395137495574173, 0.24395137495574173, 0.24395137495574173, 0.24395137495574173, 0.24395137495574173, 0.24395137495574173, 0.24395137495574173, 0.24395137495574173, 0.24395137495574173, 0.24395137495574173, 0.24395137495574173, 0.24395137495574173, 0.24395137495574173, 0.24395137495574173, 0.24395137495574173, 0.24395137495574173, 0.24395137495574173, 0.24395137495574173, 0.24395137495574173, 0.24395137495574173, 0.24395137495574173, 0.24395137495574173, 0.24395137495574173, 0.24395137495574173, 0.24395137495574173, 0.24395137495574173, 0.24395137495574173, 0.24395137495574173, 0.24395137495574173, 0.24395137495574173, 0.24395137495574173, 0.24395137495574173, 0.24395137495574173, 0.24395137495574173, 0.24395137495574173, 0.24395137495574173, 0.24395137495574173, 0.24395137495574173, 0.24395137495574173, 0.24395137495574173, 0.24395137495574173, 0.24395137495574173, 0.24395137495574173, 0.24395137495574173, 0.24395137495574173, 0.24395137495574173, 0.24395137495574173, 0.24395137495574173, 0.24395137495574173, 0.24395137495574173, 0.24395137495574173, 0.24395137495574173, 0.24395137495574173, 0.24395137495574173, 0.24395137495574173, 0.24395137495574173, 0.24395137495574173, 0.24395137495574173, 0.24395137495574173, 0.24395137495574173, 0.24395137495574173, 0.24395137495574173, 0.24395137495574173, 0.24395137495574173, 0.24395137495574173, 0.24395137495574173]",False,896.8577699000016,"{'n_layers': 3, 'learning_rate': 0.422307844627239, 'map_reps': 1, 'feature_map': 'angle', 'entanglement': 'circular', 'init_scale': 0.02964086832521453}",0.4845132743362831,0.1505791505791505,0.75,0.2508038585209003,0.6,0.1290128967396536,0.6622235576923078,360,440,26,78,ok,3.538567499956116,1,Bank Marketing
12,VQC,quantum,LDA,random,1200,904,0.2705543435699502,96,"[0.2615573319798672, 0.2615573319798672, 0.2615573319798672, 0.2615573319798672, 0.2615573319798672, 0.2615573319798672, 0.2615573319798672, 0.2615573319798672, 0.2615573319798672, 0.2615573319798672, 0.2615573319798672, 0.2615573319798672, 0.2615573319798672, 0.2615573319798672, 0.2615573319798672, 0.2615573319798672, 0.2615573319798672, 0.2692239858906525, 0.2692239858906525, 0.2692239858906525, 0.2692239858906525, 0.2692239858906525, 0.2692239858906525, 0.2692239858906525, 0.2692239858906525, 0.2692239858906525, 0.2692239858906525, 0.2692239858906525, 0.2692239858906525, 0.2692239858906525, 0.2692239858906525, 0.2692239858906525, 0.2692239858906525, 0.2692239858906525, 0.2692239858906525, 0.2692239858906525, 0.2692239858906525, 0.2692239858906525, 0.2692239858906525, 0.2692239858906525, 0.2692239858906525, 0.2692239858906525, 0.2692239858906525, 0.2692239858906525, 0.2692239858906525, 0.2692239858906525, 0.2692239858906525, 0.2692239858906525, 0.2692239858906525, 0.2692239858906525, 0.2692239858906525, 0.2692239858906525, 0.2692239858906525, 0.2692239858906525, 0.2692239858906525, 0.2692239858906525, 0.2692239858906525, 0.2692239858906525, 0.2692239858906525, 0.2692239858906525, 0.2692239858906525, 0.2692239858906525, 0.2692239858906525, 0.2692239858906525, 0.2692239858906525, 0.2692239858906525, 0.2692239858906525, 0.2692239858906525, 0.2692239858906525, 0.2692239858906525, 0.2692239858906525, 0.2692239858906525, 0.2692239858906525, 0.2692239858906525, 0.2692239858906525, 0.2692239858906525, 0.2692239858906525, 0.27055434356995023, 0.27055434356995023, 0.27055434356995023, 0.27055434356995023, 0.27055434356995023, 0.27055434356995023, 0.27055434356995023, 0.27055434356995023, 0.27055434356995023, 0.27055434356995023, 0.27055434356995023, 0.27055434356995023, 0.27055434356995023, 0.27055434356995023, 0.27055434356995023, 0.27055434356995023, 0.27055434356995023, 0.27055434356995023, 0.27055434356995023]",False,913.7607548999948,"{'n_layers': 1, 'learning_rate': 0.1686052237118771, 'map_reps': 1, 'feature_map': 'angle', 'entanglement': 'linear', 'init_scale': 0.16318059749140099}",0.7035398230088495,0.2112676056338028,0.5769230769230769,0.3092783505154639,0.6484615384615384,0.2041035698394155,0.7028846153846156,576,224,44,60,ok,1.6986149000003934,1,Bank Marketing
13,VQC,quantum,LDA,random,1200,904,0.2515322442800283,96,"[0.18731657119081055, 0.21564627719847043, 0.21564627719847043, 0.23755380996760309, 0.23755380996760309, 0.23755380996760309, 0.23755380996760309, 0.23755380996760309, 0.23755380996760309, 0.23755380996760309, 0.23755380996760309, 0.23755380996760309, 0.23755380996760309, 0.23755380996760309, 0.23755380996760309, 0.23755380996760309, 0.23755380996760309, 0.23755380996760309, 0.23755380996760309, 0.23755380996760309, 0.23755380996760309, 0.23755380996760309, 0.23755380996760309, 0.23755380996760309, 0.2413554633471646, 0.2413554633471646, 0.2413554633471646, 0.2413554633471646, 0.2413554633471646, 0.2413554633471646, 0.2413554633471646, 0.2413554633471646, 0.2413554633471646, 0.2413554633471646, 0.2413554633471646, 0.2413554633471646, 0.2413554633471646, 0.2413554633471646, 0.2413554633471646, 0.2413554633471646, 0.2413554633471646, 0.2413554633471646, 0.2413554633471646, 0.2413554633471646, 0.2413554633471646, 0.2413554633471646, 0.2413554633471646, 0.2413554633471646, 0.2413554633471646, 0.2413554633471646, 0.2413554633471646, 0.2413554633471646, 0.2413554633471646, 0.2413554633471646, 0.2413554633471646, 0.2413554633471646, 0.2413554633471646, 0.25153224428002835, 0.25153224428002835, 0.25153224428002835, 0.25153224428002835, 0.25153224428002835, 0.25153224428002835, 0.25153224428002835, 0.25153224428002835, 0.25153224428002835, 0.25153224428002835, 0.25153224428002835, 0.25153224428002835, 0.25153224428002835, 0.25153224428002835, 0.25153224428002835, 0.25153224428002835, 0.25153224428002835, 0.25153224428002835, 0.25153224428002835, 0.25153224428002835, 0.25153224428002835, 0.25153224428002835, 0.25153224428002835, 0.25153224428002835, 0.25153224428002835, 0.25153224428002835, 0.25153224428002835, 0.25153224428002835, 0.25153224428002835, 0.25153224428002835, 0.25153224428002835, 0.25153224428002835, 0.25153224428002835, 0.25153224428002835, 0.25153224428002835, 0.25153224428002835, 0.25153224428002835, 0.25153224428002835, 0.25153224428002835]",False,899.6870558999944,"{'n_layers': 6, 'learning_rate': 0.3878103824823523, 'map_reps': 1, 'feature_map': 'angle', 'entanglement': 'circular', 'init_scale': 0.1300572208216001}",0.5663716814159292,0.1712328767123287,0.7211538461538461,0.2767527675276753,0.6337019230769231,0.1707258560844064,0.6733894230769231,437,363,29,75,ok,5.1567495000199415,1,Bank Marketing
14,VQC,quantum,LDA,random,1200,904,0.2901990466664865,96,"[0.21777298345074328, 0.2664963800389119, 0.2664963800389119, 0.2664963800389119, 0.27137190093157043, 0.27137190093157043, 0.27865006139101345, 0.27865006139101345, 0.27865006139101345, 0.27865006139101345, 0.27865006139101345, 0.27865006139101345, 0.27865006139101345, 0.27865006139101345, 0.27865006139101345, 0.27865006139101345, 0.27865006139101345, 0.27865006139101345, 0.27865006139101345, 0.27865006139101345, 0.27865006139101345, 0.27865006139101345, 0.27865006139101345, 0.27865006139101345, 0.27865006139101345, 0.27865006139101345, 0.27865006139101345, 0.27865006139101345, 0.27865006139101345, 0.27865006139101345, 0.28071825318304744, 0.28071825318304744, 0.28071825318304744, 0.28071825318304744, 0.28761248053485494, 0.28761248053485494, 0.28761248053485494, 0.28761248053485494, 0.28761248053485494, 0.28761248053485494, 0.28761248053485494, 0.28761248053485494, 0.28761248053485494, 0.28761248053485494, 0.28761248053485494, 0.28761248053485494, 0.28761248053485494, 0.28761248053485494, 0.28761248053485494, 0.28761248053485494, 0.28761248053485494, 0.28761248053485494, 0.28761248053485494, 0.28761248053485494, 0.28761248053485494, 0.28761248053485494, 0.28761248053485494, 0.28761248053485494, 0.28761248053485494, 0.28761248053485494, 0.28761248053485494, 0.28761248053485494, 0.28761248053485494, 0.28761248053485494, 0.28761248053485494, 0.28761248053485494, 0.28761248053485494, 0.28761248053485494, 0.28761248053485494, 0.28761248053485494, 0.28761248053485494, 0.28761248053485494, 0.28761248053485494, 0.28761248053485494, 0.28761248053485494, 0.28761248053485494, 0.28761248053485494, 0.28761248053485494, 0.28761248053485494, 0.28761248053485494, 0.28761248053485494, 0.28761248053485494, 0.28761248053485494, 0.28761248053485494, 0.28761248053485494, 0.28761248053485494, 0.28761248053485494, 0.28761248053485494, 0.28761248053485494, 0.28761248053485494, 0.28761248053485494, 0.28761248053485494, 0.28761248053485494, 0.2901990466664865, 0.2901990466664865, 0.2901990466664865]",False,937.6389397000312,"{'n_layers': 1, 'learning_rate': 0.09989093998644566, 'map_reps': 1, 'feature_map': 'angle', 'entanglement': 'circular', 'init_scale': 0.3440911290645922}",0.6924778761061947,0.206081081081081,0.5865384615384616,0.305,0.6463942307692307,0.1990755735583366,0.691923076923077,565,235,43,61,ok,1.1282682999735698,1,Bank Marketing
0,QSVC,quantum,LDA,random,1200,905,0.2463934412598634,96,"[0.20453066722872357, 0.2261162131204356, 0.2261162131204356, 0.24501853178710117, 0.24501853178710117, 0.24501853178710117, 0.24501853178710117, 0.24501853178710117, 0.24501853178710117, 0.24501853178710117, 0.24501853178710117, 0.24501853178710117, 0.24501853178710117, 0.24501853178710117, 0.24501853178710117, 0.24501853178710117, 0.24501853178710117, 0.24501853178710117, 0.24501853178710117, 0.24501853178710117, 0.24501853178710117, 0.24501853178710117, 0.24501853178710117, 0.24501853178710117, 0.24501853178710117, 0.24501853178710117, 0.24501853178710117, 0.24639344125986348, 0.24639344125986348, 0.24639344125986348, 0.24639344125986348, 0.24639344125986348, 0.24639344125986348, 0.24639344125986348, 0.24639344125986348, 0.24639344125986348, 0.24639344125986348, 0.24639344125986348, 0.24639344125986348, 0.24639344125986348, 0.24639344125986348, 0.24639344125986348, 0.24639344125986348, 0.24639344125986348, 0.24639344125986348, 0.24639344125986348, 0.24639344125986348, 0.24639344125986348, 0.24639344125986348, 0.24639344125986348, 0.24639344125986348, 0.24639344125986348, 0.24639344125986348, 0.24639344125986348, 0.24639344125986348, 0.24639344125986348, 0.24639344125986348, 0.24639344125986348, 0.24639344125986348, 0.24639344125986348, 0.24639344125986348, 0.24639344125986348, 0.24639344125986348, 0.24639344125986348, 0.24639344125986348, 0.24639344125986348, 0.24639344125986348, 0.24639344125986348, 0.24639344125986348, 0.24639344125986348, 0.24639344125986348, 0.24639344125986348, 0.24639344125986348, 0.24639344125986348, 0.24639344125986348, 0.24639344125986348, 0.24639344125986348, 0.24639344125986348, 0.24639344125986348, 0.24639344125986348, 0.24639344125986348, 0.24639344125986348, 0.24639344125986348, 0.24639344125986348, 0.24639344125986348, 0.24639344125986348, 0.24639344125986348, 0.24639344125986348, 0.24639344125986348, 0.24639344125986348, 0.24639344125986348, 0.24639344125986348, 0.24639344125986348, 0.24639344125986348, 0.24639344125986348, 0.24639344125986348]",False,373.7383356000064,"{'C': 0.23059273031233365, 'map_reps': 1, 'scale': 0.30123571666836346, 'entanglement': 'full'}",0.7348066298342542,0.2244897959183673,0.5238095238095238,0.3142857142857143,0.643154761904762,0.2063575807412209,0.7246547619047619,610,190,50,55,ok,3.0475742999697104,1,Bank Marketing
1,QSVC,quantum,LDA,random,1200,904,0.2604802822624605,96,"[0.18779892828424116, 0.24067414914096838, 0.24067414914096838, 0.24952465299173068, 0.24952465299173068, 0.24952465299173068, 0.24952465299173068, 0.2595136345136345, 0.2595136345136345, 0.2595136345136345, 0.2595136345136345, 0.2595136345136345, 0.2595136345136345, 0.2595136345136345, 0.2595136345136345, 0.2595136345136345, 0.2595136345136345, 0.2595136345136345, 0.2595136345136345, 0.2595136345136345, 0.2595136345136345, 0.2595136345136345, 0.2595136345136345, 0.2595136345136345, 0.2595136345136345, 0.2595136345136345, 0.2595136345136345, 0.2595136345136345, 0.2595136345136345, 0.2595136345136345, 0.2595136345136345, 0.2595136345136345, 0.2595136345136345, 0.2595136345136345, 0.2595136345136345, 0.2595136345136345, 0.2595136345136345, 0.2595136345136345, 0.2595136345136345, 0.2595136345136345, 0.2604802822624605, 0.2604802822624605, 0.2604802822624605, 0.2604802822624605, 0.2604802822624605, 0.2604802822624605, 0.2604802822624605, 0.2604802822624605, 0.2604802822624605, 0.2604802822624605, 0.2604802822624605, 0.2604802822624605, 0.2604802822624605, 0.2604802822624605, 0.2604802822624605, 0.2604802822624605, 0.2604802822624605, 0.2604802822624605, 0.2604802822624605, 0.2604802822624605, 0.2604802822624605, 0.2604802822624605, 0.2604802822624605, 0.2604802822624605, 0.2604802822624605, 0.2604802822624605, 0.2604802822624605, 0.2604802822624605, 0.2604802822624605, 0.2604802822624605, 0.2604802822624605, 0.2604802822624605, 0.2604802822624605, 0.2604802822624605, 0.2604802822624605, 0.2604802822624605, 0.2604802822624605, 0.2604802822624605, 0.2604802822624605, 0.2604802822624605, 0.2604802822624605, 0.2604802822624605, 0.2604802822624605, 0.2604802822624605, 0.2604802822624605, 0.2604802822624605, 0.2604802822624605, 0.2604802822624605, 0.2604802822624605, 0.2604802822624605, 0.2604802822624605, 0.2604802822624605, 0.2604802822624605, 0.2604802822624605, 0.2604802822624605, 0.2604802822624605]",False,379.84329679998336,"{'C': 0.07897139264529827, 'map_reps': 3, 'scale': 0.30292298013492625, 'entanglement': 'full'}",0.6460176991150443,0.1766467065868263,0.5673076923076923,0.2694063926940639,0.6117788461538461,0.147788492719593,0.641532451923077,525,275,45,59,ok,4.511084700003266,1,Bank Marketing
2,QSVC,quantum,LDA,random,1200,904,0.240498907866637,96,"[0.17964615267291997, 0.19273927392739276, 0.19273927392739276, 0.19273927392739276, 0.19650908752847115, 0.19906990699069907, 0.21346875626736958, 0.21346875626736958, 0.21346875626736958, 0.21346875626736958, 0.21346875626736958, 0.21346875626736958, 0.21346875626736958, 0.2346171135438151, 0.2346171135438151, 0.2346171135438151, 0.2346171135438151, 0.2346171135438151, 0.2346171135438151, 0.2356118356118356, 0.2356118356118356, 0.2356118356118356, 0.24003135109985826, 0.24003135109985826, 0.24003135109985826, 0.24003135109985826, 0.24003135109985826, 0.24003135109985826, 0.24003135109985826, 0.24003135109985826, 0.24003135109985826, 0.24003135109985826, 0.24003135109985826, 0.24003135109985826, 0.24003135109985826, 0.24003135109985826, 0.24003135109985826, 0.24003135109985826, 0.24003135109985826, 0.24003135109985826, 0.24003135109985826, 0.24003135109985826, 0.24003135109985826, 0.24003135109985826, 0.24003135109985826, 0.24003135109985826, 0.24003135109985826, 0.24003135109985826, 0.24003135109985826, 0.24003135109985826, 0.24003135109985826, 0.24003135109985826, 0.24003135109985826, 0.24003135109985826, 0.24003135109985826, 0.24003135109985826, 0.24003135109985826, 0.24003135109985826, 0.24003135109985826, 0.24003135109985826, 0.24003135109985826, 0.24003135109985826, 0.24049890786663708, 0.24049890786663708, 0.24049890786663708, 0.24049890786663708, 0.24049890786663708, 0.24049890786663708, 0.24049890786663708, 0.24049890786663708, 0.24049890786663708, 0.24049890786663708, 0.24049890786663708, 0.24049890786663708, 0.24049890786663708, 0.24049890786663708, 0.24049890786663708, 0.24049890786663708, 0.24049890786663708, 0.24049890786663708, 0.24049890786663708, 0.24049890786663708, 0.24049890786663708, 0.24049890786663708, 0.24049890786663708, 0.24049890786663708, 0.24049890786663708, 0.24049890786663708, 0.24049890786663708, 0.24049890786663708, 0.24049890786663708, 0.24049890786663708, 0.24049890786663708, 0.24049890786663708, 0.24049890786663708, 0.24049890786663708]",False,383.80820059997495,"{'C': 99.24936484953878, 'map_reps': 3, 'scale': 0.2542273258514852, 'entanglement': 'linear'}",0.6172566371681416,0.1865284974093264,0.6923076923076923,0.2938775510204082,0.6499038461538462,0.1933952942472308,0.7005528846153847,486,314,32,72,ok,4.021082299994305,1,Bank Marketing
3,QSVC,quantum,LDA,random,1200,904,0.2760567787449507,96,"[0.25223990776196864, 0.26746326650788493, 0.26746326650788493, 0.26746326650788493, 0.26746326650788493, 0.26746326650788493, 0.26746326650788493, 0.26746326650788493, 0.26746326650788493, 0.26746326650788493, 0.26746326650788493, 0.26746326650788493, 0.26746326650788493, 0.268154136884787, 0.268154136884787, 0.268154136884787, 0.268154136884787, 0.268154136884787, 0.268154136884787, 0.268154136884787, 0.268154136884787, 0.268154136884787, 0.270604455479454, 0.270604455479454, 0.270604455479454, 0.270604455479454, 0.270604455479454, 0.270604455479454, 0.270604455479454, 0.270604455479454, 0.270604455479454, 0.270604455479454, 0.270604455479454, 0.270604455479454, 0.270604455479454, 0.270604455479454, 0.270604455479454, 0.270604455479454, 0.270604455479454, 0.270604455479454, 0.270604455479454, 0.270604455479454, 0.270604455479454, 0.270604455479454, 0.270604455479454, 0.270604455479454, 0.270604455479454, 0.270604455479454, 0.270604455479454, 0.270604455479454, 0.27605677874495077, 0.27605677874495077, 0.27605677874495077, 0.27605677874495077, 0.27605677874495077, 0.27605677874495077, 0.27605677874495077, 0.27605677874495077, 0.27605677874495077, 0.27605677874495077, 0.27605677874495077, 0.27605677874495077, 0.27605677874495077, 0.27605677874495077, 0.27605677874495077, 0.27605677874495077, 0.27605677874495077, 0.27605677874495077, 0.27605677874495077, 0.27605677874495077, 0.27605677874495077, 0.27605677874495077, 0.27605677874495077, 0.27605677874495077, 0.27605677874495077, 0.27605677874495077, 0.27605677874495077, 0.27605677874495077, 0.27605677874495077, 0.27605677874495077, 0.27605677874495077, 0.27605677874495077, 0.27605677874495077, 0.27605677874495077, 0.27605677874495077, 0.27605677874495077, 0.27605677874495077, 0.27605677874495077, 0.27605677874495077, 0.27605677874495077, 0.27605677874495077, 0.27605677874495077, 0.27605677874495077, 0.27605677874495077, 0.27605677874495077, 0.27605677874495077]",False,386.37600839999504,"{'C': 0.25157136532664537, 'map_reps': 3, 'scale': 0.2733549982284752, 'entanglement': 'linear'}",0.6006637168141593,0.1679586563307493,0.625,0.2647657841140529,0.6112500000000001,0.1434798534464115,0.67984375,478,322,39,65,ok,3.77817689999938,1,Bank Marketing
4,QSVC,quantum,LDA,random,1200,904,0.2860609234529108,96,"[0.2602682184293105, 0.2602682184293105, 0.2755217905875801, 0.2755217905875801, 0.2755217905875801, 0.2755217905875801, 0.2755217905875801, 0.2755217905875801, 0.2755217905875801, 0.2755217905875801, 0.2755217905875801, 0.2755217905875801, 0.2755217905875801, 0.2755217905875801, 0.2755217905875801, 0.2755217905875801, 0.2755217905875801, 0.2755217905875801, 0.2755217905875801, 0.2755217905875801, 0.2755217905875801, 0.2755217905875801, 0.2755217905875801, 0.2755217905875801, 0.2755217905875801, 0.27580588982146265, 0.27580588982146265, 0.27580588982146265, 0.27580588982146265, 0.27580588982146265, 0.27580588982146265, 0.27580588982146265, 0.27580588982146265, 0.27580588982146265, 0.27580588982146265, 0.27580588982146265, 0.27580588982146265, 0.27580588982146265, 0.27580588982146265, 0.27580588982146265, 0.27580588982146265, 0.27580588982146265, 0.27580588982146265, 0.27580588982146265, 0.27580588982146265, 0.27580588982146265, 0.27580588982146265, 0.27580588982146265, 0.27580588982146265, 0.27580588982146265, 0.27580588982146265, 0.27580588982146265, 0.27580588982146265, 0.27580588982146265, 0.27580588982146265, 0.27580588982146265, 0.27580588982146265, 0.27580588982146265, 0.27580588982146265, 0.27580588982146265, 0.27580588982146265, 0.27580588982146265, 0.27580588982146265, 0.27580588982146265, 0.27580588982146265, 0.27580588982146265, 0.27580588982146265, 0.27580588982146265, 0.27580588982146265, 0.27580588982146265, 0.27580588982146265, 0.27580588982146265, 0.27580588982146265, 0.27580588982146265, 0.27580588982146265, 0.27580588982146265, 0.27824463118580767, 0.28606092345291084, 0.28606092345291084, 0.28606092345291084, 0.28606092345291084, 0.28606092345291084, 0.28606092345291084, 0.28606092345291084, 0.28606092345291084, 0.28606092345291084, 0.28606092345291084, 0.28606092345291084, 0.28606092345291084, 0.28606092345291084, 0.28606092345291084, 0.28606092345291084, 0.28606092345291084, 0.28606092345291084, 0.28606092345291084, 0.28606092345291084]",False,390.3170480999979,"{'C': 0.05847273586450209, 'map_reps': 1, 'scale': 0.28982876904895427, 'entanglement': 'full'}",0.8185840707964602,0.265625,0.3269230769230769,0.293103448275862,0.6047115384615385,0.1916683277663656,0.7011658653846154,706,94,70,34,ok,1.7605711999931373,1,Bank Marketing
5,QSVC,quantum,LDA,random,1200,905,0.2952564175107037,96,"[0.18062578696049206, 0.21289579113892065, 0.21289579113892065, 0.21289579113892065, 0.2781161367368264, 0.2781161367368264, 0.2781161367368264, 0.29090346394321515, 0.29090346394321515, 0.29090346394321515, 0.29090346394321515, 0.29090346394321515, 0.29090346394321515, 0.29090346394321515, 0.29090346394321515, 0.29090346394321515, 0.29090346394321515, 0.29090346394321515, 0.29090346394321515, 0.29090346394321515, 0.29090346394321515, 0.29090346394321515, 0.29090346394321515, 0.29090346394321515, 0.29090346394321515, 0.29090346394321515, 0.29090346394321515, 0.29090346394321515, 0.29090346394321515, 0.29090346394321515, 0.29090346394321515, 0.29090346394321515, 0.29090346394321515, 0.29090346394321515, 0.29090346394321515, 0.29090346394321515, 0.29090346394321515, 0.29090346394321515, 0.29090346394321515, 0.29090346394321515, 0.29090346394321515, 0.29090346394321515, 0.29090346394321515, 0.29090346394321515, 0.29090346394321515, 0.29090346394321515, 0.2952564175107037, 0.2952564175107037, 0.2952564175107037, 0.2952564175107037, 0.2952564175107037, 0.2952564175107037, 0.2952564175107037, 0.2952564175107037, 0.2952564175107037, 0.2952564175107037, 0.2952564175107037, 0.2952564175107037, 0.2952564175107037, 0.2952564175107037, 0.2952564175107037, 0.2952564175107037, 0.2952564175107037, 0.2952564175107037, 0.2952564175107037, 0.2952564175107037, 0.2952564175107037, 0.2952564175107037, 0.2952564175107037, 0.2952564175107037, 0.2952564175107037, 0.2952564175107037, 0.2952564175107037, 0.2952564175107037, 0.2952564175107037, 0.2952564175107037, 0.2952564175107037, 0.2952564175107037, 0.2952564175107037, 0.2952564175107037, 0.2952564175107037, 0.2952564175107037, 0.2952564175107037, 0.2952564175107037, 0.2952564175107037, 0.2952564175107037, 0.2952564175107037, 0.2952564175107037, 0.2952564175107037, 0.2952564175107037, 0.2952564175107037, 0.2952564175107037, 0.2952564175107037, 0.2952564175107037, 0.2952564175107037, 0.2952564175107037]",False,374.6437789000338,"{'C': 0.4566045738475274, 'map_reps': 1, 'scale': 0.7207452946047312, 'entanglement': 'full'}",0.6419889502762431,0.1932773109243697,0.6571428571428571,0.2987012987012987,0.6485714285714286,0.1947065451083706,0.6949285714285715,512,288,36,69,ok,3.002377900003921,1,Bank Marketing
6,QSVC,quantum,LDA,random,1200,904,0.2529361918513498,96,"[0.20406732117812063, 0.20406732117812063, 0.20406732117812063, 0.20406732117812063, 0.20848449871678842, 0.20848449871678842, 0.23033516033516035, 0.23033516033516035, 0.23033516033516035, 0.23033516033516035, 0.23033516033516035, 0.23033516033516035, 0.2521695791600576, 0.2521695791600576, 0.2529361918513498, 0.2529361918513498, 0.2529361918513498, 0.2529361918513498, 0.2529361918513498, 0.2529361918513498, 0.2529361918513498, 0.2529361918513498, 0.2529361918513498, 0.2529361918513498, 0.2529361918513498, 0.2529361918513498, 0.2529361918513498, 0.2529361918513498, 0.2529361918513498, 0.2529361918513498, 0.2529361918513498, 0.2529361918513498, 0.2529361918513498, 0.2529361918513498, 0.2529361918513498, 0.2529361918513498, 0.2529361918513498, 0.2529361918513498, 0.2529361918513498, 0.2529361918513498, 0.2529361918513498, 0.2529361918513498, 0.2529361918513498, 0.2529361918513498, 0.2529361918513498, 0.2529361918513498, 0.2529361918513498, 0.2529361918513498, 0.2529361918513498, 0.2529361918513498, 0.2529361918513498, 0.2529361918513498, 0.2529361918513498, 0.2529361918513498, 0.2529361918513498, 0.2529361918513498, 0.2529361918513498, 0.2529361918513498, 0.2529361918513498, 0.2529361918513498, 0.2529361918513498, 0.2529361918513498, 0.2529361918513498, 0.2529361918513498, 0.2529361918513498, 0.2529361918513498, 0.2529361918513498, 0.2529361918513498, 0.2529361918513498, 0.2529361918513498, 0.2529361918513498, 0.2529361918513498, 0.2529361918513498, 0.2529361918513498, 0.2529361918513498, 0.2529361918513498, 0.2529361918513498, 0.2529361918513498, 0.2529361918513498, 0.2529361918513498, 0.2529361918513498, 0.2529361918513498, 0.2529361918513498, 0.2529361918513498, 0.2529361918513498, 0.2529361918513498, 0.2529361918513498, 0.2529361918513498, 0.2529361918513498, 0.2529361918513498, 0.2529361918513498, 0.2529361918513498, 0.2529361918513498, 0.2529361918513498, 0.2529361918513498, 0.2529361918513498]",False,377.9690233999863,"{'C': 2.6631308536350797, 'map_reps': 1, 'scale': 0.2817610464277601, 'entanglement': 'linear'}",0.7212389380530974,0.2016129032258064,0.4807692307692308,0.2840909090909091,0.6166346153846154,0.1668174047002415,0.6620432692307693,602,198,54,50,ok,2.744317000033334,1,Bank Marketing
7,QSVC,quantum,LDA,random,1200,904,0.2676819450726382,96,"[0.2587356465946165, 0.2587356465946165, 0.2587356465946165, 0.2587356465946165, 0.2587356465946165, 0.2587356465946165, 0.2587356465946165, 0.2587356465946165, 0.2634339686785722, 0.2634339686785722, 0.2634339686785722, 0.2634339686785722, 0.2634339686785722, 0.2634339686785722, 0.2634339686785722, 0.2634339686785722, 0.2634339686785722, 0.2634339686785722, 0.2634339686785722, 0.2634339686785722, 0.26383841921690526, 0.2658624123870192, 0.2658624123870192, 0.2658624123870192, 0.2658624123870192, 0.2658624123870192, 0.2658624123870192, 0.2658624123870192, 0.2658624123870192, 0.2658624123870192, 0.2658624123870192, 0.26768194507263826, 0.26768194507263826, 0.26768194507263826, 0.26768194507263826, 0.26768194507263826, 0.26768194507263826, 0.26768194507263826, 0.26768194507263826, 0.26768194507263826, 0.26768194507263826, 0.26768194507263826, 0.26768194507263826, 0.26768194507263826, 0.26768194507263826, 0.26768194507263826, 0.26768194507263826, 0.26768194507263826, 0.26768194507263826, 0.26768194507263826, 0.26768194507263826, 0.26768194507263826, 0.26768194507263826, 0.26768194507263826, 0.26768194507263826, 0.26768194507263826, 0.26768194507263826, 0.26768194507263826, 0.26768194507263826, 0.26768194507263826, 0.26768194507263826, 0.26768194507263826, 0.26768194507263826, 0.26768194507263826, 0.26768194507263826, 0.26768194507263826, 0.26768194507263826, 0.26768194507263826, 0.26768194507263826, 0.26768194507263826, 0.26768194507263826, 0.26768194507263826, 0.26768194507263826, 0.26768194507263826, 0.26768194507263826, 0.26768194507263826, 0.26768194507263826, 0.26768194507263826, 0.26768194507263826, 0.26768194507263826, 0.26768194507263826, 0.26768194507263826, 0.26768194507263826, 0.26768194507263826, 0.26768194507263826, 0.26768194507263826, 0.26768194507263826, 0.26768194507263826, 0.26768194507263826, 0.26768194507263826, 0.26768194507263826, 0.26768194507263826, 0.26768194507263826, 0.26768194507263826, 0.26768194507263826, 0.26768194507263826]",False,370.1817166999681,"{'C': 0.17130833677947183, 'map_reps': 1, 'scale': 0.2603766293182208, 'entanglement': 'circular'}",0.7488938053097345,0.2266666666666666,0.4903846153846153,0.3100303951367781,0.6364423076923077,0.2013791803061844,0.7116165865384616,626,174,53,51,ok,3.231579600018449,1,Bank Marketing
8,QSVC,quantum,LDA,random,1200,904,0.307947830299781,96,"[0.27989486721048906, 0.30024442387079747, 0.307947830299781, 0.307947830299781, 0.307947830299781, 0.307947830299781, 0.307947830299781, 0.307947830299781, 0.307947830299781, 0.307947830299781, 0.307947830299781, 0.307947830299781, 0.307947830299781, 0.307947830299781, 0.307947830299781, 0.307947830299781, 0.307947830299781, 0.307947830299781, 0.307947830299781, 0.307947830299781, 0.307947830299781, 0.307947830299781, 0.307947830299781, 0.307947830299781, 0.307947830299781, 0.307947830299781, 0.307947830299781, 0.307947830299781, 0.307947830299781, 0.307947830299781, 0.307947830299781, 0.307947830299781, 0.307947830299781, 0.307947830299781, 0.307947830299781, 0.307947830299781, 0.307947830299781, 0.307947830299781, 0.307947830299781, 0.307947830299781, 0.307947830299781, 0.307947830299781, 0.307947830299781, 0.307947830299781, 0.307947830299781, 0.307947830299781, 0.307947830299781, 0.307947830299781, 0.307947830299781, 0.307947830299781, 0.307947830299781, 0.307947830299781, 0.307947830299781, 0.307947830299781, 0.307947830299781, 0.307947830299781, 0.307947830299781, 0.307947830299781, 0.307947830299781, 0.307947830299781, 0.307947830299781, 0.307947830299781, 0.307947830299781, 0.307947830299781, 0.307947830299781, 0.307947830299781, 0.307947830299781, 0.307947830299781, 0.307947830299781, 0.307947830299781, 0.307947830299781, 0.307947830299781, 0.307947830299781, 0.307947830299781, 0.307947830299781, 0.307947830299781, 0.307947830299781, 0.307947830299781, 0.307947830299781, 0.307947830299781, 0.307947830299781, 0.307947830299781, 0.307947830299781, 0.307947830299781, 0.307947830299781, 0.307947830299781, 0.307947830299781, 0.307947830299781, 0.307947830299781, 0.307947830299781, 0.307947830299781, 0.307947830299781, 0.307947830299781, 0.307947830299781, 0.307947830299781, 0.307947830299781]",False,370.24600689997897,"{'C': 65.50755992132066, 'map_reps': 3, 'scale': 0.2565562335197401, 'entanglement': 'linear'}",0.7422566371681416,0.2027649769585253,0.4230769230769231,0.2741433021806853,0.6034134615384615,0.154511389743559,0.6427343750000001,627,173,60,44,ok,6.192330299993046,1,Bank Marketing
9,QSVC,quantum,LDA,random,1200,904,0.2937954064714628,96,"[0.20559826238879655, 0.23927476443087348, 0.2937954064714628, 0.2937954064714628, 0.2937954064714628, 0.2937954064714628, 0.2937954064714628, 0.2937954064714628, 0.2937954064714628, 0.2937954064714628, 0.2937954064714628, 0.2937954064714628, 0.2937954064714628, 0.2937954064714628, 0.2937954064714628, 0.2937954064714628, 0.2937954064714628, 0.2937954064714628, 0.2937954064714628, 0.2937954064714628, 0.2937954064714628, 0.2937954064714628, 0.2937954064714628, 0.2937954064714628, 0.2937954064714628, 0.2937954064714628, 0.2937954064714628, 0.2937954064714628, 0.2937954064714628, 0.2937954064714628, 0.2937954064714628, 0.2937954064714628, 0.2937954064714628, 0.2937954064714628, 0.2937954064714628, 0.2937954064714628, 0.2937954064714628, 0.2937954064714628, 0.2937954064714628, 0.2937954064714628, 0.2937954064714628, 0.2937954064714628, 0.2937954064714628, 0.2937954064714628, 0.2937954064714628, 0.2937954064714628, 0.2937954064714628, 0.2937954064714628, 0.2937954064714628, 0.2937954064714628, 0.2937954064714628, 0.2937954064714628, 0.2937954064714628, 0.2937954064714628, 0.2937954064714628, 0.2937954064714628, 0.2937954064714628, 0.2937954064714628, 0.2937954064714628, 0.2937954064714628, 0.2937954064714628, 0.2937954064714628, 0.2937954064714628, 0.2937954064714628, 0.2937954064714628, 0.2937954064714628, 0.2937954064714628, 0.2937954064714628, 0.2937954064714628, 0.2937954064714628, 0.2937954064714628, 0.2937954064714628, 0.2937954064714628, 0.2937954064714628, 0.2937954064714628, 0.2937954064714628, 0.2937954064714628, 0.2937954064714628, 0.2937954064714628, 0.2937954064714628, 0.2937954064714628, 0.2937954064714628, 0.2937954064714628, 0.2937954064714628, 0.2937954064714628, 0.2937954064714628, 0.2937954064714628, 0.2937954064714628, 0.2937954064714628, 0.2937954064714628, 0.2937954064714628, 0.2937954064714628, 0.2937954064714628, 0.2937954064714628, 0.2937954064714628, 0.2937954064714628]",False,378.2083661000361,"{'C': 0.09037278552522825, 'map_reps': 1, 'scale': 0.3529763027526312, 'entanglement': 'full'}",0.6902654867256637,0.1834532374100719,0.4903846153846153,0.2670157068062827,0.6033173076923077,0.142874648440706,0.6636778846153846,573,227,53,51,ok,2.6823511999682523,1,Bank Marketing
10,QSVC,quantum,LDA,random,1200,905,0.2774286645254387,96,"[0.2695173509343896, 0.2695173509343896, 0.2695173509343896, 0.2695173509343896, 0.2695173509343896, 0.2695173509343896, 0.2695173509343896, 0.2695173509343896, 0.2695173509343896, 0.2695173509343896, 0.2695173509343896, 0.2695173509343896, 0.2695173509343896, 0.27259190334183364, 0.27259190334183364, 0.27259190334183364, 0.27259190334183364, 0.27259190334183364, 0.27259190334183364, 0.27259190334183364, 0.27547164355937664, 0.27547164355937664, 0.27547164355937664, 0.27547164355937664, 0.27547164355937664, 0.27547164355937664, 0.27634977207338796, 0.27634977207338796, 0.27634977207338796, 0.27634977207338796, 0.27742866452543874, 0.27742866452543874, 0.27742866452543874, 0.27742866452543874, 0.27742866452543874, 0.27742866452543874, 0.27742866452543874, 0.27742866452543874, 0.27742866452543874, 0.27742866452543874, 0.27742866452543874, 0.27742866452543874, 0.27742866452543874, 0.27742866452543874, 0.27742866452543874, 0.27742866452543874, 0.27742866452543874, 0.27742866452543874, 0.27742866452543874, 0.27742866452543874, 0.27742866452543874, 0.27742866452543874, 0.27742866452543874, 0.27742866452543874, 0.27742866452543874, 0.27742866452543874, 0.27742866452543874, 0.27742866452543874, 0.27742866452543874, 0.27742866452543874, 0.27742866452543874, 0.27742866452543874, 0.27742866452543874, 0.27742866452543874, 0.27742866452543874, 0.27742866452543874, 0.27742866452543874, 0.27742866452543874, 0.27742866452543874, 0.27742866452543874, 0.27742866452543874, 0.27742866452543874, 0.27742866452543874, 0.27742866452543874, 0.27742866452543874, 0.27742866452543874, 0.27742866452543874, 0.27742866452543874, 0.27742866452543874, 0.27742866452543874, 0.27742866452543874, 0.27742866452543874, 0.27742866452543874, 0.27742866452543874, 0.27742866452543874, 0.27742866452543874, 0.27742866452543874, 0.27742866452543874, 0.27742866452543874, 0.27742866452543874, 0.27742866452543874, 0.27742866452543874, 0.27742866452543874, 0.27742866452543874, 0.27742866452543874, 0.27742866452543874]",False,387.9310480999993,"{'C': 86.45911554387911, 'map_reps': 1, 'scale': 0.363426342464761, 'entanglement': 'linear'}",0.6983425414364641,0.1818181818181818,0.4571428571428571,0.2601626016260163,0.5935714285714285,0.1318505423291487,0.6441071428571428,584,216,57,48,ok,2.0013497000327334,1,Bank Marketing
11,QSVC,quantum,LDA,random,1200,904,0.2584925346285303,96,"[0.2187200184337247, 0.2187200184337247, 0.2187200184337247, 0.2187200184337247, 0.2187200184337247, 0.2187200184337247, 0.22141674869663497, 0.22141674869663497, 0.24619914031678736, 0.24619914031678736, 0.24619914031678736, 0.24619914031678736, 0.24619914031678736, 0.24619914031678736, 0.24619914031678736, 0.24619914031678736, 0.24619914031678736, 0.24619914031678736, 0.24619914031678736, 0.24619914031678736, 0.24619914031678736, 0.24619914031678736, 0.24619914031678736, 0.24933088535291717, 0.24933088535291717, 0.24933088535291717, 0.24933088535291717, 0.24933088535291717, 0.24933088535291717, 0.24933088535291717, 0.24933088535291717, 0.24933088535291717, 0.24933088535291717, 0.24933088535291717, 0.24933088535291717, 0.24933088535291717, 0.24933088535291717, 0.24933088535291717, 0.24933088535291717, 0.24933088535291717, 0.24933088535291717, 0.24933088535291717, 0.24933088535291717, 0.24933088535291717, 0.24933088535291717, 0.24933088535291717, 0.24933088535291717, 0.24933088535291717, 0.24933088535291717, 0.24933088535291717, 0.24933088535291717, 0.24933088535291717, 0.24933088535291717, 0.24933088535291717, 0.24933088535291717, 0.24933088535291717, 0.24933088535291717, 0.24933088535291717, 0.25123297132360617, 0.25123297132360617, 0.25123297132360617, 0.25123297132360617, 0.25123297132360617, 0.25123297132360617, 0.25123297132360617, 0.25123297132360617, 0.25123297132360617, 0.25123297132360617, 0.25123297132360617, 0.25123297132360617, 0.25123297132360617, 0.25123297132360617, 0.25123297132360617, 0.25123297132360617, 0.25123297132360617, 0.25123297132360617, 0.25123297132360617, 0.25123297132360617, 0.25123297132360617, 0.25123297132360617, 0.25849253462853033, 0.25849253462853033, 0.25849253462853033, 0.25849253462853033, 0.25849253462853033, 0.25849253462853033, 0.25849253462853033, 0.25849253462853033, 0.25849253462853033, 0.25849253462853033, 0.25849253462853033, 0.25849253462853033, 0.25849253462853033, 0.25849253462853033, 0.25849253462853033, 0.25849253462853033]",False,371.5239240999799,"{'C': 2.3642588923260126, 'map_reps': 1, 'scale': 0.3207393210586971, 'entanglement': 'full'}",0.6438053097345132,0.1775147928994082,0.5769230769230769,0.2714932126696832,0.6147115384615385,0.1512976552127966,0.6234855769230769,522,278,44,60,ok,3.314290100010112,1,Bank Marketing
12,QSVC,quantum,LDA,random,1200,904,0.2594530644358823,96,"[0.15544703148294306, 0.22135589075936002, 0.22135589075936002, 0.22135589075936002, 0.2351648978660276, 0.2351648978660276, 0.2351648978660276, 0.2555535861987475, 0.2555535861987475, 0.2555535861987475, 0.2555535861987475, 0.2555535861987475, 0.2555535861987475, 0.2555535861987475, 0.2555535861987475, 0.2555535861987475, 0.25567226921870323, 0.25567226921870323, 0.25567226921870323, 0.25567226921870323, 0.25567226921870323, 0.25567226921870323, 0.2565510757148388, 0.2565510757148388, 0.2565510757148388, 0.2565510757148388, 0.2565510757148388, 0.2565510757148388, 0.2565510757148388, 0.2565510757148388, 0.2565510757148388, 0.2565510757148388, 0.2565510757148388, 0.2565510757148388, 0.2565510757148388, 0.2565510757148388, 0.2565510757148388, 0.2565510757148388, 0.2594530644358823, 0.2594530644358823, 0.2594530644358823, 0.2594530644358823, 0.2594530644358823, 0.2594530644358823, 0.2594530644358823, 0.2594530644358823, 0.2594530644358823, 0.2594530644358823, 0.2594530644358823, 0.2594530644358823, 0.2594530644358823, 0.2594530644358823, 0.2594530644358823, 0.2594530644358823, 0.2594530644358823, 0.2594530644358823, 0.2594530644358823, 0.2594530644358823, 0.2594530644358823, 0.2594530644358823, 0.2594530644358823, 0.2594530644358823, 0.2594530644358823, 0.2594530644358823, 0.2594530644358823, 0.2594530644358823, 0.2594530644358823, 0.2594530644358823, 0.2594530644358823, 0.2594530644358823, 0.2594530644358823, 0.2594530644358823, 0.2594530644358823, 0.2594530644358823, 0.2594530644358823, 0.2594530644358823, 0.2594530644358823, 0.2594530644358823, 0.2594530644358823, 0.2594530644358823, 0.2594530644358823, 0.2594530644358823, 0.2594530644358823, 0.2594530644358823, 0.2594530644358823, 0.2594530644358823, 0.2594530644358823, 0.2594530644358823, 0.2594530644358823, 0.2594530644358823, 0.2594530644358823, 0.2594530644358823, 0.2594530644358823, 0.2594530644358823, 0.2594530644358823, 0.2594530644358823]",False,377.6068317000172,"{'C': 0.0165520787706043, 'map_reps': 2, 'scale': 0.26404895190046135, 'entanglement': 'linear'}",0.5951327433628318,0.1641025641025641,0.6153846153846154,0.2591093117408907,0.6039423076923077,0.1339276197861214,0.3293329326923077,474,326,40,64,ok,3.780139499984216,1,Bank Marketing
13,QSVC,quantum,LDA,random,1200,904,0.3037558113587189,96,"[0.25324805582647714, 0.25324805582647714, 0.25324805582647714, 0.25324805582647714, 0.25324805582647714, 0.25324805582647714, 0.25324805582647714, 0.25324805582647714, 0.25324805582647714, 0.25324805582647714, 0.3037558113587189, 0.3037558113587189, 0.3037558113587189, 0.3037558113587189, 0.3037558113587189, 0.3037558113587189, 0.3037558113587189, 0.3037558113587189, 0.3037558113587189, 0.3037558113587189, 0.3037558113587189, 0.3037558113587189, 0.3037558113587189, 0.3037558113587189, 0.3037558113587189, 0.3037558113587189, 0.3037558113587189, 0.3037558113587189, 0.3037558113587189, 0.3037558113587189, 0.3037558113587189, 0.3037558113587189, 0.3037558113587189, 0.3037558113587189, 0.3037558113587189, 0.3037558113587189, 0.3037558113587189, 0.3037558113587189, 0.3037558113587189, 0.3037558113587189, 0.3037558113587189, 0.3037558113587189, 0.3037558113587189, 0.3037558113587189, 0.3037558113587189, 0.3037558113587189, 0.3037558113587189, 0.3037558113587189, 0.3037558113587189, 0.3037558113587189, 0.3037558113587189, 0.3037558113587189, 0.3037558113587189, 0.3037558113587189, 0.3037558113587189, 0.3037558113587189, 0.3037558113587189, 0.3037558113587189, 0.3037558113587189, 0.3037558113587189, 0.3037558113587189, 0.3037558113587189, 0.3037558113587189, 0.3037558113587189, 0.3037558113587189, 0.3037558113587189, 0.3037558113587189, 0.3037558113587189, 0.3037558113587189, 0.3037558113587189, 0.3037558113587189, 0.3037558113587189, 0.3037558113587189, 0.3037558113587189, 0.3037558113587189, 0.3037558113587189, 0.3037558113587189, 0.3037558113587189, 0.3037558113587189, 0.3037558113587189, 0.3037558113587189, 0.3037558113587189, 0.3037558113587189, 0.3037558113587189, 0.3037558113587189, 0.3037558113587189, 0.3037558113587189, 0.3037558113587189, 0.3037558113587189, 0.3037558113587189, 0.3037558113587189, 0.3037558113587189, 0.3037558113587189, 0.3037558113587189, 0.3037558113587189, 0.3037558113587189]",False,387.82652050000615,"{'C': 0.25301042574303284, 'map_reps': 2, 'scale': 0.3171619600222779, 'entanglement': 'linear'}",0.709070796460177,0.2150537634408602,0.5769230769230769,0.3133159268929504,0.6515865384615385,0.2094161563749762,0.6910576923076923,581,219,44,60,ok,2.8829215999576263,1,Bank Marketing
14,QSVC,quantum,LDA,random,1200,904,0.2717056226733645,96,"[0.18759988447097334, 0.2377603648567763, 0.2377603648567763, 0.2377603648567763, 0.2377603648567763, 0.2377603648567763, 0.2377603648567763, 0.25982384119125057, 0.25982384119125057, 0.25982384119125057, 0.25982384119125057, 0.25982384119125057, 0.25982384119125057, 0.25982384119125057, 0.25982384119125057, 0.27170562267336457, 0.27170562267336457, 0.27170562267336457, 0.27170562267336457, 0.27170562267336457, 0.27170562267336457, 0.27170562267336457, 0.27170562267336457, 0.27170562267336457, 0.27170562267336457, 0.27170562267336457, 0.27170562267336457, 0.27170562267336457, 0.27170562267336457, 0.27170562267336457, 0.27170562267336457, 0.27170562267336457, 0.27170562267336457, 0.27170562267336457, 0.27170562267336457, 0.27170562267336457, 0.27170562267336457, 0.27170562267336457, 0.27170562267336457, 0.27170562267336457, 0.27170562267336457, 0.27170562267336457, 0.27170562267336457, 0.27170562267336457, 0.27170562267336457, 0.27170562267336457, 0.27170562267336457, 0.27170562267336457, 0.27170562267336457, 0.27170562267336457, 0.27170562267336457, 0.27170562267336457, 0.27170562267336457, 0.27170562267336457, 0.27170562267336457, 0.27170562267336457, 0.27170562267336457, 0.27170562267336457, 0.27170562267336457, 0.27170562267336457, 0.27170562267336457, 0.27170562267336457, 0.27170562267336457, 0.27170562267336457, 0.27170562267336457, 0.27170562267336457, 0.27170562267336457, 0.27170562267336457, 0.27170562267336457, 0.27170562267336457, 0.27170562267336457, 0.27170562267336457, 0.27170562267336457, 0.27170562267336457, 0.27170562267336457, 0.27170562267336457, 0.27170562267336457, 0.27170562267336457, 0.27170562267336457, 0.27170562267336457, 0.27170562267336457, 0.27170562267336457, 0.27170562267336457, 0.27170562267336457, 0.27170562267336457, 0.27170562267336457, 0.27170562267336457, 0.27170562267336457, 0.27170562267336457, 0.27170562267336457, 0.27170562267336457, 0.27170562267336457, 0.27170562267336457, 0.27170562267336457, 0.27170562267336457, 0.27170562267336457]",False,381.503232600051,"{'C': 0.06813919178892923, 'map_reps': 1, 'scale': 0.39441447332216406, 'entanglement': 'circular'}",0.6415929203539823,0.1857142857142857,0.625,0.2863436123348017,0.634375,0.1760440014854226,0.6973798076923077,515,285,39,65,ok,2.2838737999554724,1,Bank Marketing
