fold,model,family,reduction,optimizer,n_train,n_test,search_time_s,best_params,accuracy,precision,recall,f1,balanced_accuracy,mcc,roc_auc,tn,fp,fn,tp,status,fit_time_s,n_reduced_features,dataset,inner_f1,n_evaluations,convergence,stopped_early
0,LogReg,classical,PCA,default,1200,905,3.00002284348011e-07,{},0.6265193370165746,0.1859838274932614,0.6571428571428571,0.2899159663865546,0.6398214285714285,0.1820898719169927,0.6645595238095239,498,302,36,69,ok,0.0690272999927401,4,Bank Marketing,,,,
1,LogReg,classical,PCA,default,1200,904,3.00002284348011e-07,{},0.6117256637168141,0.1724137931034483,0.625,0.2702702702702703,0.6174999999999999,0.152073500448642,0.6846995192307692,488,312,39,65,ok,0.0766313000349327,4,Bank Marketing,,,,
2,LogReg,classical,PCA,default,1200,904,4.00003045797348e-07,{},0.6570796460176991,0.1897590361445783,0.6057692307692307,0.2889908256880734,0.6347596153846153,0.1783956931420337,0.6985937500000001,531,269,41,63,ok,0.0765485999872908,4,Bank Marketing,,,,
3,LogReg,classical,PCA,default,1200,904,3.00002284348011e-07,{},0.6382743362831859,0.1911357340720221,0.6634615384615384,0.2967741935483871,0.6492307692307693,0.1944448838593794,0.6926442307692308,508,292,35,69,ok,0.0491525999968871,4,Bank Marketing,,,,
4,LogReg,classical,PCA,default,1200,904,5.00003807246685e-07,{},0.5763274336283186,0.1748251748251748,0.7211538461538461,0.2814258911819887,0.6393269230769231,0.1780538029986051,0.7200000000000001,446,354,29,75,ok,0.0825651999912224,4,Bank Marketing,,,,
5,LogReg,classical,PCA,default,1200,905,3.00002284348011e-07,{},0.6320441988950276,0.1742857142857143,0.580952380952381,0.2681318681318681,0.6098511904761905,0.144475395748589,0.67725,511,289,44,61,ok,0.0478443999891169,4,Bank Marketing,,,,
6,LogReg,classical,PCA,default,1200,904,6.00004568696022e-07,{},0.6825221238938053,0.1960132890365448,0.5673076923076923,0.291358024691358,0.6324038461538461,0.1792876422086712,0.6780168269230769,558,242,45,59,ok,0.0716515000094659,4,Bank Marketing,,,,
7,LogReg,classical,PCA,default,1200,904,3.00002284348011e-07,{},0.5973451327433629,0.1766169154228855,0.6826923076923077,0.2806324110671936,0.6344711538461538,0.1726855130034823,0.6959615384615384,469,331,33,71,ok,0.0592374000116251,4,Bank Marketing,,,,
8,LogReg,classical,PCA,default,1200,904,2.00001522898674e-07,{},0.6736725663716814,0.2043343653250774,0.6346153846153846,0.3091334894613583,0.6566826923076923,0.2086523867651822,0.6821514423076923,543,257,38,66,ok,0.0481181999784894,4,Bank Marketing,,,,
9,LogReg,classical,PCA,default,1200,904,4.00003045797348e-07,{},0.6283185840707964,0.1795580110497237,0.625,0.278969957081545,0.6268750000000001,0.1652394670356601,0.6999519230769231,503,297,39,65,ok,0.0580556000350043,4,Bank Marketing,,,,
10,LogReg,classical,PCA,default,1200,905,3.00002284348011e-07,{},0.6386740331491713,0.2016129032258064,0.7142857142857143,0.3144654088050314,0.6715178571428572,0.2232769579407146,0.7296547619047619,503,297,30,75,ok,0.0559891000157222,4,Bank Marketing,,,,
11,LogReg,classical,PCA,default,1200,904,3.00002284348011e-07,{},0.6073008849557522,0.1790281329923273,0.6730769230769231,0.2828282828282828,0.6359134615384616,0.1750681212337718,0.7255769230769231,479,321,34,70,ok,0.0579316000221297,4,Bank Marketing,,,,
12,LogReg,classical,PCA,default,1200,904,4.00003045797348e-07,{},0.540929203539823,0.1521252796420581,0.6538461538461539,0.2468239564428312,0.5900480769230769,0.1149355132745525,0.6376322115384616,421,379,36,68,ok,0.060365899989847,4,Bank Marketing,,,,
13,LogReg,classical,PCA,default,1200,904,2.00001522898674e-07,{},0.5707964601769911,0.1666666666666666,0.6826923076923077,0.2679245283018868,0.6194711538461539,0.1527340855554594,0.6711177884615385,445,355,33,71,ok,0.0390101000084541,4,Bank Marketing,,,,
14,LogReg,classical,PCA,default,1200,904,1.00000761449337e-07,{},0.6272123893805309,0.1876675603217158,0.6730769230769231,0.2935010482180293,0.6471634615384616,0.1907611698068261,0.6977764423076924,497,303,34,70,ok,0.032687300001271,4,Bank Marketing,,,,
0,SVC,classical,PCA,default,1200,905,2.00001522898674e-07,{},0.7104972375690608,0.2037735849056604,0.5142857142857142,0.2918918918918919,0.6252678571428572,0.1763178831393951,0.6581964285714287,589,211,51,54,ok,0.0718306999769993,4,Bank Marketing,,,,
1,SVC,classical,PCA,default,1200,904,2.00001522898674e-07,{},0.7765486725663717,0.2183908045977011,0.3653846153846153,0.2733812949640288,0.5976923076923076,0.1581306198300152,0.6364783653846153,664,136,66,38,ok,0.0781787000014446,4,Bank Marketing,,,,
2,SVC,classical,PCA,default,1200,904,1.00000761449337e-07,{},0.6272123893805309,0.1842818428184282,0.6538461538461539,0.2875264270613107,0.638798076923077,0.1802125506963008,0.6541646634615385,499,301,36,68,ok,0.0795478000072762,4,Bank Marketing,,,,
3,SVC,classical,PCA,default,1200,904,4.00003045797348e-07,{},0.540929203539823,0.1567328918322295,0.6826923076923077,0.2549371633752244,0.6025961538461538,0.1309439287320528,0.6484074519230769,418,382,33,71,ok,0.0876850000349804,4,Bank Marketing,,,,
4,SVC,classical,PCA,default,1200,904,1.9994331523776054e-07,{},0.7234513274336283,0.1853448275862069,0.4134615384615384,0.2559523809523809,0.5886057692307692,0.1294568484272322,0.653155048076923,611,189,61,43,ok,0.0879507000208832,4,Bank Marketing,,,,
5,SVC,classical,PCA,default,1200,905,2.00001522898674e-07,{},0.7613259668508288,0.2344497607655502,0.4666666666666667,0.3121019108280254,0.6333333333333333,0.2026425362721971,0.6919761904761904,640,160,56,49,ok,0.0962406999897211,4,Bank Marketing,,,,
6,SVC,classical,PCA,default,1200,904,3.00002284348011e-07,{},0.6946902654867256,0.2013888888888889,0.5576923076923077,0.2959183673469387,0.6350961538461539,0.1850325115507551,0.6773677884615386,570,230,46,58,ok,0.1047524000168778,4,Bank Marketing,,,,
7,SVC,classical,PCA,default,1200,904,4.00003045797348e-07,{},0.6537610619469026,0.1661341853035143,0.5,0.2494004796163069,0.586875,0.1165253905478977,0.6274158653846152,539,261,52,52,ok,0.0842677999753505,4,Bank Marketing,,,,
8,SVC,classical,PCA,default,1200,904,5.00003807246685e-07,{},0.6482300884955752,0.1907514450867052,0.6346153846153846,0.2933333333333333,0.6423076923076922,0.1868378607357263,0.7101802884615385,520,280,38,66,ok,0.1167571999831125,4,Bank Marketing,,,,
9,SVC,classical,PCA,default,1200,904,4.00003045797348e-07,{},0.7356194690265486,0.2127659574468085,0.4807692307692308,0.2949852507374631,0.6247596153846154,0.1815175813074093,0.6988461538461539,615,185,54,50,ok,0.1009098999784328,4,Bank Marketing,,,,
10,SVC,classical,PCA,default,1200,905,5.00003807246685e-07,{},0.5966850828729282,0.1875,0.7428571428571429,0.2994241842610364,0.6601785714285715,0.2058604699426607,0.720422619047619,462,338,27,78,ok,0.1026963000185787,4,Bank Marketing,,,,
11,SVC,classical,PCA,default,1200,904,4.00003045797348e-07,{},0.7046460176991151,0.2057761732851985,0.5480769230769231,0.2992125984251969,0.6365384615384615,0.1890048762520929,0.6605408653846154,580,220,47,57,ok,0.0968152999994345,4,Bank Marketing,,,,
12,SVC,classical,PCA,default,1200,904,5.00003807246685e-07,{},0.6969026548672567,0.2027972027972027,0.5576923076923077,0.2974358974358974,0.6363461538461539,0.1870928954783664,0.6626201923076922,572,228,46,58,ok,0.0859085000120103,4,Bank Marketing,,,,
13,SVC,classical,PCA,default,1200,904,5.00003807246685e-07,{},0.6128318584070797,0.1711229946524064,0.6153846153846154,0.2677824267782426,0.6139423076923077,0.1476396251785919,0.6607692307692308,490,310,40,64,ok,0.083061599987559,4,Bank Marketing,,,,
14,SVC,classical,PCA,default,1200,904,1.200009137392044e-06,{},0.7079646017699115,0.1992481203007518,0.5096153846153846,0.2864864864864865,0.6216826923076924,0.1703998904914506,0.6863701923076924,587,213,51,53,ok,0.0847297000000253,4,Bank Marketing,,,,
0,DecisionTree,classical,PCA,default,1200,905,2.00001522898674e-07,{},0.6209944751381216,0.1675977653631284,0.5714285714285714,0.2591792656587473,0.5994642857142857,0.1302871638824049,0.5994642857142857,502,298,45,60,ok,0.0490789000177755,4,Bank Marketing,,,,
1,DecisionTree,classical,PCA,default,1200,904,2.00001522898674e-07,{},0.5387168141592921,0.1418764302059496,0.5961538461538461,0.2292051756007393,0.5637019230769231,0.0813476559848002,0.5637019230769231,425,375,42,62,ok,0.0476555000059306,4,Bank Marketing,,,,
2,DecisionTree,classical,PCA,default,1200,904,2.00001522898674e-07,{},0.5730088495575221,0.1475,0.5673076923076923,0.2341269841269841,0.5705288461538461,0.0906177289618196,0.5705288461538461,459,341,45,59,ok,0.0435772000346332,4,Bank Marketing,,,,
3,DecisionTree,classical,PCA,default,1200,904,2.00001522898674e-07,{},0.5851769911504425,0.1552162849872773,0.5865384615384616,0.2454728370221328,0.5857692307692308,0.1104120436980496,0.5857692307692308,468,332,43,61,ok,0.040913000004366,4,Bank Marketing,,,,
4,DecisionTree,classical,PCA,default,1200,904,2.00001522898674e-07,{},0.5376106194690266,0.1447963800904977,0.6153846153846154,0.2344322344322344,0.5714423076923076,0.0912042362357855,0.5714423076923077,422,378,40,64,ok,0.0447278999490663,4,Bank Marketing,,,,
5,DecisionTree,classical,PCA,default,1200,905,4.00003045797348e-07,{},0.5823204419889503,0.1417322834645669,0.5142857142857142,0.2222222222222222,0.5527678571428571,0.0684559127691825,0.5527678571428571,473,327,51,54,ok,0.0473986999713815,4,Bank Marketing,,,,
6,DecisionTree,classical,PCA,default,1200,904,2.00001522898674e-07,{},0.577433628318584,0.1472081218274111,0.5576923076923077,0.2329317269076305,0.5688461538461538,0.0886009019223537,0.5688461538461539,464,336,46,58,ok,0.0516476000193506,4,Bank Marketing,,,,
7,DecisionTree,classical,PCA,default,1200,904,2.00001522898674e-07,{},0.5497787610619469,0.1468531468531468,0.6057692307692307,0.2363977485928705,0.5741346153846154,0.0947408434174772,0.5741346153846154,434,366,41,63,ok,0.0411138000199571,4,Bank Marketing,,,,
8,DecisionTree,classical,PCA,default,1200,904,4.00003045797348e-07,{},0.5730088495575221,0.1421319796954314,0.5384615384615384,0.2248995983935743,0.5579807692307692,0.0746177986860046,0.5579807692307692,462,338,48,56,ok,0.0415914999903179,4,Bank Marketing,,,,
9,DecisionTree,classical,PCA,default,1200,904,1.00000761449337e-07,{},0.4900442477876106,0.1334702258726899,0.625,0.2199661590524534,0.54875,0.0624070668002915,0.54875,378,422,39,65,ok,0.0413369999732822,4,Bank Marketing,,,,
10,DecisionTree,classical,PCA,default,1200,905,2.00001522898674e-07,{},0.5414364640883977,0.1428571428571428,0.5904761904761905,0.2300556586270872,0.5627380952380953,0.080435108045519,0.5627380952380951,428,372,43,62,ok,0.0410044000018388,4,Bank Marketing,,,,
11,DecisionTree,classical,PCA,default,1200,904,3.00002284348011e-07,{},0.5453539823008849,0.1371158392434988,0.5576923076923077,0.2201138519924098,0.5507211538461538,0.0648691282417028,0.5507211538461538,435,365,46,58,ok,0.0455183999729342,4,Bank Marketing,,,,
12,DecisionTree,classical,PCA,default,1200,904,3.00002284348011e-07,{},0.6073008849557522,0.163538873994638,0.5865384615384616,0.2557651991614256,0.5982692307692308,0.1273818461565346,0.5982692307692308,488,312,43,61,ok,0.0406627999618649,4,Bank Marketing,,,,
13,DecisionTree,classical,PCA,default,1200,904,3.00002284348011e-07,{},0.5497787610619469,0.1331719128329297,0.5288461538461539,0.2127659574468085,0.540673076923077,0.0521054216896274,0.5406730769230769,442,358,49,55,ok,0.0408187999855726,4,Bank Marketing,,,,
14,DecisionTree,classical,PCA,default,1200,904,3.00002284348011e-07,{},0.5674778761061947,0.1439205955334987,0.5576923076923077,0.2287968441814595,0.5632211538461538,0.0811675973694949,0.5632211538461538,455,345,46,58,ok,0.0396701000281609,4,Bank Marketing,,,,
0,RandomForest,classical,PCA,default,1200,905,2.00001522898674e-07,{},0.611049723756906,0.1689008042895442,0.6,0.2635983263598326,0.60625,0.1382573872241713,0.6406666666666666,490,310,42,63,ok,0.6593301999964751,4,Bank Marketing,,,,
1,RandomForest,classical,PCA,default,1200,904,3.00002284348011e-07,{},0.6194690265486725,0.1666666666666666,0.5769230769230769,0.2586206896551724,0.6009615384615384,0.1316124332241658,0.6663100961538462,500,300,44,60,ok,0.5624100000131875,4,Bank Marketing,,,,
2,RandomForest,classical,PCA,default,1200,904,1.00000761449337e-07,{},0.6371681415929203,0.1781609195402299,0.5961538461538461,0.2743362831858407,0.619326923076923,0.1564959429511479,0.6578786057692307,514,286,42,62,ok,0.6270922000403516,4,Bank Marketing,,,,
3,RandomForest,classical,PCA,default,1200,904,2.00001522898674e-07,{},0.6161504424778761,0.1671232876712328,0.5865384615384616,0.2601279317697228,0.6032692307692308,0.1343141555779917,0.6582512019230771,496,304,43,61,ok,0.5958463999559171,4,Bank Marketing,,,,
4,RandomForest,classical,PCA,default,1200,904,3.00002284348011e-07,{},0.6327433628318584,0.1797752808988764,0.6153846153846154,0.2782608695652174,0.6251923076923077,0.1635136546756241,0.6883894230769232,508,292,40,64,ok,0.6373332999646664,4,Bank Marketing,,,,
5,RandomForest,classical,PCA,default,1200,905,2.00001522898674e-07,{},0.6320441988950276,0.1647058823529411,0.5333333333333333,0.251685393258427,0.5891666666666666,0.1179257067964515,0.5948988095238095,516,284,49,56,ok,0.6295952000073157,4,Bank Marketing,,,,
6,RandomForest,classical,PCA,default,1200,904,3.00002284348011e-07,{},0.6349557522123894,0.1929347826086956,0.6826923076923077,0.3008474576271186,0.6557211538461538,0.2022706954547652,0.7083954326923076,503,297,33,71,ok,0.6741713999654166,4,Bank Marketing,,,,
7,RandomForest,classical,PCA,default,1200,904,3.00002284348011e-07,{},0.6161504424778761,0.1596638655462184,0.5480769230769231,0.2472885032537961,0.5865384615384616,0.1129725827837732,0.6246153846153846,500,300,47,57,ok,0.6708276999997906,4,Bank Marketing,,,,
8,RandomForest,classical,PCA,default,1200,904,3.00002284348011e-07,{},0.6006637168141593,0.1644908616187989,0.6057692307692307,0.2587268993839836,0.6028846153846154,0.1328690557232376,0.6321874999999999,480,320,41,63,ok,0.6414293000125326,4,Bank Marketing,,,,
9,RandomForest,classical,PCA,default,1200,904,3.00002284348011e-07,{},0.6714601769911505,0.1897106109324758,0.5673076923076923,0.2843373493975903,0.6261538461538462,0.1694667939506931,0.6676021634615386,548,252,45,59,ok,0.6370271000196226,4,Bank Marketing,,,,
10,RandomForest,classical,PCA,default,1200,905,2.00001522898674e-07,{},0.5723756906077349,0.1736111111111111,0.7142857142857143,0.2793296089385474,0.6340178571428572,0.1718540868377131,0.6771071428571429,443,357,30,75,ok,0.6259679000359029,4,Bank Marketing,,,,
11,RandomForest,classical,PCA,default,1200,904,5.00003807246685e-07,{},0.5918141592920354,0.1744471744471744,0.6826923076923077,0.2778864970645792,0.6313461538461538,0.1684742842095566,0.7018810096153847,464,336,33,71,ok,0.6688739999663085,4,Bank Marketing,,,,
12,RandomForest,classical,PCA,default,1200,904,4.00003045797348e-07,{},0.6183628318584071,0.1680440771349862,0.5865384615384616,0.2612419700214132,0.6045192307692309,0.1360617080352907,0.6479627403846153,498,302,43,61,ok,0.6597058000043035,4,Bank Marketing,,,,
13,RandomForest,classical,PCA,default,1200,904,2.00001522898674e-07,{},0.5951327433628318,0.1552631578947368,0.5673076923076923,0.2438016528925619,0.5830288461538462,0.1073404025402008,0.6099338942307693,479,321,45,59,ok,0.633398899983149,4,Bank Marketing,,,,
14,RandomForest,classical,PCA,default,1200,904,4.00003045797348e-07,{},0.6139380530973452,0.1784776902887139,0.6538461538461539,0.2804123711340206,0.6312980769230769,0.1696823583781423,0.6495192307692307,487,313,36,68,ok,0.6305549999815412,4,Bank Marketing,,,,
0,MLP,classical,PCA,default,1200,905,2.00001522898674e-07,{},0.6718232044198895,0.1981132075471698,0.6,0.2978723404255319,0.640625,0.1886685725100107,0.6702738095238095,545,255,42,63,ok,0.3832531999796629,4,Bank Marketing,,,,
1,MLP,classical,PCA,default,1200,904,3.00002284348011e-07,{},0.6194690265486725,0.1721311475409836,0.6057692307692307,0.2680851063829787,0.6135096153846153,0.1475681492013429,0.6818990384615384,497,303,41,63,ok,0.6428482999908738,4,Bank Marketing,,,,
2,MLP,classical,PCA,default,1200,904,2.00001522898674e-07,{},0.6493362831858407,0.1743119266055046,0.5480769230769231,0.2645011600928074,0.6052884615384615,0.1398333157319592,0.6868990384615385,530,270,47,57,ok,0.6705993000068702,4,Bank Marketing,,,,
3,MLP,classical,PCA,default,1200,904,4.00003045797348e-07,{},0.6548672566371682,0.1867469879518072,0.5961538461538461,0.2844036697247706,0.6293269230769231,0.1712038582062328,0.6861177884615385,530,270,42,62,ok,0.6824990999884903,4,Bank Marketing,,,,
4,MLP,classical,PCA,default,1200,904,4.00003045797348e-07,{},0.5519911504424779,0.1648106904231625,0.7115384615384616,0.267631103074141,0.6213942307692308,0.1549390316925465,0.6875120192307692,425,375,30,74,ok,0.7005469999858178,4,Bank Marketing,,,,
5,MLP,classical,PCA,default,1200,905,4.00003045797348e-07,{},0.63646408839779,0.1818181818181818,0.6095238095238096,0.2800875273522976,0.6247619047619049,0.1639146376110508,0.6706904761904762,512,288,41,64,ok,0.6841737999930046,4,Bank Marketing,,,,
6,MLP,classical,PCA,default,1200,904,2.00001522898674e-07,{},0.584070796460177,0.1666666666666666,0.6538461538461539,0.265625,0.614423076923077,0.1467352178319571,0.6216947115384616,460,340,36,68,ok,0.6366939999861643,4,Bank Marketing,,,,
7,MLP,classical,PCA,default,1200,904,3.00002284348011e-07,{},0.6161504424778761,0.1908396946564885,0.7211538461538461,0.3018108651911468,0.6618269230769231,0.2083222752733381,0.7172836538461538,482,318,29,75,ok,0.648053599987179,4,Bank Marketing,,,,
8,MLP,classical,PCA,default,1200,904,3.00002284348011e-07,{},0.6570796460176991,0.1916167664670658,0.6153846153846154,0.2922374429223744,0.6389423076923078,0.1837026855740318,0.6759495192307692,530,270,40,64,ok,0.6534116999828257,4,Bank Marketing,,,,
9,MLP,classical,PCA,default,1200,904,4.00003045797348e-07,{},0.620575221238938,0.1761517615176151,0.625,0.2748414376321353,0.6225,0.1590514649027275,0.6647956730769231,496,304,39,65,ok,0.6413716999813914,4,Bank Marketing,,,,
10,MLP,classical,PCA,default,1200,905,4.999455995857716e-07,{},0.6066298342541436,0.1580381471389645,0.5523809523809524,0.2457627118644068,0.5830654761904762,0.108359259331023,0.6528333333333334,491,309,47,58,ok,0.6585110000451095,4,Bank Marketing,,,,
11,MLP,classical,PCA,default,1200,904,4.00003045797348e-07,{},0.6194690265486725,0.1842105263157894,0.6730769230769231,0.2892561983471074,0.6427884615384616,0.1845981444958867,0.6845192307692307,490,310,34,70,ok,0.6669657999882475,4,Bank Marketing,,,,
12,MLP,classical,PCA,default,1200,904,2.999440766870976e-07,{},0.6703539823008849,0.1891025641025641,0.5673076923076923,0.2836538461538461,0.6255288461538462,0.168498890400367,0.6866706730769231,547,253,45,59,ok,0.6821069999714382,4,Bank Marketing,,,,
13,MLP,classical,PCA,default,1200,904,3.00002284348011e-07,{},0.7057522123893806,0.2244897959183673,0.6346153846153846,0.3316582914572864,0.6748076923076922,0.2381297278808655,0.7202163461538462,572,228,38,66,ok,0.6644970000488684,4,Bank Marketing,,,,
14,MLP,classical,PCA,default,1200,904,4.00003045797348e-07,{},0.6471238938053098,0.1791044776119403,0.5769230769230769,0.2733485193621868,0.6165865384615384,0.1540499387821644,0.6556370192307692,525,275,44,60,ok,0.6598270999966189,4,Bank Marketing,,,,
0,XGBoost,classical,PCA,default,1200,905,3.00002284348011e-07,{},0.5922651933701657,0.1683417085427135,0.638095238095238,0.2664015904572565,0.6121726190476191,0.144747470498443,0.6445000000000001,469,331,38,67,ok,0.5361218000180088,4,Bank Marketing,,,,
1,XGBoost,classical,PCA,default,1200,904,3.00002284348011e-07,{},0.584070796460177,0.1666666666666666,0.6538461538461539,0.265625,0.614423076923077,0.1467352178319571,0.6666406249999999,460,340,36,68,ok,0.5331877999706194,4,Bank Marketing,,,,
2,XGBoost,classical,PCA,default,1200,904,4.00003045797348e-07,{},0.581858407079646,0.1592039800995024,0.6153846153846154,0.2529644268774703,0.5964423076923078,0.1238495313139026,0.669735576923077,462,338,40,64,ok,0.5409191999933682,4,Bank Marketing,,,,
3,XGBoost,classical,PCA,default,1200,904,2.00001522898674e-07,{},0.547566371681416,0.1177944862155388,0.4519230769230769,0.1868787276341948,0.5059615384615385,0.0076615717329963,0.5564723557692308,448,352,57,47,ok,0.7722851000144146,4,Bank Marketing,,,,
4,XGBoost,classical,PCA,default,1200,904,2.00001522898674e-07,{},0.588495575221239,0.1616161616161616,0.6153846153846154,0.256,0.6001923076923077,0.1288684453750235,0.6326622596153846,468,332,40,64,ok,0.6376821000012569,4,Bank Marketing,,,,
5,XGBoost,classical,PCA,default,1200,905,3.00002284348011e-07,{},0.5911602209944752,0.1558441558441558,0.5714285714285714,0.2448979591836734,0.5825892857142857,0.1069944651712408,0.6092678571428571,475,325,45,60,ok,0.6636680000228807,4,Bank Marketing,,,,
6,XGBoost,classical,PCA,default,1200,904,1.9994331523776054e-07,{},0.5741150442477876,0.1598062953995157,0.6346153846153846,0.2553191489361702,0.6004326923076924,0.1286622055669405,0.6320793269230769,453,347,38,66,ok,0.6507644000230357,4,Bank Marketing,,,,
7,XGBoost,classical,PCA,default,1200,904,3.00002284348011e-07,{},0.5785398230088495,0.1421188630490956,0.5288461538461539,0.2240325865580448,0.5569230769230769,0.0734140650304888,0.5996874999999999,468,332,49,55,ok,0.6909538999898359,4,Bank Marketing,,,,
8,XGBoost,classical,PCA,default,1200,904,1.00000761449337e-07,{},0.6028761061946902,0.1581769436997319,0.5673076923076923,0.2473794549266247,0.5874038461538462,0.1132975520120254,0.600498798076923,486,314,45,59,ok,0.7400943000102416,4,Bank Marketing,,,,
9,XGBoost,classical,PCA,default,1200,904,3.00002284348011e-07,{},0.5851769911504425,0.170316301703163,0.6730769230769231,0.2718446601941747,0.6234134615384616,0.1581647946925437,0.660282451923077,459,341,34,70,ok,0.7378457000013441,4,Bank Marketing,,,,
10,XGBoost,classical,PCA,default,1200,905,5.00003807246685e-07,{},0.611049723756906,0.1578947368421052,0.5428571428571428,0.2446351931330472,0.5814285714285714,0.1065107403745089,0.5872321428571429,496,304,48,57,ok,0.8137791999615729,4,Bank Marketing,,,,
11,XGBoost,classical,PCA,default,1200,904,2.00001522898674e-07,{},0.6194690265486725,0.1571428571428571,0.5288461538461539,0.2422907488986784,0.5800480769230769,0.1048705769134986,0.6099699519230769,505,295,49,55,ok,0.8041061999974772,4,Bank Marketing,,,,
12,XGBoost,classical,PCA,default,1200,904,3.00002284348011e-07,{},0.5464601769911505,0.1522727272727272,0.6442307692307693,0.2463235294117647,0.5889903846153846,0.1136185948852097,0.6281790865384616,427,373,37,67,ok,0.7952565000159666,4,Bank Marketing,,,,
13,XGBoost,classical,PCA,default,1200,904,2.00001522898674e-07,{},0.6183628318584071,0.1734417344173441,0.6153846153846154,0.2706131078224101,0.6170673076923077,0.1519977696382031,0.6528004807692307,495,305,40,64,ok,0.7892456000554375,4,Bank Marketing,,,,
14,XGBoost,classical,PCA,default,1200,904,3.00002284348011e-07,{},0.5398230088495575,0.1388888888888889,0.5769230769230769,0.2238805970149253,0.5559615384615384,0.0714938082918827,0.568016826923077,428,372,44,60,ok,0.771948900015559,4,Bank Marketing,,,,
0,VQC,quantum,PCA,default,1200,905,1.9994331523776054e-07,{},0.569060773480663,0.1298701298701298,0.4761904761904761,0.2040816326530612,0.528720238095238,0.0372070842847738,0.5022619047619048,465,335,55,50,ok,14.816301500017287,4,Bank Marketing,,,,
1,VQC,quantum,PCA,default,1200,904,1.9994331523776054e-07,{},0.4601769911504424,0.1235294117647058,0.6057692307692307,0.2052117263843648,0.5235096153846154,0.0302554755866138,0.5556971153846154,353,447,41,63,ok,14.93033679999644,4,Bank Marketing,,,,
2,VQC,quantum,PCA,default,1200,904,2.00001522898674e-07,{},0.5265486725663717,0.1142857142857142,0.4615384615384615,0.183206106870229,0.4982692307692308,-0.0022145398443849,0.4946394230769231,428,372,56,48,ok,15.091171099978965,4,Bank Marketing,,,,
3,VQC,quantum,PCA,default,1200,904,1.00000761449337e-07,{},0.5387168141592921,0.1264916467780429,0.5096153846153846,0.2026768642447418,0.5260576923076923,0.0333464594486511,0.5266466346153846,434,366,51,53,ok,14.08618350001052,4,Bank Marketing,,,,
4,VQC,quantum,PCA,default,1200,904,2.00001522898674e-07,{},0.5132743362831859,0.1129032258064516,0.4711538461538461,0.1821561338289963,0.4949519230769231,-0.0064479821894122,0.4745192307692307,415,385,55,49,ok,14.803005399997346,4,Bank Marketing,,,,
5,VQC,quantum,PCA,default,1200,905,2.00001522898674e-07,{},0.4088397790055249,0.1105072463768116,0.580952380952381,0.1856925418569254,0.4836011904761905,-0.0215340178443224,0.4722261904761904,309,491,44,61,ok,15.256143999984488,4,Bank Marketing,,,,
6,VQC,quantum,PCA,default,1200,904,2.00001522898674e-07,{},0.4789823008849557,0.1185031185031185,0.5480769230769231,0.1948717948717948,0.5090384615384616,0.0115596171653461,0.5149879807692308,376,424,47,57,ok,15.037132399971595,4,Bank Marketing,,,,
7,VQC,quantum,PCA,default,1200,904,3.00002284348011e-07,{},0.504424778761062,0.1324786324786324,0.5961538461538461,0.2167832167832167,0.5443269230769231,0.0566099894214039,0.5722836538461539,394,406,42,62,ok,15.04170579998754,4,Bank Marketing,,,,
8,VQC,quantum,PCA,default,1200,904,6.00004568696022e-07,{},0.493362831858407,0.1185344827586206,0.5288461538461539,0.1936619718309859,0.5087980769230769,0.0112329567066414,0.5335456730769231,391,409,49,55,ok,15.171324499999171,4,Bank Marketing,,,,
9,VQC,quantum,PCA,default,1200,904,2.00001522898674e-07,{},0.4867256637168141,0.1186440677966101,0.5384615384615384,0.1944444444444444,0.5092307692307692,0.0117927931203105,0.5206370192307692,384,416,48,56,ok,14.87328030000208,4,Bank Marketing,,,,
10,VQC,quantum,PCA,default,1200,905,4.00003045797348e-07,{},0.6,0.1420612813370473,0.4857142857142857,0.2198275862068965,0.5503571428571429,0.0659306222125561,0.5612380952380952,492,308,54,51,ok,14.446706000017002,4,Bank Marketing,,,,
11,VQC,quantum,PCA,default,1200,904,4.00003045797348e-07,{},0.540929203539823,0.1023017902813299,0.3846153846153846,0.1616161616161616,0.4729326923076923,-0.0348649990288693,0.4719711538461538,449,351,64,40,ok,15.15947369998321,4,Bank Marketing,,,,
12,VQC,quantum,PCA,default,1200,904,4.00003045797348e-07,{},0.461283185840708,0.1222879684418146,0.5961538461538461,0.2029459901800327,0.5199519230769231,0.0256553053208149,0.5166826923076924,355,445,42,62,ok,15.037456799997017,4,Bank Marketing,,,,
13,VQC,quantum,PCA,default,1200,904,4.00003045797348e-07,{},0.4834070796460177,0.1362725450901803,0.6538461538461539,0.2255389718076285,0.557548076923077,0.0738490120715037,0.5571394230769231,369,431,36,68,ok,14.853573300002608,4,Bank Marketing,,,,
14,VQC,quantum,PCA,default,1200,904,4.00003045797348e-07,{},0.5121681415929203,0.1213483146067415,0.5192307692307693,0.1967213114754098,0.5152403846153846,0.0194536562620227,0.5191466346153846,409,391,50,54,ok,15.316871199989691,4,Bank Marketing,,,,
0,QNN,quantum,PCA,default,1200,905,3.00002284348011e-07,{},0.574585635359116,0.1682464454976303,0.6761904761904762,0.269449715370019,0.6187202380952381,0.1524279492649133,0.6839166666666667,449,351,34,71,ok,18.18128560000332,4,Bank Marketing,,,,
1,QNN,quantum,PCA,default,1200,904,1.00000761449337e-07,{},0.6050884955752213,0.178117048346056,0.6730769230769231,0.2816901408450704,0.6346634615384615,0.1733543354250208,0.7172355769230769,477,323,34,70,ok,18.21013140003197,4,Bank Marketing,,,,
2,QNN,quantum,PCA,default,1200,904,2.00001522898674e-07,{},0.6626106194690266,0.1809523809523809,0.5480769230769231,0.2720763723150358,0.6127884615384616,0.1510578876441217,0.6490504807692307,542,258,47,57,ok,18.29718039999716,4,Bank Marketing,,,,
3,QNN,quantum,PCA,default,1200,904,2.00001522898674e-07,{},0.6382743362831859,0.1978319783197832,0.7019230769230769,0.3086680761099366,0.6659615384615385,0.2154810270189228,0.7240745192307693,504,296,31,73,ok,18.07941740000388,4,Bank Marketing,,,,
4,QNN,quantum,PCA,default,1200,904,3.00002284348011e-07,{},0.6814159292035398,0.2088607594936709,0.6346153846153846,0.3142857142857143,0.6610576923076923,0.2155464758165995,0.675,550,250,38,66,ok,18.62378099997295,4,Bank Marketing,,,,
5,QNN,quantum,PCA,default,1200,905,2.00001522898674e-07,{},0.6198895027624309,0.1943734015345268,0.7238095238095238,0.3064516129032258,0.6650297619047618,0.2133840597647626,0.7014642857142858,485,315,29,76,ok,18.16782029997557,4,Bank Marketing,,,,
6,QNN,quantum,PCA,default,1200,904,2.00001522898674e-07,{},0.5575221238938053,0.175438596491228,0.7692307692307693,0.2857142857142857,0.6496153846153847,0.1909617930388613,0.69921875,424,376,24,80,ok,18.491718300036155,4,Bank Marketing,,,,
7,QNN,quantum,PCA,default,1200,904,3.00002284348011e-07,{},0.6592920353982301,0.1890243902439024,0.5961538461538461,0.287037037037037,0.6318269230769231,0.1749635616044261,0.6634374999999999,534,266,42,62,ok,18.45697450003354,4,Bank Marketing,,,,
8,QNN,quantum,PCA,default,1200,904,3.00002284348011e-07,{},0.5862831858407079,0.1590909090909091,0.6057692307692307,0.252,0.5947596153846153,0.1218808569261858,0.6577283653846154,467,333,41,63,ok,18.038166100042872,4,Bank Marketing,,,,
9,QNN,quantum,PCA,default,1200,904,2.00001522898674e-07,{},0.5132743362831859,0.1455696202531645,0.6634615384615384,0.2387543252595155,0.5786057692307692,0.1004436953668604,0.6201322115384614,395,405,35,69,ok,18.041999300010502,4,Bank Marketing,,,,
10,QNN,quantum,PCA,default,1200,905,3.00002284348011e-07,{},0.6696132596685083,0.2024539877300613,0.6285714285714286,0.3062645011600928,0.6517857142857143,0.2025127893317476,0.6899642857142857,540,260,39,66,ok,18.28476459998637,4,Bank Marketing,,,,
11,QNN,quantum,PCA,default,1200,904,4.00003045797348e-07,{},0.6814159292035398,0.2012987012987013,0.5961538461538461,0.3009708737864077,0.6443269230769231,0.1943303011251896,0.6667548076923077,554,246,42,62,ok,18.61902690003626,4,Bank Marketing,,,,
12,QNN,quantum,PCA,default,1200,904,3.00002284348011e-07,{},0.6570796460176991,0.1840490797546012,0.5769230769230769,0.2790697674418604,0.6222115384615384,0.1624168752532664,0.6801682692307692,534,266,44,60,ok,18.370360200002324,4,Bank Marketing,,,,
13,QNN,quantum,PCA,default,1200,904,5.00003807246685e-07,{},0.6349557522123894,0.1895604395604395,0.6634615384615384,0.2948717948717949,0.6473557692307692,0.1917393412555932,0.7134495192307693,505,295,35,69,ok,17.77965719997883,4,Bank Marketing,,,,
14,QNN,quantum,PCA,default,1200,904,2.00001522898674e-07,{},0.6084070796460177,0.1657754010695187,0.5961538461538461,0.2594142259414226,0.6030769230769231,0.133560909866203,0.6520913461538461,488,312,42,62,ok,17.85531680000713,4,Bank Marketing,,,,
0,QSVC,quantum,PCA,default,1200,905,2.00001522898674e-07,{},0.5171270718232044,0.1359649122807017,0.5904761904761905,0.2210338680926916,0.5489880952380952,0.062755905498415,0.4581190476190476,406,394,43,62,ok,53.57700190000469,4,Bank Marketing,,,,
1,QSVC,quantum,PCA,default,1200,904,2.00001522898674e-07,{},0.4900442477876106,0.1144708423326133,0.5096153846153846,0.1869488536155202,0.4985576923076923,-0.0018413645944192,0.4902524038461539,390,410,51,53,ok,54.37439049995737,4,Bank Marketing,,,,
2,QSVC,quantum,PCA,default,1200,904,2.00001522898674e-07,{},0.493362831858407,0.1217948717948717,0.5480769230769231,0.1993006993006993,0.5171634615384616,0.0219194861425609,0.4698197115384616,389,411,47,57,ok,53.64064599998528,4,Bank Marketing,,,,
3,QSVC,quantum,PCA,default,1200,904,1.00000761449337e-07,{},0.5342920353982301,0.1235154394299287,0.5,0.1980952380952381,0.5193749999999999,0.024786702640856,0.4571153846153846,431,369,52,52,ok,53.69006410002476,4,Bank Marketing,,,,
4,QSVC,quantum,PCA,default,1200,904,1.00000761449337e-07,{},0.454646017699115,0.1266794625719769,0.6346153846153846,0.2112,0.5329326923076922,0.0425305155001952,0.5192427884615385,345,455,38,66,ok,53.59607790003065,4,Bank Marketing,,,,
5,QSVC,quantum,PCA,default,1200,905,1.00000761449337e-07,{},0.5193370165745856,0.1397379912663755,0.6095238095238096,0.2273534635879218,0.5585119047619047,0.0749596196476718,0.5571785714285714,406,394,41,64,ok,53.22659299999941,4,Bank Marketing,,,,
6,QSVC,quantum,PCA,default,1200,904,2.00001522898674e-07,{},0.5210176991150443,0.1235697940503432,0.5192307692307693,0.199630314232902,0.5202403846153847,0.025847066543095,0.4992548076923077,417,383,50,54,ok,52.51860340003623,4,Bank Marketing,,,,
7,QSVC,quantum,PCA,default,1200,904,1.00000761449337e-07,{},0.5022123893805309,0.1303418803418803,0.5865384615384616,0.2132867132867132,0.5388942307692308,0.0496718887656353,0.5282091346153847,393,407,43,61,ok,53.36993690003874,4,Bank Marketing,,,,
8,QSVC,quantum,PCA,default,1200,904,4.00003045797348e-07,{},0.4767699115044247,0.1242362525458248,0.5865384615384616,0.2050420168067226,0.5245192307692308,0.0314110698128959,0.5453485576923077,370,430,43,61,ok,53.27010620001238,4,Bank Marketing,,,,
9,QSVC,quantum,PCA,default,1200,904,3.00002284348011e-07,{},0.5121681415929203,0.1360691144708423,0.6057692307692307,0.2222222222222222,0.5528846153846154,0.0675167017953716,0.5581850961538461,400,400,41,63,ok,53.92591849999735,4,Bank Marketing,,,,
10,QSVC,quantum,PCA,default,1200,905,2.00001522898674e-07,{},0.5104972375690607,0.1341991341991342,0.5904761904761905,0.218694885361552,0.5452380952380953,0.0579630324496116,0.4929047619047619,400,400,43,62,ok,53.3590383999981,4,Bank Marketing,,,,
11,QSVC,quantum,PCA,default,1200,904,4.00003045797348e-07,{},0.5066371681415929,0.146694214876033,0.6826923076923077,0.2414965986394557,0.5832211538461538,0.1064824575175099,0.5583052884615385,387,413,33,71,ok,53.74637609999627,4,Bank Marketing,,,,
12,QSVC,quantum,PCA,default,1200,904,3.00002284348011e-07,{},0.5398230088495575,0.1,0.375,0.1578947368421052,0.468125,-0.0410703107854757,0.4805348557692307,449,351,65,39,ok,53.304926899960265,4,Bank Marketing,,,,
13,QSVC,quantum,PCA,default,1200,904,4.00003045797348e-07,{},0.5033185840707964,0.1321961620469083,0.5961538461538461,0.2164048865619546,0.5437019230769231,0.0558163145257421,0.5232752403846154,393,407,42,62,ok,53.87766329996521,4,Bank Marketing,,,,
14,QSVC,quantum,PCA,default,1200,904,4.00003045797348e-07,{},0.5099557522123894,0.1241685144124168,0.5384615384615384,0.2018018018018018,0.5223557692307692,0.0285327679758221,0.5249939903846154,405,395,48,56,ok,53.66955790005159,4,Bank Marketing,,,,
0,QDT,quantum,PCA,default,1200,905,1.00000761449337e-07,{},0.6298342541436464,0.1006944444444444,0.2761904761904762,0.1475826972010178,0.4762202380952381,-0.0326992893826328,0.4758035714285714,541,259,76,29,ok,0.0859981999965384,4,Bank Marketing,,,,
1,QDT,quantum,PCA,default,1200,904,2.00001522898674e-07,{},0.4236725663716814,0.1043643263757115,0.5288461538461539,0.1743264659270998,0.4694230769230769,-0.0395739551085664,0.4833052884615384,328,472,49,55,ok,0.096474899968598,4,Bank Marketing,,,,
2,QDT,quantum,PCA,default,1200,904,2.00001522898674e-07,{},0.6216814159292036,0.128125,0.3942307692307692,0.1933962264150943,0.5227403846153846,0.0303464610604527,0.5406129807692307,521,279,63,41,ok,0.1051819999702274,4,Bank Marketing,,,,
3,QDT,quantum,PCA,default,1200,904,2.00001522898674e-07,{},0.5376106194690266,0.1055276381909547,0.4038461538461538,0.1673306772908366,0.4794230769230769,-0.0264518041432594,0.4767007211538462,444,356,62,42,ok,0.1035060000140219,4,Bank Marketing,,,,
4,QDT,quantum,PCA,default,1200,904,2.00001522898674e-07,{},0.377212389380531,0.1103565365025466,0.625,0.1875901875901875,0.485,-0.0200895400447425,0.4984314903846153,276,524,39,65,ok,0.1000545999850146,4,Bank Marketing,,,,
5,QDT,quantum,PCA,default,1200,905,2.00001522898674e-07,{},0.3215469613259668,0.1149773071104387,0.7238095238095238,0.1984334203655352,0.4962797619047618,-0.0053696345770205,0.4666785714285714,215,585,29,76,ok,0.0945076000061817,4,Bank Marketing,,,,
6,QDT,quantum,PCA,default,1200,904,2.00001522898674e-07,{},0.4634955752212389,0.1120162932790224,0.5288461538461539,0.1848739495798319,0.4919230769230769,-0.0103471759383657,0.4870733173076923,364,436,49,55,ok,0.1120756000163964,4,Bank Marketing,,,,
7,QDT,quantum,PCA,default,1200,904,2.00001522898674e-07,{},0.7610619469026548,0.141025641025641,0.2115384615384615,0.1692307692307692,0.5220192307692307,0.0371861060695582,0.523155048076923,666,134,82,22,ok,0.1115254000178538,4,Bank Marketing,,,,
8,QDT,quantum,PCA,default,1200,904,2.00001522898674e-07,{},0.8119469026548672,0.1071428571428571,0.0865384615384615,0.0957446808510638,0.4963942307692308,-0.007925798337183,0.493858173076923,725,75,95,9,ok,0.0949304000241682,4,Bank Marketing,,,,
9,QDT,quantum,PCA,default,1200,904,3.00002284348011e-07,{},0.6028761061946902,0.102803738317757,0.3173076923076923,0.1552941176470588,0.4786538461538461,-0.0284658725381016,0.4945132211538461,512,288,71,33,ok,0.1121701000374741,4,Bank Marketing,,,,
10,QDT,quantum,PCA,default,1200,905,3.00002284348011e-07,{},0.6839779005524862,0.1336032388663967,0.3142857142857143,0.1875,0.5233928571428572,0.0336350040186596,0.5233809523809524,586,214,72,33,ok,0.1181539999670349,4,Bank Marketing,,,,
11,QDT,quantum,PCA,default,1200,904,3.00002284348011e-07,{},0.2820796460176991,0.1251719394773039,0.875,0.2190132370637786,0.54,0.0643276685687819,0.5390685096153846,164,636,13,91,ok,0.0938546999823302,4,Bank Marketing,,,,
12,QDT,quantum,PCA,default,1200,904,4.00003045797348e-07,{},0.6792035398230089,0.125,0.2980769230769231,0.1761363636363636,0.5134134615384616,0.0191846891637952,0.5350360576923077,583,217,73,31,ok,0.1019161999574862,4,Bank Marketing,,,,
13,QDT,quantum,PCA,default,1200,904,5.00003807246685e-07,{},0.2743362831858407,0.1208791208791208,0.8461538461538461,0.2115384615384615,0.5230769230769231,0.0371918291088637,0.5119230769230769,160,640,16,88,ok,0.0967026999569498,4,Bank Marketing,,,,
14,QDT,quantum,PCA,default,1200,904,4.00003045797348e-07,{},0.5254424778761062,0.1158392434988179,0.4711538461538461,0.1859582542694497,0.501826923076923,0.0023365183632082,0.5176322115384615,426,374,55,49,ok,0.0990894999704323,4,Bank Marketing,,,,
0,LogReg,classical,PCA,gwo,1200,905,4.982671700010542,{'C': 0.002037873035909885},0.625414364640884,0.180327868852459,0.6285714285714286,0.2802547770700637,0.6267857142857143,0.165464577654815,0.67625,500,300,39,66,ok,0.03592789999675,4,Bank Marketing,0.2625535239881231,54.0,"[0.26212643118938733, 0.26212643118938733, 0.26255352398812315, 0.26255352398812315, 0.26255352398812315, 0.26255352398812315, 0.26255352398812315]",True
1,LogReg,classical,PCA,gwo,1200,904,4.576735699956771,{'C': 0.11756148585479032},0.6106194690265486,0.1630434782608695,0.5769230769230769,0.2542372881355932,0.5959615384615384,0.1246472084370829,0.6428124999999999,492,308,44,60,ok,0.0385039999964647,4,Bank Marketing,0.2921331752062018,49.0,"[0.2907176062546906, 0.2907176062546906, 0.2921331752062018, 0.2921331752062018, 0.2921331752062018, 0.2921331752062018, 0.2921331752062018]",True
2,LogReg,classical,PCA,gwo,1200,904,4.389424399996642,{'C': 0.002344337105091993},0.6261061946902655,0.1953125,0.7211538461538461,0.3073770491803279,0.6674519230769231,0.2161795031224428,0.7197836538461537,491,309,29,75,ok,0.0426410000072792,4,Bank Marketing,0.2852796507577178,46.0,"[0.2846859674102199, 0.2852796507577178, 0.2852796507577178, 0.2852796507577178, 0.2852796507577178, 0.2852796507577178]",True
3,LogReg,classical,PCA,gwo,1200,904,5.093875699967612,{'C': 0.0703357908513351},0.6747787610619469,0.2121212121212121,0.6730769230769231,0.3225806451612903,0.6740384615384616,0.2306874552228399,0.7191346153846153,540,260,34,70,ok,0.0336703000357374,4,Bank Marketing,0.291031804335331,56.0,"[0.29015658396059846, 0.29015658396059846, 0.29015658396059846, 0.291031804335331, 0.291031804335331, 0.291031804335331, 0.291031804335331, 0.291031804335331]",True
4,LogReg,classical,PCA,gwo,1200,904,3.5772584000369534,{'C': 16.252702695013618},0.6393805309734514,0.1846590909090909,0.625,0.2850877192982456,0.6331249999999999,0.1742249742436417,0.6885456730769232,513,287,39,65,ok,0.0673202000325545,4,Bank Marketing,0.279810298102981,34.0,"[0.279810298102981, 0.279810298102981, 0.279810298102981, 0.279810298102981, 0.279810298102981]",True
5,LogReg,classical,PCA,gwo,1200,905,4.304835899965838,{'C': 0.017774876656280917},0.6530386740331492,0.191740412979351,0.6190476190476191,0.2927927927927928,0.6382738095238095,0.1829791062895576,0.6961666666666667,526,274,40,65,ok,0.0418270000373013,4,Bank Marketing,0.2855878248548406,45.0,"[0.28353926393142076, 0.2855878248548406, 0.2855878248548406, 0.2855878248548406, 0.2855878248548406, 0.2855878248548406]",True
6,LogReg,classical,PCA,gwo,1200,904,4.903264600026887,{'C': 0.04347992870901303},0.5851769911504425,0.1734939759036144,0.6923076923076923,0.2774566473988439,0.6317788461538462,0.1687558673631034,0.6975360576923078,457,343,32,72,ok,0.0368460999452509,4,Bank Marketing,0.2932037309769268,53.0,"[0.29288262865112963, 0.29288262865112963, 0.29320373097692687, 0.29320373097692687, 0.29320373097692687, 0.29320373097692687, 0.29320373097692687]",True
7,LogReg,classical,PCA,gwo,1200,904,5.798698600032367,{'C': 0.001346491114940606},0.5796460176991151,0.1714285714285714,0.6923076923076923,0.2748091603053435,0.6286538461538461,0.1646141284326149,0.6672115384615385,452,348,32,72,ok,0.0307708999607712,4,Bank Marketing,0.2518528340074834,69.0,"[0.24821312540610785, 0.2514723630387771, 0.2514723630387771, 0.2514723630387771, 0.25185283400748343, 0.25185283400748343, 0.25185283400748343, 0.25185283400748343, 0.25185283400748343]",True
8,LogReg,classical,PCA,gwo,1200,904,3.2951730000204407,{'C': 0.001103355237417543},0.5641592920353983,0.1674311926605504,0.7019230769230769,0.2703703703703703,0.6240865384615384,0.1584711309074225,0.6763461538461538,437,363,31,73,ok,0.0673374999896623,4,Bank Marketing,0.2623118548593121,33.0,"[0.26231185485931213, 0.26231185485931213, 0.26231185485931213, 0.26231185485931213, 0.26231185485931213]",True
9,LogReg,classical,PCA,gwo,1200,904,3.8079093999695033,{'C': 0.0013632916098415282},0.661504424778761,0.1920731707317073,0.6057692307692307,0.2916666666666667,0.6372596153846153,0.1821739490811949,0.7046394230769232,535,265,41,63,ok,0.0476366999791935,4,Bank Marketing,0.26361003396389,37.0,"[0.26361003396389, 0.26361003396389, 0.26361003396389, 0.26361003396389, 0.26361003396389]",True
10,LogReg,classical,PCA,gwo,1200,905,3.216946400003508,{'C': 0.0010048884723145306},0.6342541436464089,0.1807909604519774,0.6095238095238096,0.2788671023965142,0.6235119047619048,0.1621067233736237,0.6766428571428572,510,290,41,64,ok,0.0541254000272601,4,Bank Marketing,0.3260055884829024,32.0,"[0.32600558848290245, 0.32600558848290245, 0.32600558848290245, 0.32600558848290245, 0.32600558848290245]",True
11,LogReg,classical,PCA,gwo,1200,904,2.2954090999555774,{'C': 21.815880722344982},0.6161504424778761,0.1742627345844504,0.625,0.2725366876310272,0.62,0.155550434445553,0.6720072115384615,492,308,39,65,ok,0.0575289000407792,4,Bank Marketing,0.2817139621071606,22.0,"[0.28171396210716065, 0.28171396210716065, 0.28171396210716065, 0.28171396210716065, 0.28171396210716065]",True
12,LogReg,classical,PCA,gwo,1200,904,3.478850200015586,{'C': 0.5776497047800678},0.629424778761062,0.1886792452830188,0.6730769230769231,0.2947368421052631,0.6484134615384616,0.1925370857410477,0.7284014423076922,499,301,34,70,ok,0.0440291999839246,4,Bank Marketing,0.2861506323396567,37.0,"[0.2861506323396567, 0.2861506323396567, 0.2861506323396567, 0.2861506323396567, 0.2861506323396567]",True
13,LogReg,classical,PCA,gwo,1200,904,4.495460500009358,{'C': 0.0010000000000000002},0.6073008849557522,0.1757105943152454,0.6538461538461539,0.2769857433808554,0.6275480769230769,0.1644995899711883,0.6834254807692308,481,319,36,68,ok,0.0385238000308163,4,Bank Marketing,0.2983936439648891,48.0,"[0.2971778967990808, 0.29839364396488915, 0.29839364396488915, 0.29839364396488915, 0.29839364396488915, 0.29839364396488915]",True
14,LogReg,classical,PCA,gwo,1200,904,3.1810758999781683,{'C': 0.001674264397266611},0.6438053097345132,0.192090395480226,0.6538461538461539,0.296943231441048,0.6481730769230769,0.1937215710605011,0.6878004807692308,514,286,36,68,ok,0.0576367000467143,4,Bank Marketing,0.3018985371926548,35.0,"[0.3018889018889019, 0.3018889018889019, 0.3018889018889019, 0.30189853719265486, 0.30189853719265486]",True
0,SVC,classical,PCA,gwo,1200,905,6.911931399954483,"{'C': 2.096628695290004, 'gamma': 0.0004871138693228996}",0.5955801104972376,0.18854415274463,0.7523809523809524,0.3015267175572519,0.6636904761904762,0.2102654440519759,0.7200238095238095,460,340,26,79,ok,0.0762116000405512,4,Bank Marketing,0.2939449062675305,56.0,"[0.2909543614638828, 0.2909543614638828, 0.2939449062675305, 0.2939449062675305, 0.2939449062675305, 0.2939449062675305, 0.2939449062675305]",True
1,SVC,classical,PCA,gwo,1200,904,7.372293299995363,"{'C': 94.43636824298343, 'gamma': 0.0199842546300179}",0.6349557522123894,0.1752873563218391,0.5865384615384616,0.2699115044247787,0.6138942307692308,0.1493710269344357,0.6831009615384617,513,287,43,61,ok,0.0936566999880597,4,Bank Marketing,0.28567072490094,56.0,"[0.2668240329108326, 0.2668240329108326, 0.28567072490094, 0.28567072490094, 0.28567072490094, 0.28567072490094, 0.28567072490094]",True
2,SVC,classical,PCA,gwo,1200,904,10.687771200027782,"{'C': 1.6024255594017414, 'gamma': 0.0008183584335357284}",0.6327433628318584,0.1935483870967742,0.6923076923076923,0.3025210084033613,0.6586538461538461,0.2057382197809622,0.7105048076923077,500,300,32,72,ok,0.0591447000042535,4,Bank Marketing,0.2835841610066893,96.0,"[0.26522465488437524, 0.27349564658319436, 0.27349564658319436, 0.2798530312308634, 0.2798530312308634, 0.2798530312308634, 0.2798530312308634, 0.2835841610066893, 0.2835841610066893, 0.2835841610066893, 0.2835841610066893, 0.2835841610066893]",True
3,SVC,classical,PCA,gwo,1200,904,10.13047989999177,"{'C': 4.498996129258051, 'gamma': 0.0011461462171240963}",0.6139380530973452,0.1698113207547169,0.6057692307692307,0.2652631578947368,0.6103846153846153,0.143202186220099,0.6636177884615385,492,308,41,63,ok,0.062220299965702,4,Bank Marketing,0.3052637721755369,88.0,"[0.2959509885825675, 0.2998879355043738, 0.30018511953995825, 0.30018511953995825, 0.30223194910882856, 0.3036494858277037, 0.3052637721755369, 0.3052637721755369, 0.3052637721755369, 0.3052637721755369, 0.3052637721755369]",True
4,SVC,classical,PCA,gwo,1200,904,7.459932999976445,"{'C': 0.2019643158421109, 'gamma': 0.0039798140456380575}",0.7787610619469026,0.2551020408163265,0.4807692307692308,0.3333333333333333,0.6491346153846154,0.2309539810707514,0.3292848557692308,654,146,54,50,ok,0.0752566999872215,4,Bank Marketing,0.2885407507927318,56.0,"[0.2863828912994848, 0.2863828912994848, 0.28854075079273184, 0.28854075079273184, 0.28854075079273184, 0.28854075079273184, 0.28854075079273184]",True
5,SVC,classical,PCA,gwo,1200,905,6.342200600018259,"{'C': 4.2574169276013505, 'gamma': 0.0006097315117902725}",0.7624309392265194,0.230392156862745,0.4476190476190476,0.3042071197411003,0.6256845238095238,0.1926536981306163,0.6912678571428572,643,157,58,47,ok,0.1152652000309899,4,Bank Marketing,0.2733851709476382,48.0,"[0.2692912956721498, 0.2733851709476382, 0.2733851709476382, 0.2733851709476382, 0.2733851709476382, 0.2733851709476382]",True
6,SVC,classical,PCA,gwo,1200,904,10.807324499997776,"{'C': 0.13865502847830022, 'gamma': 0.0042095055357306375}",0.6991150442477876,0.2062937062937063,0.5673076923076923,0.3025641025641025,0.6417788461538462,0.1945475841910093,0.677608173076923,573,227,45,59,ok,0.0606484999880194,4,Bank Marketing,0.3085674646193435,96.0,"[0.30350660373533794, 0.306593631649952, 0.306593631649952, 0.306593631649952, 0.306593631649952, 0.30737646079191433, 0.3081559644482399, 0.3081559644482399, 0.3081559644482399, 0.3081559644482399, 0.3085674646193435, 0.3085674646193435]",False
7,SVC,classical,PCA,gwo,1200,904,9.893875300011132,"{'C': 100.00000000000013, 'gamma': 0.011714847075098353}",0.5331858407079646,0.1673640167364016,0.7692307692307693,0.274914089347079,0.6358653846153846,0.1736927669133715,0.6954927884615384,402,398,24,80,ok,0.0714567999821156,4,Bank Marketing,0.2978830218624408,80.0,"[0.2865449166524436, 0.2865449166524436, 0.28751520363534694, 0.29439823553718697, 0.29601670340928843, 0.2978830218624408, 0.2978830218624408, 0.2978830218624408, 0.2978830218624408, 0.2978830218624408]",True
8,SVC,classical,PCA,gwo,1200,904,6.261158999986947,"{'C': 0.2829945648062915, 'gamma': 0.0004757495052024848}",0.454646017699115,0.1495495495495495,0.7980769230769231,0.251896813353566,0.6040384615384615,0.1363723659554092,0.4068028846153846,328,472,21,83,ok,0.1213646000251174,4,Bank Marketing,0.312887055074555,48.0,"[0.31053153135532996, 0.31288705507455505, 0.31288705507455505, 0.31288705507455505, 0.31288705507455505, 0.31288705507455505]",True
9,SVC,classical,PCA,gwo,1200,904,10.42550760001177,"{'C': 0.03932761677752609, 'gamma': 0.014390381711034479}",0.6128318584070797,0.1780104712041884,0.6538461538461539,0.279835390946502,0.630673076923077,0.1688149262195469,0.6862860576923077,486,314,36,68,ok,0.0650645000278018,4,Bank Marketing,0.304090087496201,95.0,"[0.3005564334900004, 0.3005564334900004, 0.30243334324511845, 0.3026830400053031, 0.3026830400053031, 0.30288417664285655, 0.30288417664285655, 0.30409008749620103, 0.30409008749620103, 0.30409008749620103, 0.30409008749620103, 0.30409008749620103]",True
10,SVC,classical,PCA,gwo,1200,905,6.898975799966138,"{'C': 0.12226901907097133, 'gamma': 0.0015102665115718375}",0.8044198895027624,0.2391304347826087,0.3142857142857143,0.2716049382716049,0.5915178571428572,0.1630565526622193,0.3488214285714285,695,105,72,33,ok,0.0872159000136889,4,Bank Marketing,0.2770537435593727,56.0,"[0.2752469188512225, 0.2763367476619171, 0.27699122641914403, 0.2770537435593727, 0.2770537435593727, 0.2770537435593727, 0.2770537435593727]",True
11,SVC,classical,PCA,gwo,1200,904,10.77419430000009,"{'C': 0.4516604322523357, 'gamma': 0.007567330946397469}",0.6991150442477876,0.22,0.6346153846153846,0.3267326732673267,0.6710576923076923,0.2318222789703342,0.7294591346153845,566,234,38,66,ok,0.0559838999761268,4,Bank Marketing,0.3199419414154634,96.0,"[0.30364361846101195, 0.30666890580683687, 0.30666890580683687, 0.30666890580683687, 0.30666890580683687, 0.3078432545453171, 0.31489860901625605, 0.31489860901625605, 0.31489860901625605, 0.31489860901625605, 0.3199419414154634, 0.3199419414154634]",False
12,SVC,classical,PCA,gwo,1200,904,7.495747099979781,"{'C': 2.071409211922603, 'gamma': 0.07147350710677634}",0.6349557522123894,0.1929347826086956,0.6826923076923077,0.3008474576271186,0.6557211538461538,0.2022706954547652,0.6996754807692307,503,297,33,71,ok,0.0676463000127114,4,Bank Marketing,0.3026570444480892,56.0,"[0.2816562660731273, 0.29134992946821536, 0.3026570444480892, 0.3026570444480892, 0.3026570444480892, 0.3026570444480892, 0.3026570444480892]",True
13,SVC,classical,PCA,gwo,1200,904,6.379204600001685,"{'C': 0.02560058668388589, 'gamma': 0.17110202532238317}",0.745575221238938,0.2110091743119266,0.4423076923076923,0.2857142857142857,0.6136538461538461,0.1695451970478601,0.3622235576923077,628,172,58,46,ok,0.1210030000074766,4,Bank Marketing,0.271511249422896,48.0,"[0.2676989203641656, 0.271511249422896, 0.271511249422896, 0.271511249422896, 0.271511249422896, 0.271511249422896]",True
14,SVC,classical,PCA,gwo,1200,904,5.998207700031344,"{'C': 7.657293792215634, 'gamma': 0.0008466517620539493}",0.7555309734513275,0.2376681614349775,0.5096153846153846,0.3241590214067278,0.6485576923076923,0.2199180195165665,0.7183593750000001,630,170,51,53,ok,0.0878577000112272,4,Bank Marketing,0.2943273000959006,48.0,"[0.28125046507250756, 0.2943273000959006, 0.2943273000959006, 0.2943273000959006, 0.2943273000959006, 0.2943273000959006]",True
0,DecisionTree,classical,PCA,gwo,1200,905,3.7844128999859095,"{'max_depth': 16, 'min_samples_leaf': 10}",0.5701657458563536,0.1635071090047393,0.6571428571428571,0.2618595825426945,0.6079464285714286,0.1385951797402458,0.6635892857142857,447,353,36,69,ok,0.0392672999878414,4,Bank Marketing,0.2798889080591979,42.0,"[0.27818857129201957, 0.2798889080591979, 0.2798889080591979, 0.2798889080591979, 0.2798889080591979, 0.2798889080591979]",True
1,DecisionTree,classical,PCA,gwo,1200,904,4.386006999993697,"{'max_depth': 11, 'min_samples_leaf': 12}",0.5685840707964602,0.1407035175879397,0.5384615384615384,0.2231075697211155,0.5554807692307693,0.0713209859376668,0.5915925480769231,458,342,48,56,ok,0.0320766000077128,4,Bank Marketing,0.26657642519293,51.0,"[0.2620269533280501, 0.2627465483234714, 0.26657642519293007, 0.26657642519293007, 0.26657642519293007, 0.26657642519293007, 0.26657642519293007]",True
2,DecisionTree,classical,PCA,gwo,1200,904,3.5424472000449896,"{'max_depth': 13, 'min_samples_leaf': 8}",0.5486725663716814,0.1481481481481481,0.6153846153846154,0.2388059701492537,0.5776923076923077,0.0992560087626139,0.6210637019230769,432,368,40,64,ok,0.0461027999990619,4,Bank Marketing,0.2289299795628452,36.0,"[0.2289299795628452, 0.2289299795628452, 0.2289299795628452, 0.2289299795628452, 0.2289299795628452]",True
3,DecisionTree,classical,PCA,gwo,1200,904,3.696128300041892,"{'max_depth': 2, 'min_samples_leaf': 10}",0.745575221238938,0.2,0.4038461538461538,0.267515923566879,0.5969230769230769,0.1464635205311395,0.6336658653846154,632,168,62,42,ok,0.0432965999934822,4,Bank Marketing,0.2890909372231828,41.0,"[0.28058570079030437, 0.28058570079030437, 0.28058570079030437, 0.28560951462411316, 0.28560951462411316, 0.28909093722318285, 0.28909093722318285, 0.28909093722318285, 0.28909093722318285, 0.28909093722318285]",True
4,DecisionTree,classical,PCA,gwo,1200,904,3.5471015000366606,"{'max_depth': 8, 'min_samples_leaf': 20}",0.6393805309734514,0.1275167785234899,0.3653846153846153,0.1890547263681592,0.5201923076923077,0.0274115232689999,0.5557271634615384,540,260,66,38,ok,0.0407708999700844,4,Bank Marketing,0.3034355294629267,35.0,"[0.3013191273465246, 0.3034355294629267, 0.3034355294629267, 0.3034355294629267, 0.3034355294629267, 0.3034355294629267]",True
5,DecisionTree,classical,PCA,gwo,1200,905,3.615780399995856,"{'max_depth': 9, 'min_samples_leaf': 17}",0.5812154696132596,0.1469072164948453,0.5428571428571428,0.2312373225152129,0.5645535714285714,0.0835465996863874,0.6063571428571428,469,331,48,57,ok,0.0493582999915815,4,Bank Marketing,0.2762282525878587,42.0,"[0.2740070158156659, 0.2762282525878587, 0.2762282525878587, 0.2762282525878587, 0.2762282525878587, 0.2762282525878587]",True
6,DecisionTree,classical,PCA,gwo,1200,904,3.7038751999498345,"{'max_depth': 10, 'min_samples_leaf': 17}",0.6305309734513275,0.1787709497206704,0.6153846153846154,0.277056277056277,0.6239423076923076,0.161723600721505,0.6793930288461539,506,294,40,64,ok,0.0398139000171795,4,Bank Marketing,0.233686372236836,38.0,"[0.2264772628087632, 0.233686372236836, 0.233686372236836, 0.233686372236836, 0.233686372236836, 0.233686372236836]",True
7,DecisionTree,classical,PCA,gwo,1200,904,3.075825200008694,"{'max_depth': 2, 'min_samples_leaf': 14}",0.6902654867256637,0.2105263157894736,0.6153846153846154,0.3137254901960784,0.6576923076923077,0.2130049767211137,0.6799038461538462,560,240,40,64,ok,0.0418158000102266,4,Bank Marketing,0.2537983252268966,35.0,"[0.247330677594055, 0.25379832522689666, 0.25379832522689666, 0.25379832522689666, 0.25379832522689666, 0.25379832522689666]",True
8,DecisionTree,classical,PCA,gwo,1200,904,3.270281500008423,"{'max_depth': 4, 'min_samples_leaf': 20}",0.6006637168141593,0.1591511936339522,0.5769230769230769,0.2494802494802495,0.5903365384615384,0.1169173925298684,0.6659555288461539,483,317,44,60,ok,0.0617172999773174,4,Bank Marketing,0.3105897049438538,36.0,"[0.2996003996003996, 0.3105897049438538, 0.3105897049438538, 0.3105897049438538, 0.3105897049438538, 0.3105897049438538]",True
9,DecisionTree,classical,PCA,gwo,1200,904,3.472418799996376,"{'max_depth': 2, 'min_samples_leaf': 18}",0.3573008849557522,0.1402714932126696,0.8942307692307693,0.242503259452412,0.5908653846153846,0.1311368787264382,0.6284855769230769,230,570,11,93,ok,0.0413181000039912,4,Bank Marketing,0.2365343026115248,36.0,"[0.23170115113784515, 0.23170115113784515, 0.23653430261152483, 0.23653430261152483, 0.23653430261152483, 0.23653430261152483, 0.23653430261152483]",True
10,DecisionTree,classical,PCA,gwo,1200,905,4.080032300029416,"{'max_depth': 3, 'min_samples_leaf': 14}",0.5988950276243094,0.1692307692307692,0.6285714285714286,0.2666666666666666,0.6117857142857143,0.1445839305136134,0.6623333333333333,476,324,39,66,ok,0.0336482999846339,4,Bank Marketing,0.2898148148148148,46.0,"[0.2726952529645738, 0.2726952529645738, 0.2726952529645738, 0.2881147540983607, 0.28950364298724957, 0.2898148148148148, 0.2898148148148148, 0.2898148148148148, 0.2898148148148148, 0.2898148148148148]",True
11,DecisionTree,classical,PCA,gwo,1200,904,3.830833599960897,"{'max_depth': 13, 'min_samples_leaf': 5}",0.577433628318584,0.1222826086956521,0.4326923076923077,0.1906779661016949,0.5144711538461538,0.018796998867516,0.5260396634615385,477,323,59,45,ok,0.0363605000311508,4,Bank Marketing,0.2770050253210082,43.0,"[0.26611259888570815, 0.2770050253210082, 0.2770050253210082, 0.2770050253210082, 0.2770050253210082, 0.2770050253210082]",True
12,DecisionTree,classical,PCA,gwo,1200,904,3.3765300000086427,"{'max_depth': 5, 'min_samples_leaf': 2}",0.6128318584070797,0.1763157894736842,0.6442307692307693,0.2768595041322314,0.6264903846153846,0.1635278512352451,0.637049278846154,487,313,37,67,ok,0.0486910999752581,4,Bank Marketing,0.2495235189422832,35.0,"[0.2336265535309804, 0.2336265535309804, 0.2450826210826211, 0.24952351894228322, 0.24952351894228322, 0.24952351894228322, 0.24952351894228322, 0.24952351894228322]",True
13,DecisionTree,classical,PCA,gwo,1200,904,3.544144499988761,"{'max_depth': 14, 'min_samples_leaf': 18}",0.6559734513274337,0.1891891891891892,0.6057692307692307,0.2883295194508009,0.6341346153846154,0.1774566816793896,0.6715144230769231,530,270,41,63,ok,0.0451463999925181,4,Bank Marketing,0.2819145938088669,36.0,"[0.2819145938088669, 0.2819145938088669, 0.2819145938088669, 0.2819145938088669, 0.2819145938088669]",True
14,DecisionTree,classical,PCA,gwo,1200,904,4.770842799975071,"{'max_depth': 7, 'min_samples_leaf': 8}",0.6603982300884956,0.1857585139318885,0.5769230769230769,0.2810304449648712,0.6240865384615384,0.165244495317869,0.6311358173076924,537,263,44,60,ok,0.0295870000263676,4,Bank Marketing,0.2694909139681276,57.0,"[0.2497483546264034, 0.2615544060316197, 0.2615544060316197, 0.2615544060316197, 0.26949091396812763, 0.26949091396812763, 0.26949091396812763, 0.26949091396812763, 0.26949091396812763]",True
0,RandomForest,classical,PCA,gwo,1200,905,53.01428719999967,"{'max_depth': 2, 'min_samples_leaf': 19, 'max_features': None}",0.7104972375690608,0.2145454545454545,0.5619047619047619,0.3105263157894737,0.645952380952381,0.2032563868587481,0.6919702380952382,584,216,46,59,ok,0.4085316000273451,4,Bank Marketing,0.2916137800274863,45.0,"[0.2748201954135636, 0.28379157640217034, 0.29020662532910757, 0.29020662532910757, 0.29020662532910757, 0.29161378002748634, 0.29161378002748634, 0.29161378002748634, 0.29161378002748634, 0.29161378002748634]",True
1,RandomForest,classical,PCA,gwo,1200,904,56.86347369995201,"{'max_depth': 9, 'min_samples_leaf': 2, 'max_features': 'sqrt'}",0.6117256637168141,0.1634877384196185,0.5769230769230769,0.2547770700636942,0.5965865384615384,0.1255128195031421,0.6324158653846154,493,307,44,60,ok,0.4110138000105507,4,Bank Marketing,0.278602553388814,48.0,"[0.2669026661563975, 0.2765572137193228, 0.2765572137193228, 0.27860255338881407, 0.27860255338881407, 0.27860255338881407, 0.27860255338881407, 0.27860255338881407]",True
2,RandomForest,classical,PCA,gwo,1200,904,56.26141159998952,"{'max_depth': 2, 'min_samples_leaf': 3, 'max_features': None}",0.7389380530973452,0.2226890756302521,0.5096153846153846,0.3099415204678362,0.6391826923076923,0.2016746439099159,0.670390625,615,185,51,53,ok,0.338319800037425,4,Bank Marketing,0.2665026995349069,49.0,"[0.2582829166416354, 0.2582829166416354, 0.2582829166416354, 0.2582829166416354, 0.263686183453202, 0.263686183453202, 0.263686183453202, 0.2665026995349069, 0.2665026995349069, 0.2665026995349069, 0.2665026995349069, 0.2665026995349069]",True
3,RandomForest,classical,PCA,gwo,1200,904,49.773939799983054,"{'max_depth': 2, 'min_samples_leaf': 17, 'max_features': 'sqrt'}",0.6150442477876106,0.1702702702702702,0.6057692307692307,0.2658227848101265,0.6110096153846154,0.1440723918324214,0.6687079326923077,493,307,41,63,ok,0.332642900000792,4,Bank Marketing,0.3020268321470464,42.0,"[0.2920167353286651, 0.29431012440794996, 0.29431012440794996, 0.29759225520665883, 0.2995765697885653, 0.2995765697885653, 0.3020268321470464, 0.3020268321470464, 0.3020268321470464, 0.3020268321470464, 0.3020268321470464]",True
4,RandomForest,classical,PCA,gwo,1200,904,57.76222350000171,"{'max_depth': 2, 'min_samples_leaf': 1, 'max_features': None}",0.6736725663716814,0.2024922118380062,0.625,0.3058823529411765,0.6525000000000001,0.2033642966010325,0.675546875,544,256,39,65,ok,0.3190829000086523,4,Bank Marketing,0.3025729290789531,51.0,"[0.2966131083111779, 0.29813045327452514, 0.2994620403557741, 0.2994620403557741, 0.30257292907895317, 0.30257292907895317, 0.30257292907895317, 0.30257292907895317, 0.30257292907895317]",True
5,RandomForest,classical,PCA,gwo,1200,905,47.21435069997096,"{'max_depth': 11, 'min_samples_leaf': 8, 'max_features': None}",0.6640883977900552,0.1841269841269841,0.5523809523809524,0.2761904761904762,0.6155654761904762,0.1553876394222189,0.6654642857142857,543,257,47,58,ok,0.5326399999903515,4,Bank Marketing,0.2644534526139223,37.0,"[0.2644534526139223, 0.2644534526139223, 0.2644534526139223, 0.2644534526139223, 0.2644534526139223]",True
6,RandomForest,classical,PCA,gwo,1200,904,66.86067929997807,"{'max_depth': 2, 'min_samples_leaf': 15, 'max_features': None}",0.5940265486725663,0.1876484560570071,0.7596153846153846,0.3009523809523809,0.6660576923076923,0.212439878217163,0.7078305288461539,458,342,25,79,ok,0.2401778000057675,4,Bank Marketing,0.2467250317020373,62.0,"[0.2427737622586447, 0.24514568349208407, 0.24598628160271996, 0.2467250317020373, 0.2467250317020373, 0.2467250317020373, 0.2467250317020373, 0.2467250317020373]",True
7,RandomForest,classical,PCA,gwo,1200,904,27.833524800022133,"{'max_depth': 2, 'min_samples_leaf': 1, 'max_features': 'log2'}",0.5719026548672567,0.1716937354988399,0.7115384615384616,0.2766355140186916,0.6326442307692308,0.1694770199607921,0.7050841346153847,443,357,30,74,ok,0.4823724999441765,4,Bank Marketing,0.2950931048459616,22.0,"[0.2874166759140009, 0.2939823452938672, 0.2950931048459616, 0.2950931048459616, 0.2950931048459616, 0.2950931048459616, 0.2950931048459616]",True
8,RandomForest,classical,PCA,gwo,1200,904,56.89913750003325,"{'max_depth': 2, 'min_samples_leaf': 11, 'max_features': 'log2'}",0.6073008849557522,0.1671087533156498,0.6057692307692307,0.2619542619542619,0.6066346153846154,0.1380110572811325,0.6544350961538461,486,314,41,63,ok,0.3260321000125259,4,Bank Marketing,0.2923002421307506,51.0,"[0.28139813139186026, 0.28139813139186026, 0.28327443336120345, 0.2843397883155248, 0.2844742523567279, 0.2866148830072881, 0.2890143940836666, 0.2923002421307506, 0.2923002421307506, 0.2923002421307506, 0.2923002421307506, 0.2923002421307506]",True
9,RandomForest,classical,PCA,gwo,1200,904,47.27478169999085,"{'max_depth': 12, 'min_samples_leaf': 20, 'max_features': 'sqrt'}",0.5254424778761062,0.1578947368421052,0.7211538461538461,0.2590673575129533,0.6105769230769231,0.141312542062385,0.6566286057692308,400,400,29,75,ok,0.3701174999587238,4,Bank Marketing,0.2883464103438819,39.0,"[0.2883464103438819, 0.2883464103438819, 0.2883464103438819, 0.2883464103438819, 0.2883464103438819]",True
10,RandomForest,classical,PCA,gwo,1200,905,44.66354000003776,"{'max_depth': 9, 'min_samples_leaf': 19, 'max_features': None}",0.5977900552486188,0.1670951156812339,0.6190476190476191,0.2631578947368421,0.6070238095238095,0.1384683103825299,0.6536309523809524,476,324,40,65,ok,0.4593843999900855,4,Bank Marketing,0.2893731173229698,38.0,"[0.28937311732296983, 0.28937311732296983, 0.28937311732296983, 0.28937311732296983, 0.28937311732296983]",True
11,RandomForest,classical,PCA,gwo,1200,904,61.82757089997176,"{'max_depth': 20, 'min_samples_leaf': 17, 'max_features': None}",0.6482300884955752,0.199438202247191,0.6826923076923077,0.308695652173913,0.6632211538461539,0.2131831250475206,0.6960096153846154,515,285,33,71,ok,0.30644240003312,4,Bank Marketing,0.2677783938461146,56.0,"[0.26588470351708593, 0.26588470351708593, 0.26588470351708593, 0.2677783938461146, 0.2677783938461146, 0.2677783938461146, 0.2677783938461146, 0.2677783938461146]",True
12,RandomForest,classical,PCA,gwo,1200,904,63.60878770001,"{'max_depth': 2, 'min_samples_leaf': 11, 'max_features': 'sqrt'}",0.672566371681416,0.2288135593220339,0.7788461538461539,0.3537117903930131,0.7187980769230768,0.2860567390968009,0.7498497596153847,527,273,23,81,ok,0.2440463000093586,4,Bank Marketing,0.2692268771503744,59.0,"[0.26161766057339386, 0.263982517809263, 0.263982517809263, 0.2692268771503744, 0.2692268771503744, 0.2692268771503744, 0.2692268771503744, 0.2692268771503744]",True
13,RandomForest,classical,PCA,gwo,1200,904,36.99121060001198,"{'max_depth': 2, 'min_samples_leaf': 3, 'max_features': None}",0.7643805309734514,0.2176165803108808,0.4038461538461538,0.2828282828282828,0.607548076923077,0.1674869033735165,0.6672596153846153,649,151,62,42,ok,0.4522104000207037,4,Bank Marketing,0.3014309238073285,30.0,"[0.2939592270279785, 0.30143092380732855, 0.30143092380732855, 0.30143092380732855, 0.30143092380732855, 0.30143092380732855]",True
14,RandomForest,classical,PCA,gwo,1200,904,67.78183400002308,"{'max_depth': 18, 'min_samples_leaf': 11, 'max_features': 'sqrt'}",0.7123893805309734,0.2022900763358778,0.5096153846153846,0.2896174863387978,0.6241826923076923,0.1746765357823859,0.6569230769230769,591,209,51,53,ok,0.2529179999837652,4,Bank Marketing,0.3232161530734361,63.0,"[0.31236359475582315, 0.3125764953760924, 0.3125764953760924, 0.31401637578108166, 0.31401637578108166, 0.32321615307343615, 0.32321615307343615, 0.32321615307343615, 0.32321615307343615, 0.32321615307343615]",True
0,MLP,classical,PCA,gwo,1200,905,49.949126499996055,"{'alpha': 1.3720789992403915e-06, 'learning_rate_init': 0.0002355668177710242}",0.7038674033149172,0.2218430034129692,0.6190476190476191,0.3266331658291457,0.6670238095238095,0.2286327828132802,0.7079642857142856,572,228,40,65,ok,0.2324528999743051,4,Bank Marketing,0.2904692401899106,64.0,"[0.28689201895770605, 0.28689201895770605, 0.28689201895770605, 0.2904692401899106, 0.2904692401899106, 0.2904692401899106, 0.2904692401899106, 0.2904692401899106]",True
1,MLP,classical,PCA,gwo,1200,904,37.52023790002568,"{'alpha': 0.00041227371326881126, 'learning_rate_init': 0.00012866012164851342}",0.6272123893805309,0.1808219178082191,0.6346153846153846,0.2814498933901919,0.6304326923076923,0.1696435307649403,0.6995072115384615,501,299,38,66,ok,0.257426000025589,4,Bank Marketing,0.2814967702480602,56.0,"[0.27813407185305067, 0.28038953124004373, 0.28149677024806025, 0.28149677024806025, 0.28149677024806025, 0.28149677024806025, 0.28149677024806025]",True
2,MLP,classical,PCA,gwo,1200,904,61.08870289998595,"{'alpha': 6.780928708457404e-05, 'learning_rate_init': 0.00040815851525958857}",0.6404867256637168,0.172106824925816,0.5576923076923077,0.2630385487528344,0.6044711538461538,0.1378737443643091,0.6456370192307692,521,279,46,58,ok,0.1772823000210337,4,Bank Marketing,0.3374254965143952,88.0,"[0.3279027527056472, 0.33021024988023856, 0.33410724613732135, 0.33410724613732135, 0.3357670072454337, 0.3357670072454337, 0.33742549651439524, 0.33742549651439524, 0.33742549651439524, 0.33742549651439524, 0.33742549651439524]",True
3,MLP,classical,PCA,gwo,1200,904,53.15050960000372,"{'alpha': 0.0033512166858743167, 'learning_rate_init': 0.0002638704063436146}",0.5685840707964602,0.1477832512315271,0.5769230769230769,0.2352941176470588,0.5722115384615385,0.0926446976566702,0.6522836538461538,454,346,44,60,ok,0.2252158999908715,4,Bank Marketing,0.275723096186612,80.0,"[0.26537974692152816, 0.2726190476190476, 0.2751107072683923, 0.2751107072683923, 0.2751107072683923, 0.275723096186612, 0.275723096186612, 0.275723096186612, 0.275723096186612, 0.275723096186612]",True
4,MLP,classical,PCA,gwo,1200,904,40.24429160001455,"{'alpha': 3.451906357410012e-05, 'learning_rate_init': 0.00010450294849397121}",0.5896017699115044,0.1767554479418886,0.7019230769230769,0.2823984526112185,0.6384615384615384,0.1773801589434124,0.7101081730769231,460,340,31,73,ok,0.2401921999990008,4,Bank Marketing,0.2928340973353038,64.0,"[0.2877058409570725, 0.2919947905889799, 0.2919947905889799, 0.2928340973353038, 0.2928340973353038, 0.2928340973353038, 0.2928340973353038, 0.2928340973353038]",True
5,MLP,classical,PCA,gwo,1200,905,42.59419479995268,"{'alpha': 0.0003658890842086949, 'learning_rate_init': 0.00016510649306431178}",0.5889502762430939,0.171990171990172,0.6666666666666666,0.2734375,0.6227083333333333,0.1579908079774659,0.6620595238095239,463,337,35,70,ok,0.2086893999949097,4,Bank Marketing,0.3030259459539535,56.0,"[0.296295427242687, 0.3018351332756593, 0.3029345629465175, 0.3029345629465175, 0.30302594595395355, 0.30302594595395355, 0.30302594595395355]",True
6,MLP,classical,PCA,gwo,1200,904,36.21801750001032,"{'alpha': 0.00048725519845985437, 'learning_rate_init': 0.00010000000000000009}",0.6084070796460177,0.1693121693121693,0.6153846153846154,0.2655601659751037,0.6114423076923077,0.1441793235093065,0.6473317307692308,486,314,40,64,ok,0.2199996000272222,4,Bank Marketing,0.2889451951951952,56.0,"[0.2862340532443625, 0.2862340532443625, 0.2889451951951952, 0.2889451951951952, 0.2889451951951952, 0.2889451951951952, 0.2889451951951952]",True
7,MLP,classical,PCA,gwo,1200,904,43.66289400000824,"{'alpha': 0.10000000000000006, 'learning_rate_init': 0.00010000000000000009}",0.6415929203539823,0.1944444444444444,0.6730769230769231,0.3017241379310345,0.6552884615384615,0.202432456816217,0.7021153846153847,510,290,34,70,ok,0.2867407000157982,4,Bank Marketing,0.3190346907993966,54.0,"[0.31782949156229123, 0.31782949156229123, 0.31903469079939667, 0.31903469079939667, 0.31903469079939667, 0.31903469079939667, 0.31903469079939667]",True
8,MLP,classical,PCA,gwo,1200,904,59.454549800022505,"{'alpha': 0.0018759305694970986, 'learning_rate_init': 0.000855995320735667}",0.661504424778761,0.1920731707317073,0.6057692307692307,0.2916666666666667,0.6372596153846153,0.1821739490811949,0.6872355769230769,535,265,41,63,ok,0.1800169000052847,4,Bank Marketing,0.2998090745732255,72.0,"[0.28954765247163755, 0.29498924685478217, 0.29498924685478217, 0.2969899525789836, 0.29980907457322553, 0.29980907457322553, 0.29980907457322553, 0.29980907457322553, 0.29980907457322553]",True
9,MLP,classical,PCA,gwo,1200,904,50.80681069998536,"{'alpha': 0.06544316410304075, 'learning_rate_init': 0.0001979518795826797}",0.6758849557522124,0.1881188118811881,0.5480769230769231,0.2800982800982801,0.6202884615384616,0.1626136803001558,0.6903245192307692,554,246,47,57,ok,0.1779564999742433,4,Bank Marketing,0.2938676820863359,80.0,"[0.2863823995289513, 0.2863823995289513, 0.29045226782347633, 0.2908201287541526, 0.29296885441693316, 0.2938676820863359, 0.2938676820863359, 0.2938676820863359, 0.2938676820863359, 0.2938676820863359]",True
10,MLP,classical,PCA,gwo,1200,905,46.04059799999232,"{'alpha': 0.0014340778078151852, 'learning_rate_init': 0.00010000000000000009}",0.6651933701657459,0.1963190184049079,0.6095238095238096,0.296983758700696,0.6410119047619047,0.1881383521282,0.7053452380952381,538,262,41,64,ok,0.2318275999859906,4,Bank Marketing,0.2650230153488539,56.0,"[0.25610773848048657, 0.26405411911984206, 0.2650230153488539, 0.2650230153488539, 0.2650230153488539, 0.2650230153488539, 0.2650230153488539]",True
11,MLP,classical,PCA,gwo,1200,904,28.405092300032265,"{'alpha': 0.0003199567682413724, 'learning_rate_init': 0.0002762913054280071}",0.6471238938053098,0.1828908554572271,0.5961538461538461,0.2799097065462754,0.6249519230769232,0.1647064210290695,0.6920552884615384,523,277,42,62,ok,0.3322980999946594,4,Bank Marketing,0.3079183473479798,40.0,"[0.3079183473479798, 0.3079183473479798, 0.3079183473479798, 0.3079183473479798, 0.3079183473479798]",True
12,MLP,classical,PCA,gwo,1200,904,31.90138589998241,"{'alpha': 0.0003199567682413724, 'learning_rate_init': 0.0002762913054280071}",0.6891592920353983,0.2208201892744479,0.6730769230769231,0.332541567695962,0.6821634615384615,0.2436151245186158,0.7221394230769231,553,247,34,70,ok,0.3838411000324413,4,Bank Marketing,0.3124492825333993,40.0,"[0.3124492825333993, 0.3124492825333993, 0.3124492825333993, 0.3124492825333993, 0.3124492825333993]",True
13,MLP,classical,PCA,gwo,1200,904,42.06017499999143,"{'alpha': 0.0824202468498412, 'learning_rate_init': 0.00012839363935548864}",0.5741150442477876,0.1614457831325301,0.6442307692307693,0.2581888246628131,0.6046153846153846,0.1339703638752692,0.6541105769230768,452,348,37,67,ok,0.2960007000365294,4,Bank Marketing,0.2938809170377701,46.0,"[0.2936406398076879, 0.2938809170377701, 0.2938809170377701, 0.2938809170377701, 0.2938809170377701, 0.2938809170377701]",True
14,MLP,classical,PCA,gwo,1200,904,48.89417300000787,"{'alpha': 1.9356317120537314e-05, 'learning_rate_init': 0.0004989218206000822}",0.5641592920353983,0.1674311926605504,0.7019230769230769,0.2703703703703703,0.6240865384615384,0.1584711309074225,0.6911538461538461,437,363,31,73,ok,0.2865703999996185,4,Bank Marketing,0.2521645693344057,56.0,"[0.24128866767858614, 0.24703252443166113, 0.25216456933440573, 0.25216456933440573, 0.25216456933440573, 0.25216456933440573, 0.25216456933440573]",True
0,XGBoost,classical,PCA,gwo,1200,905,17.718944899970666,"{'max_depth': 2, 'learning_rate': 0.0011361254035859901, 'subsample': 0.7910015820013174}",0.6861878453038674,0.2026578073089701,0.580952380952381,0.3004926108374384,0.6404761904761904,0.1909724161856655,0.6835059523809524,560,240,44,61,ok,0.1187829000409692,4,Bank Marketing,0.3093219232487594,72.0,"[0.2869400203320908, 0.29588647861576156, 0.3083060979226171, 0.3083060979226171, 0.30932192324875946, 0.30932192324875946, 0.30932192324875946, 0.30932192324875946, 0.30932192324875946]",True
1,XGBoost,classical,PCA,gwo,1200,904,18.971598299976904,"{'max_depth': 2, 'learning_rate': 0.007522076593557012, 'subsample': 0.6071208258630081}",0.6150442477876106,0.1666666666666666,0.5865384615384616,0.2595744680851063,0.6026442307692308,0.1334426084476354,0.6598918269230769,495,305,43,61,ok,0.0805303000379353,4,Bank Marketing,0.2540868885149541,72.0,"[0.23807623357769822, 0.23807623357769822, 0.24099328384588192, 0.24276772915386777, 0.25408688851495415, 0.25408688851495415, 0.25408688851495415, 0.25408688851495415, 0.25408688851495415]",True
2,XGBoost,classical,PCA,gwo,1200,904,24.252546200004872,"{'max_depth': 2, 'learning_rate': 0.007599071149832561, 'subsample': 0.7022167344267265}",0.6570796460176991,0.1840490797546012,0.5769230769230769,0.2790697674418604,0.6222115384615384,0.1624168752532664,0.6644110576923077,534,266,44,60,ok,0.0648264999617822,4,Bank Marketing,0.2884150791400234,96.0,"[0.27626728894584923, 0.27626728894584923, 0.27626728894584923, 0.27649120924110476, 0.2795454283685807, 0.28264387223863796, 0.287860376340627, 0.287860376340627, 0.2884150791400234, 0.2884150791400234, 0.2884150791400234, 0.2884150791400234]",False
3,XGBoost,classical,PCA,gwo,1200,904,22.052204599953257,"{'max_depth': 2, 'learning_rate': 0.0024667535540078473, 'subsample': 0.5}",0.672566371681416,0.201863354037267,0.625,0.3051643192488263,0.651875,0.2023897535586248,0.704921875,543,257,39,65,ok,0.077453100006096,4,Bank Marketing,0.3097392035382056,96.0,"[0.2905835607257408, 0.2954592925997468, 0.3051864948361509, 0.3051864948361509, 0.30609621628866107, 0.30609621628866107, 0.30631868131868134, 0.30973920353820567, 0.30973920353820567, 0.30973920353820567, 0.30973920353820567, 0.30973920353820567]",True
4,XGBoost,classical,PCA,gwo,1200,904,22.426570199953854,"{'max_depth': 2, 'learning_rate': 0.003517832043100324, 'subsample': 0.5221027676060251}",0.6194690265486725,0.1891191709844559,0.7019230769230769,0.2979591836734694,0.6553365384615384,0.200404167964337,0.7008293269230769,487,313,31,73,ok,0.0756850000470876,4,Bank Marketing,0.3076479076479076,96.0,"[0.2833610543289191, 0.29622411098429136, 0.29622411098429136, 0.3044982109471247, 0.30691097580729687, 0.30691097580729687, 0.30725095942099373, 0.30764790764790767, 0.30764790764790767, 0.30764790764790767, 0.30764790764790767, 0.30764790764790767]",True
5,XGBoost,classical,PCA,gwo,1200,905,23.33714209997561,"{'max_depth': 2, 'learning_rate': 0.0032084756315960417, 'subsample': 0.5137619097356212}",0.687292817679558,0.193103448275862,0.5333333333333333,0.2835443037974683,0.6204166666666666,0.1652797635615683,0.675125,566,234,49,56,ok,0.0689727000426501,4,Bank Marketing,0.3082586731693095,96.0,"[0.28019557117724186, 0.28019557117724186, 0.2971448215667869, 0.2971448215667869, 0.2971448215667869, 0.3028785564705327, 0.3031473381674697, 0.3082586731693095, 0.3082586731693095, 0.3082586731693095, 0.3082586731693095, 0.3082586731693095]",True
6,XGBoost,classical,PCA,gwo,1200,904,23.218618699989747,"{'max_depth': 2, 'learning_rate': 0.0048827125744996215, 'subsample': 0.9927476826263932}",0.6371681415929203,0.18,0.6057692307692307,0.2775330396475771,0.6235096153846154,0.1618093165710378,0.6550300480769231,513,287,41,63,ok,0.0686438999837264,4,Bank Marketing,0.3180652320317125,96.0,"[0.2888580377055228, 0.2967726953295714, 0.2969972534752643, 0.3041750088555248, 0.3149452535129843, 0.3149452535129843, 0.3149452535129843, 0.3149452535129843, 0.31603253252249713, 0.3180652320317125, 0.3180652320317125, 0.3180652320317125]",False
7,XGBoost,classical,PCA,gwo,1200,904,19.314992500003427,"{'max_depth': 6, 'learning_rate': 0.06490831126426087, 'subsample': 0.5}",0.5962389380530974,0.1627906976744186,0.6057692307692307,0.2566191446028513,0.6003846153846153,0.1294666957632269,0.6298798076923077,476,324,41,63,ok,0.1263983999961055,4,Bank Marketing,0.2740529697873398,56.0,"[0.27339417726706705, 0.27339417726706705, 0.2740529697873398, 0.2740529697873398, 0.2740529697873398, 0.2740529697873398, 0.2740529697873398]",True
8,XGBoost,classical,PCA,gwo,1200,904,14.36789759999374,"{'max_depth': 2, 'learning_rate': 0.002196918153282946, 'subsample': 0.5}",0.6957964601769911,0.1935483870967742,0.5192307692307693,0.2819843342036554,0.6189903846153846,0.1643847088576169,0.6802403846153844,575,225,50,54,ok,0.1138194999657571,4,Bank Marketing,0.3007781815086118,56.0,"[0.28145973798858254, 0.2945840380395354, 0.30077818150861185, 0.30077818150861185, 0.30077818150861185, 0.30077818150861185, 0.30077818150861185]",True
9,XGBoost,classical,PCA,gwo,1200,904,27.964479300018866,"{'max_depth': 10, 'learning_rate': 0.005721870385529991, 'subsample': 0.627436227398267}",0.6747787610619469,0.1955128205128205,0.5865384615384616,0.2932692307692308,0.6363942307692307,0.1830836277540564,0.683515625,549,251,43,61,ok,0.1268114999984391,4,Bank Marketing,0.2541576160744125,80.0,"[0.24711410695682504, 0.2522234291168823, 0.2522234291168823, 0.2522234291168823, 0.2522234291168823, 0.25415761607441256, 0.25415761607441256, 0.25415761607441256, 0.25415761607441256, 0.25415761607441256]",True
10,XGBoost,classical,PCA,gwo,1200,905,16.7909287000075,"{'max_depth': 8, 'learning_rate': 0.005399881749127587, 'subsample': 0.6326762641438948}",0.5779005524861879,0.1511335012594458,0.5714285714285714,0.2390438247011952,0.5750892857142857,0.0969215837888059,0.6348928571428571,463,337,45,60,ok,0.2054434000165201,4,Bank Marketing,0.3084880646534174,48.0,"[0.29190374269938757, 0.3084880646534174, 0.3084880646534174, 0.3084880646534174, 0.3084880646534174, 0.3084880646534174]",True
11,XGBoost,classical,PCA,gwo,1200,904,23.130115300009493,"{'max_depth': 2, 'learning_rate': 0.0010057497297159886, 'subsample': 0.8059812575892265}",0.7002212389380531,0.1849056603773584,0.4711538461538461,0.2655826558265582,0.6005769230769231,0.1409991965676637,0.6543088942307693,584,216,55,49,ok,0.070417599985376,4,Bank Marketing,0.2901848010959973,96.0,"[0.2599510064626344, 0.2599510064626344, 0.26830819431958175, 0.28381855557593977, 0.2866961217476681, 0.2869566567451944, 0.2900243342285034, 0.2901848010959973, 0.2901848010959973, 0.2901848010959973, 0.2901848010959973, 0.2901848010959973]",True
12,XGBoost,classical,PCA,gwo,1200,904,22.372217700001784,"{'max_depth': 2, 'learning_rate': 0.003651444178972043, 'subsample': 1.0}",0.6327433628318584,0.1761363636363636,0.5961538461538461,0.2719298245614035,0.616826923076923,0.1528951561618091,0.6967367788461539,510,290,42,62,ok,0.0709468999993987,4,Bank Marketing,0.2753750586029067,88.0,"[0.26610401916297355, 0.26610401916297355, 0.26610401916297355, 0.2663616410081149, 0.2708125544489181, 0.27109476332418053, 0.2753750586029067, 0.2753750586029067, 0.2753750586029067, 0.2753750586029067, 0.2753750586029067]",True
13,XGBoost,classical,PCA,gwo,1200,904,33.15810420003254,"{'max_depth': 10, 'learning_rate': 0.005059285348515661, 'subsample': 0.8262208072888364}",0.6371681415929203,0.1585365853658536,0.5,0.2407407407407407,0.5775,0.1028596868367377,0.5838581730769231,524,276,52,52,ok,0.1378077000263147,4,Bank Marketing,0.2923591032598686,96.0,"[0.2785668751174069, 0.28431595563551637, 0.28431595563551637, 0.28431595563551637, 0.28486955838440986, 0.28486955838440986, 0.2850346488324615, 0.290571426105875, 0.290571426105875, 0.2923591032598686, 0.2923591032598686, 0.2923591032598686]",False
14,XGBoost,classical,PCA,gwo,1200,904,20.18567949999124,"{'max_depth': 2, 'learning_rate': 0.004303506783751445, 'subsample': 0.688083955621216}",0.4634955752212389,0.1555153707052441,0.8269230769230769,0.2617960426179604,0.6215865384615384,0.1592065859254689,0.7089423076923078,333,467,18,86,ok,0.0796427000313997,4,Bank Marketing,0.2869724199634341,80.0,"[0.27781919219300627, 0.27781919219300627, 0.27781919219300627, 0.28585304431083153, 0.28585304431083153, 0.2869724199634341, 0.2869724199634341, 0.2869724199634341, 0.2869724199634341, 0.2869724199634341]",True
0,VQC,quantum,PCA,gwo,1200,905,2689.829312000016,"{'n_layers': 4, 'learning_rate': 0.004251647010818345, 'map_reps': 1, 'feature_map': 'angle', 'entanglement': 'linear', 'init_scale': 0.2840431416082293}",0.656353591160221,0.1952662721893491,0.6285714285714286,0.2979683972911964,0.6442857142857144,0.1910482627433206,0.7046785714285715,528,272,39,66,ok,15.007579199969769,4,Bank Marketing,0.2943625588653213,64.0,"[0.28789910187557716, 0.28789910187557716, 0.28789910187557716, 0.2943625588653213, 0.2943625588653213, 0.2943625588653213, 0.2943625588653213, 0.2943625588653213]",True
1,VQC,quantum,PCA,gwo,1200,904,3763.388354700001,"{'n_layers': 4, 'learning_rate': 0.004372443435140945, 'map_reps': 1, 'feature_map': 'angle', 'entanglement': 'circular', 'init_scale': 0.24108600436347358}",0.6393805309734514,0.175438596491228,0.5769230769230769,0.2690582959641255,0.6122115384615384,0.1476549343144857,0.6828846153846153,518,282,44,60,ok,10.798380199994426,4,Bank Marketing,0.3060224089635854,88.0,"[0.2499301090299133, 0.29536275381651106, 0.2975044563279858, 0.29901132877159337, 0.3011926026116256, 0.3046067776720085, 0.3060224089635854, 0.3060224089635854, 0.3060224089635854, 0.3060224089635854, 0.3060224089635854]",True
2,VQC,quantum,PCA,gwo,1200,904,3754.09583190002,"{'n_layers': 6, 'learning_rate': 0.010390980084086916, 'map_reps': 1, 'feature_map': 'angle', 'entanglement': 'linear', 'init_scale': 0.2894780107172508}",0.5984513274336283,0.175438596491228,0.6730769230769231,0.2783300198807157,0.6309134615384615,0.1682456437818465,0.6852764423076924,471,329,34,70,ok,16.481953500013333,4,Bank Marketing,0.314633655394525,96.0,"[0.291843135469571, 0.291843135469571, 0.29361708482676224, 0.29361708482676224, 0.3030404790809121, 0.3030404790809121, 0.3030404790809121, 0.30808887897993115, 0.314633655394525, 0.314633655394525, 0.314633655394525, 0.314633655394525]",False
3,VQC,quantum,PCA,gwo,1200,904,3388.977047400025,"{'n_layers': 5, 'learning_rate': 0.02331943360520228, 'map_reps': 1, 'feature_map': 'angle', 'entanglement': 'full', 'init_scale': 0.20437709327693707}",0.6216814159292036,0.174863387978142,0.6153846153846154,0.2723404255319149,0.6189423076923077,0.1546309195781967,0.677391826923077,498,302,40,64,ok,14.782424699980766,4,Bank Marketing,0.2933084240762577,80.0,"[0.2732758174250222, 0.28639133702261393, 0.28684774278142516, 0.28684774278142516, 0.28684774278142516, 0.2933084240762577, 0.2933084240762577, 0.2933084240762577, 0.2933084240762577, 0.2933084240762577]",True
4,VQC,quantum,PCA,gwo,1200,904,1685.150594000006,"{'n_layers': 1, 'learning_rate': 0.024587685500310884, 'map_reps': 1, 'feature_map': 'angle', 'entanglement': 'circular', 'init_scale': 0.21662037421314456}",0.6028761061946902,0.132564841498559,0.4423076923076923,0.2039911308203991,0.5330288461538462,0.0433403811091219,0.5445432692307692,499,301,58,46,ok,7.015165099990554,4,Bank Marketing,0.2422302469363889,96.0,"[0.20471699502192572, 0.20972312377288937, 0.22323554684598854, 0.2361501764162036, 0.23769505580211128, 0.23769505580211128, 0.24124889302009875, 0.24124889302009875, 0.24124889302009875, 0.24124889302009875, 0.24223024693638892, 0.24223024693638892]",False
5,VQC,quantum,PCA,gwo,1200,905,3791.814887300017,"{'n_layers': 4, 'learning_rate': 0.11392820422706508, 'map_reps': 1, 'feature_map': 'angle', 'entanglement': 'full', 'init_scale': 0.34919443179935494}",0.5900552486187846,0.1863207547169811,0.7523809523809524,0.2986767485822306,0.6605654761904762,0.2060944723959672,0.7185238095238096,455,345,26,79,ok,9.602262100030202,4,Bank Marketing,0.2822052608637974,96.0,"[0.26914084265569416, 0.2751285880205741, 0.2751285880205741, 0.2767906463404704, 0.2767906463404704, 0.2767906463404704, 0.2767906463404704, 0.28220526086379744, 0.28220526086379744, 0.28220526086379744, 0.28220526086379744, 0.28220526086379744]",True
6,VQC,quantum,PCA,gwo,1200,904,1989.9300668999783,"{'n_layers': 4, 'learning_rate': 0.026782601565121085, 'map_reps': 2, 'feature_map': 'angle', 'entanglement': 'circular', 'init_scale': 0.31865711687271264}",0.6216814159292036,0.1560693641618497,0.5192307692307693,0.24,0.5771153846153847,0.1012459218311165,0.614423076923077,508,292,50,54,ok,21.17845850001322,4,Bank Marketing,0.2659689516832373,48.0,"[0.25034453595319356, 0.26596895168323736, 0.26596895168323736, 0.26596895168323736, 0.26596895168323736, 0.26596895168323736]",True
7,VQC,quantum,PCA,gwo,1200,904,2934.724894899992,"{'n_layers': 6, 'learning_rate': 0.0495903418292624, 'map_reps': 1, 'feature_map': 'angle', 'entanglement': 'circular', 'init_scale': 0.19640437517370127}",0.6902654867256637,0.1986301369863013,0.5576923076923077,0.2929292929292929,0.6325961538461539,0.1809486923171678,0.691622596153846,566,234,46,58,ok,19.408353900013022,4,Bank Marketing,0.2714223614757106,64.0,"[0.25448273814675465, 0.26924412159402533, 0.26924412159402533, 0.27142236147571064, 0.27142236147571064, 0.27142236147571064, 0.27142236147571064, 0.27142236147571064]",True
8,VQC,quantum,PCA,gwo,1200,904,2350.383270099992,"{'n_layers': 5, 'learning_rate': 0.01284801852411158, 'map_reps': 1, 'feature_map': 'angle', 'entanglement': 'circular', 'init_scale': 0.01}",0.6946902654867256,0.1993006993006993,0.5480769230769231,0.2923076923076923,0.6309134615384615,0.1796382067657234,0.6763701923076922,571,229,47,57,ok,20.44963430002099,4,Bank Marketing,0.2809716689497357,56.0,"[0.2640951946773437, 0.26819581067292736, 0.28097166894973574, 0.28097166894973574, 0.28097166894973574, 0.28097166894973574, 0.28097166894973574]",True
9,VQC,quantum,PCA,gwo,1200,904,3213.4685380000155,"{'n_layers': 4, 'learning_rate': 0.012160415655538857, 'map_reps': 1, 'feature_map': 'angle', 'entanglement': 'circular', 'init_scale': 0.2718038362030625}",0.6438053097345132,0.1903409090909091,0.6442307692307693,0.293859649122807,0.6439903846153847,0.1884448529648635,0.7069471153846154,515,285,37,67,ok,12.347985800006429,4,Bank Marketing,0.3365152766308836,96.0,"[0.3129261332510775, 0.3129261332510775, 0.31483787602472446, 0.32944659898619083, 0.3314975845410628, 0.3314975845410628, 0.3357256280737669, 0.3365152766308836, 0.3365152766308836, 0.3365152766308836, 0.3365152766308836, 0.3365152766308836]",True
10,VQC,quantum,PCA,gwo,1200,905,2011.261244399997,"{'n_layers': 2, 'learning_rate': 0.006989747189429995, 'map_reps': 1, 'feature_map': 'angle', 'entanglement': 'linear', 'init_scale': 0.33513619797639727}",0.5756906077348066,0.1702127659574468,0.6857142857142857,0.2727272727272727,0.6234821428571429,0.158518550811348,0.6844761904761905,449,351,33,72,ok,10.141723299981097,4,Bank Marketing,0.2657293004867785,56.0,"[0.23700298289047592, 0.2408737074474265, 0.26572930048677856, 0.26572930048677856, 0.26572930048677856, 0.26572930048677856, 0.26572930048677856]",True
11,VQC,quantum,PCA,gwo,1200,904,2687.9114648000104,"{'n_layers': 6, 'learning_rate': 0.01306092852588023, 'map_reps': 1, 'feature_map': 'angle', 'entanglement': 'linear', 'init_scale': 0.1956292412573594}",0.6404867256637168,0.1536050156739812,0.4711538461538461,0.2316784869976359,0.5668269230769231,0.089242114014388,0.6375,530,270,55,49,ok,21.5957924000104,4,Bank Marketing,0.3500715709526994,56.0,"[0.3181046899924573, 0.33507965458199956, 0.3500715709526994, 0.3500715709526994, 0.3500715709526994, 0.3500715709526994, 0.3500715709526994]",True
12,VQC,quantum,PCA,gwo,1200,904,2226.483256799984,"{'n_layers': 2, 'learning_rate': 0.01892681511175605, 'map_reps': 1, 'feature_map': 'angle', 'entanglement': 'full', 'init_scale': 0.01319599251273951}",0.672566371681416,0.1962025316455696,0.5961538461538461,0.2952380952380952,0.6393269230769231,0.1864637871392553,0.6926923076923076,546,254,42,62,ok,10.015953499998432,4,Bank Marketing,0.2802446102133535,72.0,"[0.250575432404482, 0.2689240913027687, 0.2689240913027687, 0.27203141221253974, 0.28024461021335356, 0.28024461021335356, 0.28024461021335356, 0.28024461021335356, 0.28024461021335356]",True
13,VQC,quantum,PCA,gwo,1200,904,2508.0960019999766,"{'n_layers': 5, 'learning_rate': 0.010868517016739382, 'map_reps': 1, 'feature_map': 'angle', 'entanglement': 'full', 'init_scale': 0.364735233145413}",0.6161504424778761,0.1908396946564885,0.7211538461538461,0.3018108651911468,0.6618269230769231,0.2083222752733381,0.7182451923076922,482,318,29,75,ok,19.12803610000992,4,Bank Marketing,0.3061830636375984,56.0,"[0.2655786120897084, 0.2955588331694526, 0.3061830636375984, 0.3061830636375984, 0.3061830636375984, 0.3061830636375984, 0.3061830636375984]",True
14,VQC,quantum,PCA,gwo,1200,904,3798.98438530002,"{'n_layers': 5, 'learning_rate': 0.01750331179517142, 'map_reps': 1, 'feature_map': 'angle', 'entanglement': 'linear', 'init_scale': 0.21954316243477037}",0.672566371681416,0.1923076923076923,0.5769230769230769,0.2884615384615384,0.6309615384615385,0.1757912590772117,0.6913942307692307,548,252,44,60,ok,11.33685720001813,4,Bank Marketing,0.3129864824717766,96.0,"[0.29268784074171844, 0.3066938906237489, 0.3066938906237489, 0.3076028834229396, 0.3076028834229396, 0.3113433040450751, 0.31272131413671, 0.31272131413671, 0.31272131413671, 0.31272131413671, 0.3129864824717766, 0.3129864824717766]",False
0,QNN,quantum,PCA,gwo,1200,905,4051.109435999999,"{'n_layers': 5, 'learning_rate': 0.010509185522932393, 'feature_map': 'angle', 'entanglement': 'circular', 'init_scale': 0.1518009721428186}",0.6740331491712708,0.179054054054054,0.5047619047619047,0.2643391521197007,0.6005059523809524,0.1372166840651614,0.6157857142857143,557,243,52,53,ok,12.937151900026947,4,Bank Marketing,0.301656878193191,96.0,"[0.27643081345156767, 0.27643081345156767, 0.277471855115027, 0.277471855115027, 0.2784634576504495, 0.2825841533585887, 0.2927042247631557, 0.2927042247631557, 0.2927042247631557, 0.30165687819319104, 0.30165687819319104, 0.30165687819319104]",False
1,QNN,quantum,PCA,gwo,1200,904,3468.598394799977,"{'n_layers': 3, 'learning_rate': 0.03364959052792265, 'feature_map': 'angle', 'entanglement': 'circular', 'init_scale': 0.016798274239303156}",0.584070796460177,0.173076923076923,0.6923076923076923,0.2769230769230769,0.6311538461538462,0.1679252925273751,0.6736778846153846,456,344,32,72,ok,11.170132600003852,4,Bank Marketing,0.2988953812483224,96.0,"[0.2662783914834664, 0.2662783914834664, 0.28365451263922886, 0.28365451263922886, 0.29769592206315515, 0.29769592206315515, 0.29769592206315515, 0.29769592206315515, 0.29889538124832243, 0.29889538124832243, 0.29889538124832243, 0.29889538124832243]",False
2,QNN,quantum,PCA,gwo,1200,904,3052.8707235999755,"{'n_layers': 4, 'learning_rate': 0.009652644723544438, 'feature_map': 'angle', 'entanglement': 'circular', 'init_scale': 0.19219073774904383}",0.6150442477876106,0.1919191919191919,0.7307692307692307,0.304,0.6653846153846154,0.2127195067610753,0.7099759615384615,480,320,28,76,ok,15.627221500035375,4,Bank Marketing,0.3069224037047063,72.0,"[0.2878583255192048, 0.2878583255192048, 0.2878583255192048, 0.29117336550239886, 0.3069224037047063, 0.3069224037047063, 0.3069224037047063, 0.3069224037047063, 0.3069224037047063]",True
3,QNN,quantum,PCA,gwo,1200,904,2170.7652085999725,"{'n_layers': 2, 'learning_rate': 0.020136360252798014, 'feature_map': 'angle', 'entanglement': 'linear', 'init_scale': 0.4081531307317287}",0.6194690265486725,0.1923076923076923,0.7211538461538461,0.3036437246963562,0.663701923076923,0.2109267092376242,0.7047235576923078,485,315,29,75,ok,12.3200882000383,4,Bank Marketing,0.296864226655498,56.0,"[0.2511053265283241, 0.2634120357311752, 0.296864226655498, 0.296864226655498, 0.296864226655498, 0.296864226655498, 0.296864226655498]",True
4,QNN,quantum,PCA,gwo,1200,904,3654.109280699981,"{'n_layers': 3, 'learning_rate': 0.012732960270218785, 'feature_map': 'angle', 'entanglement': 'linear', 'init_scale': 0.40940709884565285}",0.5796460176991151,0.1682692307692307,0.6730769230769231,0.2692307692307692,0.6202884615384616,0.1540135930731277,0.6547836538461539,454,346,34,70,ok,9.035007399972528,4,Bank Marketing,0.3140993805154989,96.0,"[0.280983677870638, 0.280983677870638, 0.2994501850740909, 0.2994501850740909, 0.3084335382411248, 0.3084335382411248, 0.3084335382411248, 0.3084335382411248, 0.31409938051549896, 0.31409938051549896, 0.31409938051549896, 0.31409938051549896]",False
5,QNN,quantum,PCA,gwo,1200,905,1467.8720014000428,"{'n_layers': 4, 'learning_rate': 0.1640919373866613, 'feature_map': 'angle', 'entanglement': 'linear', 'init_scale': 0.39145731550104607}",0.6497237569060773,0.1748466257668711,0.5428571428571428,0.2645011600928074,0.6033035714285714,0.1378278219157835,0.6421904761904761,531,269,48,57,ok,24.898664300038945,4,Bank Marketing,0.2798599263715542,40.0,"[0.27985992637155427, 0.27985992637155427, 0.27985992637155427, 0.27985992637155427, 0.27985992637155427]",True
6,QNN,quantum,PCA,gwo,1200,904,3517.031043300056,"{'n_layers': 3, 'learning_rate': 0.012086290088269613, 'feature_map': 'angle', 'entanglement': 'linear', 'init_scale': 0.5}",0.5752212389380531,0.1585365853658536,0.625,0.2529182879377432,0.596875,0.1241789466175937,0.6750240384615386,455,345,39,65,ok,9.902678900049068,4,Bank Marketing,0.270921115529995,88.0,"[0.26143388407539353, 0.26143388407539353, 0.26143388407539353, 0.26143388407539353, 0.26576719576719576, 0.2706188790627986, 0.27092111552999504, 0.27092111552999504, 0.27092111552999504, 0.27092111552999504, 0.27092111552999504]",True
7,QNN,quantum,PCA,gwo,1200,904,2477.676335700031,"{'n_layers': 4, 'learning_rate': 0.025135540517060344, 'feature_map': 'angle', 'entanglement': 'circular', 'init_scale': 0.49875574858890104}",0.672566371681416,0.1962025316455696,0.5961538461538461,0.2952380952380952,0.6393269230769231,0.1864637871392553,0.7197115384615385,546,254,42,62,ok,20.117591799993534,4,Bank Marketing,0.2938929654391911,56.0,"[0.27038737349378456, 0.2823972526863853, 0.2938929654391911, 0.2938929654391911, 0.2938929654391911, 0.2938929654391911, 0.2938929654391911]",True
8,QNN,quantum,PCA,gwo,1200,904,2320.910866099992,"{'n_layers': 2, 'learning_rate': 0.04231225551235686, 'feature_map': 'angle', 'entanglement': 'circular', 'init_scale': 0.24059972685543515}",0.5929203539823009,0.1615384615384615,0.6057692307692307,0.2550607287449393,0.5985096153846154,0.1269277025632575,0.6671634615384615,473,327,41,63,ok,11.314080199983437,4,Bank Marketing,0.3163292552509615,72.0,"[0.2755979911321573, 0.30535382491904234, 0.30535382491904234, 0.30535382491904234, 0.3163292552509615, 0.3163292552509615, 0.3163292552509615, 0.3163292552509615, 0.3163292552509615]",True
9,QNN,quantum,PCA,gwo,1200,904,2473.037136800005,"{'n_layers': 3, 'learning_rate': 0.0920782598321963, 'feature_map': 'angle', 'entanglement': 'linear', 'init_scale': 0.14229939647930434}",0.6714601769911505,0.1794019933554817,0.5192307692307693,0.2666666666666666,0.6052403846153847,0.1425056822058029,0.6559014423076923,553,247,50,54,ok,15.89945779996924,4,Bank Marketing,0.2810597843532794,56.0,"[0.2570129007002792, 0.2638640047507042, 0.28105978435327944, 0.28105978435327944, 0.28105978435327944, 0.28105978435327944, 0.28105978435327944]",True
10,QNN,quantum,PCA,gwo,1200,905,3502.401784299989,"{'n_layers': 3, 'learning_rate': 0.018828944798081886, 'feature_map': 'angle', 'entanglement': 'linear', 'init_scale': 0.15577668754170074}",0.6839779005524862,0.2032786885245901,0.5904761904761905,0.3024390243902439,0.6433630952380953,0.1942591404495333,0.6886785714285714,557,243,43,62,ok,10.53172089997679,4,Bank Marketing,0.3006638353722665,96.0,"[0.25945560486582725, 0.28342914275189907, 0.2896773298323139, 0.2896773298323139, 0.2914819091345946, 0.2914819091345946, 0.2914819091345946, 0.3006638353722665, 0.3006638353722665, 0.3006638353722665, 0.3006638353722665, 0.3006638353722665]",True
11,QNN,quantum,PCA,gwo,1200,904,3781.941304200038,"{'n_layers': 5, 'learning_rate': 0.0306051310525411, 'feature_map': 'angle', 'entanglement': 'linear', 'init_scale': 0.11259521100478609}",0.6714601769911505,0.1750841750841751,0.5,0.2593516209476309,0.596875,0.1316227026705823,0.653233173076923,555,245,52,52,ok,13.74018669995712,4,Bank Marketing,0.2908442779559479,80.0,"[0.28022408873932364, 0.28022408873932364, 0.28022408873932364, 0.28298694192681695, 0.28959082862041613, 0.29084427795594797, 0.29084427795594797, 0.29084427795594797, 0.29084427795594797, 0.29084427795594797]",True
12,QNN,quantum,PCA,gwo,1200,904,2588.851442199957,"{'n_layers': 2, 'learning_rate': 0.31351759484559694, 'feature_map': 'angle', 'entanglement': 'circular', 'init_scale': 0.11185415455332136}",0.6880530973451328,0.1888111888111888,0.5192307692307693,0.2769230769230769,0.6146153846153846,0.1572741406277946,0.6285336538461539,568,232,50,54,ok,9.736591099994255,4,Bank Marketing,0.3147264052310234,56.0,"[0.3076971263017775, 0.3076971263017775, 0.3147264052310234, 0.3147264052310234, 0.3147264052310234, 0.3147264052310234, 0.3147264052310234]",True
13,QNN,quantum,PCA,gwo,1200,904,2477.1584904000047,"{'n_layers': 3, 'learning_rate': 0.2854818220200195, 'feature_map': 'angle', 'entanglement': 'circular', 'init_scale': 0.2564826975056853}",0.4867256637168141,0.1484375,0.7307692307692307,0.2467532467532467,0.5928846153846153,0.119607229811065,0.6693509615384615,364,436,28,76,ok,16.03531439998187,4,Bank Marketing,0.3195128277683456,64.0,"[0.30333273304212227, 0.30333273304212227, 0.30333273304212227, 0.3195128277683456, 0.3195128277683456, 0.3195128277683456, 0.3195128277683456, 0.3195128277683456]",True
14,QNN,quantum,PCA,gwo,1200,904,2687.95764540002,"{'n_layers': 3, 'learning_rate': 0.0038413286619210624, 'feature_map': 'angle', 'entanglement': 'linear', 'init_scale': 0.2010200574260396}",0.5243362831858407,0.1517094017094017,0.6826923076923077,0.2482517482517482,0.5932211538461538,0.1190528953233213,0.6540625000000001,403,397,33,71,ok,12.903655499976594,4,Bank Marketing,0.2978922011442337,64.0,"[0.26426258096661687, 0.2670686767169179, 0.2670686767169179, 0.2978922011442337, 0.2978922011442337, 0.2978922011442337, 0.2978922011442337, 0.2978922011442337]",True
0,QSVC,quantum,PCA,gwo,1200,905,2130.140951799985,"{'C': 0.010000000000000004, 'map_reps': 1, 'scale': 0.6216187213484594, 'entanglement': 'linear'}",0.4430939226519337,0.1352833638025594,0.7047619047619048,0.2269938650306748,0.5567559523809524,0.0743439920777218,0.5,327,473,31,74,ok,25.197523300012108,4,Bank Marketing,0.2712053571428571,48.0,"[0.2101307625098109, 0.27120535714285715, 0.27120535714285715, 0.27120535714285715, 0.27120535714285715, 0.27120535714285715]",True
1,QSVC,quantum,PCA,gwo,1200,904,2473.5673559000134,"{'C': 0.16372353134076192, 'map_reps': 1, 'scale': 0.25050838822185717, 'entanglement': 'linear'}",0.6526548672566371,0.1818181818181818,0.5769230769230769,0.2764976958525346,0.6197115384615384,0.1586772827361523,0.6315985576923077,530,270,44,60,ok,22.98046380002052,4,Bank Marketing,0.3043811994660351,96.0,"[0.27637349100763736, 0.28177597683122857, 0.2895655747864364, 0.2972570139249158, 0.29849498379908995, 0.29849498379908995, 0.29849498379908995, 0.30438119946603515, 0.30438119946603515, 0.30438119946603515, 0.30438119946603515, 0.30438119946603515]",True
2,QSVC,quantum,PCA,gwo,1200,904,2266.924232600024,"{'C': 0.043317779451254146, 'map_reps': 1, 'scale': 0.4904149667250915, 'entanglement': 'circular'}",0.5309734513274337,0.1460176991150442,0.6346153846153846,0.237410071942446,0.5760576923076923,0.0970725343394151,0.4266947115384615,414,386,38,66,ok,27.882746000017505,4,Bank Marketing,0.2665335176934501,88.0,"[0.24170151131207773, 0.24170151131207773, 0.24170151131207773, 0.2565714860186843, 0.2565714860186843, 0.2585199047322913, 0.2665335176934501, 0.2665335176934501, 0.2665335176934501, 0.2665335176934501, 0.2665335176934501]",True
3,QSVC,quantum,PCA,gwo,1200,904,3103.101434800017,"{'C': 0.04413246056566013, 'map_reps': 2, 'scale': 0.340285599312696, 'entanglement': 'full'}",0.6006637168141593,0.1554959785522788,0.5576923076923077,0.2431865828092243,0.5819711538461538,0.1062554049397708,0.3882992788461538,485,315,46,58,ok,43.49690669996198,4,Bank Marketing,0.2596968394184465,64.0,"[0.23788947577065303, 0.2552676082087847, 0.2552676082087847, 0.2596968394184465, 0.2596968394184465, 0.2596968394184465, 0.2596968394184465, 0.2596968394184465]",True
4,QSVC,quantum,PCA,gwo,1200,904,2912.254773699969,"{'C': 2.620804805740312, 'map_reps': 1, 'scale': 0.5080048140428275, 'entanglement': 'full'}",0.6581858407079646,0.1746031746031746,0.5288461538461539,0.2625298329355608,0.601923076923077,0.1365058490219684,0.6386658653846152,540,260,49,55,ok,25.985224200005177,4,Bank Marketing,0.275936301555394,96.0,"[0.21964532503146694, 0.24764400552625845, 0.2580352462105648, 0.2580352462105648, 0.2639688130662397, 0.27188448518752173, 0.27188448518752173, 0.27292021114802084, 0.275936301555394, 0.275936301555394, 0.275936301555394, 0.275936301555394]",False
5,QSVC,quantum,PCA,gwo,1200,905,3383.60098680004,"{'C': 0.7383810163010851, 'map_reps': 2, 'scale': 0.272452772985541, 'entanglement': 'linear'}",0.4651933701657458,0.151012891344383,0.780952380952381,0.2530864197530864,0.6023511904761905,0.1338160903320151,0.6326428571428571,339,461,23,82,ok,22.87587599997641,4,Bank Marketing,0.2838000935052873,96.0,"[0.23058944017255564, 0.2643864985447884, 0.2770184513332615, 0.2770184513332615, 0.2775174221319656, 0.2775174221319656, 0.2775174221319656, 0.28038499038045434, 0.28038499038045434, 0.283692746284188, 0.28380009350528734, 0.28380009350528734]",False
6,QSVC,quantum,PCA,gwo,1200,904,1703.5375884000096,"{'C': 0.038597397788319415, 'map_reps': 1, 'scale': 0.2818307811286064, 'entanglement': 'linear'}",0.8241150442477876,0.2566371681415929,0.2788461538461538,0.2672811059907834,0.5869230769230769,0.1677255738755069,0.3231009615384615,716,84,75,29,ok,27.67142689996399,4,Bank Marketing,0.2830265883153052,70.0,"[0.25956381876327944, 0.2731949120838009, 0.2825619755987505, 0.2825619755987505, 0.2830265883153052, 0.2830265883153052, 0.2830265883153052, 0.2830265883153052, 0.2830265883153052]",True
7,QSVC,quantum,PCA,gwo,1200,904,2915.3890634999843,"{'C': 0.03847685641604546, 'map_reps': 1, 'scale': 0.3150113795049587, 'entanglement': 'circular'}",0.4369469026548672,0.1403197158081705,0.7596153846153846,0.2368815592203898,0.5773076923076923,0.1017848125901313,0.3730228365384615,316,484,25,79,ok,19.520905099983796,4,Bank Marketing,0.2583028159943828,96.0,"[0.2544267344267344, 0.2544267344267344, 0.2544267344267344, 0.2544267344267344, 0.25646317439689764, 0.2565699820400345, 0.25713874903187534, 0.25713874903187534, 0.2575942030696809, 0.2575942030696809, 0.2575942030696809, 0.2583028159943828]",False
8,QSVC,quantum,PCA,gwo,1200,904,2719.4272880000062,"{'C': 0.2975858715194406, 'map_reps': 1, 'scale': 0.3059058367489008, 'entanglement': 'linear'}",0.5752212389380531,0.1650717703349282,0.6634615384615384,0.264367816091954,0.6136057692307693,0.1454071525665399,0.6566706730769232,451,349,35,69,ok,18.543052299995907,4,Bank Marketing,0.270620248635301,96.0,"[0.229177769767256, 0.23159940418004935, 0.23534865183336798, 0.2542416030220908, 0.2542416030220908, 0.26464383408634823, 0.26744935975705203, 0.2702980889492146, 0.27062024863530104, 0.27062024863530104, 0.27062024863530104, 0.27062024863530104]",False
9,QSVC,quantum,PCA,gwo,1200,904,2675.1309537999914,"{'C': 0.871764645692936, 'map_reps': 1, 'scale': 0.25149683741663464, 'entanglement': 'full'}",0.6692477876106194,0.2054380664652568,0.6538461538461539,0.3126436781609195,0.6625480769230769,0.2153189169919046,0.7047475961538462,537,263,36,68,ok,33.39327510003932,4,Bank Marketing,0.3150057273768614,72.0,"[0.2243201007561421, 0.2243201007561421, 0.28715707836555154, 0.28715707836555154, 0.3150057273768614, 0.3150057273768614, 0.3150057273768614, 0.3150057273768614, 0.3150057273768614]",True
10,QSVC,quantum,PCA,gwo,1200,905,1821.3816605000172,"{'C': 2.0054442325046686, 'map_reps': 1, 'scale': 0.3249266059145596, 'entanglement': 'linear'}",0.63646408839779,0.1686390532544378,0.5428571428571428,0.2573363431151241,0.5958035714285714,0.1268532091111281,0.6359761904761906,519,281,48,57,ok,26.105172199953813,4,Bank Marketing,0.2988094150604427,64.0,"[0.2599896445374935, 0.27963813779886687, 0.27963813779886687, 0.29880941506044273, 0.29880941506044273, 0.29880941506044273, 0.29880941506044273, 0.29880941506044273]",True
11,QSVC,quantum,PCA,gwo,1200,904,2797.7167383000487,"{'C': 4.3060601203673246, 'map_reps': 1, 'scale': 0.25, 'entanglement': 'linear'}",0.6272123893805309,0.168091168091168,0.5673076923076923,0.2593406593406593,0.6011538461538461,0.1324518215844945,0.6525661057692307,508,292,45,59,ok,17.39331969997147,4,Bank Marketing,0.2780406065529978,96.0,"[0.23233737355708708, 0.2398769173490143, 0.25168675272062374, 0.25168675272062374, 0.27133825105123205, 0.27133825105123205, 0.27231103358358016, 0.2772757196540397, 0.2772757196540397, 0.2772757196540397, 0.2772757196540397, 0.27804060655299784]",False
12,QSVC,quantum,PCA,gwo,1200,904,2694.460775899992,"{'C': 0.13862059568642784, 'map_reps': 1, 'scale': 0.25, 'entanglement': 'linear'}",0.7079646017699115,0.2183098591549295,0.5961538461538461,0.3195876288659793,0.6593269230769231,0.2190412015698908,0.7529927884615385,578,222,42,62,ok,20.57333420001669,4,Bank Marketing,0.2932779336424858,96.0,"[0.22793418726097547, 0.25149265938739623, 0.25149265938739623, 0.2587754659303639, 0.2876098541509153, 0.2876098541509153, 0.2876098541509153, 0.2932779336424858, 0.2932779336424858, 0.2932779336424858, 0.2932779336424858, 0.2932779336424858]",True
13,QSVC,quantum,PCA,gwo,1200,904,2976.052808600012,"{'C': 0.06832496795497575, 'map_reps': 1, 'scale': 0.27766464792040296, 'entanglement': 'linear'}",0.6150442477876106,0.1553672316384181,0.5288461538461539,0.2401746724890829,0.577548076923077,0.1013864030242012,0.5936177884615386,501,299,49,55,ok,14.86627389997011,4,Bank Marketing,0.2826881281053647,96.0,"[0.26971112538696823, 0.27213962508080153, 0.27213962508080153, 0.27213962508080153, 0.27436600786189325, 0.2744222409857085, 0.28129707589031744, 0.28268812810536476, 0.28268812810536476, 0.28268812810536476, 0.28268812810536476, 0.28268812810536476]",True
14,QSVC,quantum,PCA,gwo,1200,904,3235.1096292999573,"{'C': 0.04454542509119056, 'map_reps': 1, 'scale': 0.30488997311535226, 'entanglement': 'linear'}",0.7953539823008849,0.2574850299401197,0.4134615384615384,0.3173431734317343,0.6292307692307693,0.2125032657745742,0.4091526442307692,676,124,61,43,ok,12.7373765000375,4,Bank Marketing,0.2835460190544703,96.0,"[0.23983071442236595, 0.25416514970267506, 0.25416514970267506, 0.25416514970267506, 0.2647080578115061, 0.26904317564499275, 0.2765131194445172, 0.2808101247242521, 0.2826148062260638, 0.28354601905447036, 0.28354601905447036, 0.28354601905447036]",False
0,QDT,quantum,PCA,gwo,1200,905,11.884809899958782,"{'max_depth': 4, 'min_samples_split': 5, 'map_reps': 1, 'entanglement': 'circular'}",0.6917127071823205,0.1009174311926605,0.2095238095238095,0.1362229102167182,0.4822619047619048,-0.026568681690189,0.4959642857142857,604,196,83,22,ok,0.0732058000285178,4,Bank Marketing,0.2091337463900703,68.0,"[0.19079520697167754, 0.19889289048952916, 0.20009241411040513, 0.20224537761851194, 0.20834683735753257, 0.20834683735753257, 0.20834683735753257, 0.20862480127186012, 0.20913374639007035, 0.20913374639007035, 0.20913374639007035, 0.20913374639007035]",False
1,QDT,quantum,PCA,gwo,1200,904,11.290345999994315,"{'max_depth': 7, 'min_samples_split': 3, 'map_reps': 3, 'entanglement': 'circular'}",0.4966814159292035,0.1091314031180401,0.4711538461538461,0.1772151898734177,0.4855769230769231,-0.018408597824857,0.5025240384615384,400,400,55,49,ok,0.1632172999670729,4,Bank Marketing,0.2266896919304978,56.0,"[0.21233286482947944, 0.21464714626804013, 0.21780938732390384, 0.22373100755453698, 0.22668969193049782, 0.22668969193049782, 0.22668969193049782, 0.22668969193049782, 0.22668969193049782]",True
2,QDT,quantum,PCA,gwo,1200,904,8.126935400010552,"{'max_depth': 2, 'min_samples_split': 12, 'map_reps': 2, 'entanglement': 'circular'}",0.3860619469026549,0.1145299145299145,0.6442307692307693,0.1944847605224963,0.4983653846153846,-0.0021829006305677,0.5086478365384616,282,518,37,67,ok,0.1387902999995276,4,Bank Marketing,0.2362735659847573,45.0,"[0.19910659884338322, 0.23627356598475732, 0.23627356598475732, 0.23627356598475732, 0.23627356598475732, 0.23627356598475732]",True
3,QDT,quantum,PCA,gwo,1200,904,12.008236400026362,"{'max_depth': 6, 'min_samples_split': 19, 'map_reps': 2, 'entanglement': 'circular'}",0.6073008849557522,0.1275964391691394,0.4134615384615384,0.1950113378684807,0.5229807692307692,0.0303284168458995,0.5292788461538462,506,294,61,43,ok,0.0712493999744765,4,Bank Marketing,0.2206360739328937,68.0,"[0.19989996043211122, 0.20521622390977023, 0.21075629783492697, 0.2141978810887709, 0.2141978810887709, 0.21458321545921658, 0.22063607393289372, 0.22063607393289372, 0.22063607393289372, 0.22063607393289372, 0.22063607393289372]",True
4,QDT,quantum,PCA,gwo,1200,904,7.627037499973085,"{'max_depth': 3, 'min_samples_split': 6, 'map_reps': 2, 'entanglement': 'circular'}",0.2676991150442478,0.113573407202216,0.7884615384615384,0.198547215496368,0.4942307692307692,-0.0091813232309933,0.4993990384615385,160,640,22,82,ok,0.1521454000030644,4,Bank Marketing,0.2266479021258965,39.0,"[0.22664790212589656, 0.22664790212589656, 0.22664790212589656, 0.22664790212589656, 0.22664790212589656]",True
5,QDT,quantum,PCA,gwo,1200,905,11.126958600012586,"{'max_depth': 10, 'min_samples_split': 4, 'map_reps': 3, 'entanglement': 'full'}",0.5734806629834254,0.1192411924119241,0.419047619047619,0.1856540084388185,0.5063988095238096,0.0083401381257622,0.5084642857142857,475,325,61,44,ok,0.1150224999873898,4,Bank Marketing,0.2156316093563647,53.0,"[0.20726795514836568, 0.20726795514836568, 0.20726795514836568, 0.2156316093563647, 0.2156316093563647, 0.2156316093563647, 0.2156316093563647, 0.2156316093563647]",True
6,QDT,quantum,PCA,gwo,1200,904,7.632490099989809,"{'max_depth': 5, 'min_samples_split': 4, 'map_reps': 1, 'entanglement': 'full'}",0.3230088495575221,0.1220238095238095,0.7884615384615384,0.211340206185567,0.5254807692307693,0.0372285022606799,0.511484375,210,590,22,82,ok,0.084509500011336,4,Bank Marketing,0.2183782059646528,40.0,"[0.21837820596465285, 0.21837820596465285, 0.21837820596465285, 0.21837820596465285, 0.21837820596465285]",True
7,QDT,quantum,PCA,gwo,1200,904,10.194781000027431,"{'max_depth': 3, 'min_samples_split': 10, 'map_reps': 1, 'entanglement': 'circular'}",0.3097345132743362,0.1153846153846153,0.75,0.2,0.50125,0.0018367958959266,0.506796875,202,598,26,78,ok,0.0659024000051431,4,Bank Marketing,0.2257946547239893,64.0,"[0.2081300927672568, 0.2081300927672568, 0.2081300927672568, 0.21025765034545638, 0.21628241458958183, 0.21628241458958183, 0.2163530046343526, 0.22579465472398932, 0.22579465472398932, 0.22579465472398932, 0.22579465472398932, 0.22579465472398932]",True
8,QDT,quantum,PCA,gwo,1200,904,10.281522900040729,"{'max_depth': 12, 'min_samples_split': 11, 'map_reps': 3, 'entanglement': 'linear'}",0.5022123893805309,0.1255411255411255,0.5576923076923077,0.2049469964664311,0.5263461538461538,0.0336338636993341,0.5394951923076923,396,404,46,58,ok,0.0989609999815002,4,Bank Marketing,0.2234832731767991,52.0,"[0.22066456463739995, 0.2225525210832852, 0.2225525210832852, 0.2225525210832852, 0.22348327317679914, 0.22348327317679914, 0.22348327317679914, 0.22348327317679914, 0.22348327317679914]",True
9,QDT,quantum,PCA,gwo,1200,904,8.596350900013931,"{'max_depth': 12, 'min_samples_split': 32, 'map_reps': 1, 'entanglement': 'circular'}",0.4502212389380531,0.103030303030303,0.4903846153846153,0.1702838063439065,0.4676923076923077,-0.0414222173758022,0.4905889423076923,356,444,53,51,ok,0.0756030000047758,4,Bank Marketing,0.2278365498223654,45.0,"[0.20301604460291192, 0.22783654982236543, 0.22783654982236543, 0.22783654982236543, 0.22783654982236543, 0.22783654982236543]",True
10,QDT,quantum,PCA,gwo,1200,905,8.448266899969894,"{'max_depth': 4, 'min_samples_split': 32, 'map_reps': 1, 'entanglement': 'circular'}",0.7701657458563536,0.1347517730496454,0.1809523809523809,0.1544715447154471,0.5142261904761904,0.0251247658070314,0.5071190476190477,678,122,86,19,ok,0.0783580000279471,4,Bank Marketing,0.2211758551596474,51.0,"[0.20528190240497493, 0.22069479356507482, 0.22117585515964747, 0.22117585515964747, 0.22117585515964747, 0.22117585515964747, 0.22117585515964747]",True
11,QDT,quantum,PCA,gwo,1200,904,8.761305599997286,"{'max_depth': 2, 'min_samples_split': 12, 'map_reps': 1, 'entanglement': 'full'}",0.204646017699115,0.1170610211706102,0.903846153846154,0.207276736493936,0.5087980769230769,0.0178221852698171,0.516796875,91,709,10,94,ok,0.0844914999906905,4,Bank Marketing,0.2141243514740409,47.0,"[0.20964727810098938, 0.21412435147404096, 0.21412435147404096, 0.21412435147404096, 0.21412435147404096, 0.21412435147404096]",True
12,QDT,quantum,PCA,gwo,1200,904,11.337111700035166,"{'max_depth': 8, 'min_samples_split': 31, 'map_reps': 2, 'entanglement': 'circular'}",0.4668141592920354,0.1204819277108433,0.5769230769230769,0.1993355481727574,0.5147115384615384,0.0188743525186025,0.5378185096153847,362,438,44,60,ok,0.0778572999988682,4,Bank Marketing,0.2161509986225895,63.0,"[0.2010403000062476, 0.2010403000062476, 0.20505206693929132, 0.21164928040953113, 0.21164928040953113, 0.21615099862258955, 0.21615099862258955, 0.21615099862258955, 0.21615099862258955, 0.21615099862258955]",True
13,QDT,quantum,PCA,gwo,1200,904,11.72166500001913,"{'max_depth': 8, 'min_samples_split': 13, 'map_reps': 3, 'entanglement': 'linear'}",0.5210176991150443,0.1200923787528868,0.5,0.1936685288640595,0.5118750000000001,0.015169486345145,0.4966947115384615,419,381,52,52,ok,0.0810152000049129,4,Bank Marketing,0.2215788421706662,62.0,"[0.20611087612931836, 0.20739508492317482, 0.20739508492317482, 0.2144210717761613, 0.2161918445539135, 0.22157884217066623, 0.22157884217066623, 0.22157884217066623, 0.22157884217066623, 0.22157884217066623]",True
14,QDT,quantum,PCA,gwo,1200,904,9.403165100025944,"{'max_depth': 12, 'min_samples_split': 16, 'map_reps': 1, 'entanglement': 'full'}",0.4579646017699115,0.114,0.5480769230769231,0.1887417218543046,0.4971634615384616,-0.0036408656269255,0.4812259615384615,357,443,47,57,ok,0.0755159999825991,4,Bank Marketing,0.2370600995825144,54.0,"[0.20527801600914808, 0.21725522418053822, 0.22558200407080542, 0.22558200407080542, 0.2370600995825144, 0.2370600995825144, 0.2370600995825144, 0.2370600995825144, 0.2370600995825144]",True
0,LogReg,classical,LDA,default,1200,905,3.00002284348011e-07,{},0.6817679558011049,0.181184668989547,0.4952380952380952,0.2653061224489796,0.6007440476190476,0.1386608468999964,0.6426666666666665,565,235,53,52,ok,0.0422485999879427,1,Bank Marketing,,,,
1,LogReg,classical,LDA,default,1200,904,3.00002284348011e-07,{},0.6283185840707964,0.1547619047619047,0.5,0.2363636363636363,0.5725,0.0957383324648609,0.6209855769230769,516,284,52,52,ok,0.0425519999698735,1,Bank Marketing,,,,
2,LogReg,classical,LDA,default,1200,904,3.00002284348011e-07,{},0.6747787610619469,0.197452229299363,0.5961538461538461,0.2966507177033493,0.6405769230769232,0.1884147343191458,0.6868269230769231,548,252,42,62,ok,0.0434117999975569,1,Bank Marketing,,,,
3,LogReg,classical,LDA,default,1200,904,2.00001522898674e-07,{},0.6780973451327433,0.1974110032362459,0.5865384615384616,0.2953995157384987,0.6382692307692308,0.186028499459549,0.6535336538461538,552,248,43,61,ok,0.0609569999505765,1,Bank Marketing,,,,
4,LogReg,classical,LDA,default,1200,904,3.00002284348011e-07,{},0.6803097345132744,0.202572347266881,0.6057692307692307,0.3036144578313253,0.6478846153846154,0.1986584825428095,0.7183052884615384,552,248,41,63,ok,0.0605179000413045,1,Bank Marketing,,,,
5,LogReg,classical,LDA,default,1200,905,3.00002284348011e-07,{},0.63646408839779,0.1923076923076923,0.6666666666666666,0.2985074626865671,0.6495833333333333,0.1953905346149342,0.6873928571428571,506,294,35,70,ok,0.0425208999658934,1,Bank Marketing,,,,
6,LogReg,classical,LDA,default,1200,904,2.00001522898674e-07,{},0.6338495575221239,0.180281690140845,0.6153846153846154,0.2788671023965142,0.6258173076923077,0.1644113130282571,0.6802764423076924,509,291,40,64,ok,0.042836399981752,1,Bank Marketing,,,,
7,LogReg,classical,LDA,default,1200,904,2.00001522898674e-07,{},0.6482300884955752,0.157051282051282,0.4711538461538461,0.235576923076923,0.5712019230769231,0.0955752036319202,0.6358173076923077,537,263,55,49,ok,0.0420390999643132,1,Bank Marketing,,,,
8,LogReg,classical,LDA,default,1200,904,3.00002284348011e-07,{},0.5796460176991151,0.1666666666666666,0.6634615384615384,0.2664092664092664,0.6161057692307692,0.1487124225321631,0.6837500000000001,455,345,35,69,ok,0.0755012999870814,1,Bank Marketing,,,,
9,LogReg,classical,LDA,default,1200,904,5.00003807246685e-07,{},0.6836283185840708,0.1925675675675675,0.5480769230769231,0.285,0.6246634615384616,0.1695247823437658,0.6723677884615384,561,239,47,57,ok,0.0633915999787859,1,Bank Marketing,,,,
10,LogReg,classical,LDA,default,1200,905,4.00003045797348e-07,{},0.6762430939226519,0.1845637583892617,0.5238095238095238,0.2729528535980149,0.6100297619047619,0.1499606569447046,0.646797619047619,557,243,50,55,ok,0.0638583999825641,1,Bank Marketing,,,,
11,LogReg,classical,LDA,default,1200,904,4.00003045797348e-07,{},0.6980088495575221,0.2135593220338983,0.6057692307692307,0.3157894736842105,0.6578846153846154,0.2148878288720693,0.7210336538461539,568,232,41,63,ok,0.0471736000035889,1,Bank Marketing,,,,
12,LogReg,classical,LDA,default,1200,904,4.00003045797348e-07,{},0.6371681415929203,0.1686390532544378,0.5480769230769231,0.2579185520361991,0.5984134615384615,0.1298014669826465,0.6330769230769231,519,281,47,57,ok,0.0630312000284902,1,Bank Marketing,,,,
13,LogReg,classical,LDA,default,1200,904,3.00002284348011e-07,{},0.5940265486725663,0.1530343007915567,0.5576923076923077,0.2401656314699793,0.5782211538461539,0.1011618167323218,0.64640625,479,321,46,58,ok,0.040916699974332,1,Bank Marketing,,,,
14,LogReg,classical,LDA,default,1200,904,2.00001522898674e-07,{},0.6117256637168141,0.1653116531165311,0.5865384615384616,0.2579281183932346,0.6007692307692307,0.1308366838446298,0.6220673076923077,492,308,43,61,ok,0.0353001999901607,1,Bank Marketing,,,,
0,SVC,classical,LDA,default,1200,905,2.00001522898674e-07,{},0.6441988950276243,0.2027397260273972,0.7047619047619048,0.3148936170212766,0.6705059523809525,0.2226208678360292,0.7128214285714286,509,291,31,74,ok,0.0645312999840825,1,Bank Marketing,,,,
1,SVC,classical,LDA,default,1200,904,1.00000761449337e-07,{},0.6493362831858407,0.1461794019933555,0.4230769230769231,0.2172839506172839,0.5509134615384615,0.0689417622000664,0.5925961538461538,543,257,60,44,ok,0.0644257999956607,1,Bank Marketing,,,,
2,SVC,classical,LDA,default,1200,904,3.00002284348011e-07,{},0.5707964601769911,0.1619047619047619,0.6538461538461539,0.2595419847328244,0.6069230769230769,0.1368093503864483,0.6454206730769231,448,352,36,68,ok,0.0839060000143945,1,Bank Marketing,,,,
3,SVC,classical,LDA,default,1200,904,2.00001522898674e-07,{},0.6238938053097345,0.1529411764705882,0.5,0.2342342342342342,0.5700000000000001,0.0922169360120072,0.6144290865384616,512,288,52,52,ok,0.0554127999930642,1,Bank Marketing,,,,
4,SVC,classical,LDA,default,1200,904,2.00001522898674e-07,{},0.6924778761061947,0.2,0.5576923076923077,0.2944162436548223,0.6338461538461538,0.1829845280601508,0.6688641826923077,568,232,46,58,ok,0.0616041000466793,1,Bank Marketing,,,,
5,SVC,classical,LDA,default,1200,905,2.00001522898674e-07,{},0.7215469613259669,0.2048192771084337,0.4857142857142857,0.288135593220339,0.6191071428571429,0.1708267397377982,0.645702380952381,602,198,54,51,ok,0.0713533000089228,1,Bank Marketing,,,,
6,SVC,classical,LDA,default,1200,904,3.00002284348011e-07,{},0.7853982300884956,0.2606382978723404,0.4711538461538461,0.3356164383561644,0.6487019230769231,0.2338152363093733,0.6788341346153847,661,139,55,49,ok,0.0856181000126525,1,Bank Marketing,,,,
7,SVC,classical,LDA,default,1200,904,2.00001522898674e-07,{},0.6504424778761062,0.180722891566265,0.5769230769230769,0.2752293577981651,0.6184615384615384,0.1568201883346311,0.6660576923076924,528,272,44,60,ok,0.0727838999591767,1,Bank Marketing,,,,
8,SVC,classical,LDA,default,1200,904,2.00001522898674e-07,{},0.6836283185840708,0.2101910828025477,0.6346153846153846,0.3157894736842105,0.6623076923076923,0.2175404046037743,0.6802043269230769,552,248,38,66,ok,0.067324900010135,1,Bank Marketing,,,,
9,SVC,classical,LDA,default,1200,904,2.00001522898674e-07,{},0.5719026548672567,0.1590361445783132,0.6346153846153846,0.2543352601156069,0.5991826923076923,0.1270132631777024,0.6448317307692308,451,349,38,66,ok,0.0638647999730892,1,Bank Marketing,,,,
10,SVC,classical,LDA,default,1200,905,3.00002284348011e-07,{},0.7779005524861878,0.2818181818181818,0.5904761904761905,0.3815384615384615,0.6964880952380952,0.2933926671162357,0.712059523809524,642,158,43,62,ok,0.0802056000102311,1,Bank Marketing,,,,
11,SVC,classical,LDA,default,1200,904,2.00001522898674e-07,{},0.5730088495575221,0.1705607476635514,0.7019230769230769,0.2744360902255639,0.6290865384615385,0.1649860606287007,0.6675360576923077,445,355,31,73,ok,0.065221199998632,1,Bank Marketing,,,,
12,SVC,classical,LDA,default,1200,904,2.00001522898674e-07,{},0.6692477876106194,0.1962616822429906,0.6057692307692307,0.2964705882352941,0.6416346153846153,0.1888749110298366,0.6655588942307692,542,258,41,63,ok,0.066280800034292,1,Bank Marketing,,,,
13,SVC,classical,LDA,default,1200,904,2.00001522898674e-07,{},0.7123893805309734,0.2234042553191489,0.6057692307692307,0.3264248704663212,0.6660096153846153,0.2286678748875629,0.7294110576923076,581,219,41,63,ok,0.062785799964331,1,Bank Marketing,,,,
14,SVC,classical,LDA,default,1200,904,2.00001522898674e-07,{},0.5553097345132744,0.1469194312796208,0.5961538461538461,0.2357414448669201,0.573076923076923,0.0934742883019282,0.6104567307692308,440,360,42,62,ok,0.0617950999876484,1,Bank Marketing,,,,
0,DecisionTree,classical,LDA,default,1200,905,3.00002284348011e-07,{},0.6475138121546962,0.1677018633540372,0.5142857142857142,0.2529274004683841,0.5896428571428571,0.1199286971154068,0.5896428571428572,532,268,51,54,ok,0.0384463000227697,1,Bank Marketing,,,,
1,DecisionTree,classical,LDA,default,1200,904,2.00001522898674e-07,{},0.5420353982300885,0.1493212669683258,0.6346153846153846,0.2417582417582417,0.5823076923076923,0.1050751362285766,0.5823076923076923,424,376,38,66,ok,0.0402082999935373,1,Bank Marketing,,,,
2,DecisionTree,classical,LDA,default,1200,904,2.00001522898674e-07,{},0.5907079646017699,0.1481481481481481,0.5384615384615384,0.2323651452282157,0.5679807692307692,0.0879506313382914,0.5679807692307691,478,322,48,56,ok,0.0384440000052563,1,Bank Marketing,,,,
3,DecisionTree,classical,LDA,default,1200,904,2.00001522898674e-07,{},0.5719026548672567,0.1435768261964735,0.5480769230769231,0.2275449101796407,0.5615384615384615,0.0791296164111882,0.5615384615384615,460,340,47,57,ok,0.0392287999857217,1,Bank Marketing,,,,
4,DecisionTree,classical,LDA,default,1200,904,2.00001522898674e-07,{},0.5918141592920354,0.1576227390180878,0.5865384615384616,0.2484725050916497,0.5895192307692307,0.1154535380800424,0.5895192307692309,474,326,43,61,ok,0.042117400036659,1,Bank Marketing,,,,
5,DecisionTree,classical,LDA,default,1200,905,2.00001522898674e-07,{},0.6132596685082873,0.162534435261708,0.5619047619047619,0.2521367521367521,0.5909523809523809,0.1188586396549847,0.5909523809523809,496,304,46,59,ok,0.0450618999893777,1,Bank Marketing,,,,
6,DecisionTree,classical,LDA,default,1200,904,3.00002284348011e-07,{},0.5973451327433629,0.1524064171122994,0.5480769230769231,0.2384937238493724,0.5759134615384616,0.0983641215852306,0.5759134615384616,483,317,47,57,ok,0.0386630999855697,1,Bank Marketing,,,,
7,DecisionTree,classical,LDA,default,1200,904,2.00001522898674e-07,{},0.6338495575221239,0.1729106628242075,0.5769230769230769,0.2660753880266075,0.6090865384615385,0.143143121887333,0.6090865384615384,513,287,44,60,ok,0.0394532000063918,1,Bank Marketing,,,,
8,DecisionTree,classical,LDA,default,1200,904,2.00001522898674e-07,{},0.547566371681416,0.1478060046189376,0.6153846153846154,0.2383612662942272,0.5770673076923076,0.0984481239322571,0.5770673076923077,431,369,40,64,ok,0.0382737999898381,1,Bank Marketing,,,,
9,DecisionTree,classical,LDA,default,1200,904,3.00002284348011e-07,{},0.6073008849557522,0.1773778920308483,0.6634615384615384,0.2799188640973631,0.6317307692307692,0.1697854505668377,0.6317307692307692,480,320,35,69,ok,0.037240199977532,1,Bank Marketing,,,,
10,DecisionTree,classical,LDA,default,1200,905,1.00000761449337e-07,{},0.6729281767955801,0.1889250814332247,0.5523809523809524,0.2815533980582524,0.6205654761904762,0.1631070844529697,0.6205654761904762,551,249,47,58,ok,0.0366715000127442,1,Bank Marketing,,,,
11,DecisionTree,classical,LDA,default,1200,904,2.00001522898674e-07,{},0.6117256637168141,0.152112676056338,0.5192307692307693,0.2352941176470588,0.5714903846153847,0.0934198022441797,0.5714903846153846,499,301,50,54,ok,0.0413323999964632,1,Bank Marketing,,,,
12,DecisionTree,classical,LDA,default,1200,904,3.00002284348011e-07,{},0.5298672566371682,0.1343963553530751,0.5673076923076923,0.2173112338858195,0.5461538461538462,0.0589305942258973,0.5461538461538462,420,380,45,59,ok,0.0364306999836117,1,Bank Marketing,,,,
13,DecisionTree,classical,LDA,default,1200,904,2.00001522898674e-07,{},0.5630530973451328,0.1316455696202531,0.5,0.2084168336673346,0.535625,0.0458341406207752,0.535625,457,343,52,52,ok,0.0371170999715104,1,Bank Marketing,,,,
14,DecisionTree,classical,LDA,default,1200,904,2.00001522898674e-07,{},0.6050884955752213,0.1553133514986376,0.5480769230769231,0.2420382165605095,0.5802884615384616,0.1043337026233187,0.5802884615384616,490,310,47,57,ok,0.0354312999988906,1,Bank Marketing,,,,
0,RandomForest,classical,LDA,default,1200,905,2.00001522898674e-07,{},0.5679558011049723,0.15625,0.6190476190476191,0.2495201535508637,0.5901488095238095,0.115858670281739,0.639702380952381,449,351,40,65,ok,0.4476159000187181,1,Bank Marketing,,,,
1,RandomForest,classical,LDA,default,1200,904,2.00001522898674e-07,{},0.5984513274336283,0.1452054794520547,0.5096153846153846,0.2260127931769723,0.5598076923076922,0.0777871552788742,0.6133834134615385,488,312,51,53,ok,0.5091694000293501,1,Bank Marketing,,,,
2,RandomForest,classical,LDA,default,1200,904,3.00002284348011e-07,{},0.625,0.1708683473389355,0.5865384615384616,0.2646420824295011,0.6082692307692308,0.1413412535716985,0.6561177884615385,504,296,43,61,ok,0.4765951000154018,1,Bank Marketing,,,,
3,RandomForest,classical,LDA,default,1200,904,2.00001522898674e-07,{},0.6106194690265486,0.1702127659574468,0.6153846153846154,0.2666666666666666,0.6126923076923076,0.145906636978167,0.6476021634615383,488,312,40,64,ok,0.437355000001844,1,Bank Marketing,,,,
4,RandomForest,classical,LDA,default,1200,904,4.00003045797348e-07,{},0.6371681415929203,0.1906077348066298,0.6634615384615384,0.296137339055794,0.6486057692307692,0.1935411870432836,0.7090384615384615,507,293,35,69,ok,0.4245615999680012,1,Bank Marketing,,,,
5,RandomForest,classical,LDA,default,1200,905,2.00001522898674e-07,{},0.6276243093922652,0.1741573033707865,0.5904761904761905,0.2689804772234273,0.6114880952380952,0.1461796652883125,0.6544821428571429,506,294,43,62,ok,0.4695610999478958,1,Bank Marketing,,,,
6,RandomForest,classical,LDA,default,1200,904,3.00002284348011e-07,{},0.6073008849557522,0.1523545706371191,0.5288461538461539,0.2365591397849462,0.573173076923077,0.0953431421501209,0.6428185096153847,494,306,49,55,ok,0.492342599958647,1,Bank Marketing,,,,
7,RandomForest,classical,LDA,default,1200,904,3.00002284348011e-07,{},0.6028761061946902,0.1428571428571428,0.4903846153846153,0.2212581344902386,0.5539423076923077,0.0704195766018853,0.5861117788461538,494,306,53,51,ok,0.4513848000206053,1,Bank Marketing,,,,
8,RandomForest,classical,LDA,default,1200,904,2.00001522898674e-07,{},0.5918141592920354,0.1645569620253164,0.625,0.2605210420841683,0.60625,0.1366983141321368,0.6449639423076924,470,330,39,65,ok,0.3987543999683112,1,Bank Marketing,,,,
9,RandomForest,classical,LDA,default,1200,904,3.00002284348011e-07,{},0.6283185840707964,0.1608187134502924,0.5288461538461539,0.2466367713004484,0.5850480769230769,0.1119115590412704,0.641328125,513,287,49,55,ok,0.4677748999674804,1,Bank Marketing,,,,
10,RandomForest,classical,LDA,default,1200,905,4.00003045797348e-07,{},0.611049723756906,0.1741424802110818,0.6285714285714286,0.2727272727272727,0.6186607142857143,0.1540508574342296,0.6517797619047618,487,313,39,66,ok,0.4847121999482624,1,Bank Marketing,,,,
11,RandomForest,classical,LDA,default,1200,904,4.00003045797348e-07,{},0.6216814159292036,0.16,0.5384615384615384,0.2466960352422907,0.5854807692307692,0.111987919370691,0.6173377403846154,506,294,48,56,ok,0.4918669000035152,1,Bank Marketing,,,,
12,RandomForest,classical,LDA,default,1200,904,5.00003807246685e-07,{},0.540929203539823,0.1288782816229117,0.5192307692307693,0.2065009560229445,0.5314903846153847,0.0402987655698644,0.5868629807692307,435,365,50,54,ok,0.4825066000339575,1,Bank Marketing,,,,
13,RandomForest,classical,LDA,default,1200,904,3.00002284348011e-07,{},0.5962389380530974,0.1385041551246537,0.4807692307692308,0.2150537634408602,0.5460096153846153,0.0599496629682429,0.5838461538461539,489,311,54,50,ok,0.4790466999984346,1,Bank Marketing,,,,
14,RandomForest,classical,LDA,default,1200,904,4.00003045797348e-07,{},0.5696902654867256,0.1317829457364341,0.4903846153846153,0.2077393075356415,0.5351923076923076,0.0453877496641198,0.5792608173076923,464,336,53,51,ok,0.4385571999591775,1,Bank Marketing,,,,
0,MLP,classical,LDA,default,1200,905,3.00002284348011e-07,{},0.6497237569060773,0.16875,0.5142857142857142,0.2541176470588235,0.5908928571428571,0.1217717288114484,0.6610952380952381,534,266,51,54,ok,0.1141054999898187,1,Bank Marketing,,,,
1,MLP,classical,LDA,default,1200,904,2.00001522898674e-07,{},0.6847345132743363,0.1846689895470383,0.5096153846153846,0.2710997442455243,0.6085576923076923,0.1488225463565857,0.6641466346153846,566,234,51,53,ok,0.0881305999937467,1,Bank Marketing,,,,
2,MLP,classical,LDA,default,1200,904,3.00002284348011e-07,{},0.6957964601769911,0.195729537366548,0.5288461538461539,0.2857142857142857,0.623173076923077,0.1698283796489539,0.669375,574,226,49,55,ok,0.1022850999725051,1,Bank Marketing,,,,
3,MLP,classical,LDA,default,1200,904,2.00001522898674e-07,{},0.6360619469026548,0.1883656509695291,0.6538461538461539,0.2924731182795699,0.6437980769230769,0.1873661880230038,0.7042908653846153,507,293,36,68,ok,0.1220527999685145,1,Bank Marketing,,,,
4,MLP,classical,LDA,default,1200,904,2.00001522898674e-07,{},0.6891592920353983,0.1916376306620209,0.5288461538461539,0.2813299232736573,0.6194230769230769,0.1637179827944017,0.6870913461538461,568,232,49,55,ok,0.1192585999961011,1,Bank Marketing,,,,
5,MLP,classical,LDA,default,1200,905,2.00001522898674e-07,{},0.6696132596685083,0.1910828025477707,0.5714285714285714,0.2863961813842482,0.6269642857142856,0.1708412136353327,0.6597500000000001,546,254,45,60,ok,0.1104156000073999,1,Bank Marketing,,,,
6,MLP,classical,LDA,default,1200,904,2.00001522898674e-07,{},0.6261061946902655,0.1904761904761904,0.6923076923076923,0.2987551867219917,0.6549038461538461,0.2004080156803217,0.7028605769230769,494,306,32,72,ok,0.0911103000398725,1,Bank Marketing,,,,
7,MLP,classical,LDA,default,1200,904,3.00002284348011e-07,{},0.6736725663716814,0.1784511784511784,0.5096153846153846,0.2643391521197007,0.6023076923076922,0.1390040254506199,0.6549278846153846,556,244,51,53,ok,0.0911126999999396,1,Bank Marketing,,,,
8,MLP,classical,LDA,default,1200,904,4.00003045797348e-07,{},0.6382743362831859,0.1768115942028985,0.5865384615384616,0.2717149220489978,0.6157692307692308,0.1520790373993994,0.6732091346153846,516,284,43,61,ok,0.1094762000138871,1,Bank Marketing,,,,
9,MLP,classical,LDA,default,1200,904,2.00001522898674e-07,{},0.7035398230088495,0.2132867132867132,0.5865384615384616,0.3128205128205128,0.6526442307692308,0.2094569616162953,0.7114783653846154,575,225,43,61,ok,0.0880021000048145,1,Bank Marketing,,,,
10,MLP,classical,LDA,default,1200,905,4.00003045797348e-07,{},0.63646408839779,0.1853932584269663,0.6285714285714286,0.2863340563991323,0.6330357142857143,0.174432222060533,0.6722738095238096,510,290,39,66,ok,0.1156230000196956,1,Bank Marketing,,,,
11,MLP,classical,LDA,default,1200,904,4.00003045797348e-07,{},0.6360619469026548,0.1621621621621621,0.5192307692307693,0.2471395881006865,0.5852403846153846,0.1127708590027088,0.62640625,521,279,50,54,ok,0.0960160000249743,1,Bank Marketing,,,,
12,MLP,classical,LDA,default,1200,904,3.00002284348011e-07,{},0.6449115044247787,0.1598746081504702,0.4903846153846153,0.2411347517730496,0.5776923076923077,0.1037519829116914,0.6350360576923076,532,268,53,51,ok,0.1081641999771818,1,Bank Marketing,,,,
13,MLP,classical,LDA,default,1200,904,2.00001522898674e-07,{},0.6537610619469026,0.1861861861861861,0.5961538461538461,0.2837528604118993,0.6287019230769231,0.1702693680486473,0.7044951923076923,529,271,42,62,ok,0.0826391999726183,1,Bank Marketing,,,,
14,MLP,classical,LDA,default,1200,904,2.00001522898674e-07,{},0.6349557522123894,0.1843575418994413,0.6346153846153846,0.2857142857142857,0.6348076923076923,0.1759010769678433,0.6889543269230768,508,292,38,66,ok,0.0994296999997459,1,Bank Marketing,,,,
0,XGBoost,classical,LDA,default,1200,905,2.00001522898674e-07,{},0.6419889502762431,0.1609907120743034,0.4952380952380952,0.2429906542056074,0.5782440476190476,0.1046063849919981,0.6244285714285713,529,271,53,52,ok,0.5397966000018641,1,Bank Marketing,,,,
1,XGBoost,classical,LDA,default,1200,904,4.00003045797348e-07,{},0.6194690265486725,0.1825396825396825,0.6634615384615384,0.2863070539419087,0.6386057692307692,0.179322256116191,0.6737620192307693,491,309,35,69,ok,0.7033613999956287,1,Bank Marketing,,,,
2,XGBoost,classical,LDA,default,1200,904,4.00003045797348e-07,{},0.5807522123893806,0.1465295629820051,0.5480769230769231,0.2312373225152129,0.5665384615384615,0.0857602421841253,0.6102584134615385,468,332,47,57,ok,0.8450515000149608,1,Bank Marketing,,,,
3,XGBoost,classical,LDA,default,1200,904,2.00001522898674e-07,{},0.5685840707964602,0.1256544502617801,0.4615384615384615,0.1975308641975308,0.5220192307692308,0.0284463709376572,0.59171875,466,334,56,48,ok,0.6625182999996468,1,Bank Marketing,,,,
4,XGBoost,classical,LDA,default,1200,904,4.00003045797348e-07,{},0.5398230088495575,0.1470588235294117,0.625,0.238095238095238,0.576875,0.0981396862321811,0.6019471153846153,423,377,39,65,ok,0.6893217000178993,1,Bank Marketing,,,,
5,XGBoost,classical,LDA,default,1200,905,2.00001522898674e-07,{},0.6132596685082873,0.1680216802168021,0.5904761904761905,0.2616033755274262,0.6033630952380953,0.1347223242361508,0.6537261904761905,493,307,43,62,ok,0.8237014000187628,1,Bank Marketing,,,,
6,XGBoost,classical,LDA,default,1200,904,2.00001522898674e-07,{},0.6006637168141593,0.1746835443037974,0.6634615384615384,0.2765531062124248,0.6279807692307693,0.1646565213664018,0.6840504807692308,474,326,35,69,ok,0.7989690999966115,1,Bank Marketing,,,,
7,XGBoost,classical,LDA,default,1200,904,2.00001522898674e-07,{},0.6415929203539823,0.1646341463414634,0.5192307692307693,0.25,0.5883653846153847,0.1172804617902754,0.6699579326923076,526,274,50,54,ok,0.6843146999599412,1,Bank Marketing,,,,
8,XGBoost,classical,LDA,default,1200,904,3.00002284348011e-07,{},0.584070796460177,0.1582914572864321,0.6057692307692307,0.250996015936255,0.5935096153846153,0.12020738097813,0.6290264423076923,465,335,41,63,ok,0.797884699946735,1,Bank Marketing,,,,
9,XGBoost,classical,LDA,default,1200,904,3.00002284348011e-07,{},0.6471238938053098,0.1847507331378299,0.6057692307692307,0.2831460674157303,0.6291346153846153,0.1700211483937143,0.6687379807692307,522,278,41,63,ok,0.6757022000383586,1,Bank Marketing,,,,
10,XGBoost,classical,LDA,default,1200,905,3.00002284348011e-07,{},0.5723756906077349,0.1544117647058823,0.6,0.2456140350877192,0.584375,0.1086113341867963,0.6280595238095238,455,345,42,63,ok,0.734800600039307,1,Bank Marketing,,,,
11,XGBoost,classical,LDA,default,1200,904,3.00002284348011e-07,{},0.6084070796460177,0.1565934065934066,0.5480769230769231,0.2435897435897435,0.5821634615384615,0.1069111041454514,0.6112860576923076,493,307,47,57,ok,0.745718999998644,1,Bank Marketing,,,,
12,XGBoost,classical,LDA,default,1200,904,2.00001522898674e-07,{},0.5763274336283186,0.1486146095717884,0.5673076923076923,0.2355289421157684,0.5724038461538461,0.0931009393087886,0.6507632211538462,462,338,45,59,ok,0.718271299963817,1,Bank Marketing,,,,
13,XGBoost,classical,LDA,default,1200,904,2.00001522898674e-07,{},0.5973451327433629,0.1782178217821782,0.6923076923076923,0.2834645669291338,0.6386538461538461,0.1779704486110745,0.6757632211538462,468,332,32,72,ok,0.6789941000170074,1,Bank Marketing,,,,
14,XGBoost,classical,LDA,default,1200,904,3.00002284348011e-07,{},0.6073008849557522,0.1822784810126582,0.6923076923076923,0.2885771543086172,0.6442788461538461,0.1856251767921007,0.679140625,477,323,32,72,ok,0.7714757000212558,1,Bank Marketing,,,,
0,VQC,quantum,LDA,default,1200,905,2.00001522898674e-07,{},0.6375690607734806,0.1610942249240121,0.5047619047619047,0.2442396313364055,0.5798809523809524,0.1063662093174009,0.5818333333333333,524,276,52,53,ok,3.376596500049345,1,Bank Marketing,,,,
1,VQC,quantum,LDA,default,1200,904,2.00001522898674e-07,{},0.6050884955752213,0.149584487534626,0.5192307692307693,0.232258064516129,0.5677403846153846,0.0882644463137453,0.5639663461538462,493,307,50,54,ok,3.2853108000126667,1,Bank Marketing,,,,
2,VQC,quantum,LDA,default,1200,904,2.00001522898674e-07,{},0.5896017699115044,0.1514360313315927,0.5576923076923077,0.2381930184804928,0.5757211538461539,0.097789141478551,0.5854807692307693,475,325,46,58,ok,3.386026300024241,1,Bank Marketing,,,,
3,VQC,quantum,LDA,default,1200,904,2.00001522898674e-07,{},0.5176991150442478,0.1584362139917695,0.7403846153846154,0.2610169491525423,0.6145673076923077,0.1466378521227527,0.6233533653846154,391,409,27,77,ok,3.1756367000052705,1,Bank Marketing,,,,
4,VQC,quantum,LDA,default,1200,904,2.00001522898674e-07,{},0.4811946902654867,0.1470019342359768,0.7307692307692307,0.2447665056360708,0.5897596153846154,0.1157635636925022,0.6206370192307692,359,441,28,76,ok,3.211573300010059,1,Bank Marketing,,,,
5,VQC,quantum,LDA,default,1200,905,2.00001522898674e-07,{},0.5845303867403315,0.1586901763224181,0.6,0.250996015936255,0.59125,0.1177810447469199,0.6077738095238094,466,334,42,63,ok,3.4152108999551274,1,Bank Marketing,,,,
6,VQC,quantum,LDA,default,1200,904,2.00001522898674e-07,{},0.5674778761061947,0.1348600508905852,0.5096153846153846,0.2132796780684104,0.5423076923076923,0.054463339940742,0.5339783653846154,460,340,51,53,ok,3.4158118000486866,1,Bank Marketing,,,,
7,VQC,quantum,LDA,default,1200,904,4.00003045797348e-07,{},0.5132743362831859,0.1216216216216216,0.5192307692307693,0.1970802919708029,0.5158653846153847,0.0202521839224616,0.4899639423076922,410,390,50,54,ok,3.322533399972599,1,Bank Marketing,,,,
8,VQC,quantum,LDA,default,1200,904,3.00002284348011e-07,{},0.6891592920353983,0.1417004048582996,0.3365384615384615,0.1994301994301994,0.5357692307692308,0.051223600060839,0.5136057692307692,588,212,69,35,ok,3.3293262000079267,1,Bank Marketing,,,,
9,VQC,quantum,LDA,default,1200,904,3.999448381364346e-07,{},0.6017699115044248,0.1424581005586592,0.4903846153846153,0.2207792207792207,0.5533173076923077,0.069570005120306,0.5551322115384616,493,307,53,51,ok,3.4279972000513226,1,Bank Marketing,,,,
10,VQC,quantum,LDA,default,1200,905,4.00003045797348e-07,{},0.5602209944751381,0.1233933161953727,0.4571428571428571,0.194331983805668,0.5154464285714285,0.0199847199912494,0.4815357142857143,459,341,57,48,ok,3.437785000016447,1,Bank Marketing,,,,
11,VQC,quantum,LDA,default,1200,904,4.00003045797348e-07,{},0.629424778761062,0.1531531531531531,0.4903846153846153,0.2334096109839817,0.5689423076923077,0.0912089181104819,0.5698317307692308,518,282,53,51,ok,3.3933188000228256,1,Bank Marketing,,,,
12,VQC,quantum,LDA,default,1200,904,4.00003045797348e-07,{},0.5785398230088495,0.1475826972010178,0.5576923076923077,0.2334004024144869,0.5694711538461539,0.0894312797890593,0.5695432692307693,465,335,46,58,ok,3.335409699997399,1,Bank Marketing,,,,
13,VQC,quantum,LDA,default,1200,904,4.00003045797348e-07,{},0.661504424778761,0.2063953488372093,0.6826923076923077,0.3169642857142857,0.6707211538461538,0.2243911691362946,0.7209254807692308,527,273,33,71,ok,3.3188551000203006,1,Bank Marketing,,,,
14,VQC,quantum,LDA,default,1200,904,6.00004568696022e-07,{},0.5763274336283186,0.1338582677165354,0.4903846153846153,0.2103092783505154,0.5389423076923077,0.0503268803684713,0.5114543269230769,470,330,53,51,ok,3.309546000033152,1,Bank Marketing,,,,
0,QNN,quantum,LDA,default,1200,905,2.00001522898674e-07,{},0.6950276243093922,0.195729537366548,0.5238095238095238,0.2849740932642487,0.620654761904762,0.1670200659626892,0.6416309523809524,574,226,50,55,ok,4.687178399995901,1,Bank Marketing,,,,
1,QNN,quantum,LDA,default,1200,904,2.00001522898674e-07,{},0.620575221238938,0.1726027397260274,0.6057692307692307,0.2686567164179104,0.6141346153846154,0.1484459056527712,0.6825961538461539,498,302,41,63,ok,4.952642099990044,1,Bank Marketing,,,,
2,QNN,quantum,LDA,default,1200,904,9.994255378842355e-08,{},0.5807522123893806,0.1483375959079284,0.5576923076923077,0.2343434343434343,0.5707211538461539,0.0910948731287153,0.6449639423076923,467,333,46,58,ok,4.805458000046201,1,Bank Marketing,,,,
3,QNN,quantum,LDA,default,1200,904,2.00001522898674e-07,{},0.6548672566371682,0.195906432748538,0.6442307692307693,0.3004484304932735,0.6502403846153846,0.1976956596969871,0.7182211538461538,525,275,37,67,ok,4.728613299957942,1,Bank Marketing,,,,
4,QNN,quantum,LDA,default,1200,904,2.00001522898674e-07,{},0.7245575221238938,0.1940928270042194,0.4423076923076923,0.2697947214076246,0.6017788461538461,0.1476767383921177,0.6920793269230769,609,191,58,46,ok,4.491837100009434,1,Bank Marketing,,,,
5,QNN,quantum,LDA,default,1200,905,1.9994331523776054e-07,{},0.6883977900552486,0.1916376306620209,0.5238095238095238,0.2806122448979591,0.6169047619047618,0.1609039310555941,0.6721428571428572,568,232,50,55,ok,4.669507300015539,1,Bank Marketing,,,,
6,QNN,quantum,LDA,default,1200,904,2.00001522898674e-07,{},0.7345132743362832,0.2043478260869565,0.4519230769230769,0.281437125748503,0.6115865384615384,0.1634969283995933,0.6954687500000001,617,183,57,47,ok,4.858909499947913,1,Bank Marketing,,,,
7,QNN,quantum,LDA,default,1200,904,2.999440766870976e-07,{},0.5652654867256637,0.1551312649164677,0.625,0.248565965583174,0.59125,0.1167741329032102,0.6668269230769232,446,354,39,65,ok,4.656590100028552,1,Bank Marketing,,,,
8,QNN,quantum,LDA,default,1200,904,2.00001522898674e-07,{},0.6548672566371682,0.1848484848484848,0.5865384615384616,0.2811059907834101,0.6251442307692308,0.1658782999848211,0.6835096153846154,531,269,43,61,ok,4.902420399943367,1,Bank Marketing,,,,
9,QNN,quantum,LDA,default,1200,904,4.00003045797348e-07,{},0.7267699115044248,0.2128514056224899,0.5096153846153846,0.3002832861189802,0.6323076923076922,0.188997661177448,0.6737980769230769,604,196,51,53,ok,4.805955899995752,1,Bank Marketing,,,,
10,QNN,quantum,LDA,default,1200,905,4.00003045797348e-07,{},0.7060773480662983,0.1843137254901961,0.4476190476190476,0.2611111111111111,0.5938095238095238,0.133564118303522,0.6460714285714285,592,208,58,47,ok,4.805328299989924,1,Bank Marketing,,,,
11,QNN,quantum,LDA,default,1200,904,3.999448381364346e-07,{},0.6703539823008849,0.196875,0.6057692307692307,0.2971698113207547,0.6422596153846154,0.1898418145409715,0.7121995192307693,543,257,41,63,ok,4.885133900039364,1,Bank Marketing,,,,
12,QNN,quantum,LDA,default,1200,904,6.00004568696022e-07,{},0.6880530973451328,0.1775362318840579,0.4711538461538461,0.2578947368421053,0.5937019230769232,0.1298391907702908,0.64203125,573,227,55,49,ok,4.894487699959427,1,Bank Marketing,,,,
13,QNN,quantum,LDA,default,1200,904,4.00003045797348e-07,{},0.7057522123893806,0.2065217391304347,0.5480769230769231,0.3,0.6371634615384616,0.1900621915175165,0.7174278846153845,581,219,47,57,ok,4.671897599997465,1,Bank Marketing,,,,
14,QNN,quantum,LDA,default,1200,904,4.00003045797348e-07,{},0.6161504424778761,0.1777188328912466,0.6442307692307693,0.2785862785862786,0.6283653846153847,0.1661359436161515,0.6664663461538463,490,310,37,67,ok,4.653210800024681,1,Bank Marketing,,,,
0,QSVC,quantum,LDA,default,1200,905,2.00001522898674e-07,{},0.5569060773480663,0.145933014354067,0.580952380952381,0.2332695984703633,0.5673511904761905,0.0865291213541565,0.6018869047619048,443,357,44,61,ok,4.679781000013463,1,Bank Marketing,,,,
1,QSVC,quantum,LDA,default,1200,904,1.00000761449337e-07,{},0.6471238938053098,0.1521035598705501,0.4519230769230769,0.2276029055690072,0.5622115384615385,0.0836998881434827,0.5547355769230768,538,262,57,47,ok,4.3967638000031,1,Bank Marketing,,,,
2,QSVC,quantum,LDA,default,1200,904,2.00001522898674e-07,{},0.6382743362831859,0.1482649842271293,0.4519230769230769,0.2232779097387173,0.5572115384615385,0.0765114801206526,0.5287139423076923,530,270,57,47,ok,4.724806900019757,1,Bank Marketing,,,,
3,QSVC,quantum,LDA,default,1200,904,2.00001522898674e-07,{},0.6360619469026548,0.1287128712871287,0.375,0.1916461916461916,0.5225,0.0304169473942737,0.4982692307692307,536,264,65,39,ok,4.735597799997777,1,Bank Marketing,,,,
4,QSVC,quantum,LDA,default,1200,904,2.00001522898674e-07,{},0.5973451327433629,0.1408839779005525,0.4903846153846153,0.2188841201716738,0.5508173076923076,0.0661834470089779,0.6091105769230769,489,311,53,51,ok,4.778637900017202,1,Bank Marketing,,,,
5,QSVC,quantum,LDA,default,1200,905,2.00001522898674e-07,{},0.4773480662983425,0.1051502145922746,0.4666666666666667,0.1716287215411558,0.4727083333333333,-0.0349763493827954,0.4318452380952381,383,417,56,49,ok,4.857289400009904,1,Bank Marketing,,,,
6,QSVC,quantum,LDA,default,1200,904,2.00001522898674e-07,{},0.6139380530973452,0.1489971346704871,0.5,0.2295805739514348,0.5643750000000001,0.0843819769012444,0.6035817307692308,503,297,52,52,ok,4.830905599985272,1,Bank Marketing,,,,
7,QSVC,quantum,LDA,default,1200,904,4.00003045797348e-07,{},0.6626106194690266,0.1829652996845426,0.5576923076923077,0.2755344418052256,0.6169711538461539,0.1564306143979393,0.619326923076923,541,259,46,58,ok,4.798240800038911,1,Bank Marketing,,,,
8,QSVC,quantum,LDA,default,1200,904,3.00002284348011e-07,{},0.504424778761062,0.1108597285067873,0.4711538461538461,0.1794871794871795,0.4899519230769231,-0.0128275137101474,0.5088521634615385,407,393,55,49,ok,4.649390700040385,1,Bank Marketing,,,,
9,QSVC,quantum,LDA,default,1200,904,4.00003045797348e-07,{},0.6327433628318584,0.1566265060240964,0.5,0.2385321100917431,0.575,0.0992855088482242,0.565264423076923,520,280,52,52,ok,4.769988999993075,1,Bank Marketing,,,,
10,QSVC,quantum,LDA,default,1200,905,2.00001522898674e-07,{},0.6408839779005525,0.1666666666666666,0.5238095238095238,0.2528735632183908,0.5900297619047619,0.1198022150815263,0.6109761904761905,525,275,50,55,ok,4.514867999998387,1,Bank Marketing,,,,
11,QSVC,quantum,LDA,default,1200,904,5.00003807246685e-07,{},0.6913716814159292,0.159533073929961,0.3942307692307692,0.2271468144044321,0.5621153846153846,0.0878763754101387,0.5454507211538462,584,216,63,41,ok,4.952971999999136,1,Bank Marketing,,,,
12,QSVC,quantum,LDA,default,1200,904,4.00003045797348e-07,{},0.6283185840707964,0.1441717791411043,0.4519230769230769,0.2186046511627907,0.5515865384615385,0.0685575559192584,0.5519350961538462,521,279,57,47,ok,4.807887099974323,1,Bank Marketing,,,,
13,QSVC,quantum,LDA,default,1200,904,4.00003045797348e-07,{},0.6991150442477876,0.1842105263157894,0.4711538461538461,0.2648648648648649,0.599951923076923,0.1399689341492397,0.6585216346153848,583,217,55,49,ok,4.833369999949355,1,Bank Marketing,,,,
14,QSVC,quantum,LDA,default,1200,904,5.00003807246685e-07,{},0.7123893805309734,0.1854838709677419,0.4423076923076923,0.2613636363636363,0.5949038461538462,0.1357368330083581,0.5628124999999999,598,202,58,46,ok,4.847584099974483,1,Bank Marketing,,,,
0,QDT,quantum,LDA,default,1200,905,3.00002284348011e-07,{},0.3513812154696132,0.1100323624595469,0.6476190476190476,0.1881051175656984,0.4800595238095238,-0.0274454261220081,0.4846309523809525,250,550,37,68,ok,0.0420287000015378,1,Bank Marketing,,,,
1,QDT,quantum,LDA,default,1200,904,3.00002284348011e-07,{},0.6360619469026548,0.1451104100946372,0.4423076923076923,0.2185273159144893,0.5517788461538462,0.0692461042772629,0.5395673076923077,529,271,58,46,ok,0.0438763000420294,1,Bank Marketing,,,,
2,QDT,quantum,LDA,default,1200,904,2.00001522898674e-07,{},0.4004424778761062,0.1144366197183098,0.625,0.1934523809523809,0.498125,-0.0024759913568498,0.4932451923076923,297,503,39,65,ok,0.0438776999944821,1,Bank Marketing,,,,
3,QDT,quantum,LDA,default,1200,904,2.00001522898674e-07,{},0.5962389380530974,0.1282051282051282,0.4326923076923077,0.1978021978021978,0.5250961538461538,0.032861145849385,0.5181189903846154,494,306,59,45,ok,0.0427856000023894,1,Bank Marketing,,,,
4,QDT,quantum,LDA,default,1200,904,2.00001522898674e-07,{},0.7997787610619469,0.226950354609929,0.3076923076923077,0.2612244897959184,0.5857211538461539,0.1507675375688311,0.5954447115384615,691,109,72,32,ok,0.0421591000049375,1,Bank Marketing,,,,
5,QDT,quantum,LDA,default,1200,905,2.00001522898674e-07,{},0.3701657458563536,0.1338582677165354,0.8095238095238095,0.2297297297297297,0.5610119047619048,0.0854113286254361,0.561142857142857,250,550,20,85,ok,0.0511132000247016,1,Bank Marketing,,,,
6,QDT,quantum,LDA,default,1200,904,1.00000761449337e-07,{},0.4192477876106195,0.1065420560747663,0.5480769230769231,0.1784037558685446,0.4752884615384616,-0.032084950141288,0.4871454326923077,322,478,47,57,ok,0.0433226999593898,1,Bank Marketing,,,,
7,QDT,quantum,LDA,default,1200,904,4.00003045797348e-07,{},0.6670353982300885,0.1338289962825278,0.3461538461538461,0.1930294906166219,0.527451923076923,0.0383178761561278,0.559735576923077,567,233,68,36,ok,0.0560495000099763,1,Bank Marketing,,,,
8,QDT,quantum,LDA,default,1200,904,2.00001522898674e-07,{},0.7013274336283186,0.1422413793103448,0.3173076923076923,0.1964285714285714,0.5342788461538461,0.0500828719091788,0.5201742788461539,601,199,71,33,ok,0.0438332000048831,1,Bank Marketing,,,,
9,QDT,quantum,LDA,default,1200,904,3.00002284348011e-07,{},0.3993362831858407,0.1155866900175131,0.6346153846153846,0.1955555555555555,0.5016826923076922,0.0022261590891679,0.5019711538461539,295,505,38,66,ok,0.0462619999889284,1,Bank Marketing,,,,
10,QDT,quantum,LDA,default,1200,905,2.00001522898674e-07,{},0.3403314917127071,0.1215384615384615,0.7523809523809524,0.2092715231788079,0.5193154761904761,0.0275009875567848,0.5077678571428572,229,571,26,79,ok,0.0446403000387363,1,Bank Marketing,,,,
11,QDT,quantum,LDA,default,1200,904,3.00002284348011e-07,{},0.5110619469026548,0.1341991341991342,0.5961538461538461,0.2190812720848056,0.5480769230769231,0.0613756636849162,0.5648737980769231,400,400,42,62,ok,0.050617000029888,1,Bank Marketing,,,,
12,QDT,quantum,LDA,default,1200,904,3.00002284348011e-07,{},0.6006637168141593,0.1440443213296399,0.5,0.2236559139784946,0.556875,0.0741070546409941,0.5538461538461539,491,309,52,52,ok,0.0440319000044837,1,Bank Marketing,,,,
13,QDT,quantum,LDA,default,1200,904,3.999448381364346e-07,{},0.7013274336283186,0.0931372549019607,0.1826923076923076,0.1233766233766233,0.4757211538461539,-0.0370642825760689,0.4656670673076923,615,185,85,19,ok,0.0455811000429093,1,Bank Marketing,,,,
14,QDT,quantum,LDA,default,1200,904,3.00002284348011e-07,{},0.6316371681415929,0.1065292096219931,0.2980769230769231,0.1569620253164557,0.4865384615384616,-0.018386946966471,0.4791947115384615,540,260,73,31,ok,0.0440227999933995,1,Bank Marketing,,,,
0,LogReg,classical,LDA,gwo,1200,905,2.3460973000037484,{'C': 0.0010000000000000002},0.6486187845303868,0.1965811965811965,0.6571428571428571,0.3026315789473684,0.6523214285714285,0.2002267980099371,0.6907380952380952,518,282,36,69,ok,0.0631287000142037,1,Bank Marketing,0.2462570135068102,25.0,"[0.24590926301778615, 0.24625701350681029, 0.24625701350681029, 0.24625701350681029, 0.24625701350681029, 0.24625701350681029]",True
1,LogReg,classical,LDA,gwo,1200,904,3.858104899991304,{'C': 0.002062766610319268},0.6758849557522124,0.2018927444794952,0.6153846153846154,0.3040380047505938,0.6495673076923076,0.2000228694582776,0.7010937500000001,547,253,40,64,ok,0.0402560000075027,1,Bank Marketing,0.2528221178925404,39.0,"[0.25282211789254044, 0.25282211789254044, 0.25282211789254044, 0.25282211789254044, 0.25282211789254044]",True
2,LogReg,classical,LDA,gwo,1200,904,6.563519100018311,{'C': 0.05599150256594351},0.5940265486725663,0.1815980629539951,0.7211538461538461,0.2901353965183752,0.6493269230769231,0.191299574193833,0.7269711538461539,462,338,29,75,ok,0.030437699984759,1,Bank Marketing,0.2634521590966585,85.0,"[0.2610979579757325, 0.2619189850372646, 0.2626697357880154, 0.2626697357880154, 0.2626697357880154, 0.2626697357880154, 0.2634521590966585, 0.2634521590966585, 0.2634521590966585, 0.2634521590966585, 0.2634521590966585]",True
3,LogReg,classical,LDA,gwo,1200,904,3.918684699980077,{'C': 0.0030394335674585075},0.6858407079646017,0.1959459459459459,0.5576923076923077,0.29,0.6300961538461538,0.1769124801474085,0.6646514423076922,562,238,46,58,ok,0.0398126000072807,1,Bank Marketing,0.2412525577648802,40.0,"[0.24125255776488028, 0.24125255776488028, 0.24125255776488028, 0.24125255776488028, 0.24125255776488028]",True
4,LogReg,classical,LDA,gwo,1200,904,4.404527299979236,{'C': 0.006099397772068533},0.6570796460176991,0.1878787878787878,0.5961538461538461,0.2857142857142857,0.6305769230769231,0.1730793172334898,0.6728485576923078,532,268,42,62,ok,0.0410637999884784,1,Bank Marketing,0.2718451374362509,46.0,"[0.2686173286218499, 0.27184513743625094, 0.27184513743625094, 0.27184513743625094, 0.27184513743625094, 0.27184513743625094]",True
5,LogReg,classical,LDA,gwo,1200,905,3.400684300053399,{'C': 74.93740663196427},0.6099447513812155,0.1836734693877551,0.6857142857142857,0.289738430583501,0.6428571428571428,0.1846587462689241,0.6712976190476191,480,320,33,72,ok,0.0418712000246159,1,Bank Marketing,0.273693886761027,34.0,"[0.27369388676102707, 0.27369388676102707, 0.27369388676102707, 0.27369388676102707, 0.27369388676102707]",True
6,LogReg,classical,LDA,gwo,1200,904,3.258100699982606,{'C': 0.003145360201442604},0.6825221238938053,0.1833910034602076,0.5096153846153846,0.2697201017811705,0.6073076923076923,0.1468371798430656,0.6410697115384616,564,236,51,53,ok,0.0548957000137306,1,Bank Marketing,0.3051539645653849,32.0,"[0.30515396456538496, 0.30515396456538496, 0.30515396456538496, 0.30515396456538496, 0.30515396456538496]",True
7,LogReg,classical,LDA,gwo,1200,904,4.09731850004755,{'C': 0.0010000000000000002},0.7190265486725663,0.2093023255813953,0.5192307692307693,0.2983425414364641,0.6321153846153846,0.1866890906348919,0.6387019230769231,596,204,50,54,ok,0.0386441999580711,1,Bank Marketing,0.2928043172576293,43.0,"[0.2920096152708743, 0.2928043172576293, 0.2928043172576293, 0.2928043172576293, 0.2928043172576293, 0.2928043172576293]",True
8,LogReg,classical,LDA,gwo,1200,904,7.212616899982095,{'C': 0.09530053762257928},0.7201327433628318,0.2167300380228136,0.5480769230769231,0.3106267029972752,0.6452884615384615,0.2041342581462607,0.6983293269230769,594,206,47,57,ok,0.0290601999731734,1,Bank Marketing,0.3624968691125703,96.0,"[0.3590415019020265, 0.35974771659129196, 0.35974771659129196, 0.36179337231968806, 0.36179337231968806, 0.36179337231968806, 0.36179337231968806, 0.36249686911257034, 0.36249686911257034, 0.36249686911257034, 0.36249686911257034, 0.36249686911257034]",True
9,LogReg,classical,LDA,gwo,1200,904,3.820124899968505,{'C': 0.003019310991529274},0.6670353982300885,0.1969230769230769,0.6153846153846154,0.2983682983682983,0.6445673076923077,0.1922563927857394,0.7130048076923078,539,261,40,64,ok,0.0431402000249363,1,Bank Marketing,0.2721012396840782,40.0,"[0.27210123968407823, 0.27210123968407823, 0.27210123968407823, 0.27210123968407823, 0.27210123968407823]",True
10,LogReg,classical,LDA,gwo,1200,905,6.334823800018057,{'C': 0.8975149169842658},0.6651933701657459,0.198170731707317,0.6190476190476191,0.3002309468822171,0.6451488095238096,0.1934008099122072,0.7120714285714285,537,263,40,65,ok,0.0305630999500863,1,Bank Marketing,0.2539839127948519,80.0,"[0.2530593352112354, 0.2530593352112354, 0.2530593352112354, 0.2535194014607754, 0.2535194014607754, 0.2535194014607754, 0.25398391279485194, 0.25398391279485194, 0.25398391279485194, 0.25398391279485194, 0.25398391279485194]",True
11,LogReg,classical,LDA,gwo,1200,904,4.2980119999847375,{'C': 0.0026793092724866053},0.6139380530973452,0.1698113207547169,0.6057692307692307,0.2652631578947368,0.6103846153846153,0.143202186220099,0.6609495192307693,492,308,41,63,ok,0.0368370999931357,1,Bank Marketing,0.274642046333532,47.0,"[0.2741590945321218, 0.274642046333532, 0.274642046333532, 0.274642046333532, 0.274642046333532, 0.274642046333532]",True
12,LogReg,classical,LDA,gwo,1200,904,3.6540473999921232,{'C': 0.010018453808628099},0.6150442477876106,0.1494252873563218,0.5,0.2300884955752212,0.565,0.0852467827840257,0.6319591346153848,504,296,52,52,ok,0.0411386000341735,1,Bank Marketing,0.2761423859009576,39.0,"[0.2761423859009576, 0.2761423859009576, 0.2761423859009576, 0.2761423859009576, 0.2761423859009576]",True
13,LogReg,classical,LDA,gwo,1200,904,3.809093000018038,{'C': 1.3577678498955645},0.6648230088495575,0.2029850746268656,0.6538461538461539,0.3097949886104784,0.660048076923077,0.2114772149302373,0.6932451923076923,533,267,36,68,ok,0.0398659000056795,1,Bank Marketing,0.2670665178575005,38.0,"[0.2670665178575005, 0.2670665178575005, 0.2670665178575005, 0.2670665178575005, 0.2670665178575005]",True
14,LogReg,classical,LDA,gwo,1200,904,3.1629389000008814,{'C': 0.00103760455836736},0.629424778761062,0.1709401709401709,0.5769230769230769,0.2637362637362637,0.6065865384615384,0.1395654412798594,0.6677283653846153,509,291,44,60,ok,0.0436238000402227,1,Bank Marketing,0.271178520473854,31.0,"[0.271178520473854, 0.271178520473854, 0.271178520473854, 0.271178520473854, 0.271178520473854]",True
0,SVC,classical,LDA,gwo,1200,905,9.64399290003348,"{'C': 0.08421186071846148, 'gamma': 0.02106721850297606}",0.6972375690607735,0.1835205992509363,0.4666666666666667,0.2634408602150537,0.5970833333333334,0.136347866891886,0.6395714285714287,582,218,56,49,ok,0.0533259000512771,1,Bank Marketing,0.2781327708322614,96.0,"[0.2732865332373312, 0.27427641470618375, 0.27427641470618375, 0.2764660111818456, 0.2769968603969372, 0.2769968603969372, 0.2769968603969372, 0.27813277083226146, 0.27813277083226146, 0.27813277083226146, 0.27813277083226146, 0.27813277083226146]",True
1,SVC,classical,LDA,gwo,1200,904,6.464336599980015,"{'C': 0.011906587681626566, 'gamma': 0.03079136171360328}",0.6460176991150443,0.1785714285714285,0.5769230769230769,0.2727272727272727,0.6159615384615384,0.1531305423774831,0.3615024038461538,524,276,44,60,ok,0.0716565999900922,1,Bank Marketing,0.2613845886029335,56.0,"[0.25550964020668093, 0.25550964020668093, 0.26138458860293357, 0.26138458860293357, 0.26138458860293357, 0.26138458860293357, 0.26138458860293357]",True
2,SVC,classical,LDA,gwo,1200,904,5.874143599998206,"{'C': 0.4417480058119986, 'gamma': 0.0009432275639310525}",0.8008849557522124,0.2654320987654321,0.4134615384615384,0.3233082706766917,0.6323557692307692,0.2202292883079187,0.54671875,681,119,61,43,ok,0.0722353999735787,1,Bank Marketing,0.3042082269070102,48.0,"[0.29648790260440744, 0.30420822690701027, 0.30420822690701027, 0.30420822690701027, 0.30420822690701027, 0.30420822690701027]",True
3,SVC,classical,LDA,gwo,1200,904,7.828660800005309,"{'C': 0.2502978840443452, 'gamma': 0.004156439894045974}",0.7754424778761062,0.238095238095238,0.4326923076923077,0.3071672354948805,0.6263461538461539,0.1982758232426053,0.6883533653846153,656,144,59,45,ok,0.0642711999826133,1,Bank Marketing,0.2682517310424286,72.0,"[0.24702702702702703, 0.26616626400850807, 0.26616626400850807, 0.26616626400850807, 0.26825173104242866, 0.26825173104242866, 0.26825173104242866, 0.26825173104242866, 0.26825173104242866]",True
4,SVC,classical,LDA,gwo,1200,904,5.75117310002679,"{'C': 0.02473263606320359, 'gamma': 0.024987633642597065}",0.5265486725663717,0.1596638655462184,0.7307692307692307,0.2620689655172414,0.6153846153846154,0.1474735737463247,0.5,400,400,28,76,ok,0.1141942999674938,1,Bank Marketing,0.2668933120504205,48.0,"[0.2581843321067295, 0.2668933120504205, 0.2668933120504205, 0.2668933120504205, 0.2668933120504205, 0.2668933120504205]",True
5,SVC,classical,LDA,gwo,1200,905,6.456532899988815,"{'C': 2.810487744017267, 'gamma': 0.00076739364842175}",0.7591160220994475,0.2466367713004484,0.5238095238095238,0.3353658536585366,0.6569047619047619,0.2332175045457956,0.700404761904762,632,168,50,55,ok,0.0692953999969177,1,Bank Marketing,0.2856178429948922,56.0,"[0.2817542261362486, 0.2817542261362486, 0.2856178429948922, 0.2856178429948922, 0.2856178429948922, 0.2856178429948922, 0.2856178429948922]",True
6,SVC,classical,LDA,gwo,1200,904,5.624129400006495,"{'C': 100.00000000000013, 'gamma': 0.039485685488300074}",0.786504424778761,0.2541436464088398,0.4423076923076923,0.3228070175438596,0.6367788461538462,0.2181233497049428,0.6785697115384615,665,135,58,46,ok,0.0674729999736882,1,Bank Marketing,0.2814908909300154,48.0,"[0.27750480293821883, 0.2814908909300154, 0.2814908909300154, 0.2814908909300154, 0.2814908909300154, 0.2814908909300154]",True
7,SVC,classical,LDA,gwo,1200,904,7.93832899996778,"{'C': 0.4206675985673114, 'gamma': 0.005470007484512676}",0.6559734513274337,0.1964809384164222,0.6442307692307693,0.3011235955056179,0.6508653846153847,0.1986323021814876,0.7048798076923077,526,274,37,67,ok,0.0597721000085584,1,Bank Marketing,0.2998251108850187,72.0,"[0.299185640261283, 0.299185640261283, 0.299185640261283, 0.299185640261283, 0.29982511088501873, 0.29982511088501873, 0.29982511088501873, 0.29982511088501873, 0.29982511088501873]",True
8,SVC,classical,LDA,gwo,1200,904,9.029615800012834,"{'C': 16.027385203210766, 'gamma': 0.0048521047011253005}",0.6216814159292036,0.1783783783783784,0.6346153846153846,0.2784810126582278,0.6273076923076923,0.1652246399186885,0.6814302884615384,496,304,38,66,ok,0.0447835999657399,1,Bank Marketing,0.3093306668737703,96.0,"[0.3041698658125616, 0.3053493224241229, 0.3073138218675912, 0.3073138218675912, 0.3073138218675912, 0.3073138218675912, 0.3088269373377827, 0.3088269373377827, 0.3088269373377827, 0.3088269373377827, 0.3093306668737703, 0.3093306668737703]",False
9,SVC,classical,LDA,gwo,1200,904,5.116233300010208,"{'C': 0.012706104183257868, 'gamma': 0.05798171890419589}",0.6272123893805309,0.1754874651810584,0.6057692307692307,0.2721382289416846,0.6178846153846154,0.1537458189871962,0.3349759615384615,504,296,41,63,ok,0.0744760000379756,1,Bank Marketing,0.2953934048867072,40.0,"[0.2953934048867072, 0.2953934048867072, 0.2953934048867072, 0.2953934048867072, 0.2953934048867072]",True
10,SVC,classical,LDA,gwo,1200,905,5.771444699959829,"{'C': 70.96244145815103, 'gamma': 8.518933775347215}",0.5668508287292817,0.1685912240184757,0.6952380952380952,0.2713754646840148,0.6226190476190476,0.157221751391416,0.6188928571428571,440,360,32,73,ok,0.1258365000248886,1,Bank Marketing,0.2429296394306685,45.0,"[0.23044993480845524, 0.24292963943066856, 0.24292963943066856, 0.24292963943066856, 0.24292963943066856, 0.24292963943066856]",True
11,SVC,classical,LDA,gwo,1200,904,4.628272700007074,"{'C': 0.04129595303075826, 'gamma': 0.0008892582536625598}",0.7632743362831859,0.2477064220183486,0.5192307692307693,0.3354037267080745,0.6571153846153847,0.2343797394045715,0.3129206730769231,636,164,50,54,ok,0.128823300008662,1,Bank Marketing,0.3429459207318908,40.0,"[0.34294592073189084, 0.34294592073189084, 0.34294592073189084, 0.34294592073189084, 0.34294592073189084]",True
12,SVC,classical,LDA,gwo,1200,904,4.945074399991427,"{'C': 0.09626890698625355, 'gamma': 0.49476987011273055}",0.6803097345132744,0.1967213114754098,0.5769230769230769,0.293398533007335,0.6353365384615384,0.1826599742825972,0.684296875,555,245,44,60,ok,0.0804564999998547,1,Bank Marketing,0.2603348297792742,40.0,"[0.26033482977927425, 0.26033482977927425, 0.26033482977927425, 0.26033482977927425, 0.26033482977927425]",True
13,SVC,classical,LDA,gwo,1200,904,7.811475700000301,"{'C': 0.3104305029043007, 'gamma': 0.00642573349610362}",0.6349557522123894,0.1929347826086956,0.6826923076923077,0.3008474576271186,0.6557211538461538,0.2022706954547652,0.7080168269230769,503,297,33,71,ok,0.061711800051853,1,Bank Marketing,0.2680601022202723,72.0,"[0.2643919754811619, 0.2643919754811619, 0.26647192407846615, 0.26647192407846615, 0.2680601022202723, 0.2680601022202723, 0.2680601022202723, 0.2680601022202723, 0.2680601022202723]",True
14,SVC,classical,LDA,gwo,1200,904,6.4955172999762,"{'C': 100.00000000000013, 'gamma': 9.999999999999993}",0.4690265486725664,0.1505576208178438,0.7788461538461539,0.2523364485981308,0.603798076923077,0.1349426658728078,0.6413461538461538,343,457,23,81,ok,0.0942126999725587,1,Bank Marketing,0.2550005569755422,56.0,"[0.25295007189250834, 0.25295007189250834, 0.25500055697554225, 0.25500055697554225, 0.25500055697554225, 0.25500055697554225, 0.25500055697554225]",True
0,DecisionTree,classical,LDA,gwo,1200,905,3.309753800043836,"{'max_depth': 6, 'min_samples_leaf': 3}",0.4441988950276243,0.1381818181818181,0.7238095238095238,0.23206106870229,0.5656547619047618,0.0861272038922059,0.5974583333333333,326,474,29,76,ok,0.0391231999965384,1,Bank Marketing,0.2482881613819321,38.0,"[0.2482881613819321, 0.2482881613819321, 0.2482881613819321, 0.2482881613819321, 0.2482881613819321]",True
1,DecisionTree,classical,LDA,gwo,1200,904,3.00460619997466,"{'max_depth': 3, 'min_samples_leaf': 10}",0.6006637168141593,0.1858190709046454,0.7307692307692307,0.2962962962962963,0.6572596153846153,0.2016251086848943,0.7181610576923078,467,333,28,76,ok,0.043213700002525,1,Bank Marketing,0.2751426823023991,32.0,"[0.2751426823023991, 0.2751426823023991, 0.2751426823023991, 0.2751426823023991, 0.2751426823023991]",True
2,DecisionTree,classical,LDA,gwo,1200,904,2.597888799966313,"{'max_depth': 3, 'min_samples_leaf': 15}",0.504424778761062,0.1460905349794238,0.6826923076923077,0.2406779661016949,0.5819711538461538,0.1049171371671394,0.6470913461538462,385,415,33,71,ok,0.0503606999991461,1,Bank Marketing,0.2169974094699803,32.0,"[0.21699740946998033, 0.21699740946998033, 0.21699740946998033, 0.21699740946998033, 0.21699740946998033]",True
3,DecisionTree,classical,LDA,gwo,1200,904,3.669334600039292,"{'max_depth': 13, 'min_samples_leaf': 2}",0.6747787610619469,0.158273381294964,0.4230769230769231,0.2303664921465968,0.5652884615384616,0.0902856084609022,0.600234375,566,234,60,44,ok,0.0348078999668359,1,Bank Marketing,0.3184099675526032,43.0,"[0.3057724674756424, 0.31840996755260326, 0.31840996755260326, 0.31840996755260326, 0.31840996755260326, 0.31840996755260326]",True
4,DecisionTree,classical,LDA,gwo,1200,904,2.9612169000320137,"{'max_depth': 10, 'min_samples_leaf': 17}",0.6426991150442478,0.1844380403458213,0.6153846153846154,0.2838137472283814,0.6308173076923077,0.1716581906811076,0.6164783653846154,517,283,40,64,ok,0.0552299999981187,1,Bank Marketing,0.2370406011997591,34.0,"[0.2370406011997591, 0.2370406011997591, 0.2370406011997591, 0.2370406011997591, 0.2370406011997591]",True
5,DecisionTree,classical,LDA,gwo,1200,905,3.4714837000356056,"{'max_depth': 3, 'min_samples_leaf': 16}",0.6817679558011049,0.1919191919191919,0.5428571428571428,0.2835820895522388,0.6214285714285714,0.1656382029548725,0.6485416666666667,560,240,48,57,ok,0.0421340999891981,1,Bank Marketing,0.2650258238493532,39.0,"[0.2558377896613191, 0.2558377896613191, 0.2558377896613191, 0.26502582384935325, 0.26502582384935325, 0.26502582384935325, 0.26502582384935325, 0.26502582384935325]",True
6,DecisionTree,classical,LDA,gwo,1200,904,3.012227799976245,"{'max_depth': 2, 'min_samples_leaf': 10}",0.6061946902654868,0.1896551724137931,0.7403846153846154,0.3019607843137254,0.6645673076923078,0.2111336884678976,0.6966826923076923,471,329,27,77,ok,0.0419846000149846,1,Bank Marketing,0.2947457627118644,34.0,"[0.2947457627118644, 0.2947457627118644, 0.2947457627118644, 0.2947457627118644, 0.2947457627118644]",True
7,DecisionTree,classical,LDA,gwo,1200,904,3.54588029999286,"{'max_depth': 2, 'min_samples_leaf': 12}",0.6139380530973452,0.1680216802168021,0.5961538461538461,0.2621564482029598,0.6062019230769231,0.1378903791091543,0.6584014423076923,493,307,42,62,ok,0.0369557999656535,1,Bank Marketing,0.3222733288778813,42.0,"[0.31623468153488615, 0.3208054548736963, 0.32227332887788135, 0.32227332887788135, 0.32227332887788135, 0.32227332887788135, 0.32227332887788135]",True
8,DecisionTree,classical,LDA,gwo,1200,904,3.162338100024499,"{'max_depth': 3, 'min_samples_leaf': 6}",0.7345132743362832,0.211864406779661,0.4807692307692308,0.2941176470588235,0.6241346153846153,0.1803600425342856,0.6815625000000001,614,186,54,50,ok,0.0441834999946877,1,Bank Marketing,0.2726931744392531,36.0,"[0.27269317443925317, 0.27269317443925317, 0.27269317443925317, 0.27269317443925317, 0.27269317443925317]",True
9,DecisionTree,classical,LDA,gwo,1200,904,2.7177321999915875,"{'max_depth': 2, 'min_samples_leaf': 4}",0.709070796460177,0.2022471910112359,0.5192307692307693,0.2911051212938005,0.6264903846153846,0.1769391045542524,0.668515625,587,213,50,54,ok,0.0586395999998785,1,Bank Marketing,0.3148267786481467,32.0,"[0.3148267786481467, 0.3148267786481467, 0.3148267786481467, 0.3148267786481467, 0.3148267786481467]",True
10,DecisionTree,classical,LDA,gwo,1200,905,3.3280391999869607,"{'max_depth': 4, 'min_samples_leaf': 9}",0.6453038674033149,0.1666666666666666,0.5142857142857142,0.2517482517482518,0.5883928571428572,0.1180935666511369,0.6187202380952381,530,270,51,54,ok,0.0375968000153079,1,Bank Marketing,0.2532974887249474,38.0,"[0.253261758421483, 0.253261758421483, 0.253261758421483, 0.25329748872494745, 0.25329748872494745]",True
11,DecisionTree,classical,LDA,gwo,1200,904,3.361374300031457,"{'max_depth': 4, 'min_samples_leaf': 2}",0.5940265486725663,0.1493333333333333,0.5384615384615384,0.2338204592901878,0.5698557692307692,0.090479557563417,0.5956250000000001,481,319,48,56,ok,0.0382726999814622,1,Bank Marketing,0.2563512762906095,39.0,"[0.2517772401618865, 0.2517772401618865, 0.2563512762906095, 0.2563512762906095, 0.2563512762906095, 0.2563512762906095, 0.2563512762906095]",True
12,DecisionTree,classical,LDA,gwo,1200,904,3.9306082999682985,"{'max_depth': 8, 'min_samples_leaf': 7}",0.6648230088495575,0.1737704918032787,0.5096153846153846,0.2591687041564792,0.5973076923076923,0.1313334948305423,0.6176682692307692,548,252,51,53,ok,0.0292053000302985,1,Bank Marketing,0.2961875862966683,47.0,"[0.28611954251636784, 0.28611954251636784, 0.2961875862966683, 0.2961875862966683, 0.2961875862966683, 0.2961875862966683, 0.2961875862966683]",True
13,DecisionTree,classical,LDA,gwo,1200,904,3.3093144000158645,"{'max_depth': 4, 'min_samples_leaf': 10}",0.7400442477876106,0.2236286919831223,0.5096153846153846,0.3108504398826979,0.6398076923076923,0.2028549623260644,0.6648377403846154,616,184,51,53,ok,0.0375366999651305,1,Bank Marketing,0.3072917918920724,37.0,"[0.3072917918920724, 0.3072917918920724, 0.3072917918920724, 0.3072917918920724, 0.3072917918920724]",True
14,DecisionTree,classical,LDA,gwo,1200,904,2.114656899997499,"{'max_depth': 2, 'min_samples_leaf': 4}",0.7278761061946902,0.1965811965811965,0.4423076923076923,0.272189349112426,0.6036538461538461,0.1510190556808689,0.6500120192307692,612,188,58,46,ok,0.0518720999825745,1,Bank Marketing,0.2964817357129398,24.0,"[0.2964817357129398, 0.2964817357129398, 0.2964817357129398, 0.2964817357129398, 0.2964817357129398]",True
0,RandomForest,classical,LDA,gwo,1200,905,43.35869569994975,"{'max_depth': 5, 'min_samples_leaf': 16, 'max_features': 'sqrt'}",0.630939226519337,0.1602373887240356,0.5142857142857142,0.2443438914027149,0.5802678571428571,0.1063462522346334,0.6108392857142857,517,283,51,54,ok,0.3188938000239432,1,Bank Marketing,0.252029579005415,39.0,"[0.252029579005415, 0.252029579005415, 0.252029579005415, 0.252029579005415, 0.252029579005415]",True
1,RandomForest,classical,LDA,gwo,1200,904,52.16877729998669,"{'max_depth': 7, 'min_samples_leaf': 3, 'max_features': 'sqrt'}",0.6526548672566371,0.1759259259259259,0.5480769230769231,0.2663551401869158,0.6071634615384616,0.142610627375302,0.6261899038461538,533,267,47,57,ok,0.2770334999659098,1,Bank Marketing,0.2738368935316986,49.0,"[0.2706350431307986, 0.2706350431307986, 0.2709208068413566, 0.27338007262113245, 0.27338007262113245, 0.27338007262113245, 0.27383689353169866, 0.27383689353169866, 0.27383689353169866, 0.27383689353169866, 0.27383689353169866]",True
2,RandomForest,classical,LDA,gwo,1200,904,36.947894900047686,"{'max_depth': 2, 'min_samples_leaf': 20, 'max_features': 'log2'}",0.6913716814159292,0.2131147540983606,0.625,0.3178484107579462,0.6625,0.2193217453197793,0.7328245192307692,560,240,39,65,ok,0.3702959999791346,1,Bank Marketing,0.2521951998297057,32.0,"[0.24561086174940264, 0.2521951998297057, 0.2521951998297057, 0.2521951998297057, 0.2521951998297057, 0.2521951998297057]",True
3,RandomForest,classical,LDA,gwo,1200,904,39.80940779997036,"{'max_depth': 18, 'min_samples_leaf': 20, 'max_features': 'sqrt'}",0.6150442477876106,0.1611111111111111,0.5576923076923077,0.25,0.5900961538461539,0.1174484285057556,0.646610576923077,498,302,46,58,ok,0.3976613000268116,1,Bank Marketing,0.2744685936585647,35.0,"[0.27446859365856474, 0.27446859365856474, 0.27446859365856474, 0.27446859365856474, 0.27446859365856474]",True
4,RandomForest,classical,LDA,gwo,1200,904,34.274554100004025,"{'max_depth': 2, 'min_samples_leaf': 20, 'max_features': None}",0.5663716814159292,0.1756756756756756,0.75,0.2846715328467153,0.64625,0.1866883136125102,0.7092908653846154,434,366,26,78,ok,0.4352690000087023,1,Bank Marketing,0.2805526831526181,31.0,"[0.2730509708753061, 0.2805526831526181, 0.2805526831526181, 0.2805526831526181, 0.2805526831526181, 0.2805526831526181]",True
5,RandomForest,classical,LDA,gwo,1200,905,48.51846910000313,"{'max_depth': 2, 'min_samples_leaf': 5, 'max_features': 'sqrt'}",0.7226519337016575,0.2103174603174603,0.5047619047619047,0.2969187675070028,0.6280059523809524,0.1829123135161875,0.6716488095238096,601,199,52,53,ok,0.2992908000014722,1,Bank Marketing,0.2756820444350749,46.0,"[0.2620533993944399, 0.26301158301158306, 0.2756820444350749, 0.2756820444350749, 0.2756820444350749, 0.2756820444350749, 0.2756820444350749]",True
6,RandomForest,classical,LDA,gwo,1200,904,59.697483199997805,"{'max_depth': 4, 'min_samples_leaf': 8, 'max_features': None}",0.6626106194690266,0.1809523809523809,0.5480769230769231,0.2720763723150358,0.6127884615384616,0.1510578876441217,0.6649579326923077,542,258,47,57,ok,0.2181773000047542,1,Bank Marketing,0.2739881803863771,64.0,"[0.2721669712821159, 0.27319416603304075, 0.27319416603304075, 0.27319416603304075, 0.2739881803863771, 0.2739881803863771, 0.2739881803863771, 0.2739881803863771, 0.2739881803863771]",True
7,RandomForest,classical,LDA,gwo,1200,904,51.398355400015134,"{'max_depth': 11, 'min_samples_leaf': 10, 'max_features': 'sqrt'}",0.6183628318584071,0.1698630136986301,0.5961538461538461,0.2643923240938166,0.6087019230769231,0.1413800306153814,0.6479867788461539,497,303,42,62,ok,0.2761786999762989,1,Bank Marketing,0.2600179738715188,49.0,"[0.2591440019802593, 0.2591440019802593, 0.26001797387151887, 0.26001797387151887, 0.26001797387151887, 0.26001797387151887, 0.26001797387151887]",True
8,RandomForest,classical,LDA,gwo,1200,904,41.8630828000023,"{'max_depth': 2, 'min_samples_leaf': 12, 'max_features': 'log2'}",0.7876106194690266,0.238095238095238,0.3846153846153846,0.2941176470588235,0.6123076923076923,0.1842500499446408,0.6333533653846155,672,128,64,40,ok,0.3499617999768816,1,Bank Marketing,0.2952294204904533,38.0,"[0.29076341545540485, 0.2952294204904533, 0.2952294204904533, 0.2952294204904533, 0.2952294204904533, 0.2952294204904533]",True
9,RandomForest,classical,LDA,gwo,1200,904,48.80634559999453,"{'max_depth': 8, 'min_samples_leaf': 18, 'max_features': 'log2'}",0.6769911504424779,0.2080745341614907,0.6442307692307693,0.3145539906103286,0.6627403846153846,0.2168690458360067,0.6916045673076923,545,255,37,67,ok,0.2975421999581158,1,Bank Marketing,0.3012426603432701,46.0,"[0.3000025809781907, 0.3000025809781907, 0.3000025809781907, 0.3012426603432701, 0.3012426603432701, 0.3012426603432701, 0.3012426603432701, 0.3012426603432701]",True
10,RandomForest,classical,LDA,gwo,1200,905,51.70291630004067,"{'max_depth': 7, 'min_samples_leaf': 6, 'max_features': 'sqrt'}",0.7060773480662983,0.1867704280155642,0.4571428571428571,0.2651933701657458,0.5979464285714285,0.139124680183629,0.6659702380952381,591,209,57,48,ok,0.2870581000461243,1,Bank Marketing,0.2841797222400091,49.0,"[0.27768317983509566, 0.27768317983509566, 0.2841797222400091, 0.2841797222400091, 0.2841797222400091, 0.2841797222400091, 0.2841797222400091]",True
11,RandomForest,classical,LDA,gwo,1200,904,41.22577530000126,"{'max_depth': 4, 'min_samples_leaf': 12, 'max_features': None}",0.7245575221238938,0.1777777777777777,0.3846153846153846,0.243161094224924,0.5766826923076923,0.1131782214899098,0.6052584134615384,615,185,64,40,ok,0.3610060999635607,1,Bank Marketing,0.3006745172237368,38.0,"[0.3006745172237368, 0.3006745172237368, 0.3006745172237368, 0.3006745172237368, 0.3006745172237368]",True
12,RandomForest,classical,LDA,gwo,1200,904,56.71292820002418,"{'max_depth': 11, 'min_samples_leaf': 2, 'max_features': 'sqrt'}",0.6548672566371682,0.1729559748427672,0.5288461538461539,0.2606635071090047,0.6000480769230769,0.1337020407274031,0.6340084134615385,537,263,49,55,ok,0.249618100002408,1,Bank Marketing,0.2452367068473312,56.0,"[0.23511356403133601, 0.23511356403133601, 0.23520326261443014, 0.2444491925288891, 0.24523670684733126, 0.24523670684733126, 0.24523670684733126, 0.24523670684733126, 0.24523670684733126]",True
13,RandomForest,classical,LDA,gwo,1200,904,41.99764199997298,"{'max_depth': 9, 'min_samples_leaf': 18, 'max_features': 'log2'}",0.6991150442477876,0.2162162162162162,0.6153846153846154,0.32,0.6626923076923077,0.2212386669692647,0.6599459134615385,568,232,40,64,ok,0.404119000013452,1,Bank Marketing,0.2752369324631031,38.0,"[0.27523693246310316, 0.27523693246310316, 0.27523693246310316, 0.27523693246310316, 0.27523693246310316]",True
14,RandomForest,classical,LDA,gwo,1200,904,48.60679879999952,"{'max_depth': 3, 'min_samples_leaf': 1, 'max_features': None}",0.6969026548672567,0.2048611111111111,0.5673076923076923,0.3010204081632653,0.6405288461538461,0.1924733207341128,0.6831069711538461,571,229,45,59,ok,0.3123743000323884,1,Bank Marketing,0.27328937911981,46.0,"[0.265778474399164, 0.265778474399164, 0.2677397891921403, 0.2677397891921403, 0.2710819324681358, 0.27257461579869685, 0.27328937911981005, 0.27328937911981005, 0.27328937911981005, 0.27328937911981005, 0.27328937911981005]",True
0,MLP,classical,LDA,gwo,1200,905,17.97548610001104,"{'alpha': 0.01715560360786642, 'learning_rate_init': 0.10000000000000006}",0.6088397790055249,0.1715039577836411,0.6190476190476191,0.268595041322314,0.6132738095238095,0.1470573271619458,0.6757261904761903,486,314,40,65,ok,0.0846156000043265,1,Bank Marketing,0.274004261004586,72.0,"[0.26127047504084505, 0.26338355840902034, 0.26430919020436405, 0.26695780761743665, 0.274004261004586, 0.274004261004586, 0.274004261004586, 0.274004261004586, 0.274004261004586]",True
1,MLP,classical,LDA,gwo,1200,904,27.01784599997336,"{'alpha': 2.0319072137006112e-06, 'learning_rate_init': 0.00010000000000000009}",0.6028761061946902,0.1804511278195488,0.6923076923076923,0.2862823061630218,0.6417788461538462,0.1822094761339204,0.7106009615384615,473,327,32,72,ok,0.2964200000278651,1,Bank Marketing,0.255050505050505,46.0,"[0.2544585060896117, 0.255050505050505, 0.255050505050505, 0.255050505050505, 0.255050505050505, 0.255050505050505]",True
2,MLP,classical,LDA,gwo,1200,904,31.172356499999296,"{'alpha': 0.00019443643463180814, 'learning_rate_init': 0.00012736003747998548}",0.6393805309734514,0.1696428571428571,0.5480769230769231,0.2590909090909091,0.5996634615384615,0.1316084636602498,0.6415144230769231,521,279,47,57,ok,0.1556845000013709,1,Bank Marketing,0.3006523192569704,56.0,"[0.29833442296317053, 0.29833442296317053, 0.30065231925697045, 0.30065231925697045, 0.30065231925697045, 0.30065231925697045, 0.30065231925697045]",True
3,MLP,classical,LDA,gwo,1200,904,15.602095299982466,"{'alpha': 0.016145813582835518, 'learning_rate_init': 0.027027789015326376}",0.6183628318584071,0.1752021563342318,0.625,0.2736842105263158,0.6212500000000001,0.1572978717975129,0.6859855769230769,494,306,39,65,ok,0.1498184999800287,1,Bank Marketing,0.2579945799457994,48.0,"[0.257233520564675, 0.25799457994579944, 0.25799457994579944, 0.25799457994579944, 0.25799457994579944, 0.25799457994579944]",True
4,MLP,classical,LDA,gwo,1200,904,25.089370400004555,"{'alpha': 0.028651389024834106, 'learning_rate_init': 0.0017255306184740015}",0.6327433628318584,0.1779661016949152,0.6057692307692307,0.2751091703056768,0.6210096153846154,0.1582080448926935,0.6602163461538462,509,291,41,63,ok,0.0642427999991923,1,Bank Marketing,0.2346276734480959,96.0,"[0.2314601968834029, 0.23181044416509533, 0.23181044416509533, 0.23338742701854456, 0.23338742701854456, 0.23380890604292523, 0.23380890604292523, 0.23421815507095878, 0.23421815507095878, 0.23421815507095878, 0.23421815507095878, 0.23462767344809599]",False
5,MLP,classical,LDA,gwo,1200,905,39.47320539999055,"{'alpha': 2.187415828367364e-05, 'learning_rate_init': 0.00018090965698606154}",0.6143646408839779,0.1534090909090909,0.5142857142857142,0.2363238512035011,0.5708928571428571,0.0931404262379587,0.5976190476190477,502,298,51,54,ok,0.1256122000049799,1,Bank Marketing,0.2628558509676252,80.0,"[0.25968605833137853, 0.25968605833137853, 0.26234175478188726, 0.26234175478188726, 0.26234175478188726, 0.26285585096762526, 0.26285585096762526, 0.26285585096762526, 0.26285585096762526, 0.26285585096762526]",True
6,MLP,classical,LDA,gwo,1200,904,18.667004699993413,"{'alpha': 0.00016960194692008186, 'learning_rate_init': 0.02144334559248387}",0.6692477876106194,0.1844660194174757,0.5480769230769231,0.2760290556900726,0.6165384615384616,0.1567917533692443,0.690625,548,252,47,57,ok,0.0951992000336758,1,Bank Marketing,0.2756026559382462,72.0,"[0.2730081138600691, 0.2730081138600691, 0.2730081138600691, 0.2730081138600691, 0.2756026559382462, 0.2756026559382462, 0.2756026559382462, 0.2756026559382462, 0.2756026559382462]",True
7,MLP,classical,LDA,gwo,1200,904,14.49364900001092,"{'alpha': 0.004728494026905965, 'learning_rate_init': 0.022844297184658635}",0.6880530973451328,0.220125786163522,0.6730769230769231,0.3317535545023696,0.6815384615384615,0.2426039912478012,0.7204326923076925,552,248,34,70,ok,0.0836585000506602,1,Bank Marketing,0.2836502678607941,40.0,"[0.28365026786079417, 0.28365026786079417, 0.28365026786079417, 0.28365026786079417, 0.28365026786079417]",True
8,MLP,classical,LDA,gwo,1200,904,22.362461600045208,"{'alpha': 5.674184971320588e-05, 'learning_rate_init': 0.08519002536446933}",0.6017699115044248,0.1666666666666666,0.6153846153846154,0.2622950819672131,0.6076923076923078,0.1390301714023175,0.6818870192307691,480,320,40,64,ok,0.0662911999970674,1,Bank Marketing,0.2707643112627536,80.0,"[0.2621594982078853, 0.2629569033804909, 0.2691734276402469, 0.2691734276402469, 0.2700767110152223, 0.27076431126275363, 0.27076431126275363, 0.27076431126275363, 0.27076431126275363, 0.27076431126275363]",True
9,MLP,classical,LDA,gwo,1200,904,20.42426570004318,"{'alpha': 0.00036558384171615614, 'learning_rate_init': 0.04147131758621362}",0.6692477876106194,0.1943573667711598,0.5961538461538461,0.293144208037825,0.6374519230769231,0.18355626184686,0.6903966346153845,543,257,42,62,ok,0.0517590999952517,1,Bank Marketing,0.2444454724895139,64.0,"[0.24206349206349206, 0.2423857436853243, 0.2423857436853243, 0.24444547248951395, 0.24444547248951395, 0.24444547248951395, 0.24444547248951395, 0.24444547248951395]",True
10,MLP,classical,LDA,gwo,1200,905,26.67972820001887,"{'alpha': 2.2755814148026907e-05, 'learning_rate_init': 0.10000000000000006}",0.5580110497237569,0.1561771561771562,0.638095238095238,0.250936329588015,0.592797619047619,0.1190349104889327,0.6402619047619048,438,362,38,67,ok,0.0473382999771274,1,Bank Marketing,0.2724921865097889,96.0,"[0.26540421271590897, 0.27034260246630026, 0.27034260246630026, 0.27034260246630026, 0.27034260246630026, 0.2715792067011579, 0.2715792067011579, 0.2715792067011579, 0.2715792067011579, 0.2724921865097889, 0.2724921865097889, 0.2724921865097889]",False
11,MLP,classical,LDA,gwo,1200,904,25.976586500008125,"{'alpha': 0.0001709677403851437, 'learning_rate_init': 0.10000000000000006}",0.6991150442477876,0.2142857142857142,0.6057692307692307,0.3165829145728643,0.6585096153846154,0.215927863812765,0.7220673076923076,569,231,41,63,ok,0.0558063999633304,1,Bank Marketing,0.3390322580645161,95.0,"[0.32436204146730463, 0.32576201680492317, 0.3320797720797721, 0.3320797720797721, 0.3320797720797721, 0.33240238266841904, 0.33240238266841904, 0.33240238266841904, 0.33609134091061804, 0.33731002223755846, 0.33903225806451615, 0.33903225806451615]",False
12,MLP,classical,LDA,gwo,1200,904,26.294656899990517,"{'alpha': 0.004270598591396488, 'learning_rate_init': 0.10000000000000006}",0.6460176991150443,0.1860465116279069,0.6153846153846154,0.2857142857142857,0.6326923076923077,0.1744071041442335,0.6782091346153847,520,280,40,64,ok,0.0516529000014998,1,Bank Marketing,0.2624496494859927,96.0,"[0.25004079967360265, 0.25399584076054665, 0.25399584076054665, 0.25399584076054665, 0.2621095695590296, 0.2621095695590296, 0.2621095695590296, 0.2624496494859927, 0.2624496494859927, 0.2624496494859927, 0.2624496494859927, 0.2624496494859927]",True
13,MLP,classical,LDA,gwo,1200,904,20.14634690003004,"{'alpha': 6.684881124222153e-05, 'learning_rate_init': 0.03290855154943309}",0.6305309734513275,0.1695402298850574,0.5673076923076923,0.2610619469026549,0.6030288461538462,0.1351211949010113,0.6614903846153846,511,289,45,59,ok,0.0854215999715961,1,Bank Marketing,0.2784408151870463,72.0,"[0.2712386278811578, 0.27602705504026365, 0.27602705504026365, 0.277544664543639, 0.27844081518704633, 0.27844081518704633, 0.27844081518704633, 0.27844081518704633, 0.27844081518704633]",True
14,MLP,classical,LDA,gwo,1200,904,27.00455889996374,"{'alpha': 4.3521774981687573e-05, 'learning_rate_init': 0.027792839150142266}",0.7323008849557522,0.2,0.4423076923076923,0.2754491017964072,0.6061538461538462,0.1555369314546756,0.6496274038461538,616,184,58,46,ok,0.0619631999870762,1,Bank Marketing,0.3342798592369769,96.0,"[0.3280858372311648, 0.3280858372311648, 0.3280858372311648, 0.3280858372311648, 0.32898122603592445, 0.32898122603592445, 0.32898122603592445, 0.33427985923697695, 0.33427985923697695, 0.33427985923697695, 0.33427985923697695, 0.33427985923697695]",True
0,XGBoost,classical,LDA,gwo,1200,905,10.7052850999753,"{'max_depth': 2, 'learning_rate': 0.001930699530053853, 'subsample': 0.5}",0.6817679558011049,0.1960132890365448,0.5619047619047619,0.2906403940886699,0.629702380952381,0.176325802910409,0.6945119047619047,558,242,46,59,ok,0.0976470000459812,1,Bank Marketing,0.329309527313157,56.0,"[0.3214545725440798, 0.32381973489593285, 0.32930952731315705, 0.32930952731315705, 0.32930952731315705, 0.32930952731315705, 0.32930952731315705]",True
1,XGBoost,classical,LDA,gwo,1200,904,11.08670310000889,"{'max_depth': 2, 'learning_rate': 0.0043849747885029156, 'subsample': 0.5524721647839812}",0.6847345132743363,0.1911262798634812,0.5384615384615384,0.2821158690176322,0.6211057692307692,0.1651209110062764,0.6739963942307692,563,237,48,56,ok,0.0723288000444881,1,Bank Marketing,0.2520314560623516,56.0,"[0.24946647266603875, 0.24946647266603875, 0.2520314560623516, 0.2520314560623516, 0.2520314560623516, 0.2520314560623516, 0.2520314560623516]",True
2,XGBoost,classical,LDA,gwo,1200,904,13.895914699998684,"{'max_depth': 3, 'learning_rate': 0.0023349113798517124, 'subsample': 0.6152695937506434}",0.6061946902654868,0.1576086956521739,0.5576923076923077,0.2457627118644068,0.5850961538461539,0.1105338471611406,0.6317247596153847,490,310,46,58,ok,0.0714267000439576,1,Bank Marketing,0.2750367081334839,72.0,"[0.2712447431764704, 0.2740602771570529, 0.2741120906285555, 0.2741120906285555, 0.2750367081334839, 0.2750367081334839, 0.2750367081334839, 0.2750367081334839, 0.2750367081334839]",True
3,XGBoost,classical,LDA,gwo,1200,904,10.462199300003704,"{'max_depth': 2, 'learning_rate': 0.014201960806473037, 'subsample': 0.6211263898315537}",0.6161504424778761,0.1742627345844504,0.625,0.2725366876310272,0.62,0.155550434445553,0.6662620192307693,492,308,39,65,ok,0.1240299000055529,1,Bank Marketing,0.2860571028201086,48.0,"[0.2850511525688908, 0.2860571028201086, 0.2860571028201086, 0.2860571028201086, 0.2860571028201086, 0.2860571028201086]",True
4,XGBoost,classical,LDA,gwo,1200,904,10.977266200003214,"{'max_depth': 2, 'learning_rate': 0.004239671943286251, 'subsample': 0.561804632242315}",0.7842920353982301,0.254054054054054,0.4519230769230769,0.3252595155709342,0.6397115384615385,0.2209905101256512,0.6893629807692307,662,138,57,47,ok,0.1074025999987497,1,Bank Marketing,0.2878856721755425,56.0,"[0.28660623629098564, 0.2874517235029916, 0.28788567217554256, 0.28788567217554256, 0.28788567217554256, 0.28788567217554256, 0.28788567217554256]",True
5,XGBoost,classical,LDA,gwo,1200,905,15.398063300002832,"{'max_depth': 2, 'learning_rate': 0.0013700908763623265, 'subsample': 0.6484267397177851}",0.7436464088397791,0.2202643171806167,0.4761904761904761,0.3012048192771084,0.6274702380952382,0.1883435101867015,0.6962678571428571,623,177,55,50,ok,0.0619057000149041,1,Bank Marketing,0.2804599095068037,80.0,"[0.2717795455757382, 0.2717795455757382, 0.2717795455757382, 0.2798942119395151, 0.2798942119395151, 0.2804599095068037, 0.2804599095068037, 0.2804599095068037, 0.2804599095068037, 0.2804599095068037]",True
6,XGBoost,classical,LDA,gwo,1200,904,15.408726699999534,"{'max_depth': 10, 'learning_rate': 0.09584156563931119, 'subsample': 0.5498863740679729}",0.6227876106194691,0.1805929919137466,0.6442307692307693,0.2821052631578947,0.6321153846153846,0.1713935573749269,0.6916105769230769,496,304,37,67,ok,0.0890260000014677,1,Bank Marketing,0.2661644526852921,72.0,"[0.26413895839973595, 0.26413895839973595, 0.26413895839973595, 0.26413895839973595, 0.26616445268529215, 0.26616445268529215, 0.26616445268529215, 0.26616445268529215, 0.26616445268529215]",True
7,XGBoost,classical,LDA,gwo,1200,904,16.517842300003394,"{'max_depth': 2, 'learning_rate': 0.0026514345843635457, 'subsample': 0.5140455637566927}",0.6935840707964602,0.1986062717770035,0.5480769230769231,0.2915601023017903,0.6302884615384616,0.1786134192322176,0.6960817307692307,570,230,47,57,ok,0.0597567000077106,1,Bank Marketing,0.2827668570322751,88.0,"[0.2616810966810967, 0.2653464981423606, 0.27429819349324, 0.27429819349324, 0.27429819349324, 0.2813520842319253, 0.28276685703227517, 0.28276685703227517, 0.28276685703227517, 0.28276685703227517, 0.28276685703227517]",True
8,XGBoost,classical,LDA,gwo,1200,904,16.943500800000038,"{'max_depth': 2, 'learning_rate': 0.002236535694063969, 'subsample': 0.9632945694986401}",0.6880530973451328,0.1972789115646258,0.5576923076923077,0.2914572864321608,0.6313461538461538,0.1789247570325975,0.6518509615384616,564,236,46,58,ok,0.0542591000557877,1,Bank Marketing,0.2878820122709779,96.0,"[0.26895256287347574, 0.2748978564877092, 0.2790931847788035, 0.2790931847788035, 0.28577813324402196, 0.28577813324402196, 0.28671242162770305, 0.28671242162770305, 0.2878820122709779, 0.2878820122709779, 0.2878820122709779, 0.2878820122709779]",False
9,XGBoost,classical,LDA,gwo,1200,904,16.276643500023056,"{'max_depth': 10, 'learning_rate': 0.0010418675314381083, 'subsample': 0.5162736091796445}",0.6028761061946902,0.1705426356589147,0.6346153846153846,0.2688391038696537,0.6166826923076922,0.1504864322880037,0.65765625,479,321,38,66,ok,0.0741654000012204,1,Bank Marketing,0.2946393494146304,80.0,"[0.2780333525014376, 0.2930057531121361, 0.2935573685573685, 0.29409533669310206, 0.29409533669310206, 0.2946393494146304, 0.2946393494146304, 0.2946393494146304, 0.2946393494146304, 0.2946393494146304]",True
10,XGBoost,classical,LDA,gwo,1200,905,11.29753390001133,"{'max_depth': 2, 'learning_rate': 0.008581769117252355, 'subsample': 0.7669218732063516}",0.7060773480662983,0.198501872659176,0.5047619047619047,0.2849462365591398,0.6186309523809523,0.1666102383295701,0.6427380952380952,586,214,52,53,ok,0.0746461999951861,1,Bank Marketing,0.259679603941899,56.0,"[0.2501629374593008, 0.2531906065886648, 0.259679603941899, 0.259679603941899, 0.259679603941899, 0.259679603941899, 0.259679603941899]",True
11,XGBoost,classical,LDA,gwo,1200,904,10.312767700001132,"{'max_depth': 4, 'learning_rate': 0.0022153790172186683, 'subsample': 1.0}",0.6139380530973452,0.144927536231884,0.4807692307692308,0.22271714922049,0.5560096153846154,0.0735764445889951,0.6072235576923076,505,295,54,50,ok,0.144517199951224,1,Bank Marketing,0.2432242034198004,48.0,"[0.2361033931127389, 0.24322420341980044, 0.24322420341980044, 0.24322420341980044, 0.24322420341980044, 0.24322420341980044]",True
12,XGBoost,classical,LDA,gwo,1200,904,17.940061100001913,"{'max_depth': 4, 'learning_rate': 0.0010187310451447065, 'subsample': 0.6106518015619585}",0.6803097345132744,0.1731448763250883,0.4711538461538461,0.2532299741602067,0.5893269230769231,0.1229235278030537,0.6262620192307693,566,234,55,49,ok,0.0550362999783828,1,Bank Marketing,0.2610643442472347,96.0,"[0.25297645089741455, 0.255259487033753, 0.2602980859010271, 0.2602980859010271, 0.2602980859010271, 0.2605562217734018, 0.2605562217734018, 0.2605562217734018, 0.26106434424723474, 0.26106434424723474, 0.26106434424723474, 0.26106434424723474]",False
13,XGBoost,classical,LDA,gwo,1200,904,9.207248400023673,"{'max_depth': 8, 'learning_rate': 0.04376718443804929, 'subsample': 0.729508801513793}",0.5873893805309734,0.1506493506493506,0.5576923076923077,0.2372188139059304,0.5744711538461539,0.0961093628035921,0.648858173076923,473,327,46,58,ok,0.122316499997396,1,Bank Marketing,0.2709827946842225,40.0,"[0.2709827946842225, 0.2709827946842225, 0.2709827946842225, 0.2709827946842225, 0.2709827946842225]",True
14,XGBoost,classical,LDA,gwo,1200,904,16.98480729997391,"{'max_depth': 9, 'learning_rate': 0.00293811113766585, 'subsample': 0.7728564764719524}",0.6050884955752213,0.181360201511335,0.6923076923076923,0.2874251497005988,0.6430288461538461,0.1839145381431913,0.7036778846153846,475,325,32,72,ok,0.0791923999786377,1,Bank Marketing,0.2774168552051537,80.0,"[0.2679510165132433, 0.2714671050101625, 0.2748043834890416, 0.27629396657835076, 0.27629396657835076, 0.27741685520515375, 0.27741685520515375, 0.27741685520515375, 0.27741685520515375, 0.27741685520515375]",True
0,VQC,quantum,LDA,gwo,1200,905,633.7985014000442,"{'n_layers': 3, 'learning_rate': 0.015477163405876812, 'map_reps': 1, 'feature_map': 'angle', 'entanglement': 'linear', 'init_scale': 0.14902688831630326}",0.6475138121546962,0.1677018633540372,0.5142857142857142,0.2529274004683841,0.5896428571428571,0.1199286971154068,0.6196190476190475,532,268,51,54,ok,2.834239499992691,1,Bank Marketing,0.2857295803434674,88.0,"[0.27299924509881984, 0.28360620723641666, 0.28360620723641666, 0.28360620723641666, 0.28551362293693583, 0.28551362293693583, 0.2857295803434674, 0.2857295803434674, 0.2857295803434674, 0.2857295803434674, 0.2857295803434674]",True
1,VQC,quantum,LDA,gwo,1200,904,569.0997506999993,"{'n_layers': 5, 'learning_rate': 0.03857521142730244, 'map_reps': 1, 'feature_map': 'angle', 'entanglement': 'linear', 'init_scale': 0.01}",0.5564159292035398,0.1692650334075723,0.7307692307692307,0.2748643761301989,0.6322596153846154,0.1688068420539388,0.6905048076923077,427,373,28,76,ok,4.567098900035489,1,Bank Marketing,0.299897986819536,56.0,"[0.28699945621916784, 0.29068451088754926, 0.299897986819536, 0.299897986819536, 0.299897986819536, 0.299897986819536, 0.299897986819536]",True
2,VQC,quantum,LDA,gwo,1200,904,669.4506041000132,"{'n_layers': 2, 'learning_rate': 0.43635931990188526, 'map_reps': 1, 'feature_map': 'angle', 'entanglement': 'circular', 'init_scale': 0.3903770771749502}",0.6603982300884956,0.1693811074918566,0.5,0.2530413625304136,0.590625,0.1221190241164618,0.6138100961538461,545,255,52,52,ok,1.92238509998424,1,Bank Marketing,0.2908802001107169,96.0,"[0.27798120533018805, 0.27798120533018805, 0.27798120533018805, 0.28372372372372373, 0.28372372372372373, 0.284469536234381, 0.284469536234381, 0.284469536234381, 0.285222411538201, 0.285222411538201, 0.28865373309817755, 0.29088020011071697]",False
3,VQC,quantum,LDA,gwo,1200,904,675.3101504999795,"{'n_layers': 2, 'learning_rate': 0.14387974970162384, 'map_reps': 1, 'feature_map': 'angle', 'entanglement': 'circular', 'init_scale': 0.5}",0.7168141592920354,0.2164179104477611,0.5576923076923077,0.3118279569892473,0.6475961538461539,0.2062389763761266,0.725625,590,210,46,58,ok,1.8217546000378209,1,Bank Marketing,0.268572248585573,95.0,"[0.2516797198139255, 0.25787376874333395, 0.2611391268895003, 0.2661278891916948, 0.2661278891916948, 0.2671427947744041, 0.2671427947744041, 0.2671427947744041, 0.2671427947744041, 0.26857224858557305, 0.26857224858557305, 0.26857224858557305]",False
4,VQC,quantum,LDA,gwo,1200,904,399.5554430000484,"{'n_layers': 2, 'learning_rate': 0.010072399842307093, 'map_reps': 1, 'feature_map': 'angle', 'entanglement': 'full', 'init_scale': 0.12816401134645564}",0.6747787610619469,0.1854304635761589,0.5384615384615384,0.2758620689655172,0.6154807692307692,0.1562426548506017,0.681298076923077,554,246,48,56,ok,2.5541052000480704,1,Bank Marketing,0.3014427402000914,64.0,"[0.28987104724218127, 0.2981338849123189, 0.2991929567131328, 0.3014427402000914, 0.3014427402000914, 0.3014427402000914, 0.3014427402000914, 0.3014427402000914]",True
5,VQC,quantum,LDA,gwo,1200,905,366.8323825999978,"{'n_layers': 1, 'learning_rate': 0.23512248732725652, 'map_reps': 1, 'feature_map': 'angle', 'entanglement': 'linear', 'init_scale': 0.09459056498795756}",0.7602209944751381,0.2333333333333333,0.4666666666666667,0.3111111111111111,0.6327083333333333,0.2013565604306381,0.6914166666666667,639,161,56,49,ok,2.0924559999839403,1,Bank Marketing,0.2482467643835387,56.0,"[0.23840460404337058, 0.24319860930030424, 0.24824676438353874, 0.24824676438353874, 0.24824676438353874, 0.24824676438353874, 0.24824676438353874]",True
6,VQC,quantum,LDA,gwo,1200,904,356.13949659996433,"{'n_layers': 3, 'learning_rate': 0.02465442070083357, 'map_reps': 1, 'feature_map': 'angle', 'entanglement': 'circular', 'init_scale': 0.3459202319020188}",0.6183628318584071,0.1752021563342318,0.625,0.2736842105263158,0.6212500000000001,0.1572978717975129,0.6540384615384616,494,306,39,65,ok,4.203010400000494,1,Bank Marketing,0.2348186041732416,40.0,"[0.23481860417324163, 0.23481860417324163, 0.23481860417324163, 0.23481860417324163, 0.23481860417324163]",True
7,VQC,quantum,LDA,gwo,1200,904,655.8292306999792,"{'n_layers': 3, 'learning_rate': 0.31264827702810416, 'map_reps': 1, 'feature_map': 'zz', 'entanglement': 'linear', 'init_scale': 0.43826668218075937}",0.7256637168141593,0.1814159292035398,0.3942307692307692,0.2484848484848484,0.5814903846153846,0.1200961153538153,0.6338701923076923,615,185,63,41,ok,2.642216600012034,1,Bank Marketing,0.2739882856893085,96.0,"[0.2463472521678881, 0.2570019643703854, 0.2570019643703854, 0.2570019643703854, 0.2581110769925032, 0.2581110769925032, 0.2595205747926918, 0.2627102129112009, 0.2627102129112009, 0.2627102129112009, 0.2627102129112009, 0.2739882856893085]",False
8,VQC,quantum,LDA,gwo,1200,904,585.7767853999976,"{'n_layers': 6, 'learning_rate': 0.49999999999999994, 'map_reps': 1, 'feature_map': 'angle', 'entanglement': 'linear', 'init_scale': 0.5}",0.2820796460176991,0.1292517006802721,0.9134615384615384,0.2264600715137067,0.5567307692307693,0.0928588517985198,0.6831850961538461,160,640,9,95,ok,4.909911299997475,1,Bank Marketing,0.3559178847136962,56.0,"[0.29392110882330513, 0.329932069551615, 0.3559178847136962, 0.3559178847136962, 0.3559178847136962, 0.3559178847136962, 0.3559178847136962]",True
9,VQC,quantum,LDA,gwo,1200,904,833.2749503999949,"{'n_layers': 6, 'learning_rate': 0.49999999999999994, 'map_reps': 1, 'feature_map': 'angle', 'entanglement': 'circular', 'init_scale': 0.22020151237834562}",0.7146017699115044,0.1791666666666666,0.4134615384615384,0.25,0.5836057692307692,0.120819836952529,0.6352043269230769,603,197,61,43,ok,2.9084502000478096,1,Bank Marketing,0.3236346073517126,96.0,"[0.26837792709485353, 0.2692378751573963, 0.30869377536044207, 0.30869377536044207, 0.30869377536044207, 0.31299339144745303, 0.31299339144745303, 0.31299339144745303, 0.31299339144745303, 0.3236346073517126, 0.3236346073517126, 0.3236346073517126]",False
10,VQC,quantum,LDA,gwo,1200,905,777.6640189999598,"{'n_layers': 6, 'learning_rate': 0.04734490409836928, 'map_reps': 1, 'feature_map': 'angle', 'entanglement': 'linear', 'init_scale': 0.0780667809004169}",0.7867403314917127,0.2441860465116279,0.4,0.3032490974729241,0.61875,0.1938594812260819,0.6702619047619047,670,130,63,42,ok,3.0792642000014894,1,Bank Marketing,0.3159027222164245,88.0,"[0.27247252612216116, 0.3037589666392105, 0.3037589666392105, 0.3079277512377834, 0.3079277512377834, 0.3079277512377834, 0.3159027222164245, 0.3159027222164245, 0.3159027222164245, 0.3159027222164245, 0.3159027222164245]",True
11,VQC,quantum,LDA,gwo,1200,904,695.1905255999882,"{'n_layers': 3, 'learning_rate': 0.03242099231247046, 'map_reps': 1, 'feature_map': 'angle', 'entanglement': 'full', 'init_scale': 0.3297380585687129}",0.6537610619469026,0.191740412979351,0.625,0.2934537246049661,0.64125,0.1861898672502525,0.6793269230769231,526,274,39,65,ok,2.124450400006026,1,Bank Marketing,0.2576312004501484,96.0,"[0.2437879845243124, 0.2437879845243124, 0.25278732802823645, 0.25278732802823645, 0.25278732802823645, 0.2546332894158981, 0.2546332894158981, 0.2576312004501484, 0.2576312004501484, 0.2576312004501484, 0.2576312004501484, 0.2576312004501484]",True
12,VQC,quantum,LDA,gwo,1200,904,660.227985400008,"{'n_layers': 2, 'learning_rate': 0.03743886823804007, 'map_reps': 1, 'feature_map': 'angle', 'entanglement': 'linear', 'init_scale': 0.3021925646392885}",0.5597345132743363,0.1597222222222222,0.6634615384615384,0.2574626865671642,0.6048557692307692,0.1339587593510278,0.6661057692307693,437,363,35,69,ok,2.136915399983991,1,Bank Marketing,0.2830116998636102,72.0,"[0.2814994349399046, 0.2814994349399046, 0.2814994349399046, 0.282236416842248, 0.2830116998636102, 0.2830116998636102, 0.2830116998636102, 0.2830116998636102, 0.2830116998636102]",True
13,VQC,quantum,LDA,gwo,1200,904,548.2791310999892,"{'n_layers': 3, 'learning_rate': 0.49999999999999994, 'map_reps': 1, 'feature_map': 'angle', 'entanglement': 'full', 'init_scale': 0.26130011794188174}",0.7997787610619469,0.2483660130718954,0.3653846153846153,0.2957198443579766,0.6108173076923077,0.1885964743276617,0.6738701923076923,685,115,66,38,ok,3.2256166000152007,1,Bank Marketing,0.3020836354070966,64.0,"[0.2721498008226953, 0.27647387113140537, 0.291210788411908, 0.30208363540709665, 0.30208363540709665, 0.30208363540709665, 0.30208363540709665, 0.30208363540709665]",True
14,VQC,quantum,LDA,gwo,1200,904,389.01105400000233,"{'n_layers': 2, 'learning_rate': 0.49999999999999994, 'map_reps': 1, 'feature_map': 'angle', 'entanglement': 'linear', 'init_scale': 0.5}",0.6592920353982301,0.1946107784431137,0.625,0.2968036529680365,0.6443749999999999,0.1908855241449195,0.7056490384615384,531,269,39,65,ok,2.9795351999928243,1,Bank Marketing,0.2730138305985826,50.0,"[0.2693460867404843, 0.2693460867404843, 0.2730138305985826, 0.2730138305985826, 0.2730138305985826, 0.2730138305985826, 0.2730138305985826]",True
0,QNN,quantum,LDA,gwo,1200,905,937.6745522000128,"{'n_layers': 6, 'learning_rate': 0.24198081425024767, 'feature_map': 'angle', 'entanglement': 'circular', 'init_scale': 0.07593215198460825}",0.7624309392265194,0.238095238095238,0.4761904761904761,0.3174603174603174,0.638095238095238,0.2095300382144339,0.6882142857142857,640,160,55,50,ok,3.778481399989687,1,Bank Marketing,0.3023367885070012,88.0,"[0.2798915540851024, 0.2798915540851024, 0.2913377836653766, 0.2913377836653766, 0.29725898828659053, 0.29725898828659053, 0.30233678850700124, 0.30233678850700124, 0.30233678850700124, 0.30233678850700124, 0.30233678850700124]",True
1,QNN,quantum,LDA,gwo,1200,904,671.0555268999888,"{'n_layers': 3, 'learning_rate': 0.021544158823727507, 'feature_map': 'angle', 'entanglement': 'circular', 'init_scale': 0.1663082798008413}",0.6349557522123894,0.1636904761904762,0.5288461538461539,0.25,0.588798076923077,0.1172604111820942,0.6524158653846154,519,281,49,55,ok,3.127403200021945,1,Bank Marketing,0.3035605139067858,72.0,"[0.29231376818555405, 0.29709911999962735, 0.29709911999962735, 0.29924628863620906, 0.3035605139067858, 0.3035605139067858, 0.3035605139067858, 0.3035605139067858, 0.3035605139067858]",True
2,QNN,quantum,LDA,gwo,1200,904,650.50831439998,"{'n_layers': 4, 'learning_rate': 0.49999999999999994, 'feature_map': 'angle', 'entanglement': 'linear', 'init_scale': 0.1651405148169551}",0.7400442477876106,0.1866028708133971,0.375,0.2492012779552715,0.58125,0.1229842460665524,0.6088100961538461,630,170,65,39,ok,3.9783171999733895,1,Bank Marketing,0.2729435332415175,72.0,"[0.24797200363305763, 0.24797200363305763, 0.24797200363305763, 0.2541915184391844, 0.2729435332415175, 0.2729435332415175, 0.2729435332415175, 0.2729435332415175, 0.2729435332415175]",True
3,QNN,quantum,LDA,gwo,1200,904,411.5914772999822,"{'n_layers': 2, 'learning_rate': 0.04957834377377144, 'feature_map': 'angle', 'entanglement': 'linear', 'init_scale': 0.21003079903570862}",0.6626106194690266,0.1945288753799392,0.6153846153846154,0.2956120092378753,0.6420673076923077,0.1884316876208866,0.6811899038461539,535,265,40,64,ok,3.7450142000452615,1,Bank Marketing,0.2508850226049766,56.0,"[0.2497774692869331, 0.2497774692869331, 0.2508850226049766, 0.2508850226049766, 0.2508850226049766, 0.2508850226049766, 0.2508850226049766]",True
4,QNN,quantum,LDA,gwo,1200,904,686.1487594000064,"{'n_layers': 5, 'learning_rate': 0.49999999999999994, 'feature_map': 'angle', 'entanglement': 'linear', 'init_scale': 0.3630038075630702}",0.8816371681415929,0.2857142857142857,0.0192307692307692,0.036036036036036,0.5064903846153846,0.0472516361162262,0.6088221153846154,795,5,102,2,ok,4.346728000033181,1,Bank Marketing,0.2735873459304958,64.0,"[0.26251195583854836, 0.26970280843113215, 0.27006678704539666, 0.2735873459304958, 0.2735873459304958, 0.2735873459304958, 0.2735873459304958, 0.2735873459304958]",True
5,QNN,quantum,LDA,gwo,1200,905,637.1347453999915,"{'n_layers': 3, 'learning_rate': 0.49999999999999994, 'feature_map': 'zz', 'entanglement': 'circular', 'init_scale': 0.5}",0.7337016574585635,0.2068965517241379,0.4571428571428571,0.28486646884273,0.6135714285714285,0.1666046823060561,0.5995833333333334,616,184,57,48,ok,3.7422400999930687,1,Bank Marketing,0.3041940901306486,55.0,"[0.28994601889338734, 0.29799451504434, 0.30419409013064863, 0.30419409013064863, 0.30419409013064863, 0.30419409013064863, 0.30419409013064863]",True
6,QNN,quantum,LDA,gwo,1200,904,876.5496747000143,"{'n_layers': 3, 'learning_rate': 0.31749292955521646, 'feature_map': 'angle', 'entanglement': 'circular', 'init_scale': 0.2679517092138667}",0.5232300884955752,0.1468682505399568,0.6538461538461539,0.2398589065255731,0.5800480769230769,0.102195734990267,0.6267067307692308,405,395,36,68,ok,2.6350606000050902,1,Bank Marketing,0.2507091268308041,96.0,"[0.23396245206760216, 0.2366347122108983, 0.2381383157516752, 0.2381383157516752, 0.24325325482575313, 0.2440563764685814, 0.2440563764685814, 0.24963374747376835, 0.24963374747376835, 0.2507091268308041, 0.2507091268308041, 0.2507091268308041]",False
7,QNN,quantum,LDA,gwo,1200,904,529.6863827999914,"{'n_layers': 6, 'learning_rate': 0.033538508052142556, 'feature_map': 'zz', 'entanglement': 'linear', 'init_scale': 0.07895621316365696}",0.7179203539823009,0.2274368231046931,0.6057692307692307,0.3307086614173228,0.6691346153846154,0.2341264629066419,0.71875,586,214,41,63,ok,7.811226999969222,1,Bank Marketing,0.3259045481267703,40.0,"[0.32590454812677033, 0.32590454812677033, 0.32590454812677033, 0.32590454812677033, 0.32590454812677033]",True
8,QNN,quantum,LDA,gwo,1200,904,564.2856138999923,"{'n_layers': 2, 'learning_rate': 0.49999999999999994, 'feature_map': 'angle', 'entanglement': 'circular', 'init_scale': 0.25163139087403597}",0.7809734513274337,0.2552083333333333,0.4711538461538461,0.3310810810810811,0.6462019230769231,0.2281151518003862,0.7323076923076923,657,143,55,49,ok,3.2257577999844216,1,Bank Marketing,0.280293568762561,72.0,"[0.24608781311567687, 0.24908738074882275, 0.261404090657822, 0.261404090657822, 0.280293568762561, 0.280293568762561, 0.280293568762561, 0.280293568762561, 0.280293568762561]",True
9,QNN,quantum,LDA,gwo,1200,904,1002.6489611000288,"{'n_layers': 6, 'learning_rate': 0.053588365177200545, 'feature_map': 'angle', 'entanglement': 'circular', 'init_scale': 0.20811004664428093}",0.6637168141592921,0.1575342465753424,0.4423076923076923,0.2323232323232323,0.5674038461538462,0.0919833454056088,0.6093990384615384,554,246,58,46,ok,3.514424199995119,1,Bank Marketing,0.2576933089753602,96.0,"[0.24850313085607204, 0.24850313085607204, 0.2510622478604723, 0.2560079751821833, 0.2560079751821833, 0.2560079751821833, 0.2560079751821833, 0.25769330897536025, 0.25769330897536025, 0.25769330897536025, 0.25769330897536025, 0.25769330897536025]",True
10,QNN,quantum,LDA,gwo,1200,905,621.1656789000263,"{'n_layers': 1, 'learning_rate': 0.49999999999999994, 'feature_map': 'angle', 'entanglement': 'linear', 'init_scale': 0.37993718298528056}",0.6850828729281768,0.1853146853146853,0.5047619047619047,0.2710997442455243,0.6067559523809524,0.1470731509160472,0.6703095238095238,567,233,52,53,ok,1.9304859000258148,1,Bank Marketing,0.2996186808623098,96.0,"[0.270800051132398, 0.27163811706028773, 0.27447121778002453, 0.2802138779824894, 0.2802138779824894, 0.2802138779824894, 0.284516573082042, 0.2996186808623098, 0.2996186808623098, 0.2996186808623098, 0.2996186808623098, 0.2996186808623098]",True
11,QNN,quantum,LDA,gwo,1200,904,734.5233947000233,"{'n_layers': 6, 'learning_rate': 0.03255307473900398, 'feature_map': 'angle', 'entanglement': 'linear', 'init_scale': 0.5}",0.7079646017699115,0.2122302158273381,0.5673076923076923,0.3089005235602094,0.6467788461538462,0.2029764084176247,0.6704447115384615,581,219,45,59,ok,4.773667200002819,1,Bank Marketing,0.3084306560894212,64.0,"[0.2897613889668322, 0.2897613889668322, 0.2897613889668322, 0.3084306560894212, 0.3084306560894212, 0.3084306560894212, 0.3084306560894212, 0.3084306560894212]",True
12,QNN,quantum,LDA,gwo,1200,904,906.6463812000002,"{'n_layers': 4, 'learning_rate': 0.231826810423023, 'feature_map': 'angle', 'entanglement': 'circular', 'init_scale': 0.4859495381985148}",0.6637168141592921,0.1932515337423312,0.6057692307692307,0.2930232558139535,0.6385096153846154,0.184076718176499,0.6881971153846154,537,263,41,63,ok,2.9437300999998115,1,Bank Marketing,0.3055784456472192,96.0,"[0.28082482721843305, 0.28082482721843305, 0.2904456394263695, 0.29516045548654246, 0.29516045548654246, 0.29516045548654246, 0.29516045548654246, 0.2972668485113124, 0.2972668485113124, 0.3055784456472192, 0.3055784456472192, 0.3055784456472192]",False
13,QNN,quantum,LDA,gwo,1200,904,569.3319730000221,"{'n_layers': 2, 'learning_rate': 0.49999999999999994, 'feature_map': 'angle', 'entanglement': 'circular', 'init_scale': 0.21384351346798633}",0.3805309734513274,0.1369426751592356,0.8269230769230769,0.2349726775956284,0.5747115384615384,0.1035249371252088,0.6488581730769232,258,542,18,86,ok,3.090746100002434,1,Bank Marketing,0.3069618575236553,80.0,"[0.27075295075295075, 0.27182388588853246, 0.27994899749778707, 0.27994899749778707, 0.2838922000458021, 0.3069618575236553, 0.3069618575236553, 0.3069618575236553, 0.3069618575236553, 0.3069618575236553]",True
14,QNN,quantum,LDA,gwo,1200,904,508.7610063999891,"{'n_layers': 6, 'learning_rate': 0.2572845854060877, 'feature_map': 'zz', 'entanglement': 'circular', 'init_scale': 0.4092642498702854}",0.7245575221238938,0.2178988326848249,0.5384615384615384,0.3102493074792243,0.6436057692307693,0.2031631063081148,0.6855408653846153,599,201,48,56,ok,7.962236399995163,1,Bank Marketing,0.3076061365535049,40.0,"[0.30760613655350494, 0.30760613655350494, 0.30760613655350494, 0.30760613655350494, 0.30760613655350494]",True
0,QSVC,quantum,LDA,gwo,1200,905,193.67518299998483,"{'C': 0.010000000000000004, 'map_reps': 3, 'scale': 0.28272133760962503, 'entanglement': 'full'}",0.687292817679558,0.1993243243243243,0.5619047619047619,0.2942643391521197,0.632827380952381,0.1813438143271589,0.6062857142857143,563,237,46,59,ok,5.203123699990101,1,Bank Marketing,0.2915316240912841,48.0,"[0.2843928001822738, 0.29153162409128414, 0.29153162409128414, 0.29153162409128414, 0.29153162409128414, 0.29153162409128414]",True
1,QSVC,quantum,LDA,gwo,1200,904,275.5233651000308,"{'C': 0.13088396585535464, 'map_reps': 1, 'scale': 0.2978669588385581, 'entanglement': 'linear'}",0.5973451327433629,0.1733668341708542,0.6634615384615384,0.2749003984063745,0.6261057692307692,0.162110005298527,0.6719110576923076,471,329,35,69,ok,1.6766540000098755,1,Bank Marketing,0.2685989322808835,96.0,"[0.25648956745947044, 0.25648956745947044, 0.26168796464809696, 0.26168796464809696, 0.26331882255389716, 0.26331882255389716, 0.2661278113179421, 0.26859893228088355, 0.26859893228088355, 0.26859893228088355, 0.26859893228088355, 0.26859893228088355]",True
2,QSVC,quantum,LDA,gwo,1200,904,130.74545009998835,"{'C': 100.00000000000013, 'map_reps': 1, 'scale': 0.25, 'entanglement': 'full'}",0.6736725663716814,0.1968253968253968,0.5961538461538461,0.2959427207637231,0.6399519230769231,0.1874379841995048,0.7199399038461539,547,253,42,62,ok,3.419248400023207,1,Bank Marketing,0.2651100519142591,42.0,"[0.26469956310418413, 0.26469956310418413, 0.2651100519142591, 0.2651100519142591, 0.2651100519142591, 0.2651100519142591, 0.2651100519142591]",True
3,QSVC,quantum,LDA,gwo,1200,904,202.33075140003348,"{'C': 0.0236252598247958, 'map_reps': 1, 'scale': 0.25, 'entanglement': 'linear'}",0.7853982300884956,0.2413793103448276,0.4038461538461538,0.302158273381295,0.6194230769230769,0.1933053443197627,0.3077644230769231,668,132,62,42,ok,2.83091100002639,1,Bank Marketing,0.2572522902689431,64.0,"[0.24719775700485702, 0.25518639277023203, 0.2566529495437408, 0.2572522902689431, 0.2572522902689431, 0.2572522902689431, 0.2572522902689431, 0.2572522902689431]",True
4,QSVC,quantum,LDA,gwo,1200,904,259.2779165999964,"{'C': 0.08714421787741088, 'map_reps': 1, 'scale': 0.30357612645978954, 'entanglement': 'circular'}",0.7389380530973452,0.2053571428571428,0.4423076923076923,0.2804878048780488,0.6099038461538462,0.1624523822629537,0.6434254807692307,622,178,58,46,ok,2.057355299999472,1,Bank Marketing,0.3055025495789396,96.0,"[0.2898236789831448, 0.29032493211597693, 0.2937435878916825, 0.2937435878916825, 0.30126364185642535, 0.30126364185642535, 0.30126364185642535, 0.30427478128060825, 0.30427478128060825, 0.30427478128060825, 0.30427478128060825, 0.30550254957893963]",False
5,QSVC,quantum,LDA,gwo,1200,905,257.8234318000032,"{'C': 0.11114125580975717, 'map_reps': 1, 'scale': 0.2569398903500608, 'entanglement': 'full'}",0.7116022099447514,0.2022900763358778,0.5047619047619047,0.2888283378746594,0.6217559523809524,0.1719506051885949,0.6608392857142857,591,209,52,53,ok,1.991032299993094,1,Bank Marketing,0.352689422469424,96.0,"[0.3075479221209112, 0.3113776097445029, 0.3259477124183006, 0.34659089115163, 0.34659089115163, 0.34659089115163, 0.34703724855638046, 0.35088751593605966, 0.352689422469424, 0.352689422469424, 0.352689422469424, 0.352689422469424]",False
6,QSVC,quantum,LDA,gwo,1200,904,246.90329570003087,"{'C': 0.15555144260394396, 'map_reps': 1, 'scale': 0.6336858905913718, 'entanglement': 'linear'}",0.6283185840707964,0.1647398843930635,0.5480769230769231,0.2533333333333333,0.5934134615384616,0.122643906557269,0.6682632211538461,511,289,47,57,ok,2.144269299984444,1,Bank Marketing,0.2986458264427665,96.0,"[0.29421802700352784, 0.29421802700352784, 0.2972811015759671, 0.2972811015759671, 0.2979890119928487, 0.2979890119928487, 0.2979890119928487, 0.2979890119928487, 0.2984674138043299, 0.2984674138043299, 0.2984674138043299, 0.29864582644276655]",False
7,QSVC,quantum,LDA,gwo,1200,904,211.8726830999949,"{'C': 0.7809603923615577, 'map_reps': 1, 'scale': 0.5068345917999175, 'entanglement': 'circular'}",0.6869469026548672,0.1768953068592057,0.4711538461538461,0.2572178477690289,0.5930769230769231,0.1288427607126943,0.6484435096153846,572,228,55,49,ok,2.411793900013436,1,Bank Marketing,0.2686863437574338,64.0,"[0.265283308036566, 0.2656536848914344, 0.2656536848914344, 0.26868634375743383, 0.26868634375743383, 0.26868634375743383, 0.26868634375743383, 0.26868634375743383]",True
8,QSVC,quantum,LDA,gwo,1200,904,265.7280667999876,"{'C': 0.01786850463740758, 'map_reps': 1, 'scale': 0.5100278638401536, 'entanglement': 'full'}",0.7157079646017699,0.1744680851063829,0.3942307692307692,0.2418879056047197,0.5758653846153846,0.1103794771880893,0.6476622596153847,606,194,63,41,ok,1.808292000030633,1,Bank Marketing,0.2745408017709403,96.0,"[0.2559150289108839, 0.2703911300914275, 0.2703911300914275, 0.2703911300914275, 0.2713635002510974, 0.2713635002510974, 0.27191956979191023, 0.27454080177094037, 0.27454080177094037, 0.27454080177094037, 0.27454080177094037, 0.27454080177094037]",True
9,QSVC,quantum,LDA,gwo,1200,904,235.74416740000012,"{'C': 5.546416656321674, 'map_reps': 3, 'scale': 0.25, 'entanglement': 'linear'}",0.709070796460177,0.2087912087912088,0.5480769230769231,0.3023872679045092,0.6390384615384616,0.193254942278383,0.7018870192307692,584,216,47,57,ok,4.195205800002441,1,Bank Marketing,0.2807022311625863,56.0,"[0.27261686951993136, 0.27946821590616944, 0.28070223116258636, 0.28070223116258636, 0.28070223116258636, 0.28070223116258636, 0.28070223116258636]",True
10,QSVC,quantum,LDA,gwo,1200,905,203.89860140002563,"{'C': 100.00000000000013, 'map_reps': 1, 'scale': 0.4263225232931757, 'entanglement': 'linear'}",0.5723756906077349,0.1594202898550724,0.6285714285714286,0.2543352601156069,0.5967857142857143,0.1244342634895232,0.6520357142857142,452,348,39,66,ok,2.6063188999542035,1,Bank Marketing,0.2684455158505073,72.0,"[0.2654915770193225, 0.2675254659858055, 0.2675254659858055, 0.2675254659858055, 0.26844551585050735, 0.26844551585050735, 0.26844551585050735, 0.26844551585050735, 0.26844551585050735]",True
11,QSVC,quantum,LDA,gwo,1200,904,177.31703119998565,"{'C': 10.53112574620981, 'map_reps': 2, 'scale': 0.4160740478245506, 'entanglement': 'circular'}",0.6526548672566371,0.171875,0.5288461538461539,0.2594339622641509,0.598798076923077,0.1318435041844192,0.6368389423076923,535,265,49,55,ok,4.398768299957737,1,Bank Marketing,0.2709047037905988,48.0,"[0.2676229824098257, 0.2709047037905988, 0.2709047037905988, 0.2709047037905988, 0.2709047037905988, 0.2709047037905988]",True
12,QSVC,quantum,LDA,gwo,1200,904,147.30458820000058,"{'C': 9.638313302698153, 'map_reps': 1, 'scale': 0.8919714455054231, 'entanglement': 'full'}",0.6504424778761062,0.1787878787878788,0.5673076923076923,0.271889400921659,0.6142788461538462,0.1514762654874835,0.6621394230769231,529,271,45,59,ok,2.966705100028776,1,Bank Marketing,0.3046479891694981,40.0,"[0.30464798916949815, 0.30464798916949815, 0.30464798916949815, 0.30464798916949815, 0.30464798916949815]",True
13,QSVC,quantum,LDA,gwo,1200,904,294.0310842000181,"{'C': 0.1449778831087565, 'map_reps': 2, 'scale': 0.36906994912214314, 'entanglement': 'linear'}",0.6946902654867256,0.2133333333333333,0.6153846153846154,0.3168316831683168,0.6601923076923077,0.2170971988558611,0.7173557692307692,564,236,40,64,ok,2.263909599976614,1,Bank Marketing,0.2791913523235656,96.0,"[0.2658337070101776, 0.2754113139508677, 0.2754113139508677, 0.2769372506635807, 0.2769372506635807, 0.2769372506635807, 0.277279596893399, 0.2787585848461224, 0.2787585848461224, 0.2787585848461224, 0.2787585848461224, 0.2791913523235656]",False
14,QSVC,quantum,LDA,gwo,1200,904,150.9950463999994,"{'C': 0.010000000000000004, 'map_reps': 1, 'scale': 0.25, 'entanglement': 'circular'}",0.8418141592920354,0.3333333333333333,0.375,0.3529411764705882,0.6387499999999999,0.2637815121458221,0.3407692307692307,722,78,65,39,ok,3.0251061000162736,1,Bank Marketing,0.2761681192152193,48.0,"[0.2522634819117231, 0.2761681192152193, 0.2761681192152193, 0.2761681192152193, 0.2761681192152193, 0.2761681192152193]",True
0,QDT,quantum,LDA,gwo,1200,905,4.759229900024366,"{'max_depth': 4, 'min_samples_split': 32, 'map_reps': 2, 'entanglement': 'circular'}",0.5911602209944752,0.1409214092140921,0.4952380952380952,0.2194092827004219,0.5494940476190476,0.0645099986192682,0.5592916666666666,483,317,53,52,ok,0.0521533999708481,1,Bank Marketing,0.2059295902659788,44.0,"[0.2044577869803242, 0.20592959026597882, 0.20592959026597882, 0.20592959026597882, 0.20592959026597882, 0.20592959026597882]",True
1,QDT,quantum,LDA,gwo,1200,904,5.851146100030746,"{'max_depth': 8, 'min_samples_split': 9, 'map_reps': 3, 'entanglement': 'linear'}",0.6393805309734514,0.13,0.375,0.193069306930693,0.524375,0.0330336974249464,0.5187499999999999,539,261,65,39,ok,0.0507838999619707,1,Bank Marketing,0.2215529201631414,56.0,"[0.21247882941431329, 0.21247882941431329, 0.22155292016314143, 0.22155292016314143, 0.22155292016314143, 0.22155292016314143, 0.22155292016314143]",True
2,QDT,quantum,LDA,gwo,1200,904,6.22047499998007,"{'max_depth': 9, 'min_samples_split': 13, 'map_reps': 2, 'entanglement': 'full'}",0.6371681415929203,0.1056338028169014,0.2884615384615384,0.1546391752577319,0.4854807692307692,-0.0199609061177148,0.4936057692307692,546,254,74,30,ok,0.0455240000155754,1,Bank Marketing,0.2205437034189677,59.0,"[0.2133243284281223, 0.2133243284281223, 0.21424674665223065, 0.2205437034189677, 0.2205437034189677, 0.2205437034189677, 0.2205437034189677, 0.2205437034189677]",True
3,QDT,quantum,LDA,gwo,1200,904,4.155927299987525,"{'max_depth': 3, 'min_samples_split': 9, 'map_reps': 3, 'entanglement': 'circular'}",0.6438053097345132,0.1483870967741935,0.4423076923076923,0.2222222222222222,0.5561538461538462,0.0754913335481426,0.5552584134615385,536,264,58,46,ok,0.0758795999572612,1,Bank Marketing,0.2072450085540314,39.0,"[0.20724500855403147, 0.20724500855403147, 0.20724500855403147, 0.20724500855403147, 0.20724500855403147]",True
4,QDT,quantum,LDA,gwo,1200,904,6.833115899993572,"{'max_depth': 2, 'min_samples_split': 28, 'map_reps': 2, 'entanglement': 'linear'}",0.6780973451327433,0.1244979919678714,0.2980769230769231,0.1756373937677053,0.5127884615384616,0.0182679425411341,0.5096875,582,218,73,31,ok,0.0398375999648124,1,Bank Marketing,0.2196140678751372,66.0,"[0.21723211607546636, 0.21723211607546636, 0.21723211607546636, 0.21723211607546636, 0.21961406787513726, 0.21961406787513726, 0.21961406787513726, 0.21961406787513726, 0.21961406787513726]",True
5,QDT,quantum,LDA,gwo,1200,905,6.422566999972332,"{'max_depth': 7, 'min_samples_split': 12, 'map_reps': 1, 'entanglement': 'linear'}",0.5734806629834254,0.1233243967828418,0.4380952380952381,0.1924686192468619,0.5146726190476191,0.0190926868071474,0.4972142857142856,473,327,59,46,ok,0.0450176000013016,1,Bank Marketing,0.2102448191394852,62.0,"[0.2084114279962964, 0.2084114279962964, 0.2084114279962964, 0.20894599355125396, 0.20894599355125396, 0.21024481913948523, 0.21024481913948523, 0.21024481913948523, 0.21024481913948523, 0.21024481913948523]",True
6,QDT,quantum,LDA,gwo,1200,904,6.561404699983541,"{'max_depth': 11, 'min_samples_split': 24, 'map_reps': 3, 'entanglement': 'circular'}",0.4734513274336283,0.1381322957198443,0.6826923076923077,0.2297734627831715,0.5644711538461539,0.083069814122659,0.5904086538461538,357,443,33,71,ok,0.0447056000120937,1,Bank Marketing,0.2162028817469231,61.0,"[0.21542346542346544, 0.21542346542346544, 0.21542346542346544, 0.21620288174692318, 0.21620288174692318, 0.21620288174692318, 0.21620288174692318, 0.21620288174692318]",True
7,QDT,quantum,LDA,gwo,1200,904,4.643222999991849,"{'max_depth': 5, 'min_samples_split': 2, 'map_reps': 2, 'entanglement': 'full'}",0.5022123893805309,0.1334745762711864,0.6057692307692307,0.21875,0.5472596153846154,0.06037664394409,0.5639423076923077,391,409,41,63,ok,0.0493276999914087,1,Bank Marketing,0.2140990179529733,43.0,"[0.20364992666233717, 0.21409901795297334, 0.21409901795297334, 0.21409901795297334, 0.21409901795297334, 0.21409901795297334]",True
8,QDT,quantum,LDA,gwo,1200,904,6.691338300006464,"{'max_depth': 12, 'min_samples_split': 23, 'map_reps': 3, 'entanglement': 'linear'}",0.6548672566371682,0.1388888888888889,0.3846153846153846,0.2040816326530612,0.5373076923076923,0.0510979462503152,0.558515625,552,248,64,40,ok,0.0445247999741695,1,Bank Marketing,0.2162503510508276,61.0,"[0.2059373880775441, 0.2094730903009702, 0.2094730903009702, 0.2094730903009702, 0.21625035105082765, 0.21625035105082765, 0.21625035105082765, 0.21625035105082765, 0.21625035105082765]",True
9,QDT,quantum,LDA,gwo,1200,904,6.811780099989846,"{'max_depth': 4, 'min_samples_split': 29, 'map_reps': 3, 'entanglement': 'circular'}",0.4634955752212389,0.1227722772277227,0.5961538461538461,0.2036124794745484,0.521201923076923,0.0272480091471885,0.5044891826923077,357,443,42,62,ok,0.042913400044199,1,Bank Marketing,0.2095922602697918,66.0,"[0.20773610270887946, 0.20773610270887946, 0.20921138470407963, 0.20922188989942148, 0.20922188989942148, 0.20922188989942148, 0.20959226026979186, 0.20959226026979186, 0.20959226026979186, 0.20959226026979186, 0.20959226026979186]",True
10,QDT,quantum,LDA,gwo,1200,905,7.413052599993534,"{'max_depth': 6, 'min_samples_split': 14, 'map_reps': 2, 'entanglement': 'linear'}",0.7005524861878453,0.1121495327102803,0.2285714285714285,0.1504702194357366,0.4955357142857142,-0.0067293901789108,0.5197857142857143,610,190,81,24,ok,0.036366700020153,1,Bank Marketing,0.1944044336884657,75.0,"[0.1926713996973672, 0.19267241205157107, 0.19267241205157107, 0.19267241205157107, 0.19334015697652063, 0.19334015697652063, 0.19334015697652063, 0.19440443368846572, 0.19440443368846572, 0.19440443368846572, 0.19440443368846572, 0.19440443368846572]",True
11,QDT,quantum,LDA,gwo,1200,904,6.6988545000203885,"{'max_depth': 6, 'min_samples_split': 10, 'map_reps': 2, 'entanglement': 'linear'}",0.5730088495575221,0.1403061224489795,0.5288461538461539,0.2217741935483871,0.5537980769230769,0.0692756160241106,0.5343629807692308,463,337,49,55,ok,0.0439228999894112,1,Bank Marketing,0.2084937925216849,65.0,"[0.20794167185401866, 0.20794167185401866, 0.20794167185401866, 0.20794167185401866, 0.2084937925216849, 0.2084937925216849, 0.2084937925216849, 0.2084937925216849, 0.2084937925216849]",True
12,QDT,quantum,LDA,gwo,1200,904,7.566506100003608,"{'max_depth': 6, 'min_samples_split': 15, 'map_reps': 2, 'entanglement': 'circular'}",0.5519911504424779,0.1209068010075566,0.4615384615384615,0.1916167664670658,0.5126442307692307,0.0162586633719863,0.4946634615384615,451,349,56,48,ok,0.036421499971766,1,Bank Marketing,0.2175641202181069,73.0,"[0.19965691613353306, 0.20191625095488855, 0.20629744347354076, 0.21108493976711032, 0.21108493976711032, 0.21108493976711032, 0.2175641202181069, 0.2175641202181069, 0.2175641202181069, 0.2175641202181069, 0.2175641202181069]",True
13,QDT,quantum,LDA,gwo,1200,904,3.5693861999898218,"{'max_depth': 2, 'min_samples_split': 20, 'map_reps': 2, 'entanglement': 'full'}",0.4723451327433628,0.1420345489443378,0.7115384615384616,0.2368,0.5763942307692308,0.0986583782916937,0.5722175480769232,353,447,30,74,ok,0.0477751999860629,1,Bank Marketing,0.2366668521713321,41.0,"[0.2255161954680733, 0.2366668521713321, 0.2366668521713321, 0.2366668521713321, 0.2366668521713321, 0.2366668521713321]",True
14,QDT,quantum,LDA,gwo,1200,904,3.735172100015916,"{'max_depth': 2, 'min_samples_split': 19, 'map_reps': 2, 'entanglement': 'linear'}",0.5154867256637168,0.1416309012875536,0.6346153846153846,0.231578947368421,0.5673076923076923,0.0859461339511575,0.5634615384615385,400,400,38,66,ok,0.0617098999791778,1,Bank Marketing,0.2119127472350913,43.0,"[0.2098547172200099, 0.21191274723509138, 0.21191274723509138, 0.21191274723509138, 0.21191274723509138, 0.21191274723509138]",True
