fold,model,family,reduction,optimizer,n_train,n_test,search_time_s,best_params,accuracy,precision,recall,f1,balanced_accuracy,mcc,roc_auc,tn,fp,fn,tp,status,fit_time_s,n_reduced_features,dataset,inner_f1,n_evaluations,convergence,stopped_early
0,LogReg,classical,PCA,default,1200,2000,5.00003807246685e-07,{},0.659,0.308659217877095,0.5416666666666666,0.3932384341637011,0.6153685092127303,0.1939455711122382,0.6773974036850922,1097,495,187,221,ok,0.0413830999750644,4,Bank Customer Churn,,,,
1,LogReg,classical,PCA,default,1200,2000,2.00001522898674e-07,{},0.6415,0.3104294478527607,0.6200980392156863,0.4137367130008176,0.633541481919401,0.2190331357404812,0.6751373288008671,1030,562,155,253,ok,0.0339721000054851,4,Bank Customer Churn,,,,
2,LogReg,classical,PCA,default,1200,2000,3.00002284348011e-07,{},0.666,0.3133047210300429,0.538083538083538,0.3960216998191682,0.6183826353317878,0.1999152183669144,0.6616801701547463,1113,480,188,219,ok,0.0401728999568149,4,Bank Customer Churn,,,,
3,LogReg,classical,PCA,default,1200,2000,3.00002284348011e-07,{},0.6575,0.3175853018372703,0.5945945945945946,0.4140290846877673,0.6340832357781511,0.2223165336067509,0.6914819287700644,1073,520,165,242,ok,0.0405498999753035,4,Bank Customer Churn,,,,
4,LogReg,classical,PCA,default,1200,2000,4.00003045797348e-07,{},0.6345,0.2868421052631579,0.5356265356265356,0.3736075407026564,0.5976939959990808,0.1620635408853667,0.6452045265604588,1051,542,189,218,ok,0.0380438999854959,4,Bank Customer Churn,,,,
5,LogReg,classical,PCA,default,1200,2000,6.00004568696022e-07,{},0.658,0.3221649484536082,0.6127450980392157,0.4222972972972973,0.6411715439944823,0.2334840424997822,0.6906099123066313,1066,526,158,250,ok,0.0379302999936044,4,Bank Customer Churn,,,,
6,LogReg,classical,PCA,default,1200,2000,3.999448381364346e-07,{},0.6365,0.3125734430082256,0.6519607843137255,0.4225575853852263,0.6422492363779683,0.2318765116477936,0.6916583530397082,1007,585,142,266,ok,0.0526415000203996,4,Bank Customer Churn,,,,
7,LogReg,classical,PCA,default,1200,2000,4.00003045797348e-07,{},0.655,0.3037447988904299,0.538083538083538,0.3882978723404255,0.6114774250367471,0.1869472633981197,0.6725600793397404,1091,502,188,219,ok,0.0462478999979794,4,Bank Customer Churn,,,,
8,LogReg,classical,PCA,default,1200,2000,6.00004568696022e-07,{},0.67,0.3302013422818792,0.6044226044226044,0.4270833333333333,0.6455885777919677,0.2424724454031171,0.7083524202168271,1094,499,161,246,ok,0.0354019000078551,4,Bank Customer Churn,,,,
9,LogReg,classical,PCA,default,1200,2000,3.00002284348011e-07,{},0.618,0.2851985559566787,0.5823095823095823,0.3828756058158319,0.6047141131886895,0.1710931175417231,0.6532433820569412,999,594,170,237,ok,0.0312979000154882,4,Bank Customer Churn,,,,
10,LogReg,classical,PCA,default,1200,2000,2.00001522898674e-07,{},0.6735,0.3146747352496218,0.5098039215686274,0.3891487371375117,0.61262809143758,0.1929688974271051,0.6632057345551287,1139,453,200,208,ok,0.032164099975489,4,Bank Customer Churn,,,,
11,LogReg,classical,PCA,default,1200,2000,3.00002284348011e-07,{},0.66,0.3057142857142857,0.5245098039215687,0.3862815884476534,0.6096167110060104,0.1852199147153345,0.6610318750615825,1106,486,194,214,ok,0.0431201999890618,4,Bank Customer Churn,,,,
12,LogReg,classical,PCA,default,1200,2000,3.00002284348011e-07,{},0.6445,0.3168674698795181,0.6461916461916462,0.4252223120452708,0.6451297214009077,0.2371698465977081,0.6963789675654082,1026,567,144,263,ok,0.0380529999965801,4,Bank Customer Churn,,,,
13,LogReg,classical,PCA,default,1200,2000,3.00002284348011e-07,{},0.617,0.2910360884749709,0.6142506142506142,0.3949447077409163,0.6159765312307686,0.1886539050131971,0.6611511357274069,984,609,157,250,ok,0.0407433999935165,4,Bank Customer Churn,,,,
14,LogReg,classical,PCA,default,1200,2000,4.00003045797348e-07,{},0.635,0.3162684869169511,0.683046683046683,0.432348367029549,0.652885551190636,0.2480300424900874,0.7041664160308228,992,601,129,278,ok,0.0487241000519134,4,Bank Customer Churn,,,,
0,SVC,classical,PCA,default,1200,2000,2.00001522898674e-07,{},0.615,0.3045356371490281,0.6911764705882353,0.4227886056971514,0.6433269287614543,0.2316603828333054,0.6918092299733963,948,644,126,282,ok,0.1972686000517569,4,Bank Customer Churn,,,,
1,SVC,classical,PCA,default,1200,2000,3.00002284348011e-07,{},0.611,0.2971491228070175,0.6642156862745098,0.4106060606060606,0.6307887476598679,0.2116362820343607,0.6788646048871809,951,641,137,271,ok,0.199934399977792,4,Bank Customer Churn,,,,
2,SVC,classical,PCA,default,1200,2000,5.00003807246685e-07,{},0.5855,0.2820247933884297,0.6707616707616708,0.3970909090909091,0.6172389646965919,0.1888989463641694,0.6539251115522303,898,695,134,273,ok,0.158238900010474,4,Bank Customer Churn,,,,
3,SVC,classical,PCA,default,1200,2000,2.00001522898674e-07,{},0.664,0.3366214549938348,0.6707616707616708,0.4482758620689655,0.6665170563475649,0.2730816125374725,0.7238409441799273,1055,538,134,273,ok,0.1924009000067599,4,Bank Customer Churn,,,,
4,SVC,classical,PCA,default,1200,2000,2.00001522898674e-07,{},0.667,0.3157894736842105,0.5454545454545454,0.4,0.6217542658220624,0.2053390856648365,0.6751790311112346,1112,481,185,222,ok,0.17359000002034,4,Bank Customer Churn,,,,
5,SVC,classical,PCA,default,1200,2000,2.00001522898674e-07,{},0.6475,0.3141426783479349,0.6151960784313726,0.415907207953604,0.6354874864518671,0.2229389243674798,0.6684787294314711,1044,548,157,251,ok,0.2296757000149227,4,Bank Customer Churn,,,,
6,SVC,classical,PCA,default,1200,2000,3.00002284348011e-07,{},0.6195,0.2865779927448609,0.5808823529411765,0.3838056680161943,0.6051396689328998,0.1720665508785674,0.6579496748448124,1002,590,171,237,ok,0.2121424999786541,4,Bank Customer Churn,,,,
7,SVC,classical,PCA,default,1200,2000,4.00003045797348e-07,{},0.6435,0.290983606557377,0.5233415233415234,0.3740122914837577,0.5987705733468446,0.1651001605767437,0.6464715871495533,1074,519,194,213,ok,0.1709457000251859,4,Bank Customer Churn,,,,
8,SVC,classical,PCA,default,1200,2000,3.00002284348011e-07,{},0.6555,0.3068493150684931,0.5503685503685504,0.3940193491644679,0.6163644383983367,0.194622064660991,0.6616817125291702,1087,506,183,224,ok,0.2105296999798156,4,Bank Customer Churn,,,,
9,SVC,classical,PCA,default,1200,2000,6.00004568696022e-07,{},0.638,0.3159117305458769,0.6683046683046683,0.4290220820189274,0.6492810221623782,0.2427595090644137,0.7011078875485656,1004,589,135,272,ok,0.1525838000234216,4,Bank Customer Churn,,,,
10,SVC,classical,PCA,default,1200,2000,2.00001522898674e-07,{},0.4935,0.249793217535153,0.7401960784313726,0.3735312306740878,0.5852362301704601,0.1404929236413198,0.6603036629224553,685,907,106,302,ok,0.1632625000202097,4,Bank Customer Churn,,,,
11,SVC,classical,PCA,default,1200,2000,5.00003807246685e-07,{},0.6575,0.3198959687906372,0.6029411764705882,0.4180118946474087,0.6372117942654448,0.227316445270641,0.6918769706375012,1069,523,162,246,ok,0.1461870000348426,4,Bank Customer Churn,,,,
12,SVC,classical,PCA,default,1200,2000,2.00001522898674e-07,{},0.5375,0.2551984877126654,0.6633906633906634,0.3686006825938566,0.5843632538547793,0.1360880919084608,0.6473723338130117,805,788,137,270,ok,0.1682059000013396,4,Bank Customer Churn,,,,
13,SVC,classical,PCA,default,1200,2000,2.00001522898674e-07,{},0.6715,0.3254189944134078,0.5724815724815725,0.4149599287622439,0.6346400329451177,0.2261362960147153,0.678316220689102,1110,483,174,233,ok,0.155472100013867,4,Bank Customer Churn,,,,
14,SVC,classical,PCA,default,1200,2000,2.00001522898674e-07,{},0.6105,0.2928730512249443,0.6461916461916462,0.4030651340996168,0.6237863441253271,0.200391298470224,0.6758445656750741,958,635,144,263,ok,0.1749834000365808,4,Bank Customer Churn,,,,
0,DecisionTree,classical,PCA,default,1200,2000,4.00003045797348e-07,{},0.59,0.2690582959641255,0.5882352941176471,0.3692307692307692,0.5893437777120898,0.1448583764109353,0.5893437777120898,940,652,168,240,ok,0.0406047999858856,4,Bank Customer Churn,,,,
1,DecisionTree,classical,PCA,default,1200,2000,2.00001522898674e-07,{},0.5995,0.2814238042269188,0.6200980392156863,0.3871461361897475,0.6071595723716623,0.1736157318673622,0.6071595723716623,946,646,155,253,ok,0.0418401000206358,4,Bank Customer Churn,,,,
2,DecisionTree,classical,PCA,default,1200,2000,3.00002284348011e-07,{},0.591,0.2667423382519864,0.5773955773955773,0.3649068322981366,0.5859357045797724,0.1393816921645687,0.5859357045797723,947,646,172,235,ok,0.0436209000181406,4,Bank Customer Churn,,,,
3,DecisionTree,classical,PCA,default,1200,2000,2.00001522898674e-07,{},0.5615,0.2400442477876106,0.5331695331695332,0.3310450038138825,0.550953881462356,0.0824371308761015,0.550953881462356,906,687,190,217,ok,0.0409873999888077,4,Bank Customer Churn,,,,
4,DecisionTree,classical,PCA,default,1200,2000,2.00001522898674e-07,{},0.606,0.2740213523131672,0.5675675675675675,0.3696,0.5916933883035578,0.1495177120288707,0.5916933883035578,981,612,176,231,ok,0.0482725999900139,4,Bank Customer Churn,,,,
5,DecisionTree,classical,PCA,default,1200,2000,2.00001522898674e-07,{},0.6365,0.3151796060254924,0.6666666666666666,0.4280094413847364,0.6477177554438861,0.2403691228648388,0.647717755443886,1001,591,136,272,ok,0.0502595999860204,4,Bank Customer Churn,,,,
6,DecisionTree,classical,PCA,default,1200,2000,2.00001522898674e-07,{},0.584,0.2720430107526881,0.6200980392156863,0.3781763826606876,0.5974233914671396,0.1574205733346711,0.5974233914671396,915,677,155,253,ok,0.0396070999559015,4,Bank Customer Churn,,,,
7,DecisionTree,classical,PCA,default,1200,2000,2.00001522898674e-07,{},0.622,0.2991944764096663,0.6388206388206388,0.4075235109717868,0.6282615435157808,0.2083484910509607,0.6282615435157808,984,609,147,260,ok,0.0433431999990716,4,Bank Customer Churn,,,,
8,DecisionTree,classical,PCA,default,1200,2000,2.00001522898674e-07,{},0.5805,0.2711864406779661,0.628992628992629,0.3789785344189489,0.5985515561786748,0.1589573515916597,0.5985515561786747,905,688,151,256,ok,0.0447916000266559,4,Bank Customer Churn,,,,
9,DecisionTree,classical,PCA,default,1200,2000,3.00002284348011e-07,{},0.5335,0.2396039603960396,0.5945945945945946,0.3415666901905434,0.5562426833613274,0.0905780229023934,0.5562426833613275,825,768,165,242,ok,0.0415918999933637,4,Bank Customer Churn,,,,
10,DecisionTree,classical,PCA,default,1200,2000,3.00002284348011e-07,{},0.601,0.2838137472283814,0.6274509803921569,0.3908396946564885,0.6108360429598976,0.1795180749188485,0.6108360429598976,946,646,152,256,ok,0.0337171999854035,4,Bank Customer Churn,,,,
11,DecisionTree,classical,PCA,default,1200,2000,3.00002284348011e-07,{},0.535,0.2363636363636363,0.5735294117647058,0.334763948497854,0.5493275199527047,0.0795138176788086,0.5493275199527047,836,756,174,234,ok,0.0352374999783933,4,Bank Customer Churn,,,,
12,DecisionTree,classical,PCA,default,1200,2000,3.00002284348011e-07,{},0.6145,0.2741935483870967,0.542997542997543,0.3643858202802967,0.587882952289732,0.1442680101782358,0.587882952289732,1008,585,186,221,ok,0.0381871999707073,4,Bank Customer Churn,,,,
13,DecisionTree,classical,PCA,default,1200,2000,3.00002284348011e-07,{},0.603,0.2704626334519573,0.5601965601965602,0.3648,0.5870662650323667,0.1419726000247897,0.5870662650323667,978,615,179,228,ok,0.04134289996,4,Bank Customer Churn,,,,
14,DecisionTree,classical,PCA,default,1200,2000,5.00003807246685e-07,{},0.615,0.2711223203026481,0.5282555282555282,0.3583333333333333,0.5827090572853284,0.1361438194146195,0.5827090572853285,1015,578,192,215,ok,0.0411082000355236,4,Bank Customer Churn,,,,
0,RandomForest,classical,PCA,default,1200,2000,2.00001522898674e-07,{},0.6545,0.3280680437424058,0.6617647058823529,0.4386677497969131,0.6572014484185633,0.2574542130272579,0.7096712114494039,1039,553,138,270,ok,0.7463748999871314,4,Bank Customer Churn,,,,
1,RandomForest,classical,PCA,default,1200,2000,2.00001522898674e-07,{},0.612,0.2927927927927928,0.6372549019607843,0.4012345679012346,0.6213912700758695,0.196906561219887,0.6540338025913883,964,628,148,260,ok,0.78599820000818,4,Bank Customer Churn,,,,
2,RandomForest,classical,PCA,default,1200,2000,2.00001522898674e-07,{},0.6895,0.3435672514619883,0.5773955773955773,0.4307974335472044,0.6477687240399104,0.250819683764804,0.7180300485385231,1144,449,172,235,ok,0.7220985999447294,4,Bank Customer Churn,,,,
3,RandomForest,classical,PCA,default,1200,2000,2.00001522898674e-07,{},0.6195,0.2877697841726618,0.5896805896805897,0.386784850926672,0.6083996168741932,0.1770233417601078,0.6488013437165979,999,594,167,240,ok,0.7671206999802962,4,Bank Customer Churn,,,,
4,RandomForest,classical,PCA,default,1200,2000,3.00002284348011e-07,{},0.671,0.3249651324965132,0.5724815724815725,0.4145907473309608,0.6343261597498886,0.22553958710691,0.6846792863742016,1109,484,174,233,ok,0.7736198999918997,4,Bank Customer Churn,,,,
5,RandomForest,classical,PCA,default,1200,2000,2.00001522898674e-07,{},0.6285,0.3068050749711649,0.6519607843137255,0.4172549019607843,0.6372241107498275,0.2231708822751176,0.6877247758399841,991,601,142,266,ok,0.788261000008788,4,Bank Customer Churn,,,,
6,RandomForest,classical,PCA,default,1200,2000,2.00001522898674e-07,{},0.612,0.287037037037037,0.6078431372549019,0.389937106918239,0.6104542319440338,0.1797082156652424,0.663419733471278,976,616,160,248,ok,0.7564491999801248,4,Bank Customer Churn,,,,
7,RandomForest,classical,PCA,default,1200,2000,2.00001522898674e-07,{},0.6825,0.3560606060606061,0.6928746928746928,0.4703919933277731,0.6863620168704914,0.3068290194127207,0.7430627854356668,1083,510,125,282,ok,0.7776831000228412,4,Bank Customer Churn,,,,
8,RandomForest,classical,PCA,default,1200,2000,2.00001522898674e-07,{},0.631,0.3154960981047937,0.6953316953316954,0.4340490797546012,0.6549477057951634,0.2508627973579773,0.7104593036796427,979,614,124,283,ok,0.7427645999705419,4,Bank Customer Churn,,,,
9,RandomForest,classical,PCA,default,1200,2000,1.00000761449337e-07,{},0.656,0.3139072847682119,0.5823095823095823,0.4079173838209983,0.6285684760261032,0.213555830344548,0.6677632948819389,1075,518,170,237,ok,0.7952371000428684,4,Bank Customer Churn,,,,
10,RandomForest,classical,PCA,default,1200,2000,2.00001522898674e-07,{},0.6365,0.3028430160692212,0.6004901960784313,0.4026294165981923,0.6231094196472559,0.2021588467263063,0.6799484555128583,1028,564,163,245,ok,0.7463685999973677,4,Bank Customer Churn,,,,
11,RandomForest,classical,PCA,default,1200,2000,5.00003807246685e-07,{},0.674,0.3377659574468085,0.6225490196078431,0.4379310344827586,0.6548674746280422,0.2576769744160249,0.7112169302394324,1094,498,154,254,ok,0.7523904999834485,4,Bank Customer Churn,,,,
12,RandomForest,classical,PCA,default,1200,2000,3.00002284348011e-07,{},0.643,0.3054499366286438,0.5921375921375921,0.403010033444816,0.6240662850832341,0.2043987772032163,0.6680918206341935,1045,548,166,241,ok,0.7900213000248186,4,Bank Customer Churn,,,,
13,RandomForest,classical,PCA,default,1200,2000,3.00002284348011e-07,{},0.6685,0.3328981723237598,0.6265356265356266,0.4347826086956521,0.6528786105057292,0.2532269069587599,0.7180354468490061,1082,511,152,255,ok,0.7357413999852724,4,Bank Customer Churn,,,,
14,RandomForest,classical,PCA,default,1200,2000,2.00001522898674e-07,{},0.6205,0.2967667436489607,0.6314496314496314,0.403770620581304,0.6245760398302771,0.2024436392196728,0.6643176304193252,984,609,150,257,ok,0.7532594999647699,4,Bank Customer Churn,,,,
0,MLP,classical,PCA,default,1200,2000,2.00001522898674e-07,{},0.5955,0.2935118434603501,0.6985294117647058,0.4133430021754894,0.6338124445758202,0.2157798124732967,0.6861344097940684,906,686,123,285,ok,0.8189766999566928,4,Bank Customer Churn,,,,
1,MLP,classical,PCA,default,1200,2000,2.00001522898674e-07,{},0.601,0.2794117647058823,0.6053921568627451,0.3823529411764705,0.6026332643610208,0.1665564752185872,0.6492188269780274,955,637,161,247,ok,0.8724220000440255,4,Bank Customer Churn,,,,
2,MLP,classical,PCA,default,1200,2000,1.00000761449337e-07,{},0.6645,0.33248730964467,0.6437346437346437,0.4384937238493724,0.6567700211768008,0.2583352598535648,0.7000359373240729,1067,526,145,262,ok,0.6246406999998726,4,Bank Customer Churn,,,,
3,MLP,classical,PCA,default,1200,2000,3.00002284348011e-07,{},0.6495,0.3100775193798449,0.5896805896805897,0.4064352243861134,0.6272320085879408,0.2103370391054179,0.6798894426013069,1059,534,167,240,ok,0.813074300007429,4,Bank Customer Churn,,,,
4,MLP,classical,PCA,default,1200,2000,1.00000761449337e-07,{},0.652,0.2973352033660589,0.5208845208845209,0.3785714285714285,0.6031917896324677,0.173478714053306,0.6468764604357824,1092,501,195,212,ok,0.704552799987141,4,Bank Customer Churn,,,,
5,MLP,classical,PCA,default,1200,2000,1.00000761449337e-07,{},0.6055,0.282782212086659,0.6078431372549019,0.3859922178988327,0.6063713173711696,0.1727692595454771,0.639319452655434,963,629,160,248,ok,0.7261535000288859,4,Bank Customer Churn,,,,
6,MLP,classical,PCA,default,1200,2000,1.00000761449337e-07,{},0.6775,0.3378932968536252,0.6053921568627451,0.4337137840210711,0.6506860281801162,0.2521825867534623,0.6996148019509312,1108,484,161,247,ok,0.7442745000007562,4,Bank Customer Churn,,,,
7,MLP,classical,PCA,default,1200,2000,3.00002284348011e-07,{},0.677,0.3378561736770692,0.6117936117936118,0.4353146853146853,0.6527266866249917,0.2549262743052397,0.722131993318434,1105,488,158,249,ok,0.8177034999825992,4,Bank Customer Churn,,,,
8,MLP,classical,PCA,default,1200,2000,4.00003045797348e-07,{},0.6595,0.3291770573566084,0.6486486486486487,0.4367245657568238,0.6554605452910538,0.2554110495479067,0.7007176668193618,1055,538,143,264,ok,0.8435404999763705,4,Bank Customer Churn,,,,
9,MLP,classical,PCA,default,1200,2000,3.00002284348011e-07,{},0.6745,0.3512195121951219,0.7076167076167076,0.4694376528117359,0.686827813946458,0.3058642301029113,0.7315250535589518,1061,532,119,288,ok,0.8302766000269912,4,Bank Customer Churn,,,,
10,MLP,classical,PCA,default,1200,2000,5.00003807246685e-07,{},0.623,0.2925659472422062,0.5980392156862745,0.392914653784219,0.6137181003054488,0.1858783909811566,0.6674272095772982,1002,590,164,244,ok,0.842406400013715,4,Bank Customer Churn,,,,
11,MLP,classical,PCA,default,1200,2000,3.00002284348011e-07,{},0.698,0.3571428571428571,0.6004901960784313,0.4478976234003656,0.6617400729135876,0.2745930259954907,0.7001043822051434,1151,441,163,245,ok,0.852011599985417,4,Bank Customer Churn,,,,
12,MLP,classical,PCA,default,1200,2000,3.00002284348011e-07,{},0.6465,0.3010610079575597,0.5577395577395577,0.3910422049956933,0.6134586049840287,0.1885071526307127,0.6537585351144672,1066,527,180,227,ok,0.8205218999646604,4,Bank Customer Churn,,,,
13,MLP,classical,PCA,default,1200,2000,3.00002284348011e-07,{},0.654,0.3293413173652694,0.6756756756756757,0.4428341384863124,0.6620688485095265,0.2646235152210308,0.7138077985535614,1033,560,132,275,ok,0.8250427999882959,4,Bank Customer Churn,,,,
14,MLP,classical,PCA,default,1200,2000,4.00003045797348e-07,{},0.632,0.3149606299212598,0.687960687960688,0.4320987654320987,0.6528315680858054,0.2476510920001139,0.7054265359350105,984,609,127,280,ok,0.7849894000100903,4,Bank Customer Churn,,,,
0,XGBoost,classical,PCA,default,1200,2000,1.9994331523776054e-07,{},0.6145,0.2810615199034982,0.571078431372549,0.3767178658043654,0.5983532860380333,0.1609032330845472,0.6518406985909942,996,596,175,233,ok,0.9739825000287964,4,Bank Customer Churn,,,,
1,XGBoost,classical,PCA,default,1200,2000,2.00001522898674e-07,{},0.6195,0.2954808806488992,0.625,0.4012588512981904,0.6215452261306533,0.1977806886223089,0.6905583370282787,984,608,153,255,ok,0.9855467000161298,4,Bank Customer Churn,,,,
2,XGBoost,classical,PCA,default,1200,2000,3.00002284348011e-07,{},0.5805,0.2641921397379912,0.5945945945945946,0.3658352229780801,0.5857467637128655,0.1385767743214383,0.6289347899517391,919,674,165,242,ok,1.0729323999839837,4,Bank Customer Churn,,,,
3,XGBoost,classical,PCA,default,1200,2000,2.00001522898674e-07,{},0.6385,0.3096385542168675,0.6314496314496314,0.4155214227970897,0.6358754748585257,0.222046629853075,0.6866026272805934,1020,573,150,257,ok,1.0481779999681748,4,Bank Customer Churn,,,,
4,XGBoost,classical,PCA,default,1200,2000,3.00002284348011e-07,{},0.5725,0.2586206896551724,0.5896805896805897,0.3595505617977528,0.5788955365226551,0.1273843693380597,0.613502562655105,905,688,167,240,ok,1.0317833999870345,4,Bank Customer Churn,,,,
5,XGBoost,classical,PCA,default,1200,2000,3.999448381364346e-07,{},0.591,0.2680995475113122,0.5808823529411765,0.3668730650154799,0.5872376588826486,0.1415720045569727,0.6324045164548231,945,647,171,237,ok,1.0000195000320673,4,Bank Customer Churn,,,,
6,XGBoost,classical,PCA,default,1200,2000,3.00002284348011e-07,{},0.603,0.2718676122931442,0.5637254901960784,0.3668261562998405,0.5883954084146221,0.1442026461028957,0.6270868743225934,976,616,178,230,ok,1.0544889000011608,4,Bank Customer Churn,,,,
7,XGBoost,classical,PCA,default,1200,2000,2.00001522898674e-07,{},0.6355,0.3002481389578164,0.5945945945945946,0.3990107172300082,0.6202728151880694,0.1974389716507599,0.6921790820095904,1029,564,165,242,ok,0.8885161000071093,4,Bank Customer Churn,,,,
8,XGBoost,classical,PCA,default,1200,2000,2.00001522898674e-07,{},0.565,0.2360319270239452,0.5085995085995086,0.322429906542056,0.5440047134962389,0.0714076286714647,0.5807224790275638,923,670,200,207,ok,0.9590892000123858,4,Bank Customer Churn,,,,
9,XGBoost,classical,PCA,default,1200,2000,2.00001522898674e-07,{},0.6005,0.2741935483870967,0.5847665847665847,0.3733333333333333,0.5946431793889421,0.1537592788620796,0.6290227052938917,963,630,169,238,ok,1.028964700002689,4,Bank Customer Churn,,,,
10,XGBoost,classical,PCA,default,1200,2000,1.00000761449337e-07,{},0.641,0.3118932038834951,0.6299019607843137,0.4172077922077922,0.6368730909449207,0.2241209305755625,0.6942963900384275,1025,567,151,257,ok,1.0363256999989972,4,Bank Customer Churn,,,,
11,XGBoost,classical,PCA,default,1200,2000,4.00003045797348e-07,{},0.633,0.31002331002331,0.6519607843137255,0.4202211690363349,0.6400507439156568,0.2280553857910799,0.6805057764311755,1000,592,142,266,ok,1.0455187000334265,4,Bank Customer Churn,,,,
12,XGBoost,classical,PCA,default,1200,2000,1.00000761449337e-07,{},0.603,0.2715466351829988,0.5651105651105651,0.3668261562998405,0.5888955210989109,0.1448633784526723,0.6187335255131865,976,617,177,230,ok,0.9589539999724366,4,Bank Customer Churn,,,,
13,XGBoost,classical,PCA,default,1200,2000,3.00002284348011e-07,{},0.6155,0.2909930715935335,0.6191646191646192,0.3959151610369206,0.6168641677116253,0.1899113781281851,0.6389147236604864,979,614,155,252,ok,1.0459937999839894,4,Bank Customer Churn,,,,
14,XGBoost,classical,PCA,default,1200,2000,4.00003045797348e-07,{},0.5665,0.262396694214876,0.6240786240786241,0.3694545454545455,0.587933850645715,0.1416816651333214,0.612678934712833,879,714,153,254,ok,1.023515300010331,4,Bank Customer Churn,,,,
0,VQC,quantum,PCA,default,1200,2000,1.00000761449337e-07,{},0.498,0.2334525939177102,0.6397058823529411,0.3420707732634338,0.5506946497191841,0.0822883854278666,0.5699391565671494,735,857,147,261,ok,25.16150069999276,4,Bank Customer Churn,,,,
1,VQC,quantum,PCA,default,1200,2000,2.00001522898674e-07,{},0.449,0.2103505843071786,0.6176470588235294,0.3138231631382316,0.5117129766479456,0.0192611978883383,0.5195847497290373,646,946,156,252,ok,25.493006300006527,4,Bank Customer Churn,,,,
2,VQC,quantum,PCA,default,1200,2000,2.00001522898674e-07,{},0.4955,0.1996007984031936,0.4914004914004914,0.2838892831795599,0.4939739431264855,-0.0097044110342492,0.5057075565550142,791,802,207,200,ok,25.48575320001692,4,Bank Customer Churn,,,,
3,VQC,quantum,PCA,default,1200,2000,3.00002284348011e-07,{},0.5405,0.2149220489977728,0.4742014742014742,0.2957854406130268,0.5158201344642023,0.0256103959580982,0.5375683850260122,888,705,214,193,ok,25.125033899967093,4,Bank Customer Churn,,,,
4,VQC,quantum,PCA,default,1200,2000,9.994255378842355e-08,{},0.5125,0.2253384912959381,0.5724815724815725,0.3233865371269951,0.5348283568622552,0.0561202040355011,0.5363822990941636,792,801,174,233,ok,25.50222380005289,4,Bank Customer Churn,,,,
5,VQC,quantum,PCA,default,1200,2000,3.00002284348011e-07,{},0.465,0.2190152801358234,0.6323529411764706,0.3253467843631778,0.5272317469701449,0.0446065420962427,0.5211273893979702,672,920,150,258,ok,25.480227400024887,4,Bank Customer Churn,,,,
6,VQC,quantum,PCA,default,1200,2000,2.00001522898674e-07,{},0.529,0.2122844827586207,0.4828431372549019,0.2949101796407186,0.5118361414917726,0.0191280358157496,0.4995258153512661,861,731,211,197,ok,25.362780800031032,4,Bank Customer Churn,,,,
7,VQC,quantum,PCA,default,1200,2000,3.00002284348011e-07,{},0.595,0.2379713914174252,0.4496314496314496,0.3112244897959184,0.5408860324114562,0.0676733787822878,0.5612607985489342,1007,586,224,183,ok,25.00878679996822,4,Bank Customer Churn,,,,
8,VQC,quantum,PCA,default,1200,2000,3.00002284348011e-07,{},0.4975,0.2296564195298372,0.6240786240786241,0.3357567746199603,0.5446193497040955,0.0722623368320202,0.5515083650676871,741,852,153,254,ok,24.893325300014112,4,Bank Customer Churn,,,,
9,VQC,quantum,PCA,default,1200,2000,4.00003045797348e-07,{},0.526,0.2324431256181998,0.5773955773955773,0.3314527503526093,0.5451321891999859,0.0726854970545078,0.5448946635387313,817,776,172,235,ok,25.239808799989987,4,Bank Customer Churn,,,,
10,VQC,quantum,PCA,default,1200,2000,5.00003807246685e-07,{},0.522,0.2103594080338266,0.4877450980392157,0.293943870014771,0.5092619962557887,0.0149510032661828,0.5193107079515222,845,747,209,199,ok,25.223703800002117,4,Bank Customer Churn,,,,
11,VQC,quantum,PCA,default,1200,2000,3.00002284348011e-07,{},0.583,0.2357320099255583,0.4656862745098039,0.3130148270181219,0.5393758005714848,0.064698069389932,0.5599905163070252,976,616,218,190,ok,25.451125500025228,4,Bank Customer Churn,,,,
12,VQC,quantum,PCA,default,1200,2000,2.999440766870976e-07,{},0.4785,0.2098540145985401,0.5651105651105651,0.3060545575515635,0.5107410954868582,0.0173777751368558,0.5254669152974237,727,866,177,230,ok,25.46954840002581,4,Bank Customer Churn,,,,
13,VQC,quantum,PCA,default,1200,2000,4.00003045797348e-07,{},0.6,0.236241610738255,0.4324324324324324,0.3055555555555556,0.5376223681308427,0.0626586765314567,0.5467146653587331,1024,569,231,176,ok,24.92334480001591,4,Bank Customer Churn,,,,
14,VQC,quantum,PCA,default,1200,2000,3.00002284348011e-07,{},0.573,0.2188679245283019,0.4275184275184275,0.2895174708818636,0.5188439595219256,0.0310048877285771,0.5274319003132563,972,621,233,174,ok,25.420380600029603,4,Bank Customer Churn,,,,
0,QNN,quantum,PCA,default,1200,2000,2.00001522898674e-07,{},0.6695,0.3302013422818792,0.6029411764705882,0.4267129228100607,0.6447494827076559,0.2412951706972128,0.6942124839885703,1093,499,162,246,ok,32.107863000012,4,Bank Customer Churn,,,,
1,QNN,quantum,PCA,default,1200,2000,2.00001522898674e-07,{},0.5585,0.2842870118074477,0.7671568627450981,0.4148442677269715,0.6360909941866194,0.2204892855891522,0.7040487363287025,804,788,95,313,ok,32.413905999972485,4,Bank Customer Churn,,,,
2,QNN,quantum,PCA,default,1200,2000,2.00001522898674e-07,{},0.598,0.2741751990898748,0.5921375921375921,0.374805598755832,0.5958176975126128,0.1554474402602101,0.6323442086153951,955,638,166,241,ok,32.14258520002477,4,Bank Customer Churn,,,,
3,QNN,quantum,PCA,default,1200,2000,2.00001522898674e-07,{},0.6615,0.2997032640949555,0.4963144963144963,0.3737280296022202,0.6000091000091,0.1703620655067414,0.6566689956520465,1121,472,205,202,ok,32.63515779998852,4,Bank Customer Churn,,,,
4,QNN,quantum,PCA,default,1200,2000,2.00001522898674e-07,{},0.591,0.2683201803833145,0.5847665847665847,0.3678516228748068,0.5886795886795886,0.1437306422393053,0.6358068391966696,944,649,169,238,ok,32.6406338000088,4,Bank Customer Churn,,,,
5,QNN,quantum,PCA,default,1200,2000,1.9994331523776054e-07,{},0.672,0.3310626702997275,0.5955882352941176,0.425569176882662,0.643585574933491,0.2400919160979389,0.700107461326239,1101,491,165,243,ok,32.41449100000318,4,Bank Customer Churn,,,,
6,QNN,quantum,PCA,default,1200,2000,1.00000761449337e-07,{},0.5475,0.2603664416586306,0.6617647058823529,0.3737024221453287,0.5899903931421815,0.1451527393326334,0.6388206350379348,825,767,138,270,ok,32.391633000050206,4,Bank Customer Churn,,,,
7,QNN,quantum,PCA,default,1200,2000,3.00002284348011e-07,{},0.64,0.3021491782553729,0.5872235872235873,0.3989983305509182,0.6203537898453153,0.1981953524786082,0.6644009186382067,1041,552,168,239,ok,32.371207599993795,4,Bank Customer Churn,,,,
8,QNN,quantum,PCA,default,1200,2000,4.00003045797348e-07,{},0.634,0.2950819672131147,0.5749385749385749,0.39,0.6120141713362053,0.184381706366997,0.6569389111761994,1034,559,173,234,ok,32.18645540002035,4,Bank Customer Churn,,,,
9,QNN,quantum,PCA,default,1200,2000,4.00003045797348e-07,{},0.625,0.2936221419975932,0.5995085995085995,0.394184168012924,0.615510734154802,0.1887337915994779,0.6480903091072583,1006,587,163,244,ok,32.30636170000071,4,Bank Customer Churn,,,,
10,QNN,quantum,PCA,default,1200,2000,3.00002284348011e-07,{},0.6885,0.3312401883830455,0.5171568627450981,0.4038277511961722,0.6247844615233028,0.2158611438649238,0.6641417873682136,1166,426,197,211,ok,32.91320479998831,4,Bank Customer Churn,,,,
11,QNN,quantum,PCA,default,1200,2000,1.9994331523776054e-07,{},0.603,0.2860310421286031,0.6323529411764706,0.3938931297709924,0.613915164055572,0.1845052422407412,0.647680805990738,948,644,150,258,ok,32.67518080002628,4,Bank Customer Churn,,,,
12,QNN,quantum,PCA,default,1200,2000,2.00001522898674e-07,{},0.7535,0.4185606060606061,0.542997542997543,0.4727272727272727,0.6751397005634294,0.3199254759877519,0.7464583227295092,1286,307,186,221,ok,32.549607099965215,4,Bank Customer Churn,,,,
13,QNN,quantum,PCA,default,1200,2000,2.00001522898674e-07,{},0.594,0.2884012539184953,0.6781326781326781,0.4046920821114369,0.6253186931153032,0.2020006757430231,0.6445505598047971,912,681,131,276,ok,32.00804139999673,4,Bank Customer Churn,,,,
14,QNN,quantum,PCA,default,1200,2000,4.00003045797348e-07,{},0.611,0.289920724801812,0.628992628992629,0.3968992248062015,0.6176978210876516,0.1908519373050805,0.6550371635117397,966,627,151,256,ok,32.06313329999102,4,Bank Customer Churn,,,,
0,QSVC,quantum,PCA,default,1200,2000,2.00001522898674e-07,{},0.564,0.2444933920704846,0.5441176470588235,0.3373860182370821,0.5566065622228791,0.0916313628557569,0.5826336030643413,906,686,186,222,ok,156.01974449999398,4,Bank Customer Churn,,,,
1,QSVC,quantum,PCA,default,1200,2000,2.00001522898674e-07,{},0.585,0.2691466083150984,0.6029411764705882,0.3721633888048411,0.5916715932604197,0.1483127125330899,0.6248306483397379,924,668,162,246,ok,155.9020293999929,4,Bank Customer Churn,,,,
2,QSVC,quantum,PCA,default,1200,2000,2.00001522898674e-07,{},0.5465,0.242798353909465,0.5798525798525799,0.3422770123277737,0.5589156182376521,0.0949152154182445,0.5690914334982131,857,736,171,236,ok,157.33432669995818,4,Bank Customer Churn,,,,
3,QSVC,quantum,PCA,default,1200,2000,3.00002284348011e-07,{},0.5565,0.2473684210526315,0.5773955773955773,0.346352247605011,0.5642784541089625,0.103643974661691,0.5832519730824817,878,715,172,235,ok,157.2802220999729,4,Bank Customer Churn,,,,
4,QSVC,quantum,PCA,default,1200,2000,1.00000761449337e-07,{},0.5815,0.2578828828828828,0.5626535626535627,0.3536679536679536,0.5744843456707864,0.1207094354048784,0.6044789010890705,934,659,178,229,ok,155.31546839996008,4,Bank Customer Churn,,,,
5,QSVC,quantum,PCA,default,1200,2000,2.00001522898674e-07,{},0.547,0.2459183673469387,0.5906862745098039,0.3472622478386167,0.5632451473051532,0.101963725146157,0.5972709749729037,853,739,167,241,ok,155.48554560000775,4,Bank Customer Churn,,,,
6,QSVC,quantum,PCA,default,1200,2000,3.00002284348011e-07,{},0.5325,0.2393669634025717,0.5931372549019608,0.3410852713178294,0.5550485269484678,0.0887367640726589,0.5637031665681348,823,769,166,242,ok,157.00055769999744,4,Bank Customer Churn,,,,
7,QSVC,quantum,PCA,default,1200,2000,2.00001522898674e-07,{},0.6265,0.282051282051282,0.5405405405405406,0.3706823925863521,0.594501280941959,0.1560075321161808,0.6243362006073869,1033,560,187,220,ok,157.17487980000442,4,Bank Customer Churn,,,,
8,QSVC,quantum,PCA,default,1200,2000,3.00002284348011e-07,{},0.522,0.2241206030150754,0.547911547911548,0.3181169757489301,0.5316456672388876,0.0509629751968674,0.5458031220743085,821,772,184,223,ok,157.5515779000125,4,Bank Customer Churn,,,,
9,QSVC,quantum,PCA,default,1200,2000,4.00003045797348e-07,{},0.592,0.2641291810841983,0.5626535626535627,0.3594976452119309,0.5810756827705981,0.1317350071152009,0.6096049824863384,955,638,178,229,ok,157.7345758000156,4,Bank Customer Churn,,,,
10,QSVC,quantum,PCA,default,1200,2000,3.00002284348011e-07,{},0.571,0.2477578475336322,0.5416666666666666,0.34,0.5600921273031826,0.0974309372082924,0.5872399682234702,921,671,187,221,ok,156.85079349996522,4,Bank Customer Churn,,,,
11,QSVC,quantum,PCA,default,1200,2000,3.00002284348011e-07,{},0.5375,0.2276080084299262,0.5294117647058824,0.318349299926308,0.5344923145137452,0.0556697770715293,0.5475493275199528,859,733,192,216,ok,156.67843690002337,4,Bank Customer Churn,,,,
12,QSVC,quantum,PCA,default,1200,2000,3.00002284348011e-07,{},0.5815,0.2657952069716776,0.5995085995085995,0.3683018867924528,0.5882037661698678,0.1425237518776838,0.6051089610411644,919,674,163,244,ok,157.38554889999796,4,Bank Customer Churn,,,,
13,QSVC,quantum,PCA,default,1200,2000,2.00001522898674e-07,{},0.6,0.2674556213017751,0.5552825552825553,0.3610223642172524,0.5833537697944478,0.135875447613758,0.6302828251980794,974,619,181,226,ok,156.64540579996537,4,Bank Customer Churn,,,,
14,QSVC,quantum,PCA,default,1200,2000,3.00002284348011e-07,{},0.595,0.2773480662983425,0.6167076167076168,0.3826219512195122,0.6030807386739591,0.1667559201052334,0.6388915880441305,939,654,156,251,ok,157.53310000000056,4,Bank Customer Churn,,,,
0,QDT,quantum,PCA,default,1200,2000,2.00001522898674e-07,{},0.496,0.2159090909090909,0.5588235294117647,0.3114754098360656,0.519361513449601,0.0312574075158819,0.5219171839590107,764,828,180,228,ok,0.1410917000030167,4,Bank Customer Churn,,,,
1,QDT,quantum,PCA,default,1200,2000,1.00000761449337e-07,{},0.518,0.2337164750957854,0.5980392156862745,0.3360881542699724,0.547763326436102,0.0770631893231933,0.5781804241797222,792,800,164,244,ok,0.1435581999830901,4,Bank Customer Churn,,,,
2,QDT,quantum,PCA,default,1200,2000,2.00001522898674e-07,{},0.596,0.2029629629629629,0.3366093366093366,0.2532347504621072,0.4994408892713977,-0.0009520792246473,0.5202243846311643,1055,538,270,137,ok,0.1491655000136234,4,Bank Customer Churn,,,,
3,QDT,quantum,PCA,default,1200,2000,1.00000761449337e-07,{},0.4935,0.2265342960288808,0.6167076167076168,0.3313531353135313,0.5393644800424462,0.0637657247403511,0.5530746462949853,736,857,156,251,ok,0.124845800048206,4,Bank Customer Churn,,,,
4,QDT,quantum,PCA,default,1200,2000,1.00000761449337e-07,{},0.4885,0.2105263157894736,0.5503685503685504,0.3045547246770904,0.5115307911918081,0.0186073898811351,0.5167000590729405,753,840,183,224,ok,0.1201810999773442,4,Bank Customer Churn,,,,
5,QDT,quantum,PCA,default,1200,2000,1.00000761449337e-07,{},0.6765,0.2302483069977426,0.25,0.2397179788484136,0.5179020100502513,0.0347445935939597,0.5314840132032713,1251,341,306,102,ok,0.1227351000416092,4,Bank Customer Churn,,,,
6,QDT,quantum,PCA,default,1200,2000,3.00002284348011e-07,{},0.52,0.2136929460580912,0.5049019607843137,0.3002915451895043,0.514385653758991,0.0232029293431122,0.5236584269386145,834,758,202,206,ok,0.1540596999693662,4,Bank Customer Churn,,,,
7,QDT,quantum,PCA,default,1200,2000,3.00002284348011e-07,{},0.6235,0.236280487804878,0.3808353808353808,0.2916274694261524,0.5331672196078976,0.0568843238793388,0.5433468908045179,1092,501,252,155,ok,0.1381198999588377,4,Bank Customer Churn,,,,
8,QDT,quantum,PCA,default,1200,2000,3.00002284348011e-07,{},0.617,0.2332838038632986,0.3857493857493858,0.2907407407407407,0.530916124136463,0.0526838054188394,0.5313418194774125,1077,516,250,157,ok,0.1114671999821439,4,Bank Customer Churn,,,,
9,QDT,quantum,PCA,default,1200,2000,5.00003807246685e-07,{},0.423,0.2146676852559205,0.6904176904176904,0.3275058275058275,0.5225472005133022,0.0381785006088394,0.5363221464916381,565,1028,126,281,ok,0.1503898000228218,4,Bank Customer Churn,,,,
10,QDT,quantum,PCA,default,1200,2000,3.00002284348011e-07,{},0.4685,0.2104332449160035,0.5833333333333334,0.3092917478882391,0.5112018425460637,0.018212932671557,0.5116359986205536,699,893,170,238,ok,0.1649908000254072,4,Bank Customer Churn,,,,
11,QDT,quantum,PCA,default,1200,2000,3.00002284348011e-07,{},0.4465,0.2301158301158301,0.7303921568627451,0.3499706400469759,0.552067937727855,0.0878359985712341,0.5572554869937926,595,997,110,298,ok,0.1661269000032916,4,Bank Customer Churn,,,,
12,QDT,quantum,PCA,default,1200,2000,3.00002284348011e-07,{},0.4835,0.1961165048543689,0.4963144963144963,0.2811412665274878,0.4882702425075306,-0.018898165241776,0.4808653028992012,765,828,205,202,ok,0.1531775000039488,4,Bank Customer Churn,,,,
13,QDT,quantum,PCA,default,1200,2000,2.00001522898674e-07,{},0.5155,0.2234251968503937,0.5577395577395577,0.3190442726633872,0.5312238278339974,0.0502894433642183,0.5325063121673291,804,789,180,227,ok,0.1438691000221297,4,Bank Customer Churn,,,,
14,QDT,quantum,PCA,default,1200,2000,3.00002284348011e-07,{},0.5955,0.25,0.4938574938574938,0.3319570602807597,0.5576632102055831,0.094697887418201,0.5800091308565885,990,603,206,201,ok,0.1421904999879188,4,Bank Customer Churn,,,,
0,LogReg,classical,PCA,gwo,1200,2000,2.4278687000041828,{'C': 3.244782328646984},0.6645,0.332484076433121,0.6397058823529411,0.4375523889354568,0.6552800768548626,0.2562857026059024,0.7090322938220514,1068,524,147,261,ok,0.0416502000298351,4,Bank Customer Churn,0.4508723637548114,35.0,"[0.4508723637548114, 0.4508723637548114, 0.4508723637548114, 0.4508723637548114, 0.4508723637548114]",True
1,LogReg,classical,PCA,gwo,1200,2000,3.0517271000426263,{'C': 0.024650497687231383},0.5955,0.2808743169398907,0.6299019607843137,0.3885109599395314,0.6082926889348704,0.1751883935664028,0.6505243743225934,934,658,151,257,ok,0.0286794999847188,4,Bank Customer Churn,0.3944168734491315,46.0,"[0.3933862433862434, 0.3944168734491315, 0.3944168734491315, 0.3944168734491315, 0.3944168734491315, 0.3944168734491315]",True
2,LogReg,classical,PCA,gwo,1200,2000,5.125004999979865,{'C': 0.009171576589207132},0.6365,0.3048780487804878,0.6142506142506142,0.4074979625101874,0.6282175858447046,0.2099107855069348,0.6894382826586216,1023,570,157,250,ok,0.0223945999750867,4,Bank Customer Churn,0.3952166170830098,94.0,"[0.39235433350016685, 0.39235433350016685, 0.3928299222110496, 0.3928299222110496, 0.3928299222110496, 0.3947404266068193, 0.3947404266068193, 0.3952166170830098, 0.3952166170830098, 0.3952166170830098, 0.3952166170830098, 0.3952166170830098]",True
3,LogReg,classical,PCA,gwo,1200,2000,4.9072873999830335,{'C': 0.01365244748688132},0.6595,0.3291770573566084,0.6486486486486487,0.4367245657568238,0.6554605452910538,0.2554110495479067,0.699246241619123,1055,538,143,264,ok,0.0229990999796427,4,Bank Customer Churn,0.3601021717718016,88.0,"[0.35824608227269156, 0.35877420139575616, 0.35877420139575616, 0.35877420139575616, 0.35877420139575616, 0.3589014732743367, 0.3601021717718016, 0.3601021717718016, 0.3601021717718016, 0.3601021717718016, 0.3601021717718016]",True
4,LogReg,classical,PCA,gwo,1200,2000,3.4875659000244923,{'C': 0.11350459680574741},0.633,0.3027744270205066,0.6167076167076168,0.4061488673139158,0.6269351015113727,0.2074727722515084,0.68535253281016,1015,578,156,251,ok,0.0274500999948941,4,Bank Customer Churn,0.4021654381654382,56.0,"[0.4005310295632876, 0.4005310295632876, 0.4021654381654382, 0.4021654381654382, 0.4021654381654382, 0.4021654381654382, 0.4021654381654382]",True
5,LogReg,classical,PCA,gwo,1200,2000,2.6612694999785163,{'C': 0.05354294411612065},0.6185,0.2919109026963657,0.6102941176470589,0.3949246629659,0.6154485663612179,0.1881325441596492,0.6583699748743719,988,604,159,249,ok,0.0304335000109858,4,Bank Customer Churn,0.4327205348547729,40.0,"[0.4327205348547729, 0.4327205348547729, 0.4327205348547729, 0.4327205348547729, 0.4327205348547729]",True
6,LogReg,classical,PCA,gwo,1200,2000,1.8855559999938123,{'C': 0.0010000000000000002},0.6465,0.313358302122347,0.6151960784313726,0.4152191894127378,0.6348593457483496,0.2218129040239992,0.6948929697507142,1042,550,157,251,ok,0.0428455999935977,4,Bank Customer Churn,0.3878997642677443,28.0,"[0.3845514024857848, 0.3849720548334455, 0.38789976426774436, 0.38789976426774436, 0.38789976426774436, 0.38789976426774436, 0.38789976426774436]",True
7,LogReg,classical,PCA,gwo,1200,2000,2.358373800001573,{'C': 16.268877936419855},0.639,0.296248382923674,0.5626535626535627,0.3881355932203389,0.610579763122136,0.1828515790553506,0.6649731395494108,1049,544,178,229,ok,0.0501540999975986,4,Bank Customer Churn,0.4149491291330208,34.0,"[0.4149491291330208, 0.4149491291330208, 0.4149491291330208, 0.4149491291330208, 0.4149491291330208]",True
8,LogReg,classical,PCA,gwo,1200,2000,3.606956500036176,{'C': 0.0013954083387072108},0.6325,0.3004866180048662,0.6068796068796068,0.4019528071602929,0.6229627161830551,0.2012333615919886,0.6712444339562983,1018,575,160,247,ok,0.0269008999457582,4,Bank Customer Churn,0.4227504016420307,59.0,"[0.42036429872495445, 0.42070873398654135, 0.42099731560713055, 0.42275040164203076, 0.42275040164203076, 0.42275040164203076, 0.42275040164203076, 0.42275040164203076]",True
9,LogReg,classical,PCA,gwo,1200,2000,2.487359800026752,{'C': 3.356314671355666},0.607,0.2910694597574421,0.6486486486486487,0.4018264840182648,0.6225038597919954,0.1981395334878505,0.6684743294912787,950,643,143,264,ok,0.0362466999795287,4,Bank Customer Churn,0.3635012118309532,35.0,"[0.36350121183095324, 0.36350121183095324, 0.36350121183095324, 0.36350121183095324, 0.36350121183095324]",True
10,LogReg,classical,PCA,gwo,1200,2000,2.147778999991715,{'C': 0.0010048884723145306},0.637,0.3125,0.6495098039215687,0.4219745222929936,0.6416518868854074,0.2310094824823418,0.693202532269189,1009,583,143,265,ok,0.0516236000112257,4,Bank Customer Churn,0.3961787901790412,32.0,"[0.39617879017904123, 0.39617879017904123, 0.39617879017904123, 0.39617879017904123, 0.39617879017904123]",True
11,LogReg,classical,PCA,gwo,1200,2000,4.066434100037441,{'C': 0.001637363906416081},0.6415,0.3021766965428937,0.5784313725490197,0.3969722455845248,0.6180473445659671,0.1950116071104092,0.672007402207114,1047,545,172,236,ok,0.0245800000266172,4,Bank Customer Churn,0.4052535059810306,67.0,"[0.4047265134221656, 0.4047265134221656, 0.4047265134221656, 0.4047265134221656, 0.40525350598103066, 0.40525350598103066, 0.40525350598103066, 0.40525350598103066, 0.40525350598103066]",True
12,LogReg,classical,PCA,gwo,1200,2000,2.3316777999862097,{'C': 11.270893106150185},0.6345,0.3014705882352941,0.6044226044226044,0.4022894521668029,0.6233035809306996,0.2020178975488648,0.6780108305532034,1023,570,161,246,ok,0.0368636000202968,4,Bank Customer Churn,0.4113470962354701,32.0,"[0.4113470962354701, 0.4113470962354701, 0.4113470962354701, 0.4113470962354701, 0.4113470962354701]",True
13,LogReg,classical,PCA,gwo,1200,2000,2.249866499972996,{'C': 4.764074532930091},0.638,0.3141852286049238,0.6584766584766585,0.4253968253968254,0.6456225100292897,0.2370868006587621,0.6796087304561881,1008,585,139,268,ok,0.0534808000084012,4,Bank Customer Churn,0.407711388705641,33.0,"[0.407711388705641, 0.407711388705641, 0.407711388705641, 0.407711388705641, 0.407711388705641]",True
14,LogReg,classical,PCA,gwo,1200,2000,3.694757000019308,{'C': 0.034970234470675446},0.6385,0.3087167070217917,0.6265356265356266,0.413625304136253,0.6340462187919815,0.219212635720059,0.6813300203130712,1022,571,152,255,ok,0.0260598000022582,4,Bank Customer Churn,0.3901730531379488,60.0,"[0.38701101346594907, 0.38925055852300433, 0.38925055852300433, 0.39017305313794887, 0.39017305313794887, 0.39017305313794887, 0.39017305313794887, 0.39017305313794887]",True
0,SVC,classical,PCA,gwo,1200,2000,12.371411499974784,"{'C': 2.2547014804860193, 'gamma': 0.0009639558066461408}",0.6585,0.3188405797101449,0.5931372549019608,0.414738646101114,0.634194255591684,0.2228736654889449,0.6833339491575525,1075,517,166,242,ok,0.1163439999800175,4,Bank Customer Churn,0.3958306191307512,96.0,"[0.38043664546597095, 0.3874176678402132, 0.3874176678402132, 0.3881635429841708, 0.38887131095081134, 0.38887131095081134, 0.393980889150155, 0.393980889150155, 0.393980889150155, 0.3949346405228758, 0.3958306191307512, 0.3958306191307512]",False
1,SVC,classical,PCA,gwo,1200,2000,9.490314199996646,"{'C': 1.8859691219062047, 'gamma': 0.0009830140636659592}",0.6725,0.320754716981132,0.5416666666666666,0.4029170464904284,0.6238484087102177,0.2100443882296635,0.6937814070351758,1124,468,187,221,ok,0.1629413000191562,4,Bank Customer Churn,0.4294073170730978,64.0,"[0.4289528865344938, 0.4289528865344938, 0.4289528865344938, 0.42940731707309787, 0.42940731707309787, 0.42940731707309787, 0.42940731707309787, 0.42940731707309787]",True
2,SVC,classical,PCA,gwo,1200,2000,11.228304599993862,"{'C': 0.792343661090805, 'gamma': 4.8154558657949575}",0.6225,0.2957746478873239,0.6191646191646192,0.4003177124702144,0.6212583924448332,0.1974495522058896,0.6640230369043928,993,600,155,252,ok,0.1391532000270672,4,Bank Customer Churn,0.4025761289629355,80.0,"[0.3888311820020711, 0.3895722091532554, 0.3895722091532554, 0.3895722091532554, 0.3939906378484194, 0.40257612896293554, 0.40257612896293554, 0.40257612896293554, 0.40257612896293554, 0.40257612896293554]",True
3,SVC,classical,PCA,gwo,1200,2000,6.211992700002156,"{'C': 0.02433515542714977, 'gamma': 0.11247522627691842}",0.6935,0.3283333333333333,0.484029484029484,0.3912611717974181,0.6155238443374037,0.202986463785989,0.6513963886845243,1190,403,210,197,ok,0.2352776000043377,4,Bank Customer Churn,0.4116976237672222,40.0,"[0.41169762376722224, 0.41169762376722224, 0.41169762376722224, 0.41169762376722224, 0.41169762376722224]",True
4,SVC,classical,PCA,gwo,1200,2000,9.275231599982362,"{'C': 0.8314623360905317, 'gamma': 0.001142218808447535}",0.66,0.303030303030303,0.515970515970516,0.3818181818181818,0.6063845046895895,0.1800151484697968,0.6611156611156611,1110,483,197,210,ok,0.1679255000199191,4,Bank Customer Churn,0.4380136534014038,64.0,"[0.43725417895771873, 0.43725417895771873, 0.4378814478024764, 0.4380136534014038, 0.4380136534014038, 0.4380136534014038, 0.4380136534014038, 0.4380136534014038]",True
5,SVC,classical,PCA,gwo,1200,2000,10.0100853999611,"{'C': 89.45206507605333, 'gamma': 0.006239884204431416}",0.589,0.2802547770700637,0.6470588235294118,0.3911111111111111,0.6105897132722435,0.1785574831517262,0.6695964503892009,914,678,144,264,ok,0.1378606000216677,4,Bank Customer Churn,0.409980221003843,64.0,"[0.39577985140513156, 0.4067898424260819, 0.4067898424260819, 0.40998022100384307, 0.40998022100384307, 0.40998022100384307, 0.40998022100384307, 0.40998022100384307]",True
6,SVC,classical,PCA,gwo,1200,2000,6.223519499995746,"{'C': 64.59604325590246, 'gamma': 0.2171208621151055}",0.7005,0.3693570451436389,0.6617647058823529,0.4741000877963126,0.6860959207803725,0.3114432788059535,0.7416432653463395,1131,461,138,270,ok,0.2195888999849558,4,Bank Customer Churn,0.3881121276402977,40.0,"[0.38811212764029773, 0.38811212764029773, 0.38811212764029773, 0.38811212764029773, 0.38811212764029773]",True
7,SVC,classical,PCA,gwo,1200,2000,8.730741499981377,"{'C': 13.822462199774542, 'gamma': 0.18248050393598714}",0.637,0.3061968408262454,0.6191646191646192,0.4097560975609756,0.6303607151064778,0.2133013839743854,0.6757188621595401,1022,571,155,252,ok,0.187028200016357,4,Bank Customer Churn,0.469886757258684,55.0,"[0.44586425074229946, 0.4597521200260926, 0.469886757258684, 0.469886757258684, 0.469886757258684, 0.469886757258684, 0.469886757258684]",True
8,SVC,classical,PCA,gwo,1200,2000,7.214962099969853,"{'C': 0.5714174067777248, 'gamma': 0.0024499613740233614}",0.6355,0.3002481389578164,0.5945945945945946,0.3990107172300082,0.6202728151880694,0.1974389716507599,0.6623248826638656,1029,564,165,242,ok,0.2037230000132694,4,Bank Customer Churn,0.3865888197939987,48.0,"[0.3859935408142153, 0.3865888197939987, 0.3865888197939987, 0.3865888197939987, 0.3865888197939987, 0.3865888197939987]",True
9,SVC,classical,PCA,gwo,1200,2000,8.254547200049274,"{'C': 2.3017613639979206, 'gamma': 0.0005105706274172425}",0.645,0.3127317676143387,0.6216216216216216,0.4161184210526316,0.636297314263416,0.2236105268124915,0.6913485133824117,1037,556,154,253,ok,0.1723297999706119,4,Bank Customer Churn,0.4578292578292578,56.0,"[0.45383782840185044, 0.45383782840185044, 0.4578292578292578, 0.4578292578292578, 0.4578292578292578, 0.4578292578292578, 0.4578292578292578]",True
10,SVC,classical,PCA,gwo,1200,2000,7.656105700007174,"{'C': 0.010000000000000004, 'gamma': 0.03180513711644515}",0.6645,0.3034379671150972,0.4975490196078431,0.3769730733519034,0.6024177258843235,0.174946255209524,0.3571549536900187,1126,466,205,203,ok,0.2039073000196367,4,Bank Customer Churn,0.3942087246258207,48.0,"[0.3936291824641285, 0.39420872462582074, 0.39420872462582074, 0.39420872462582074, 0.39420872462582074, 0.39420872462582074]",True
11,SVC,classical,PCA,gwo,1200,2000,11.183393300045282,"{'C': 0.010000000000000004, 'gamma': 0.010055024857266039}",0.6925,0.3502170767004341,0.5931372549019608,0.4404003639672429,0.6555510395112819,0.2636305160045806,0.3020925706966203,1143,449,166,242,ok,0.1527972999610938,4,Bank Customer Churn,0.465485588603298,80.0,"[0.4599605733331553, 0.46275773568089257, 0.46399094019597403, 0.4643815599402143, 0.4643815599402143, 0.46548558860329803, 0.46548558860329803, 0.46548558860329803, 0.46548558860329803, 0.46548558860329803]",True
12,SVC,classical,PCA,gwo,1200,2000,9.372608399949968,"{'C': 4.249986403232691, 'gamma': 1.1009415253654447}",0.6585,0.3188976377952756,0.597051597051597,0.4157399486740804,0.6356256102018814,0.2248738655015061,0.6717865785662397,1074,519,164,243,ok,0.1392625000444241,4,Bank Customer Churn,0.4243464291610917,64.0,"[0.41098400065338603, 0.41311998874550865, 0.42417759408100625, 0.4243464291610917, 0.4243464291610917, 0.4243464291610917, 0.4243464291610917, 0.4243464291610917]",True
13,SVC,classical,PCA,gwo,1200,2000,12.216379399993455,"{'C': 0.9970344886925963, 'gamma': 0.004258995064937566}",0.6955,0.336038961038961,0.5085995085995086,0.4046920821114369,0.6259256174510412,0.2196295521743299,0.6879761117049252,1184,409,200,207,ok,0.1243205000064335,4,Bank Customer Churn,0.4428773328020189,96.0,"[0.4390106852164061, 0.43960391174013463, 0.43960391174013463, 0.4418299089324524, 0.4418299089324524, 0.4418299089324524, 0.4418299089324524, 0.44222929658027876, 0.44222929658027876, 0.44283820471050744, 0.44287733280201896, 0.44287733280201896]",False
14,SVC,classical,PCA,gwo,1200,2000,10.482896599976812,"{'C': 3.2946297857778633, 'gamma': 1.3940713482695293}",0.599,0.2727272727272727,0.5823095823095823,0.3714733542319749,0.5927869317699825,0.1507234101010627,0.6274263477653308,961,632,170,237,ok,0.1328215000103227,4,Bank Customer Churn,0.4308779559662952,72.0,"[0.42264119322942856, 0.42264119322942856, 0.426250079358577, 0.426250079358577, 0.4308779559662952, 0.4308779559662952, 0.4308779559662952, 0.4308779559662952, 0.4308779559662952]",True
0,DecisionTree,classical,PCA,gwo,1200,2000,2.0022048999671824,"{'max_depth': 4, 'min_samples_leaf': 16}",0.4635,0.254249815225425,0.8431372549019608,0.39068710959682,0.6046716425263573,0.1803265232855517,0.6466462213025913,583,1009,64,344,ok,0.0444351999904029,4,Bank Customer Churn,0.3841352653794154,33.0,"[0.38413526537941545, 0.38413526537941545, 0.38413526537941545, 0.38413526537941545, 0.38413526537941545]",True
1,DecisionTree,classical,PCA,gwo,1200,2000,2.822257699968759,"{'max_depth': 12, 'min_samples_leaf': 18}",0.633,0.3095794392523364,0.6495098039215687,0.4193037974683544,0.6391393240713371,0.2266374126883578,0.6680830623706769,1001,591,143,265,ok,0.0274897000053897,4,Bank Customer Churn,0.3905218470105562,45.0,"[0.38122354260182106, 0.3857551501053707, 0.3905218470105562, 0.3905218470105562, 0.3905218470105562, 0.3905218470105562, 0.3905218470105562]",True
2,DecisionTree,classical,PCA,gwo,1200,2000,2.8395045999786817,"{'max_depth': 4, 'min_samples_leaf': 12}",0.5925,0.2801724137931034,0.6388206388206388,0.3895131086142322,0.6097430249972622,0.1771905819350489,0.6442066103083052,925,668,147,260,ok,0.0267128000268712,4,Bank Customer Churn,0.4043846099028106,49.0,"[0.3865037974146775, 0.4010489325800073, 0.4010489325800073, 0.4010489325800073, 0.4043846099028106, 0.4043846099028106, 0.4043846099028106, 0.4043846099028106, 0.4043846099028106]",True
3,DecisionTree,classical,PCA,gwo,1200,2000,2.4709722999832597,"{'max_depth': 16, 'min_samples_leaf': 9}",0.582,0.2665941240478781,0.601965601965602,0.3695324283559578,0.5894322673983692,0.1444969656204192,0.6305095542383679,919,674,162,245,ok,0.0292589000309817,4,Bank Customer Churn,0.380637003866541,39.0,"[0.37669254986658435, 0.380637003866541, 0.380637003866541, 0.380637003866541, 0.380637003866541, 0.380637003866541]",True
4,DecisionTree,classical,PCA,gwo,1200,2000,2.5320872999727726,"{'max_depth': 4, 'min_samples_leaf': 4}",0.625,0.3048919226393629,0.6584766584766585,0.416796267496112,0.6374618069533324,0.2230077175630935,0.6547356293119004,982,611,139,268,ok,0.0324410999892279,4,Bank Customer Churn,0.4250832247792734,41.0,"[0.40016057008736033, 0.40103028079665065, 0.42176038379756803, 0.42176038379756803, 0.42267227666778046, 0.4249588154350059, 0.4249588154350059, 0.4249588154350059, 0.42508322477927346, 0.42508322477927346, 0.42508322477927346, 0.42508322477927346]",False
5,DecisionTree,classical,PCA,gwo,1200,2000,2.3394636000157334,"{'max_depth': 8, 'min_samples_leaf': 20}",0.647,0.2930555555555555,0.5171568627450981,0.374113475177305,0.5987166223273229,0.1657489031254025,0.6517929722140113,1083,509,197,211,ok,0.0299899000092409,4,Bank Customer Churn,0.3766368228595131,37.0,"[0.36652947774899, 0.3766368228595131, 0.3766368228595131, 0.3766368228595131, 0.3766368228595131, 0.3766368228595131]",True
6,DecisionTree,classical,PCA,gwo,1200,2000,2.206910400011111,"{'max_depth': 7, 'min_samples_leaf': 18}",0.636,0.2959183673469387,0.5686274509803921,0.3892617449664429,0.6109468913193419,0.1831563280396313,0.6729680879889643,1040,552,176,232,ok,0.0310456999577581,4,Bank Customer Churn,0.4104516765751979,35.0,"[0.4051556940181122, 0.41045167657519793, 0.41045167657519793, 0.41045167657519793, 0.41045167657519793, 0.41045167657519793]",True
7,DecisionTree,classical,PCA,gwo,1200,2000,2.164088800025638,"{'max_depth': 5, 'min_samples_leaf': 19}",0.5935,0.2898550724637681,0.687960687960688,0.4078659868900218,0.6286633320531625,0.2073199282776435,0.6598941005720667,907,686,127,280,ok,0.0304565000114962,4,Bank Customer Churn,0.3969369230746191,32.0,"[0.39693692307461914, 0.39693692307461914, 0.39693692307461914, 0.39693692307461914, 0.39693692307461914]",True
8,DecisionTree,classical,PCA,gwo,1200,2000,1.89647600002354,"{'max_depth': 3, 'min_samples_leaf': 12}",0.581,0.2738719832109129,0.6412776412776413,0.3838235294117647,0.6034385695402644,0.1667622718612517,0.6195571534554585,901,692,146,261,ok,0.0483314999728463,4,Bank Customer Churn,0.4105519529477253,30.0,"[0.4105519529477253, 0.4105519529477253, 0.4105519529477253, 0.4105519529477253, 0.4105519529477253]",True
9,DecisionTree,classical,PCA,gwo,1200,2000,2.839841199980583,"{'max_depth': 7, 'min_samples_leaf': 9}",0.629,0.3059096176129779,0.6486486486486487,0.415748031496063,0.6363142803820769,0.221610744726133,0.6578373442780222,994,599,143,264,ok,0.0270511000417172,4,Bank Customer Churn,0.4042176735099643,48.0,"[0.39335659511194226, 0.3975317028985507, 0.3975317028985507, 0.40421767350996435, 0.40421767350996435, 0.40421767350996435, 0.40421767350996435, 0.40421767350996435]",True
10,DecisionTree,classical,PCA,gwo,1200,2000,2.026495400001295,"{'max_depth': 12, 'min_samples_leaf': 20}",0.6745,0.3364737550471063,0.6127450980392157,0.4344048653344917,0.6515358656025224,0.2527464109733702,0.6925574563996454,1099,493,158,250,ok,0.0360017999773845,4,Bank Customer Churn,0.4079114554243695,32.0,"[0.4079114554243695, 0.4079114554243695, 0.4079114554243695, 0.4079114554243695, 0.4079114554243695]",True
11,DecisionTree,classical,PCA,gwo,1200,2000,3.0993955999729224,"{'max_depth': 9, 'min_samples_leaf': 17}",0.624,0.2597765363128491,0.4558823529411764,0.3309608540925267,0.5614838900384275,0.1033603385280552,0.6102617868755543,1062,530,222,186,ok,0.0245297000510618,4,Bank Customer Churn,0.4478040961931847,54.0,"[0.44401278494175384, 0.44401278494175384, 0.44401278494175384, 0.4446691549010336, 0.4478040961931847, 0.4478040961931847, 0.4478040961931847, 0.4478040961931847, 0.4478040961931847]",True
12,DecisionTree,classical,PCA,gwo,1200,2000,2.194544800033327,"{'max_depth': 10, 'min_samples_leaf': 19}",0.602,0.2787258248009101,0.601965601965602,0.3810264385692068,0.6019871952075342,0.1654563702310077,0.6710277303497643,959,634,162,245,ok,0.0305509999743662,4,Bank Customer Churn,0.4212837235824513,34.0,"[0.4212837235824513, 0.4212837235824513, 0.4212837235824513, 0.4212837235824513, 0.4212837235824513]",True
13,DecisionTree,classical,PCA,gwo,1200,2000,3.431076400040183,"{'max_depth': 7, 'min_samples_leaf': 10}",0.6435,0.2716417910447761,0.4471744471744471,0.3379758588672237,0.5704171043154094,0.1201295992929394,0.594432645280103,1105,488,225,182,ok,0.0231188999605365,4,Bank Customer Churn,0.3789205482046733,61.0,"[0.3742864215734038, 0.374974570796945, 0.374974570796945, 0.374974570796945, 0.3789205482046733, 0.3789205482046733, 0.3789205482046733, 0.3789205482046733, 0.3789205482046733]",True
14,DecisionTree,classical,PCA,gwo,1200,2000,1.2806153999990784,"{'max_depth': 2, 'min_samples_leaf': 17}",0.6695,0.313235294117647,0.5233415233415234,0.3919043238270469,0.6150919794987593,0.1956314734305337,0.6271533474923305,1126,467,194,213,ok,0.0421385999652557,4,Bank Customer Churn,0.364729254830445,22.0,"[0.364729254830445, 0.364729254830445, 0.364729254830445, 0.364729254830445, 0.364729254830445]",True
0,RandomForest,classical,PCA,gwo,1200,2000,52.61031550000189,"{'max_depth': 11, 'min_samples_leaf': 20, 'max_features': 'sqrt'}",0.65,0.3093994778067885,0.5808823529411765,0.403747870528109,0.6242979603901863,0.2060742114094364,0.6688605404473348,1063,529,171,237,ok,0.5660330999526195,4,Bank Customer Churn,0.3767062944168505,37.0,"[0.37293105366497276, 0.3767062944168505, 0.3767062944168505, 0.3767062944168505, 0.3767062944168505, 0.3767062944168505]",True
1,RandomForest,classical,PCA,gwo,1200,2000,66.42344859999139,"{'max_depth': 16, 'min_samples_leaf': 5, 'max_features': None}",0.62,0.3048780487804878,0.6740196078431373,0.4198473282442748,0.6400876933688049,0.2268961644768289,0.6849889767464774,965,627,133,275,ok,0.6102050000336021,4,Bank Customer Churn,0.4191359449960235,42.0,"[0.41175351696167234, 0.4191359449960235, 0.4191359449960235, 0.4191359449960235, 0.4191359449960235, 0.4191359449960235]",True
2,RandomForest,classical,PCA,gwo,1200,2000,74.52973329997621,"{'max_depth': 13, 'min_samples_leaf': 8, 'max_features': 'log2'}",0.5885,0.2657657657657657,0.5798525798525799,0.3644787644787645,0.5852809666368988,0.138206454535048,0.6115853912464082,941,652,171,236,ok,0.3980864000041038,4,Bank Customer Churn,0.3953969270309158,58.0,"[0.3880873725538114, 0.3880873725538114, 0.391191367606784, 0.39539692703091583, 0.39539692703091583, 0.39539692703091583, 0.39539692703091583, 0.39539692703091583]",True
3,RandomForest,classical,PCA,gwo,1200,2000,40.76151859998936,"{'max_depth': 2, 'min_samples_leaf': 20, 'max_features': 'sqrt'}",0.617,0.2962542565266742,0.6412776412776413,0.4052795031055901,0.6260374395967616,0.2044238968306691,0.6794552642010269,973,620,146,261,ok,0.5292526000412181,4,Bank Customer Churn,0.3576698115034697,29.0,"[0.3565014175630216, 0.3565014175630216, 0.3576698115034697, 0.3576698115034697, 0.3576698115034697, 0.3576698115034697, 0.3576698115034697]",True
4,RandomForest,classical,PCA,gwo,1200,2000,79.01208939997014,"{'max_depth': 4, 'min_samples_leaf': 17, 'max_features': 'log2'}",0.6285,0.2823834196891192,0.5356265356265356,0.36980491942324,0.5939275176563312,0.1553531628179143,0.6324429205785137,1039,554,189,218,ok,0.3195312999887392,4,Bank Customer Churn,0.4329172134549166,64.0,"[0.42646097924771564, 0.4313264671867909, 0.4313264671867909, 0.43225093225093225, 0.4329172134549166, 0.4329172134549166, 0.4329172134549166, 0.4329172134549166, 0.4329172134549166]",True
5,RandomForest,classical,PCA,gwo,1200,2000,44.21303179999813,"{'max_depth': 11, 'min_samples_leaf': 1, 'max_features': 'sqrt'}",0.6395,0.3026481715006305,0.5882352941176471,0.3996669442131557,0.6204367425362105,0.1984268238332075,0.6770125135481329,1039,553,168,240,ok,0.7383749999571592,4,Bank Customer Churn,0.4104216706929112,29.0,"[0.4045436399050613, 0.4045436399050613, 0.4104216706929112, 0.4104216706929112, 0.4104216706929112, 0.4104216706929112, 0.4104216706929112]",True
6,RandomForest,classical,PCA,gwo,1200,2000,81.74497299996438,"{'max_depth': 19, 'min_samples_leaf': 13, 'max_features': None}",0.6795,0.3567035670356703,0.7107843137254902,0.475020475020475,0.6911333628928958,0.3136154702208015,0.7277194797516997,1069,523,118,290,ok,0.3716410000342875,4,Bank Customer Churn,0.420728641138021,66.0,"[0.41796173873141096, 0.41796173873141096, 0.41796173873141096, 0.41796173873141096, 0.4184264997273128, 0.42072864113802105, 0.42072864113802105, 0.42072864113802105, 0.42072864113802105, 0.42072864113802105]",True
7,RandomForest,classical,PCA,gwo,1200,2000,59.013215799990576,"{'max_depth': 2, 'min_samples_leaf': 18, 'max_features': 'sqrt'}",0.541,0.2632066728452271,0.6977886977886978,0.3822341857335128,0.5993651586871926,0.1605198263291335,0.6641009268127912,798,795,123,284,ok,0.4184262999915518,4,Bank Customer Churn,0.4211301756529143,44.0,"[0.4099047725434011, 0.4099047725434011, 0.4146740411703547, 0.41591786864478536, 0.4211301756529143, 0.4211301756529143, 0.4211301756529143, 0.4211301756529143, 0.4211301756529143]",True
8,RandomForest,classical,PCA,gwo,1200,2000,81.28153790003853,"{'max_depth': 18, 'min_samples_leaf': 17, 'max_features': 'log2'}",0.657,0.318595578673602,0.601965601965602,0.4166666666666667,0.6365132466827382,0.2259527791445056,0.6821335973878346,1069,524,162,245,ok,0.3245887999655679,4,Bank Customer Churn,0.3911943654739598,64.0,"[0.3878084955805514, 0.38914040549808115, 0.38914040549808115, 0.38914040549808115, 0.38914040549808115, 0.39119436547395986, 0.39119436547395986, 0.39119436547395986, 0.39119436547395986, 0.39119436547395986]",True
9,RandomForest,classical,PCA,gwo,1200,2000,52.30572929995833,"{'max_depth': 14, 'min_samples_leaf': 14, 'max_features': 'sqrt'}",0.6305,0.2914572864321608,0.5700245700245701,0.3857024106400665,0.6079878029030572,0.1776396938589423,0.6410200647488783,1029,564,175,232,ok,0.5772797000245191,4,Bank Customer Churn,0.4076739197057922,37.0,"[0.4076739197057922, 0.4076739197057922, 0.4076739197057922, 0.4076739197057922, 0.4076739197057922]",True
10,RandomForest,classical,PCA,gwo,1200,2000,67.24746349995257,"{'max_depth': 5, 'min_samples_leaf': 11, 'max_features': 'sqrt'}",0.6695,0.3302013422818792,0.6029411764705882,0.4267129228100607,0.6447494827076559,0.2412951706972128,0.6912519090550794,1093,499,162,246,ok,0.4257344000507146,4,Bank Customer Churn,0.4013830574419699,51.0,"[0.3848246991104134, 0.39048567961672837, 0.3911568636699527, 0.3966877758587603, 0.39776211453744487, 0.39776211453744487, 0.4010159808122457, 0.4010159808122457, 0.4011445033207542, 0.4013830574419699, 0.4013830574419699, 0.4013830574419699]",False
11,RandomForest,classical,PCA,gwo,1200,2000,58.65495480003301,"{'max_depth': 4, 'min_samples_leaf': 18, 'max_features': 'sqrt'}",0.6515,0.314028314028314,0.5980392156862745,0.4118143459915612,0.6316201103557,0.2176356924656962,0.6639624285643906,1059,533,164,244,ok,0.4691878000157885,4,Bank Customer Churn,0.4139724387402406,43.0,"[0.40694800412431875, 0.40723945694806907, 0.4139724387402406, 0.4139724387402406, 0.4139724387402406, 0.4139724387402406, 0.4139724387402406]",True
12,RandomForest,classical,PCA,gwo,1200,2000,53.88266839995049,"{'max_depth': 2, 'min_samples_leaf': 6, 'max_features': 'log2'}",0.6155,0.2900232018561485,0.6142506142506142,0.3940110323089046,0.6150349116450811,0.1870423660059269,0.6528948054371783,981,612,157,250,ok,0.5002472000196576,4,Bank Customer Churn,0.4415597695906925,40.0,"[0.431574460179301, 0.44036018944374405, 0.44036018944374405, 0.4408702729232598, 0.44155976959069254, 0.44155976959069254, 0.44155976959069254, 0.44155976959069254, 0.44155976959069254]",True
13,RandomForest,classical,PCA,gwo,1200,2000,63.087933200004045,"{'max_depth': 16, 'min_samples_leaf': 10, 'max_features': 'sqrt'}",0.6425,0.3040712468193384,0.5872235872235873,0.4006705783738474,0.6219231558214608,0.2010021334491577,0.6590504217622861,1046,547,168,239,ok,0.464552299992647,4,Bank Customer Churn,0.4547241344906714,45.0,"[0.45049020189084926, 0.45472413449067145, 0.45472413449067145, 0.45472413449067145, 0.45472413449067145, 0.45472413449067145]",True
14,RandomForest,classical,PCA,gwo,1200,2000,73.32675809995271,"{'max_depth': 4, 'min_samples_leaf': 5, 'max_features': 'sqrt'}",0.648,0.3093709884467265,0.5921375921375921,0.4064080944350758,0.6272050170355254,0.2100452031138402,0.6884789257670613,1055,538,166,241,ok,0.3556801000377163,4,Bank Customer Churn,0.4361476475568457,56.0,"[0.42936642377636164, 0.42936642377636164, 0.42936642377636164, 0.42936642377636164, 0.4359002013229796, 0.4361476475568457, 0.4361476475568457, 0.4361476475568457, 0.4361476475568457, 0.4361476475568457]",True
0,MLP,classical,PCA,gwo,1200,2000,51.95931109995581,"{'alpha': 0.0001835659978307543, 'learning_rate_init': 0.0001253612750037355}",0.6575,0.3253467843631778,0.6323529411764706,0.4296419650291423,0.6481488323972805,0.2440841693999833,0.6985016996748448,1057,535,150,258,ok,0.2198693000245839,4,Bank Customer Churn,0.4429986304986305,64.0,"[0.44238033626331497, 0.44238033626331497, 0.44238033626331497, 0.4429986304986305, 0.4429986304986305, 0.4429986304986305, 0.4429986304986305, 0.4429986304986305]",True
1,MLP,classical,PCA,gwo,1200,2000,51.92476720002014,"{'alpha': 1.0000000000000004e-06, 'learning_rate_init': 0.00012074195849670676}",0.6605,0.3120665742024965,0.5514705882352942,0.3985828166519043,0.6199563996452853,0.2013502284729744,0.6648207335698098,1096,496,183,225,ok,0.1782835000194609,4,Bank Customer Churn,0.4125138909621668,72.0,"[0.41035335212697205, 0.41035335212697205, 0.41120368842691896, 0.41206415551243136, 0.41251389096216684, 0.41251389096216684, 0.41251389096216684, 0.41251389096216684, 0.41251389096216684]",True
2,MLP,classical,PCA,gwo,1200,2000,32.35734439996304,"{'alpha': 2.8280411762296047e-05, 'learning_rate_init': 0.10000000000000006}",0.6485,0.306282722513089,0.5749385749385749,0.3996584116140051,0.62111649399785,0.2007162175353061,0.6744571998809288,1063,530,173,234,ok,0.1532709000166505,4,Bank Customer Churn,0.4369705778633383,48.0,"[0.43018158721979116, 0.43697057786333837, 0.43697057786333837, 0.43697057786333837, 0.43697057786333837, 0.43697057786333837]",True
3,MLP,classical,PCA,gwo,1200,2000,73.07813129998976,"{'alpha': 5.00268024274409e-05, 'learning_rate_init': 0.0006388738728320527}",0.657,0.3142476697736351,0.5798525798525799,0.4075993091537133,0.6282815943832893,0.2133036315685677,0.6917688104128782,1078,515,171,236,ok,0.328817900037393,4,Bank Customer Churn,0.4534245330853726,72.0,"[0.4427801190539427, 0.452136346873189, 0.452136346873189, 0.452136346873189, 0.4534245330853726, 0.4534245330853726, 0.4534245330853726, 0.4534245330853726, 0.4534245330853726]",True
4,MLP,classical,PCA,gwo,1200,2000,53.554474400007166,"{'alpha': 0.10000000000000006, 'learning_rate_init': 0.03206063292475631}",0.619,0.2879330943847072,0.5921375921375921,0.387459807073955,0.6090003717122361,0.1779141461897746,0.6404401319655557,997,596,166,241,ok,0.0955956999678164,4,Bank Customer Churn,0.4192147745174019,64.0,"[0.41189948917825614, 0.41691565459296864, 0.41691565459296864, 0.4192147745174019, 0.4192147745174019, 0.4192147745174019, 0.4192147745174019, 0.4192147745174019]",True
5,MLP,classical,PCA,gwo,1200,2000,53.37924219999695,"{'alpha': 0.00030438316257998553, 'learning_rate_init': 0.009911327580237396}",0.647,0.3310657596371882,0.7156862745098039,0.4527131782945736,0.6725416297172135,0.2800723983136501,0.7286693886097153,1002,590,116,292,ok,0.219542300037574,4,Bank Customer Churn,0.4215213455778282,48.0,"[0.4111476385760702, 0.4215213455778282, 0.4215213455778282, 0.4215213455778282, 0.4215213455778282, 0.4215213455778282]",True
6,MLP,classical,PCA,gwo,1200,2000,96.74219849996734,"{'alpha': 0.0016188647117392992, 'learning_rate_init': 0.00555236448615084}",0.6485,0.3144654088050314,0.6127450980392157,0.4156275976724854,0.6352042073110651,0.2226612933607581,0.6725524066410484,1047,545,158,250,ok,0.2677102000452578,4,Bank Customer Churn,0.4119909107259229,96.0,"[0.3929872351208388, 0.40239194522147814, 0.40239194522147814, 0.40239194522147814, 0.4062801321245344, 0.4062801321245344, 0.4062801321245344, 0.4083447510928427, 0.4119909107259229, 0.4119909107259229, 0.4119909107259229, 0.4119909107259229]",False
7,MLP,classical,PCA,gwo,1200,2000,32.12036719999742,"{'alpha': 0.0038925689644493844, 'learning_rate_init': 0.08694553121995155}",0.5985,0.2833698030634573,0.6363636363636364,0.3921271763815291,0.6125948753067397,0.1819976171772843,0.6646939697787155,938,655,148,259,ok,0.1074074999778531,4,Bank Customer Churn,0.4146657449368871,40.0,"[0.4146657449368871, 0.4146657449368871, 0.4146657449368871, 0.4146657449368871, 0.4146657449368871]",True
8,MLP,classical,PCA,gwo,1200,2000,44.534265500027686,"{'alpha': 0.0006349224436618312, 'learning_rate_init': 0.01995306198345592}",0.7365,0.3972602739726027,0.5700245700245701,0.4682139253279516,0.6745289202916323,0.309075399956598,0.7385906707940606,1241,352,175,232,ok,0.2960446999641135,4,Bank Customer Churn,0.4561077879427633,48.0,"[0.43814255615994213, 0.4561077879427633, 0.4561077879427633, 0.4561077879427633, 0.4561077879427633, 0.4561077879427633]",True
9,MLP,classical,PCA,gwo,1200,2000,83.84878529998241,"{'alpha': 2.2895313642189594e-06, 'learning_rate_init': 0.0009103781047796692}",0.6625,0.3194070080862534,0.5823095823095823,0.412532637075718,0.6326488275640818,0.2211038122692744,0.6940546093088465,1088,505,170,237,ok,0.5013814000412822,4,Bank Customer Churn,0.4685392127252593,64.0,"[0.4537607398381604, 0.4626804494946016, 0.4626804494946016, 0.4685392127252593, 0.4685392127252593, 0.4685392127252593, 0.4685392127252593, 0.4685392127252593]",True
10,MLP,classical,PCA,gwo,1200,2000,54.42994979996001,"{'alpha': 0.0013397723341822358, 'learning_rate_init': 0.0017466227375808009}",0.6405,0.3105968331303289,0.625,0.4149715215622457,0.6347361809045227,0.2207432136822306,0.7008849394028968,1026,566,153,255,ok,0.642276500002481,4,Bank Customer Churn,0.4324917750384773,62.0,"[0.42426434007256786, 0.427128183481075, 0.427128183481075, 0.4324917750384773, 0.4324917750384773, 0.4324917750384773, 0.4324917750384773, 0.4324917750384773]",True
11,MLP,classical,PCA,gwo,1200,2000,62.86601549998159,"{'alpha': 0.00016117597924160518, 'learning_rate_init': 0.00010868865962982786}",0.5255,0.2445703493862134,0.6348039215686274,0.3531015678254942,0.5661456793772786,0.1068046837885379,0.5979283673268302,792,800,149,259,ok,0.1808767999755218,4,Bank Customer Churn,0.3711404914529915,88.0,"[0.362420551946385, 0.36316492967086095, 0.3657038870902897, 0.36662865080614965, 0.36662865080614965, 0.37061981162196683, 0.3711404914529915, 0.3711404914529915, 0.3711404914529915, 0.3711404914529915, 0.3711404914529915]",True
12,MLP,classical,PCA,gwo,1200,2000,43.54618910001591,"{'alpha': 1.0000000000000004e-06, 'learning_rate_init': 0.016741221490834082}",0.6225,0.3027210884353741,0.6560196560196561,0.4142746314972847,0.6349778129439146,0.21889824557052,0.6735117243591819,978,615,140,267,ok,0.2080115000135265,4,Bank Customer Churn,0.4228944951392616,48.0,"[0.4178257603224966, 0.42289449513926164, 0.42289449513926164, 0.42289449513926164, 0.42289449513926164, 0.42289449513926164]",True
13,MLP,classical,PCA,gwo,1200,2000,67.15362309996272,"{'alpha': 1.1650712277072755e-06, 'learning_rate_init': 0.00017416505657688212}",0.6605,0.329145728643216,0.6437346437346437,0.4355777223607647,0.6542590356149678,0.2537557680122297,0.6947748981647287,1059,534,145,262,ok,0.1444264000165276,4,Bank Customer Churn,0.4237619047619048,96.0,"[0.417674439849187, 0.4202844774273346, 0.4211313354170498, 0.4213972857461017, 0.4214545855865799, 0.4216542645614565, 0.4231534391534391, 0.4231534391534391, 0.4231534391534391, 0.4237619047619048, 0.4237619047619048, 0.4237619047619048]",False
14,MLP,classical,PCA,gwo,1200,2000,89.8727751999977,"{'alpha': 0.026708239513468172, 'learning_rate_init': 0.005698616010038523}",0.614,0.2923777019340159,0.6314496314496314,0.3996889580093312,0.6204956882922985,0.1954831601434003,0.6596318969200325,971,622,150,257,ok,0.1909219000372104,4,Bank Customer Churn,0.4263082052631934,96.0,"[0.40088505342742625, 0.4039773922584087, 0.4039773922584087, 0.415843174490139, 0.415843174490139, 0.4203446081105655, 0.4203446081105655, 0.4203446081105655, 0.4203446081105655, 0.4263082052631934, 0.4263082052631934, 0.4263082052631934]",False
0,XGBoost,classical,PCA,gwo,1200,2000,31.816122299991548,"{'max_depth': 4, 'learning_rate': 0.014564240508419484, 'subsample': 0.5416330196467858}",0.6215,0.3037120359955005,0.6617647058823529,0.4163454124903624,0.6364728052024831,0.2213450517095797,0.6775852300719283,973,619,138,270,ok,0.1219487999915145,4,Bank Customer Churn,0.4233330834478241,80.0,"[0.41617204493310683, 0.41617204493310683, 0.4220420102773044, 0.4221618161491579, 0.4221618161491579, 0.42333308344782417, 0.42333308344782417, 0.42333308344782417, 0.42333308344782417, 0.42333308344782417]",True
1,XGBoost,classical,PCA,gwo,1200,2000,43.013473899976816,"{'max_depth': 6, 'learning_rate': 0.0010989366763142193, 'subsample': 0.6392542466312408}",0.6455,0.30828025477707,0.5931372549019608,0.4056999161777033,0.6260284264459552,0.2080066192278323,0.6746500578874766,1049,543,166,242,ok,0.1458207000396214,4,Bank Customer Churn,0.4414660175854893,96.0,"[0.42303814547963686, 0.4296733372162273, 0.4296733372162273, 0.435155152113639, 0.435155152113639, 0.43802926379313417, 0.43802926379313417, 0.43802926379313417, 0.44146601758548937, 0.44146601758548937, 0.44146601758548937, 0.44146601758548937]",False
2,XGBoost,classical,PCA,gwo,1200,2000,28.76198230002774,"{'max_depth': 2, 'learning_rate': 0.009078830198484029, 'subsample': 0.5547815203693965}",0.701,0.3580980683506686,0.5921375921375921,0.4462962962962963,0.660475575729813,0.2734645510190045,0.7138748918409935,1161,432,166,241,ok,0.0824918000143952,4,Bank Customer Churn,0.43864444552805,96.0,"[0.4201849777351023, 0.42131522020276263, 0.43178055120353226, 0.43178055120353226, 0.4331292953705865, 0.4339677069083232, 0.4339677069083232, 0.4339677069083232, 0.43493978551336143, 0.43493978551336143, 0.43864444552805004, 0.43864444552805004]",False
3,XGBoost,classical,PCA,gwo,1200,2000,40.57255129999248,"{'max_depth': 8, 'learning_rate': 0.0315729883200087, 'subsample': 0.5573163042747334}",0.6265,0.2864321608040201,0.5601965601965602,0.3790523690773067,0.6018183052081357,0.1674908839718373,0.6560319950150458,1025,568,179,228,ok,0.1788317000027746,4,Bank Customer Churn,0.4212645558185626,96.0,"[0.40495506709769374, 0.40495506709769374, 0.40798387966343913, 0.40798387966343913, 0.4086945315221177, 0.4086945315221177, 0.4086945315221177, 0.4099112459627481, 0.4138619367627001, 0.4138619367627001, 0.4181430735257979, 0.4212645558185626]",False
4,XGBoost,classical,PCA,gwo,1200,2000,25.285511999973096,"{'max_depth': 2, 'learning_rate': 0.010544963201330962, 'subsample': 0.5921205825274234}",0.639,0.3104693140794224,0.6339066339066339,0.4168012924071082,0.637103976087027,0.2240151397149875,0.6856062534028635,1020,573,149,258,ok,0.0885728999855928,4,Bank Customer Churn,0.4203097487697422,96.0,"[0.39546317254056906, 0.4016123973291688, 0.4163099516676727, 0.4163099516676727, 0.4163099516676727, 0.4185401581580219, 0.4185401581580219, 0.4185401581580219, 0.42030974876974225, 0.42030974876974225, 0.42030974876974225, 0.42030974876974225]",False
5,XGBoost,classical,PCA,gwo,1200,2000,32.70104499999434,"{'max_depth': 4, 'learning_rate': 0.0011880707517922503, 'subsample': 0.7644757252526564}",0.568,0.2853107344632768,0.7426470588235294,0.4122448979591837,0.6329441324268401,0.2147025020655733,0.6649562148980196,833,759,105,303,ok,0.1222127999644726,4,Bank Customer Churn,0.3928036594958755,80.0,"[0.37687668359198073, 0.3811826977003084, 0.3811826977003084, 0.384943492745756, 0.384943492745756, 0.3928036594958755, 0.3928036594958755, 0.3928036594958755, 0.3928036594958755, 0.3928036594958755]",True
6,XGBoost,classical,PCA,gwo,1200,2000,37.67026599997189,"{'max_depth': 8, 'learning_rate': 0.008032024872697378, 'subsample': 0.5}",0.6105,0.2850521436848204,0.6029411764705882,0.3870967741935484,0.6076891812001182,0.1752338704939107,0.6782364641836636,975,617,162,246,ok,0.187134200008586,4,Bank Customer Churn,0.4381015034077658,80.0,"[0.42296278381565916, 0.426774635990622, 0.426774635990622, 0.4323606151694272, 0.4323606151694272, 0.4381015034077658, 0.4381015034077658, 0.4381015034077658, 0.4381015034077658, 0.4381015034077658]",True
7,XGBoost,classical,PCA,gwo,1200,2000,15.13248750002822,"{'max_depth': 2, 'learning_rate': 0.022232851689645075, 'subsample': 0.6976379378027305}",0.6615,0.3170731707317073,0.5749385749385749,0.4087336244541484,0.6292771970738072,0.215724344084486,0.6927790656604217,1089,504,173,234,ok,0.1247811000212095,4,Bank Customer Churn,0.4174815118535091,48.0,"[0.4136896647548893, 0.4174815118535091, 0.4174815118535091, 0.4174815118535091, 0.4174815118535091, 0.4174815118535091]",True
8,XGBoost,classical,PCA,gwo,1200,2000,23.894782199990004,"{'max_depth': 4, 'learning_rate': 0.0013494067274383984, 'subsample': 0.7383850635294433}",0.638,0.3137485311398355,0.6560196560196561,0.424483306836248,0.6447078819960176,0.2356690118546308,0.6970853750514768,1009,584,140,267,ok,0.1451204000040888,4,Bank Customer Churn,0.4247936744783638,56.0,"[0.4178629924928147, 0.4224352992313984, 0.4247936744783638, 0.4247936744783638, 0.4247936744783638, 0.4247936744783638, 0.4247936744783638]",True
9,XGBoost,classical,PCA,gwo,1200,2000,28.207194500020705,"{'max_depth': 2, 'learning_rate': 0.0010002875325391108, 'subsample': 0.515656472027429}",0.651,0.3062583222370173,0.5651105651105651,0.3972366148531951,0.6190273478409072,0.1979158870958648,0.6794089929683149,1072,521,177,230,ok,0.1154741999926045,4,Bank Customer Churn,0.4061194561406117,91.0,"[0.38339424359630686, 0.3926309390915572, 0.4016154352140561, 0.4034373100326754, 0.4034373100326754, 0.4034373100326754, 0.405251103290319, 0.405251103290319, 0.40572840835250634, 0.40572840835250634, 0.40572840835250634, 0.4061194561406117]",False
10,XGBoost,classical,PCA,gwo,1200,2000,14.965672899968922,"{'max_depth': 2, 'learning_rate': 0.009212360426456054, 'subsample': 1.0}",0.6985,0.3589001447178003,0.6078431372549019,0.451319381255687,0.6647884027983052,0.2792861545495298,0.7339801027194798,1149,443,160,248,ok,0.0989518000278621,4,Bank Customer Churn,0.3784383336992462,47.0,"[0.36667465616618156, 0.37843833369924623, 0.37843833369924623, 0.37843833369924623, 0.37843833369924623, 0.37843833369924623]",True
11,XGBoost,classical,PCA,gwo,1200,2000,28.42173610004829,"{'max_depth': 3, 'learning_rate': 0.01159260170054896, 'subsample': 0.6797281621871094}",0.6345,0.3102232667450059,0.6470588235294118,0.4193804606830818,0.6391701152822938,0.2268573222532788,0.6933049130456203,1005,587,144,264,ok,0.1015949000138789,4,Bank Customer Churn,0.4401970184187043,96.0,"[0.4146825396825397, 0.42378647849546763, 0.43294476202676235, 0.43294476202676235, 0.43294476202676235, 0.43796987326399095, 0.43796987326399095, 0.43796987326399095, 0.4401970184187043, 0.4401970184187043, 0.4401970184187043, 0.4401970184187043]",False
12,XGBoost,classical,PCA,gwo,1200,2000,43.30432509997627,"{'max_depth': 10, 'learning_rate': 0.00769340327872799, 'subsample': 0.9040684291947418}",0.6085,0.2839080459770114,0.6068796068796068,0.3868441660140955,0.607896802812057,0.1752446692286022,0.6592563287478542,970,623,160,247,ok,0.2564989000093192,4,Bank Customer Churn,0.3773712737127371,72.0,"[0.37016282182995547, 0.37016282182995547, 0.37558950549508, 0.37558950549508, 0.3773712737127371, 0.3773712737127371, 0.3773712737127371, 0.3773712737127371, 0.3773712737127371]",True
13,XGBoost,classical,PCA,gwo,1200,2000,37.31705840001814,"{'max_depth': 6, 'learning_rate': 0.0010928137837831703, 'subsample': 0.6515891821795092}",0.6085,0.2974137931034483,0.6781326781326781,0.4134831460674157,0.6344210157769479,0.2170355520126403,0.7063997741963843,941,652,131,276,ok,0.1686882999492809,4,Bank Customer Churn,0.4430328506297691,88.0,"[0.42269232149253017, 0.4375664742371985, 0.4375664742371985, 0.4375664742371985, 0.4375664742371985, 0.43787483112385117, 0.4430328506297691, 0.4430328506297691, 0.4430328506297691, 0.4430328506297691, 0.4430328506297691]",True
14,XGBoost,classical,PCA,gwo,1200,2000,47.32229809998535,"{'max_depth': 9, 'learning_rate': 0.0018175096137760896, 'subsample': 0.6540055417078591}",0.61,0.2868571428571428,0.6167076167076168,0.3915756630265211,0.6124969345308329,0.1825977781797628,0.6448035092102888,969,624,156,251,ok,0.1783798999967984,4,Bank Customer Churn,0.3924028498460032,96.0,"[0.3854864226392695, 0.3854864226392695, 0.38598188920737925, 0.3865168539325843, 0.38838079564892447, 0.38838079564892447, 0.38891710279063324, 0.39240284984600327, 0.39240284984600327, 0.39240284984600327, 0.39240284984600327, 0.39240284984600327]",True
0,VQC,quantum,PCA,gwo,1200,2000,5090.39833159995,"{'n_layers': 4, 'learning_rate': 0.006335067261041715, 'map_reps': 1, 'feature_map': 'angle', 'entanglement': 'circular', 'init_scale': 0.23729021322058852}",0.6205,0.2942555685814771,0.6151960784313726,0.3980967486122125,0.6185276874568923,0.193150214831214,0.6659245984826092,990,602,157,251,ok,22.8569479000289,4,Bank Customer Churn,0.3965510131988551,64.0,"[0.36099495062329884, 0.3911469378574642, 0.3911469378574642, 0.39655101319885516, 0.39655101319885516, 0.39655101319885516, 0.39655101319885516, 0.39655101319885516]",True
1,VQC,quantum,PCA,gwo,1200,2000,5154.875649900001,"{'n_layers': 4, 'learning_rate': 0.007992506098270586, 'map_reps': 2, 'feature_map': 'angle', 'entanglement': 'circular', 'init_scale': 0.3821827325004213}",0.5695,0.2529989094874591,0.5686274509803921,0.350188679245283,0.5691755345354221,0.1118884445664871,0.6080786900187211,907,685,176,232,ok,22.11918900004821,4,Bank Customer Churn,0.3826117202895741,64.0,"[0.37685668755436197, 0.37685668755436197, 0.37685668755436197, 0.3826117202895741, 0.3826117202895741, 0.3826117202895741, 0.3826117202895741, 0.3826117202895741]",True
2,VQC,quantum,PCA,gwo,1200,2000,2727.659599400009,"{'n_layers': 2, 'learning_rate': 0.0800359370662226, 'map_reps': 1, 'feature_map': 'angle', 'entanglement': 'circular', 'init_scale': 0.08571931392206839}",0.606,0.2782305005820721,0.5872235872235873,0.3775671406003159,0.5990104125697346,0.1610558685453486,0.6329827516268194,973,620,168,239,ok,19.56985889998032,4,Bank Customer Churn,0.3582758179693556,40.0,"[0.35827581796935565, 0.35827581796935565, 0.35827581796935565, 0.35827581796935565, 0.35827581796935565]",True
3,VQC,quantum,PCA,gwo,1200,2000,4990.576501099975,"{'n_layers': 3, 'learning_rate': 0.012260192852162, 'map_reps': 1, 'feature_map': 'angle', 'entanglement': 'full', 'init_scale': 0.16819340837248067}",0.6835,0.3417366946778711,0.5995085995085995,0.4353256021409455,0.6522338979966098,0.2558449598375457,0.69211275990937,1123,470,163,244,ok,18.87695489998441,4,Bank Customer Churn,0.4349637972407305,88.0,"[0.42094402907680917, 0.42094402907680917, 0.42094402907680917, 0.42094402907680917, 0.42705882854863414, 0.42705882854863414, 0.4349637972407305, 0.4349637972407305, 0.4349637972407305, 0.4349637972407305, 0.4349637972407305]",True
4,VQC,quantum,PCA,gwo,1200,2000,3348.744664400001,"{'n_layers': 3, 'learning_rate': 0.01337157030791314, 'map_reps': 1, 'feature_map': 'angle', 'entanglement': 'circular', 'init_scale': 0.3382307645550879}",0.6025,0.2839643652561247,0.6265356265356266,0.3908045977011494,0.6114473487354843,0.1804163381831239,0.6485761570507333,950,643,152,255,ok,25.59378379996633,4,Bank Customer Churn,0.3879758200039432,48.0,"[0.36444668028136046, 0.3879758200039432, 0.3879758200039432, 0.3879758200039432, 0.3879758200039432, 0.3879758200039432]",True
5,VQC,quantum,PCA,gwo,1200,2000,2987.929130100005,"{'n_layers': 3, 'learning_rate': 0.004228912453497743, 'map_reps': 1, 'feature_map': 'angle', 'entanglement': 'full', 'init_scale': 0.45295348943554575}",0.6105,0.2959295929592959,0.6593137254901961,0.4085041761579347,0.6286518376194699,0.20823478839384,0.6801701522317469,952,640,139,269,ok,26.803436400019564,4,Bank Customer Churn,0.3924304019410303,40.0,"[0.39243040194103035, 0.39243040194103035, 0.39243040194103035, 0.39243040194103035, 0.39243040194103035]",True
6,VQC,quantum,PCA,gwo,1200,2000,6616.786340199993,"{'n_layers': 6, 'learning_rate': 0.007666332877365705, 'map_reps': 1, 'feature_map': 'angle', 'entanglement': 'linear', 'init_scale': 0.26036283214007117}",0.565,0.2730844793713163,0.6813725490196079,0.3899018232819074,0.6082742142082964,0.1745528791187056,0.6301990959700463,852,740,130,278,ok,23.0272915000096,4,Bank Customer Churn,0.407309400500062,88.0,"[0.3770925937358522, 0.3770925937358522, 0.39571366838493827, 0.4024744223586782, 0.4024744223586782, 0.4024744223586782, 0.407309400500062, 0.407309400500062, 0.407309400500062, 0.407309400500062, 0.407309400500062]",True
7,VQC,quantum,PCA,gwo,1200,2000,4270.992198600026,"{'n_layers': 6, 'learning_rate': 0.012911335343292763, 'map_reps': 2, 'feature_map': 'angle', 'entanglement': 'circular', 'init_scale': 0.0863970243773033}",0.612,0.2800953516090584,0.5773955773955773,0.377207062600321,0.5991183787793957,0.1617305963107815,0.6388160116973677,989,604,172,235,ok,45.97004659997765,4,Bank Customer Churn,0.4222849595550902,48.0,"[0.4168657409261261, 0.4222849595550902, 0.4222849595550902, 0.4222849595550902, 0.4222849595550902, 0.4222849595550902]",True
8,VQC,quantum,PCA,gwo,1200,2000,5644.795285600005,"{'n_layers': 4, 'learning_rate': 0.02851576188014947, 'map_reps': 3, 'feature_map': 'angle', 'entanglement': 'circular', 'init_scale': 0.11565363563893533}",0.6595,0.3202099737532808,0.5995085995085995,0.4174508126603935,0.6371679846256117,0.2274311973962613,0.6824667502633603,1075,518,163,244,ok,21.51644300000044,4,Bank Customer Churn,0.4124330099221073,80.0,"[0.37604217457007594, 0.40020805818905464, 0.4091318117261578, 0.4091318117261578, 0.4091318117261578, 0.41243300992210735, 0.41243300992210735, 0.41243300992210735, 0.41243300992210735, 0.41243300992210735]",True
9,VQC,quantum,PCA,gwo,1200,2000,3724.9292945000334,"{'n_layers': 5, 'learning_rate': 0.02814600953880786, 'map_reps': 1, 'feature_map': 'angle', 'entanglement': 'linear', 'init_scale': 0.26591632021793693}",0.699,0.3444976076555024,0.5307125307125307,0.4177949709864603,0.6363543821170939,0.2366656066823406,0.6802195107279853,1182,411,191,216,ok,38.67586819996359,4,Bank Customer Churn,0.4314069790401129,48.0,"[0.40683490745300865, 0.43140697904011294, 0.43140697904011294, 0.43140697904011294, 0.43140697904011294, 0.43140697904011294]",True
10,VQC,quantum,PCA,gwo,1200,2000,6300.997188900015,"{'n_layers': 4, 'learning_rate': 0.012640500458597593, 'map_reps': 1, 'feature_map': 'angle', 'entanglement': 'linear', 'init_scale': 0.20085354479379422}",0.6185,0.2909305064782096,0.6053921568627451,0.3929992044550517,0.6136257266725785,0.1852749802581295,0.6533309932013006,990,602,161,247,ok,16.313715199998114,4,Bank Customer Churn,0.4306537523933782,96.0,"[0.37058911637224895, 0.4122010555586457, 0.4122010555586457, 0.41992694647909157, 0.42310714842271646, 0.42310714842271646, 0.42310714842271646, 0.42310714842271646, 0.4282853321237075, 0.4282853321237075, 0.4306537523933782, 0.4306537523933782]",False
11,VQC,quantum,PCA,gwo,1200,2000,4459.307103900006,"{'n_layers': 5, 'learning_rate': 0.007207694521272498, 'map_reps': 1, 'feature_map': 'angle', 'entanglement': 'full', 'init_scale': 0.3418827389148236}",0.573,0.2787698412698413,0.6887254901960784,0.3968926553672316,0.616033599369396,0.1870377507049917,0.6563670066016356,865,727,127,281,ok,35.089950199995656,4,Bank Customer Churn,0.4148661790013335,56.0,"[0.39880388192827915, 0.39880388192827915, 0.41486617900133355, 0.41486617900133355, 0.41486617900133355, 0.41486617900133355, 0.41486617900133355]",True
12,VQC,quantum,PCA,gwo,1200,2000,5639.708284099994,"{'n_layers': 6, 'learning_rate': 0.07490744291202699, 'map_reps': 1, 'feature_map': 'angle', 'entanglement': 'linear', 'init_scale': 0.32538580364856984}",0.745,0.3770883054892601,0.3882063882063882,0.3825665859564164,0.6121822901483918,0.2219659936730931,0.670960637062332,1332,261,249,158,ok,28.449754200002644,4,Bank Customer Churn,0.4100869160304867,72.0,"[0.4011211661739864, 0.4011211661739864, 0.4011211661739864, 0.40630708805261234, 0.41008691603048675, 0.41008691603048675, 0.41008691603048675, 0.41008691603048675, 0.41008691603048675]",True
13,VQC,quantum,PCA,gwo,1200,2000,5066.915994299983,"{'n_layers': 6, 'learning_rate': 0.007547901670636726, 'map_reps': 3, 'feature_map': 'angle', 'entanglement': 'linear', 'init_scale': 0.20798776607307945}",0.681,0.3437077131258457,0.6240786240786241,0.4432809773123909,0.6598108123531853,0.2666008224257325,0.7005989039887346,1108,485,153,254,ok,36.36606720002601,4,Bank Customer Churn,0.445992400653111,56.0,"[0.42982566407890804, 0.4373857692065293, 0.445992400653111, 0.445992400653111, 0.445992400653111, 0.445992400653111, 0.445992400653111]",True
14,VQC,quantum,PCA,gwo,1200,2000,4486.822714899958,"{'n_layers': 4, 'learning_rate': 0.07813189491868168, 'map_reps': 1, 'feature_map': 'angle', 'entanglement': 'circular', 'init_scale': 0.3693358710793017}",0.6475,0.3023872679045092,0.5601965601965602,0.3927648578811369,0.6150009794077591,0.1910697490150837,0.6778565931108304,1067,526,179,228,ok,26.783596499997657,4,Bank Customer Churn,0.4090903555242395,64.0,"[0.3802517418302204, 0.3802517418302204, 0.39157783830996845, 0.4090903555242395, 0.4090903555242395, 0.4090903555242395, 0.4090903555242395, 0.4090903555242395]",True
0,QNN,quantum,PCA,gwo,1200,2000,5065.104555000027,"{'n_layers': 5, 'learning_rate': 0.0010599620851974253, 'feature_map': 'angle', 'entanglement': 'circular', 'init_scale': 0.30844980565088337}",0.6335,0.2764786795048143,0.4926470588235294,0.3541850220264317,0.5811225243866391,0.1359225952919155,0.5966582298748646,1066,526,207,201,ok,47.69074760004878,4,Bank Customer Churn,0.3913140254160519,48.0,"[0.38179510086895435, 0.3913140254160519, 0.3913140254160519, 0.3913140254160519, 0.3913140254160519, 0.3913140254160519]",True
1,QNN,quantum,PCA,gwo,1200,2000,4300.040923599969,"{'n_layers': 2, 'learning_rate': 0.1863962010103596, 'feature_map': 'angle', 'entanglement': 'circular', 'init_scale': 0.36950029226600406}",0.6495,0.3059602649006622,0.5661764705882353,0.3972484952708512,0.6185153709725095,0.1970371593124076,0.6548336042959897,1068,524,177,231,ok,22.713002600008625,4,Bank Customer Churn,0.3930502650125225,56.0,"[0.3849045162280287, 0.3849045162280287, 0.39305026501252255, 0.39305026501252255, 0.39305026501252255, 0.39305026501252255, 0.39305026501252255]",True
2,QNN,quantum,PCA,gwo,1200,2000,6051.753064199991,"{'n_layers': 2, 'learning_rate': 0.011510387257495765, 'feature_map': 'angle', 'entanglement': 'linear', 'init_scale': 0.15266225147751308}",0.6455,0.2805232558139535,0.4742014742014742,0.3525114155251141,0.581733505462319,0.138539647180291,0.6366721112483823,1098,495,214,193,ok,14.224194300011732,4,Bank Customer Churn,0.4074008311269274,96.0,"[0.3759874514894595, 0.3759874514894595, 0.38833395234951035, 0.38833395234951035, 0.38833395234951035, 0.38833395234951035, 0.4051441398453138, 0.4051441398453138, 0.4051441398453138, 0.4051441398453138, 0.40740083112692743, 0.40740083112692743]",False
3,QNN,quantum,PCA,gwo,1200,2000,6727.00783409999,"{'n_layers': 3, 'learning_rate': 0.019019057011536025, 'feature_map': 'angle', 'entanglement': 'circular', 'init_scale': 0.11678689299680574}",0.61,0.286368843069874,0.6142506142506142,0.390625,0.6115823064975607,0.1811595956617825,0.6538850098172133,970,623,157,250,ok,18.64729440002702,4,Bank Customer Churn,0.4385203937945574,96.0,"[0.4237790120143061, 0.42504699248120303, 0.42504699248120303, 0.4282159117472056, 0.4282159117472056, 0.4282159117472056, 0.43255673939340294, 0.43255673939340294, 0.43255673939340294, 0.4385203937945574, 0.4385203937945574, 0.4385203937945574]",False
4,QNN,quantum,PCA,gwo,1200,2000,4720.681191199983,"{'n_layers': 3, 'learning_rate': 0.11258352604385298, 'feature_map': 'angle', 'entanglement': 'linear', 'init_scale': 0.2238063847916164}",0.581,0.2780638516992791,0.6633906633906634,0.3918722786647315,0.6116702218397134,0.179909942491018,0.6412190310495395,892,701,137,270,ok,30.56885239999974,4,Bank Customer Churn,0.3833968253968254,48.0,"[0.35918299152790695, 0.3833968253968254, 0.3833968253968254, 0.3833968253968254, 0.3833968253968254, 0.3833968253968254]",True
5,QNN,quantum,PCA,gwo,1200,2000,6940.471595500014,"{'n_layers': 4, 'learning_rate': 0.044310146330318066, 'feature_map': 'angle', 'entanglement': 'circular', 'init_scale': 0.24151418387547086}",0.673,0.3333333333333333,0.6029411764705882,0.4293193717277487,0.6469479751699675,0.2454354870536855,0.6961138412651493,1100,492,162,246,ok,23.59278449998237,4,Bank Customer Churn,0.427351408825093,96.0,"[0.40451932027435883, 0.40950047395060185, 0.40950047395060185, 0.41934423520787645, 0.41934423520787645, 0.41934423520787645, 0.41934423520787645, 0.42175867511720777, 0.427351408825093, 0.427351408825093, 0.427351408825093, 0.427351408825093]",False
6,QNN,quantum,PCA,gwo,1200,2000,7979.373058099998,"{'n_layers': 5, 'learning_rate': 0.004170822808086102, 'feature_map': 'angle', 'entanglement': 'linear', 'init_scale': 0.2303006873985636}",0.65,0.3113695090439276,0.5906862745098039,0.4077834179357022,0.6279436397674647,0.2117066962650861,0.6806258621539069,1059,533,167,241,ok,23.328082099964377,4,Bank Customer Churn,0.4291043325130131,88.0,"[0.40060636657763876, 0.41373077241035294, 0.42458432098363735, 0.42458432098363735, 0.4271686749127275, 0.4271686749127275, 0.4291043325130131, 0.4291043325130131, 0.4291043325130131, 0.4291043325130131, 0.4291043325130131]",True
7,QNN,quantum,PCA,gwo,1200,2000,5251.131597700005,"{'n_layers': 2, 'learning_rate': 0.01362664591080415, 'feature_map': 'angle', 'entanglement': 'linear', 'init_scale': 0.5}",0.661,0.3104895104895105,0.5454545454545454,0.3957219251336898,0.6179877874793129,0.1982291691591622,0.6618714245832891,1100,493,185,222,ok,18.432344599976204,4,Bank Customer Churn,0.4078120357808117,80.0,"[0.37691607880021133, 0.3849207735011821, 0.3934472047994148, 0.3934472047994148, 0.3934472047994148, 0.4078120357808117, 0.4078120357808117, 0.4078120357808117, 0.4078120357808117, 0.4078120357808117]",True
8,QNN,quantum,PCA,gwo,1200,2000,5865.044834300003,"{'n_layers': 2, 'learning_rate': 0.09191148642748573, 'feature_map': 'angle', 'entanglement': 'circular', 'init_scale': 0.21129555032819655}",0.583,0.2980132450331126,0.773955773955774,0.430327868852459,0.6540839761178745,0.2485416773686143,0.7079097587572164,851,742,92,315,ok,16.128656000015326,4,Bank Customer Churn,0.4284673174250442,72.0,"[0.41832745741721483, 0.41832745741721483, 0.41832745741721483, 0.418634726976815, 0.42846731742504424, 0.42846731742504424, 0.42846731742504424, 0.42846731742504424, 0.42846731742504424]",True
9,QNN,quantum,PCA,gwo,1200,2000,7677.140277299972,"{'n_layers': 4, 'learning_rate': 0.012746553356117471, 'feature_map': 'angle', 'entanglement': 'linear', 'init_scale': 0.2828391824232655}",0.6385,0.3119047619047619,0.6437346437346437,0.4202085004009623,0.6404486150248863,0.2291310321675347,0.6802719514583921,1015,578,145,262,ok,19.651735999970697,4,Bank Customer Churn,0.4395181810719855,96.0,"[0.4295696654075883, 0.43346722343660665, 0.43346722343660665, 0.43346722343660665, 0.4340113816060975, 0.4340113816060975, 0.43801514880419873, 0.43801514880419873, 0.43801514880419873, 0.43951818107198554, 0.43951818107198554, 0.43951818107198554]",False
10,QNN,quantum,PCA,gwo,1200,2000,4475.120220499986,"{'n_layers': 1, 'learning_rate': 0.006188356100492791, 'feature_map': 'angle', 'entanglement': 'circular', 'init_scale': 0.31965761301871276}",0.6525,0.3133940182054616,0.5906862745098039,0.4095157179269328,0.6295139915262588,0.214563626430001,0.6677874667454923,1064,528,167,241,ok,12.439178999979047,4,Bank Customer Churn,0.400946094427562,96.0,"[0.3604354354354354, 0.37641797029404195, 0.3889511456281713, 0.3889511456281713, 0.39379723679388007, 0.39633309913346054, 0.39670808067720725, 0.39670808067720725, 0.40094609442756207, 0.40094609442756207, 0.40094609442756207, 0.40094609442756207]",False
11,QNN,quantum,PCA,gwo,1200,2000,5512.749778400001,"{'n_layers': 6, 'learning_rate': 0.0032711184508060877, 'feature_map': 'angle', 'entanglement': 'linear', 'init_scale': 0.356709324457732}",0.6295,0.3048065650644783,0.6372549019607843,0.4123711340206185,0.6323837323874273,0.2157297328532555,0.6681508030347818,999,593,148,260,ok,50.16175480000675,4,Bank Customer Churn,0.3853537660640242,48.0,"[0.3632745239017016, 0.3853537660640242, 0.3853537660640242, 0.3853537660640242, 0.3853537660640242, 0.3853537660640242]",True
12,QNN,quantum,PCA,gwo,1200,2000,7296.864047700015,"{'n_layers': 5, 'learning_rate': 0.023648187741024798, 'feature_map': 'angle', 'entanglement': 'linear', 'init_scale': 0.43040630021310067}",0.6485,0.2983651226158038,0.538083538083538,0.3838737949167397,0.6073970734987684,0.1794166124988599,0.6533945347504668,1078,515,188,219,ok,26.95259200001601,4,Bank Customer Churn,0.4139783403969179,96.0,"[0.3954523833531099, 0.3954523833531099, 0.40210073324162415, 0.40210073324162415, 0.40210073324162415, 0.40210073324162415, 0.40512941209205694, 0.40512941209205694, 0.40997859683555005, 0.40997859683555005, 0.41397834039691794, 0.41397834039691794]",False
13,QNN,quantum,PCA,gwo,1200,2000,6293.708388499974,"{'n_layers': 5, 'learning_rate': 0.03477572195484961, 'feature_map': 'angle', 'entanglement': 'linear', 'init_scale': 0.10722812048708}",0.6885,0.3317757009345794,0.5233415233415234,0.4061010486177311,0.627019160917466,0.2190720280124031,0.689865520373995,1164,429,194,213,ok,32.67555699998047,4,Bank Customer Churn,0.437956592223903,88.0,"[0.4158935035081399, 0.4158935035081399, 0.4229807342280317, 0.4229807342280317, 0.4263587270894276, 0.4263587270894276, 0.43795659222390304, 0.43795659222390304, 0.43795659222390304, 0.43795659222390304, 0.43795659222390304]",True
14,QNN,quantum,PCA,gwo,1200,2000,6002.561321699992,"{'n_layers': 6, 'learning_rate': 0.03171073049631964, 'feature_map': 'angle', 'entanglement': 'linear', 'init_scale': 0.1770966172031033}",0.5775,0.2665245202558635,0.6142506142506142,0.3717472118959107,0.5911805488076675,0.1471206423642797,0.637131738826654,905,688,157,250,ok,42.97894180001458,4,Bank Customer Churn,0.4177767620042663,56.0,"[0.3895139745531076, 0.4008910028402777, 0.4177767620042663, 0.4177767620042663, 0.4177767620042663, 0.4177767620042663, 0.4177767620042663]",True
0,QSVC,quantum,PCA,gwo,1200,2000,4682.287474200013,"{'C': 0.8201763453786157, 'map_reps': 1, 'scale': 0.27322311059499504, 'entanglement': 'full'}",0.694,0.3386075949367088,0.5245098039215687,0.4115384615384615,0.6309734949256085,0.2270457817165878,0.6569381835648832,1174,418,194,214,ok,67.91491749999113,4,Bank Customer Churn,0.4226406491331114,96.0,"[0.36542635826201053, 0.3891684932515476, 0.4144614787667918, 0.41639338315569036, 0.41639338315569036, 0.41709183673469385, 0.4177420801794225, 0.42007299626644334, 0.42264064913311145, 0.42264064913311145, 0.42264064913311145, 0.42264064913311145]",False
1,QSVC,quantum,PCA,gwo,1200,2000,3223.77429099998,"{'C': 19.769456831210782, 'map_reps': 1, 'scale': 0.39556003082427055, 'entanglement': 'linear'}",0.5915,0.2798708288482239,0.6372549019607843,0.3889304412864622,0.6085143856537589,0.1753542646707314,0.6402123977731796,923,669,148,260,ok,72.09269869996933,4,Bank Customer Churn,0.3984610968759481,64.0,"[0.36050336437136715, 0.3920162777351939, 0.3952984789713327, 0.3984610968759481, 0.3984610968759481, 0.3984610968759481, 0.3984610968759481, 0.3984610968759481]",True
2,QSVC,quantum,PCA,gwo,1200,2000,3562.142810999998,"{'C': 22.816740712928784, 'map_reps': 1, 'scale': 0.28643494255176966, 'entanglement': 'linear'}",0.7105,0.3527397260273973,0.5061425061425061,0.4157416750756811,0.6344271852746428,0.2380587468505184,0.6895416217450115,1215,378,201,206,ok,69.44880680000642,4,Bank Customer Churn,0.4551424185570527,96.0,"[0.4260668319634968, 0.4260668319634968, 0.43290798940815506, 0.44208219271539556, 0.44208219271539556, 0.4492255556853182, 0.4492255556853182, 0.4548877712435819, 0.4548877712435819, 0.4548877712435819, 0.4548877712435819, 0.45514241855705273]",False
3,QSVC,quantum,PCA,gwo,1200,2000,4227.607881599979,"{'C': 0.04605972973206654, 'map_reps': 1, 'scale': 0.3048024236166529, 'entanglement': 'linear'}",0.6335,0.2936708860759494,0.5700245700245701,0.3876357560568086,0.609871042074432,0.1809722979389039,0.3613320562473104,1035,558,175,232,ok,47.2393754000077,4,Bank Customer Churn,0.3713304477107111,96.0,"[0.33200310018664386, 0.333609751380984, 0.3644703447869901, 0.3644703447869901, 0.36816665179631913, 0.36816665179631913, 0.36816665179631913, 0.3684925491354863, 0.36931328887460313, 0.36931328887460313, 0.3709436603663931, 0.3713304477107111]",False
4,QSVC,quantum,PCA,gwo,1200,2000,3964.73135810002,"{'C': 100.00000000000013, 'map_reps': 1, 'scale': 0.25647053618568655, 'entanglement': 'circular'}",0.6645,0.3225806451612903,0.5896805896805897,0.417028670721112,0.6366482044448146,0.227644797801986,0.6702989584345518,1089,504,167,240,ok,63.46889869996812,4,Bank Customer Churn,0.4371499400675602,96.0,"[0.4027828595579783, 0.4204982899088236, 0.4204982899088236, 0.42660533650289817, 0.432687694691555, 0.432687694691555, 0.432687694691555, 0.4360558274076509, 0.4360558274076509, 0.4360558274076509, 0.4365390594774265, 0.4371499400675602]",False
5,QSVC,quantum,PCA,gwo,1200,2000,5252.141770699993,"{'C': 1.1347290069808291, 'map_reps': 2, 'scale': 0.27796849849124294, 'entanglement': 'circular'}",0.6225,0.2778489116517285,0.5318627450980392,0.3650126156433978,0.5887956941570598,0.1466885264189572,0.6265549561533156,1028,564,191,217,ok,85.66224169998895,4,Bank Customer Churn,0.3942826517849432,96.0,"[0.3594242015294647, 0.373105507319118, 0.373105507319118, 0.38405089223138716, 0.3844872623503443, 0.38928195551017303, 0.38928195551017303, 0.38928195551017303, 0.38961001173767135, 0.3942826517849432, 0.3942826517849432, 0.3942826517849432]",False
6,QSVC,quantum,PCA,gwo,1200,2000,3100.274469899945,"{'C': 0.02398296403534326, 'map_reps': 1, 'scale': 0.30051222694510554, 'entanglement': 'linear'}",0.717,0.322072072072072,0.3504901960784313,0.3356807511737089,0.5807099221598186,0.1565172670171336,0.371009459060006,1291,301,265,143,ok,75.93792210001266,4,Bank Customer Churn,0.4092327435166472,88.0,"[0.3893414315785111, 0.3893414315785111, 0.40024842581660763, 0.4030144121622578, 0.40304385050317865, 0.40415203718288345, 0.4092327435166472, 0.4092327435166472, 0.4092327435166472, 0.4092327435166472, 0.4092327435166472]",True
7,QSVC,quantum,PCA,gwo,1200,2000,3584.849625299976,"{'C': 0.1119028182771128, 'map_reps': 1, 'scale': 0.6271547067335059, 'entanglement': 'full'}",0.6315,0.28,0.515970515970516,0.3630077787381158,0.5884937325615291,0.1471844615815893,0.6398478601868433,1053,540,197,210,ok,106.59996439999668,4,Bank Customer Churn,0.4028730877442779,64.0,"[0.3644174833474403, 0.39578693047632024, 0.39578693047632024, 0.4028730877442779, 0.4028730877442779, 0.4028730877442779, 0.4028730877442779, 0.4028730877442779]",True
8,QSVC,quantum,PCA,gwo,1200,2000,3682.984300800017,"{'C': 0.014332712303728795, 'map_reps': 1, 'scale': 0.541484180162836, 'entanglement': 'full'}",0.715,0.2915601023017903,0.2800982800982801,0.2857142857142857,0.5531062649706717,0.1078237533219992,0.399001466798077,1316,277,293,114,ok,100.14610080001876,4,Bank Customer Churn,0.4442691606886202,48.0,"[0.3913548677478183, 0.44426916068862027, 0.44426916068862027, 0.44426916068862027, 0.44426916068862027, 0.44426916068862027]",True
9,QSVC,quantum,PCA,gwo,1200,2000,4006.957609700039,"{'C': 0.21809033719532248, 'map_reps': 2, 'scale': 0.3350744758944132, 'entanglement': 'circular'}",0.6735,0.3492647058823529,0.7002457002457002,0.4660670482420278,0.6834561834561834,0.3005706095023037,0.7361614310766854,1062,531,122,285,ok,119.42437539994717,4,Bank Customer Churn,0.3973339415038169,56.0,"[0.36132805888107405, 0.37560053981106617, 0.3973339415038169, 0.3973339415038169, 0.3973339415038169, 0.3973339415038169, 0.3973339415038169]",True
10,QSVC,quantum,PCA,gwo,1200,2000,2569.8344862000085,"{'C': 2.123127343750745, 'map_reps': 1, 'scale': 0.47712042452618497, 'entanglement': 'linear'}",0.594,0.2841880341880342,0.6519607843137255,0.3958333333333333,0.6155532564784708,0.1866401434895051,0.6676881650901567,922,670,142,266,ok,77.80819650000194,4,Bank Customer Churn,0.4090769542648518,56.0,"[0.393523802930052, 0.4057241227119426, 0.4090769542648518, 0.4090769542648518, 0.4090769542648518, 0.4090769542648518, 0.4090769542648518]",True
11,QSVC,quantum,PCA,gwo,1200,2000,3659.911994300026,"{'C': 0.9897358863393674, 'map_reps': 3, 'scale': 0.25, 'entanglement': 'linear'}",0.6395,0.2887989203778677,0.5245098039215687,0.3724978241949521,0.5967398265838999,0.1614414109081638,0.626030735786777,1065,527,194,214,ok,179.65665199997602,4,Bank Customer Churn,0.3854540997398141,48.0,"[0.3533889158222558, 0.3854540997398141, 0.3854540997398141, 0.3854540997398141, 0.3854540997398141, 0.3854540997398141]",True
12,QSVC,quantum,PCA,gwo,1200,2000,5141.15100329998,"{'C': 0.753947789626763, 'map_reps': 2, 'scale': 0.3529598013943952, 'entanglement': 'linear'}",0.6305,0.2919799498746867,0.5724815724815725,0.3867219917012448,0.6089024309363292,0.1790684122743847,0.6414372770304975,1028,565,174,233,ok,77.11073349998333,4,Bank Customer Churn,0.4146345717774289,96.0,"[0.35811190597853865, 0.36722963516092855, 0.37758100546647416, 0.3825615368772768, 0.39835147764036716, 0.4008667617990593, 0.4008667617990593, 0.4095797000874996, 0.4095797000874996, 0.4095797000874996, 0.4146345717774289, 0.4146345717774289]",False
13,QSVC,quantum,PCA,gwo,1200,2000,4486.426915500022,"{'C': 0.49546445705841485, 'map_reps': 2, 'scale': 0.40842237811548443, 'entanglement': 'linear'}",0.646,0.2906815020862309,0.5135135135135135,0.3712255772646536,0.5966814271899017,0.1622329744703087,0.6262186685915498,1083,510,198,209,ok,88.83926129998872,4,Bank Customer Churn,0.4139332570367053,80.0,"[0.37076587664546695, 0.37330334449996827, 0.39508912844359895, 0.39637460120218737, 0.4052657450076805, 0.4139332570367053, 0.4139332570367053, 0.4139332570367053, 0.4139332570367053, 0.4139332570367053]",True
14,QSVC,quantum,PCA,gwo,1200,2000,5448.136747599987,"{'C': 0.718401947487166, 'map_reps': 2, 'scale': 0.35131065389842, 'entanglement': 'circular'}",0.607,0.288268156424581,0.6339066339066339,0.3963133640552995,0.6170160915923628,0.1894907522312278,0.6528901783139072,956,637,149,258,ok,79.95374639995862,4,Bank Customer Churn,0.4235298068097871,96.0,"[0.384812706444585, 0.38982972582972586, 0.3971061976094652, 0.4086358065953654, 0.4086358065953654, 0.4159311386768448, 0.4159311386768448, 0.41874651669453317, 0.41874651669453317, 0.4235298068097871, 0.4235298068097871, 0.4235298068097871]",False
0,QDT,quantum,PCA,gwo,1200,2000,8.876969299977645,"{'max_depth': 5, 'min_samples_split': 24, 'map_reps': 2, 'entanglement': 'linear'}",0.4235,0.2012830793905373,0.6151960784313726,0.3033232628398791,0.4947839688639275,-0.0086764300383776,0.507046568627451,596,996,157,251,ok,0.1511388000217266,4,Bank Customer Churn,0.3235241923801246,58.0,"[0.31046189950878117, 0.31676744655262473, 0.3223989898989899, 0.3235241923801246, 0.3235241923801246, 0.3235241923801246, 0.3235241923801246, 0.3235241923801246]",True
1,QDT,quantum,PCA,gwo,1200,2000,11.070258199993988,"{'max_depth': 5, 'min_samples_split': 16, 'map_reps': 3, 'entanglement': 'linear'}",0.499,0.2105263157894736,0.5294117647058824,0.301255230125523,0.5103088974283181,0.0166222828671204,0.4997813824022071,782,810,192,216,ok,0.2150510000064969,4,Bank Customer Churn,0.3670560094836244,65.0,"[0.3347513287364882, 0.343578906651907, 0.35573567488461105, 0.35573567488461105, 0.35573567488461105, 0.3598481486412521, 0.3598481486412521, 0.36705600948362443, 0.36705600948362443, 0.36705600948362443, 0.36705600948362443, 0.36705600948362443]",True
2,QDT,quantum,PCA,gwo,1200,2000,10.462281099986283,"{'max_depth': 11, 'min_samples_split': 5, 'map_reps': 1, 'entanglement': 'linear'}",0.522,0.2201834862385321,0.5307125307125307,0.3112391930835735,0.5252432710059829,0.0406592274280939,0.5290251730929697,828,765,191,216,ok,0.0724449999979697,4,Bank Customer Churn,0.3373887111639125,66.0,"[0.3022901433809806, 0.32898378805852113, 0.32898378805852113, 0.32898378805852113, 0.32898378805852113, 0.3373887111639125, 0.3373887111639125, 0.3373887111639125, 0.3373887111639125, 0.3373887111639125]",True
3,QDT,quantum,PCA,gwo,1200,2000,10.35204079997493,"{'max_depth': 10, 'min_samples_split': 6, 'map_reps': 3, 'entanglement': 'circular'}",0.441,0.1911381407471763,0.5405405405405406,0.2824133504492939,0.4780543255119526,-0.0357513556526033,0.4803779125813024,662,931,187,220,ok,0.1372563000186346,4,Bank Customer Churn,0.3310511602482405,52.0,"[0.32237602623689166, 0.32237602623689166, 0.3310511602482405, 0.3310511602482405, 0.3310511602482405, 0.3310511602482405, 0.3310511602482405]",True
4,QDT,quantum,PCA,gwo,1200,2000,7.709199699980672,"{'max_depth': 9, 'min_samples_split': 28, 'map_reps': 2, 'entanglement': 'linear'}",0.5435,0.2267818574514039,0.515970515970516,0.3150787696924231,0.5332520502012028,0.0536964879872519,0.557886854497024,877,716,197,210,ok,0.140335900010541,4,Bank Customer Churn,0.3227563074470607,39.0,"[0.3227563074470607, 0.3227563074470607, 0.3227563074470607, 0.3227563074470607, 0.3227563074470607]",True
5,QDT,quantum,PCA,gwo,1200,2000,10.66312869999092,"{'max_depth': 9, 'min_samples_split': 14, 'map_reps': 2, 'entanglement': 'linear'}",0.559,0.2015113350125944,0.392156862745098,0.2662229617304492,0.4969578283574736,-0.0050110809393325,0.5044016036062666,958,634,248,160,ok,0.0987923999782651,4,Bank Customer Churn,0.3544330775788576,64.0,"[0.3202956551413902, 0.3330391546238021, 0.3421850278173027, 0.34459805427547363, 0.3470553501915385, 0.34982242237740485, 0.3501584279115222, 0.3534879832810867, 0.3544330775788576, 0.3544330775788576, 0.3544330775788576, 0.3544330775788576]",False
6,QDT,quantum,PCA,gwo,1200,2000,12.106767599994782,"{'max_depth': 8, 'min_samples_split': 6, 'map_reps': 3, 'entanglement': 'full'}",0.397,0.203125,0.6691176470588235,0.3116438356164384,0.4981894767957434,-0.0031080224711618,0.497927751502611,521,1071,135,273,ok,0.1460425000404939,4,Bank Customer Churn,0.3399968307769105,64.0,"[0.32769239234555825, 0.3312441653823011, 0.3312441653823011, 0.3312441653823011, 0.3399968307769105, 0.3399968307769105, 0.3399968307769105, 0.3399968307769105, 0.3399968307769105]",True
7,QDT,quantum,PCA,gwo,1200,2000,12.44189279997954,"{'max_depth': 7, 'min_samples_split': 24, 'map_reps': 3, 'entanglement': 'linear'}",0.462,0.2118863049095607,0.6044226044226044,0.3137755102040816,0.5150173285766506,0.0245036443856921,0.5134456490388694,678,915,161,246,ok,0.1103929000091739,4,Bank Customer Churn,0.3397994090772548,72.0,"[0.3154416638616407, 0.3154416638616407, 0.3154416638616407, 0.3223280423280423, 0.3349027176036559, 0.3349027176036559, 0.33853008589850697, 0.33979940907725487, 0.33979940907725487, 0.33979940907725487, 0.33979940907725487, 0.33979940907725487]",True
8,QDT,quantum,PCA,gwo,1200,2000,10.011628800013568,"{'max_depth': 7, 'min_samples_split': 11, 'map_reps': 1, 'entanglement': 'linear'}",0.5765,0.2417840375586854,0.5061425061425061,0.3272438443208896,0.5503091689532367,0.0819202917124794,0.5624237488644268,947,646,201,206,ok,0.0761621999554336,4,Bank Customer Churn,0.3137412050076731,57.0,"[0.3021783970027991, 0.30723496160243147, 0.30915804860139723, 0.3137412050076731, 0.3137412050076731, 0.3137412050076731, 0.3137412050076731, 0.3137412050076731]",True
9,QDT,quantum,PCA,gwo,1200,2000,8.738442900008522,"{'max_depth': 4, 'min_samples_split': 2, 'map_reps': 2, 'entanglement': 'linear'}",0.6215,0.2213375796178344,0.3415233415233415,0.2685990338164251,0.5172776782946275,0.0299753038384796,0.5093359923868398,1104,489,268,139,ok,0.125227199983783,4,Bank Customer Churn,0.331193050399493,46.0,"[0.3127029412016689, 0.3127029412016689, 0.32225809389996074, 0.3295373802679468, 0.3295373802679468, 0.33119305039949304, 0.33119305039949304, 0.33119305039949304, 0.33119305039949304, 0.33119305039949304]",True
10,QDT,quantum,PCA,gwo,1200,2000,12.13733170001069,"{'max_depth': 8, 'min_samples_split': 6, 'map_reps': 3, 'entanglement': 'full'}",0.517,0.1913716814159292,0.4240196078431372,0.2637195121951219,0.4824243767858902,-0.0284611766086119,0.4838284560055177,861,731,235,173,ok,0.1460887000430375,4,Bank Customer Churn,0.3232762543107371,63.0,"[0.3129584792291467, 0.3151232217801923, 0.3151232217801923, 0.3174304043089869, 0.3232762543107371, 0.3232762543107371, 0.3232762543107371, 0.3232762543107371, 0.3232762543107371]",True
11,QDT,quantum,PCA,gwo,1200,2000,7.22230020002462,"{'max_depth': 12, 'min_samples_split': 32, 'map_reps': 1, 'entanglement': 'linear'}",0.5535,0.238403451995685,0.5416666666666666,0.3310861423220974,0.5490996649916248,0.0793542899110229,0.5632205143363878,886,706,187,221,ok,0.1022237999713979,4,Bank Customer Churn,0.3420534341935739,46.0,"[0.3113579643232147, 0.33080662429509133, 0.3420534341935739, 0.3420534341935739, 0.3420534341935739, 0.3420534341935739, 0.3420534341935739]",True
12,QDT,quantum,PCA,gwo,1200,2000,9.335126999998463,"{'max_depth': 2, 'min_samples_split': 30, 'map_reps': 3, 'entanglement': 'circular'}",0.689,0.2207792207792207,0.2088452088452088,0.2146464646464646,0.5102606458538662,0.0209552650482339,0.5081013216606437,1293,300,322,85,ok,0.1990339999902062,4,Bank Customer Churn,0.3462505836148417,48.0,"[0.3265954224739562, 0.3265954224739562, 0.3462505836148417, 0.3462505836148417, 0.3462505836148417, 0.3462505836148417, 0.3462505836148417]",True
13,QDT,quantum,PCA,gwo,1200,2000,11.119040700024923,"{'max_depth': 3, 'min_samples_split': 24, 'map_reps': 2, 'entanglement': 'linear'}",0.52,0.218144750254842,0.5257985257985258,0.30835734870317,0.5221585221585221,0.0356906358015282,0.5193028159129853,826,767,193,214,ok,0.1008654999895952,4,Bank Customer Churn,0.3389963266118205,66.0,"[0.326438839163097, 0.326438839163097, 0.3369812503000556, 0.3369812503000556, 0.3369812503000556, 0.33899632661182055, 0.33899632661182055, 0.33899632661182055, 0.33899632661182055, 0.33899632661182055]",True
14,QDT,quantum,PCA,gwo,1200,2000,9.351539900002535,"{'max_depth': 12, 'min_samples_split': 32, 'map_reps': 2, 'entanglement': 'linear'}",0.5075,0.2221153846153846,0.5675675675675675,0.3192812715964063,0.5298603688434197,0.0481258008927949,0.5271226542412983,784,809,176,231,ok,0.1112543999915942,4,Bank Customer Churn,0.3293780107154094,52.0,"[0.31208542143077245, 0.32027718869824134, 0.32027718869824134, 0.3264643293214722, 0.32937801071540945, 0.32937801071540945, 0.32937801071540945, 0.32937801071540945, 0.32937801071540945]",True
0,LogReg,classical,LDA,default,1200,2000,3.00002284348011e-07,{},0.6975,0.3732303732303732,0.7107843137254902,0.4894514767932489,0.7024398955562124,0.334737197324888,0.7778999162479062,1105,487,118,290,ok,0.0374471999821253,1,Bank Customer Churn,,,,
1,LogReg,classical,LDA,default,1200,2000,3.00002284348011e-07,{},0.7015,0.3640287769784173,0.6200980392156863,0.4587488667271079,0.6712299241304562,0.2898101655891084,0.7343241945019214,1150,442,155,253,ok,0.0329185000155121,1,Bank Customer Churn,,,,
2,LogReg,classical,LDA,default,1200,2000,3.00002284348011e-07,{},0.6925,0.3673469387755102,0.7076167076167076,0.4836272040302267,0.6981272489747066,0.326779255286987,0.7696864815508884,1097,496,119,288,ok,0.0310281999991275,1,Bank Customer Churn,,,,
3,LogReg,classical,LDA,default,1200,2000,3.00002284348011e-07,{},0.7075,0.3732193732193732,0.6437346437346437,0.472497745716862,0.6837631159665059,0.3100184440195106,0.7418990639329622,1153,440,145,262,ok,0.0304650000180117,1,Bank Customer Churn,,,,
4,LogReg,classical,LDA,default,1200,2000,4.00003045797348e-07,{},0.7325,0.4053254437869822,0.6732186732186732,0.5060018467220684,0.7104323121272274,0.3582037884009167,0.7663163934350374,1191,402,133,274,ok,0.0467991000041365,1,Bank Customer Churn,,,,
5,LogReg,classical,LDA,default,1200,2000,2.00001522898674e-07,{},0.691,0.36328125,0.6838235294117647,0.4744897959183674,0.6883313626958321,0.3120816933528134,0.7512362671199132,1103,489,129,279,ok,0.0429874999681487,1,Bank Customer Churn,,,,
6,LogReg,classical,LDA,default,1200,2000,2.00001522898674e-07,{},0.715,0.3868715083798882,0.678921568627451,0.4928825622775801,0.701583899891615,0.3388819432469311,0.7656326978027392,1153,439,131,277,ok,0.0391823999816551,1,Bank Customer Churn,,,,
7,LogReg,classical,LDA,default,1200,2000,4.00003045797348e-07,{},0.7145,0.3915343915343915,0.7272727272727273,0.5090283748925194,0.719254693830965,0.3640934782692693,0.7763665051800646,1133,460,111,296,ok,0.0335483999806456,1,Bank Customer Churn,,,,
8,LogReg,classical,LDA,default,1200,2000,3.00002284348011e-07,{},0.6925,0.3590785907859078,0.6511056511056511,0.462882096069869,0.6770908042094483,0.2955107199583429,0.757407638763571,1120,473,142,265,ok,0.0444054999970831,1,Bank Customer Churn,,,,
9,LogReg,classical,LDA,default,1200,2000,4.999455995857716e-07,{},0.702,0.375494071146245,0.7002457002457002,0.4888507718696398,0.7013469555842438,0.3340976161174495,0.7579690630538088,1119,474,122,285,ok,0.0361438000109046,1,Bank Customer Churn,,,,
10,LogReg,classical,LDA,default,1200,2000,2.00001522898674e-07,{},0.6835,0.3563218390804598,0.6838235294117647,0.4685138539042821,0.6836203074194502,0.3031978720396425,0.7547572420928171,1088,504,129,279,ok,0.0314502000110223,1,Bank Customer Churn,,,,
11,LogReg,classical,LDA,default,1200,2000,3.00002284348011e-07,{},0.7155,0.3858156028368794,0.6666666666666666,0.4887690925426775,0.6973408710217754,0.332904148340059,0.7537934771898709,1159,433,136,272,ok,0.0521432000095956,1,Bank Customer Churn,,,,
12,LogReg,classical,LDA,default,1200,2000,3.00002284348011e-07,{},0.689,0.3616473616473616,0.6904176904176904,0.4746621621621621,0.689527740375198,0.3131007695661882,0.7399865196475366,1097,496,126,281,ok,0.040930799965281,1,Bank Customer Churn,,,,
13,LogReg,classical,LDA,default,1200,2000,2.00001522898674e-07,{},0.6975,0.3683510638297872,0.6805896805896806,0.4779982743744607,0.6912050725610048,0.3178471230924067,0.7636866450425772,1118,475,130,277,ok,0.0237116999924182,1,Bank Customer Churn,,,,
14,LogReg,classical,LDA,default,1200,2000,2.00001522898674e-07,{},0.7165,0.3924731182795699,0.7174447174447175,0.5073848827106864,0.7168516744787932,0.3612572575710869,0.7795283727487117,1141,452,115,292,ok,0.0249499999918043,1,Bank Customer Churn,,,,
0,SVC,classical,LDA,default,1200,2000,2.00001522898674e-07,{},0.6725,0.3499392466585662,0.7058823529411765,0.4679122664500406,0.6849135382796334,0.302839254693833,0.7295615639471871,1057,535,120,288,ok,0.1509978999965824,1,Bank Customer Churn,,,,
1,SVC,classical,LDA,default,1200,2000,2.00001522898674e-07,{},0.742,0.4126213592233009,0.625,0.4970760233918128,0.6984924623115578,0.3462002435497601,0.7491463136762244,1229,363,153,255,ok,0.2022809999762103,1,Bank Customer Churn,,,,
2,SVC,classical,LDA,default,1200,2000,1.00000761449337e-07,{},0.681,0.3633136094674556,0.7542997542997543,0.4904153354632588,0.7082860981166066,0.3395283366680099,0.7673736911025048,1055,538,100,307,ok,0.1877188000362366,1,Bank Customer Churn,,,,
3,SVC,classical,LDA,default,1200,2000,1.00000761449337e-07,{},0.719,0.3928077455048409,0.6977886977886978,0.5026548672566372,0.711104016188762,0.3538074607093532,0.7436496589038962,1154,439,123,284,ok,0.1815323000191711,1,Bank Customer Churn,,,,
4,SVC,classical,LDA,default,1200,2000,2.00001522898674e-07,{},0.658,0.3387660069848661,0.714987714987715,0.4597156398104265,0.6792138826037131,0.2915193136660871,0.713340459103171,1025,568,116,291,ok,0.1977882999926805,1,Bank Customer Churn,,,,
5,SVC,classical,LDA,default,1200,2000,2.00001522898674e-07,{},0.7195,0.3933054393305439,0.6911764705882353,0.5013333333333333,0.7089676322790422,0.351186428871742,0.744626933688048,1157,435,126,282,ok,0.1680378999444656,1,Bank Customer Churn,,,,
6,SVC,classical,LDA,default,1200,2000,2.00001522898674e-07,{},0.7235,0.3965763195435092,0.6813725490196079,0.5013525698827773,0.7078345157158341,0.3510635160973082,0.7657974307813578,1169,423,130,278,ok,0.1644031999749131,1,Bank Customer Churn,,,,
7,SVC,classical,LDA,default,1200,2000,2.00001522898674e-07,{},0.663,0.3434935521688159,0.7199017199017199,0.4650793650793651,0.6841818706225486,0.2998649757957279,0.7316361045174605,1033,560,114,293,ok,0.1814705000142566,1,Bank Customer Churn,,,,
8,SVC,classical,LDA,default,1200,2000,2.00001522898674e-07,{},0.685,0.3635250917992656,0.7297297297297297,0.4852941176470588,0.7016508033457186,0.3303175465283798,0.7455514065683557,1073,520,110,297,ok,0.184253700019326,1,Bank Customer Churn,,,,
9,SVC,classical,LDA,default,1200,2000,1.00000761449337e-07,{},0.704,0.3734610123119015,0.6707616707616708,0.4797891036906854,0.6916269119658951,0.3204070694141782,0.727445473208185,1135,458,134,273,ok,0.1955004999763332,1,Bank Customer Churn,,,,
10,SVC,classical,LDA,default,1200,2000,2.00001522898674e-07,{},0.6805,0.3513513513513513,0.6691176470588235,0.4607594936708861,0.6762673662429796,0.2914605542247519,0.7129627919006798,1088,504,135,273,ok,0.1806102000409737,1,Bank Customer Churn,,,,
11,SVC,classical,LDA,default,1200,2000,2.00001522898674e-07,{},0.6825,0.362089914945322,0.7303921568627451,0.4841592201462226,0.7003091437580057,0.3280531667308191,0.7385595255690216,1067,525,110,298,ok,0.1776701000053435,1,Bank Customer Churn,,,,
12,SVC,classical,LDA,default,1200,2000,3.00002284348011e-07,{},0.734,0.4042879019908116,0.6486486486486487,0.4981132075471698,0.7022276513801937,0.3472443897413677,0.7586893519096909,1204,389,143,264,ok,0.1714492999599315,1,Bank Customer Churn,,,,
13,SVC,classical,LDA,default,1200,2000,3.00002284348011e-07,{},0.6825,0.3589108910891089,0.7125307125307125,0.4773662551440329,0.6936790411366682,0.3178146454885711,0.7412335293691227,1075,518,117,290,ok,0.1477757999673485,1,Bank Customer Churn,,,,
14,SVC,classical,LDA,default,1200,2000,4.00003045797348e-07,{},0.7165,0.3850574712643678,0.6584766584766585,0.485947416137806,0.6949006016802627,0.3294616374000468,0.7683878022861074,1165,428,139,268,ok,0.1717169000185094,1,Bank Customer Churn,,,,
0,DecisionTree,classical,LDA,default,1200,2000,3.00002284348011e-07,{},0.6035,0.2705601907032181,0.5563725490196079,0.3640737770649559,0.585975219233422,0.1404131591253624,0.585975219233422,980,612,181,227,ok,0.0321386000141501,1,Bank Customer Churn,,,,
1,DecisionTree,classical,LDA,default,1200,2000,3.00002284348011e-07,{},0.6185,0.3016759776536313,0.6617647058823529,0.4144282425172678,0.6345883830919302,0.218145635270579,0.6345883830919302,967,625,138,270,ok,0.0392471000086516,1,Bank Customer Churn,,,,
2,DecisionTree,classical,LDA,default,1200,2000,2.00001522898674e-07,{},0.6255,0.3002336448598131,0.6314496314496314,0.4069675376088678,0.6277147717825684,0.207838655962918,0.6277147717825684,994,599,150,257,ok,0.0399335999973118,1,Bank Customer Churn,,,,
3,DecisionTree,classical,LDA,default,1200,2000,2.00001522898674e-07,{},0.614,0.2681067344345616,0.5184275184275184,0.3534338358458961,0.5784227987617818,0.1292586628556223,0.5784227987617818,1017,576,196,211,ok,0.0286990999593399,1,Bank Customer Churn,,,,
4,DecisionTree,classical,LDA,default,1200,2000,3.00002284348011e-07,{},0.6065,0.2754137115839243,0.5724815724815725,0.3719074221867517,0.5938365175653311,0.1529392246872863,0.5938365175653312,980,613,174,233,ok,0.0435426000040024,1,Bank Customer Churn,,,,
5,DecisionTree,classical,LDA,default,1200,2000,2.00001522898674e-07,{},0.602,0.2780320366132723,0.5955882352941176,0.3790951638065523,0.5996157256872598,0.1618581605157144,0.5996157256872598,961,631,165,243,ok,0.0384544000262394,1,Bank Customer Churn,,,,
6,DecisionTree,classical,LDA,default,1200,2000,2.00001522898674e-07,{},0.619,0.2825552825552825,0.5637254901960784,0.3764320785597381,0.5984456596709036,0.1615004123101677,0.5984456596709036,1008,584,178,230,ok,0.0294981999904848,1,Bank Customer Churn,,,,
7,DecisionTree,classical,LDA,default,1200,2000,2.00001522898674e-07,{},0.6125,0.2941834451901566,0.6461916461916462,0.404304381245196,0.6250418369062436,0.2025088979677385,0.6250418369062436,962,631,144,263,ok,0.0391206999775022,1,Bank Customer Churn,,,,
8,DecisionTree,classical,LDA,default,1200,2000,2.00001522898674e-07,{},0.604,0.2805017103762828,0.6044226044226044,0.3831775700934579,0.6041573160217228,0.1690188699110899,0.6041573160217227,962,631,161,246,ok,0.0290372000308707,1,Bank Customer Churn,,,,
9,DecisionTree,classical,LDA,default,1200,2000,2.00001522898674e-07,{},0.5865,0.2640449438202247,0.5773955773955773,0.3623747108712413,0.5831108458227102,0.1346592829728616,0.5831108458227101,938,655,172,235,ok,0.0334670000011101,1,Bank Customer Churn,,,,
10,DecisionTree,classical,LDA,default,1200,2000,2.00001522898674e-07,{},0.5805,0.2649945474372955,0.5955882352941176,0.3667924528301887,0.5861107005616317,0.1392803454440656,0.5861107005616317,918,674,165,243,ok,0.0317360000335611,1,Bank Customer Churn,,,,
11,DecisionTree,classical,LDA,default,1200,2000,2.00001522898674e-07,{},0.5755,0.2600652883569097,0.5857843137254902,0.3602110022607385,0.5793243176667653,0.1282824811941291,0.5793243176667653,912,680,169,239,ok,0.036481500021182,1,Bank Customer Churn,,,,
12,DecisionTree,classical,LDA,default,1200,2000,4.00003045797348e-07,{},0.6025,0.2936170212765957,0.6781326781326781,0.4097995545657015,0.6306545374341984,0.2107864673777477,0.6306545374341984,929,664,131,276,ok,0.0450077000423334,1,Bank Customer Churn,,,,
13,DecisionTree,classical,LDA,default,1200,2000,3.00002284348011e-07,{},0.5955,0.2776548672566372,0.6167076167076168,0.3829138062547673,0.6033946118691882,0.1672798009871154,0.6033946118691882,940,653,156,251,ok,0.0437583999591879,1,Bank Customer Churn,,,,
14,DecisionTree,classical,LDA,default,1200,2000,3.00002284348011e-07,{},0.619,0.302118171683389,0.6658476658476659,0.4156441717791411,0.6364392127103992,0.2208972530067574,0.636439212710399,967,626,136,271,ok,0.0369293999974615,1,Bank Customer Churn,,,,
0,RandomForest,classical,LDA,default,1200,2000,2.00001522898674e-07,{},0.6035,0.2700119474313022,0.553921568627451,0.3630522088353413,0.5850637993891024,0.1389708773141432,0.6515620381318357,981,611,182,226,ok,0.6334831999847665,1,Bank Customer Churn,,,,
1,RandomForest,classical,LDA,default,1200,2000,2.00001522898674e-07,{},0.581,0.2616407982261641,0.5784313725490197,0.3603053435114504,0.580044832003153,0.1296464016999218,0.6466300559168392,926,666,172,236,ok,0.5980529999942519,1,Bank Customer Churn,,,,
2,RandomForest,classical,LDA,default,1200,2000,2.00001522898674e-07,{},0.592,0.275027502750275,0.6142506142506142,0.3799392097264438,0.6002828714693121,0.162168885554775,0.6586794807133791,934,659,157,250,ok,0.6577430000179447,1,Bank Customer Churn,,,,
3,RandomForest,classical,LDA,default,1200,2000,3.00002284348011e-07,{},0.6015,0.2705882352941176,0.5651105651105651,0.365950676213206,0.5879539015132236,0.1432622653039406,0.6531099666692888,973,620,177,230,ok,0.6738685999880545,1,Bank Customer Churn,,,,
4,RandomForest,classical,LDA,default,1200,2000,2.00001522898674e-07,{},0.5835,0.2601351351351351,0.5675675675675675,0.3567567567567568,0.577569094518247,0.125708583727784,0.6540654676247898,936,657,176,231,ok,0.6603359000291675,1,Bank Customer Churn,,,,
5,RandomForest,classical,LDA,default,1200,2000,1.00000761449337e-07,{},0.599,0.2849344978165939,0.6397058823529411,0.3942598187311178,0.6141368607744605,0.1846269751686869,0.6783426938614641,937,655,147,261,ok,0.6612561999936588,1,Bank Customer Churn,,,,
6,RandomForest,classical,LDA,default,1200,2000,2.00001522898674e-07,{},0.586,0.2765957446808511,0.6372549019607843,0.3857566765578635,0.6050596117844123,0.1696487019938279,0.6721467324366932,912,680,148,260,ok,0.6019780000206083,1,Bank Customer Churn,,,,
7,RandomForest,classical,LDA,default,1200,2000,2.00001522898674e-07,{},0.606,0.2899669239250275,0.6461916461916462,0.4003044140030441,0.620961485368265,0.1956448745497532,0.6861368302046269,949,644,144,263,ok,0.5807851999998093,1,Bank Customer Churn,,,,
8,RandomForest,classical,LDA,default,1200,2000,2.999440766870976e-07,{},0.595,0.2854100106496273,0.6584766584766585,0.3982169390787518,0.6186294152395848,0.1913978212464366,0.6939875160214144,922,671,139,268,ok,0.5907678000512533,1,Bank Customer Churn,,,,
9,RandomForest,classical,LDA,default,1200,2000,3.00002284348011e-07,{},0.602,0.2766934557979334,0.5921375921375921,0.3771517996870109,0.5983286830744458,0.1596832129467613,0.6768779565389734,963,630,166,241,ok,0.6822430999600329,1,Bank Customer Churn,,,,
10,RandomForest,classical,LDA,default,1200,2000,4.00003045797348e-07,{},0.6205,0.2918149466192171,0.6029411764705882,0.3932853717026379,0.6139705882352942,0.1860132719128406,0.6824356155778895,995,597,162,246,ok,0.6273989999899641,1,Bank Customer Churn,,,,
11,RandomForest,classical,LDA,default,1200,2000,4.00003045797348e-07,{},0.5885,0.2766415500538213,0.6299019607843137,0.3844427823485415,0.6038957040102473,0.1678906872061693,0.6756607793871316,920,672,151,257,ok,0.6406696999911219,1,Bank Customer Churn,,,,
12,RandomForest,classical,LDA,default,1200,2000,4.00003045797348e-07,{},0.6075,0.2904656319290465,0.6437346437346437,0.400305576776165,0.6209884769206804,0.1957828557341436,0.6785606870352633,953,640,145,262,ok,0.6262150999973528,1,Bank Customer Churn,,,,
13,RandomForest,classical,LDA,default,1200,2000,4.00003045797348e-07,{},0.61,0.2813599062133646,0.5896805896805897,0.3809523809523809,0.6024360261648397,0.1667752445053605,0.6771193381362873,980,613,167,240,ok,0.6013537999824621,1,Bank Customer Churn,,,,
14,RandomForest,classical,LDA,default,1200,2000,4.00003045797348e-07,{},0.566,0.2635897435897436,0.6314496314496314,0.3719247467438495,0.5903638615503022,0.1455679041324332,0.6763134474998882,875,718,150,257,ok,0.6421686999965459,1,Bank Customer Churn,,,,
0,MLP,classical,LDA,default,1200,2000,2.00001522898674e-07,{},0.706,0.3818897637795275,0.7132352941176471,0.4974358974358974,0.7086905113804316,0.3463350967847806,0.7743804808355502,1121,471,117,291,ok,0.1043697000131942,1,Bank Customer Churn,,,,
1,MLP,classical,LDA,default,1200,2000,2.00001522898674e-07,{},0.6955,0.3706563706563706,0.7058823529411765,0.4860759493670886,0.699360774460538,0.3296458275484014,0.7514995319735933,1103,489,120,288,ok,0.0918640000163577,1,Bank Customer Churn,,,,
2,MLP,classical,LDA,default,1200,2000,2.00001522898674e-07,{},0.6915,0.3660714285714285,0.7051597051597052,0.4819479429051218,0.6965848745509762,0.3242353549998304,0.7533589059012787,1096,497,120,287,ok,0.0967815999756567,1,Bank Customer Churn,,,,
3,MLP,classical,LDA,default,1200,2000,1.00000761449337e-07,{},0.6975,0.3636363636363636,0.6486486486486487,0.4660194174757281,0.6793149081284675,0.3002606786516819,0.7460804409956953,1131,462,143,264,ok,0.0768988999770954,1,Bank Customer Churn,,,,
4,MLP,classical,LDA,default,1200,2000,2.00001522898674e-07,{},0.698,0.3712418300653595,0.6977886977886978,0.4846416382252559,0.6979213419891386,0.3279166879196517,0.7640799505206285,1112,481,123,284,ok,0.1086018999922089,1,Bank Customer Churn,,,,
5,MLP,classical,LDA,default,1200,2000,2.00001522898674e-07,{},0.714,0.3854748603351955,0.6764705882352942,0.491103202846975,0.7000443393437777,0.3362937937445259,0.7658513154005321,1152,440,132,276,ok,0.0649239000049419,1,Bank Customer Churn,,,,
6,MLP,classical,LDA,default,1200,2000,3.00002284348011e-07,{},0.708,0.3883248730964467,0.75,0.5117056856187291,0.7236180904522613,0.3688282048622684,0.7755597842151936,1110,482,102,306,ok,0.1247800999553874,1,Bank Customer Churn,,,,
7,MLP,classical,LDA,default,1200,2000,2.00001522898674e-07,{},0.7575,0.4285714285714285,0.5749385749385749,0.4910807974816369,0.6895408505577997,0.3425779362233302,0.7585150635998094,1281,312,173,234,ok,0.1292184999911114,1,Bank Customer Churn,,,,
8,MLP,classical,LDA,default,1200,2000,2.00001522898674e-07,{},0.7205,0.388235294117647,0.6486486486486487,0.4857405703771849,0.6937530751090073,0.329338323403158,0.7538077368585844,1177,416,143,264,ok,0.0920155000058002,1,Bank Customer Churn,,,,
9,MLP,classical,LDA,default,1200,2000,3.00002284348011e-07,{},0.733,0.4006259780907668,0.628992628992629,0.4894837476099426,0.6942828807235587,0.3354981508523467,0.7530843632538547,1210,383,151,256,ok,0.12418310000794,1,Bank Customer Churn,,,,
10,MLP,classical,LDA,default,1200,2000,3.00002284348011e-07,{},0.6905,0.3649167733674776,0.6985294117647058,0.479394449116905,0.6934858114099911,0.3196342888936276,0.7686271430682825,1096,496,123,285,ok,0.0905406000092625,1,Bank Customer Churn,,,,
11,MLP,classical,LDA,default,1200,2000,3.00002284348011e-07,{},0.7075,0.3733905579399141,0.6397058823529411,0.4715447154471545,0.6822901271061188,0.3081183194950189,0.7528404892107597,1154,438,147,261,ok,0.0844215000397525,1,Bank Customer Churn,,,,
12,MLP,classical,LDA,default,1200,2000,4.00003045797348e-07,{},0.6925,0.3594594594594594,0.6535626535626535,0.4638186573670445,0.6780054322427204,0.2968706147194089,0.7508278694719374,1119,474,141,266,ok,0.1156966999988071,1,Bank Customer Churn,,,,
13,MLP,classical,LDA,default,1200,2000,3.00002284348011e-07,{},0.7125,0.377906976744186,0.6388206388206388,0.4748858447488584,0.6850725918522529,0.3137011123274736,0.742077979366115,1165,428,147,260,ok,0.102326099993661,1,Bank Customer Churn,,,,
14,MLP,classical,LDA,default,1200,2000,4.00003045797348e-07,{},0.678,0.3577430972388956,0.7321867321867321,0.4806451612903226,0.6981712066457829,0.3236813771621079,0.7631267631267631,1058,535,109,298,ok,0.1190040999790653,1,Bank Customer Churn,,,,
0,XGBoost,classical,LDA,default,1200,2000,2.00001522898674e-07,{},0.648,0.3225419664268585,0.6593137254901961,0.4331723027375201,0.6522071140013794,0.2487907674369255,0.6763489629520151,1027,565,139,269,ok,0.7623697000090033,1,Bank Customer Churn,,,,
1,XGBoost,classical,LDA,default,1200,2000,2.00001522898674e-07,{},0.6475,0.3204353083434099,0.6495098039215687,0.4291497975708502,0.6482473642723421,0.2426145422186935,0.6925936360725194,1030,562,143,265,ok,0.9014106999966316,1,Bank Customer Churn,,,,
2,XGBoost,classical,LDA,default,1200,2000,2.00001522898674e-07,{},0.647,0.3271676300578034,0.6953316953316954,0.4449685534591195,0.6649916480424956,0.2681581891790305,0.7004408106103022,1011,582,124,283,ok,0.8284976000431925,1,Bank Customer Churn,,,,
3,XGBoost,classical,LDA,default,1200,2000,3.00002284348011e-07,{},0.664,0.3299101412066752,0.6314496314496314,0.433389544688027,0.6518830078152111,0.2507943316196202,0.6963913065607981,1071,522,150,257,ok,0.8653183999704197,1,Bank Customer Churn,,,,
4,XGBoost,classical,LDA,default,1200,2000,2.00001522898674e-07,{},0.6415,0.3185011709601874,0.6683046683046683,0.4314036478984933,0.651478134528982,0.2465833747801493,0.6800475359797393,1011,582,135,272,ok,0.957035099971108,1,Bank Customer Churn,,,,
5,XGBoost,classical,LDA,default,1200,2000,4.00003045797348e-07,{},0.6385,0.3212258796821793,0.6936274509803921,0.439100077579519,0.6589996551384373,0.2581218646784521,0.6970976204552173,994,598,125,283,ok,0.890981400036253,1,Bank Customer Churn,,,,
6,XGBoost,classical,LDA,default,1200,2000,2.00001522898674e-07,{},0.654,0.3225,0.6323529411764706,0.4271523178807947,0.645950339934969,0.2401049442937665,0.6986902958419547,1050,542,150,258,ok,0.8773001999943517,1,Bank Customer Churn,,,,
7,XGBoost,classical,LDA,default,1200,2000,5.00003807246685e-07,{},0.642,0.3140794223826715,0.6412776412776413,0.4216478190630048,0.641731099358218,0.2315754285968825,0.6934299476672356,1023,570,146,261,ok,0.9283668999560176,1,Bank Customer Churn,,,,
8,XGBoost,classical,LDA,default,1200,2000,2.00001522898674e-07,{},0.653,0.3176620076238882,0.6142506142506142,0.4187604690117253,0.6385754012872658,0.2284038743565273,0.6909259027903095,1056,537,157,250,ok,0.8602117000264116,1,Bank Customer Churn,,,,
9,XGBoost,classical,LDA,default,1200,2000,2.00001522898674e-07,{},0.6765,0.3412698412698413,0.6339066339066339,0.4436801375752364,0.6606444657292114,0.2667655650608317,0.6873406534423483,1095,498,149,258,ok,0.7765380999771878,1,Bank Customer Churn,,,,
10,XGBoost,classical,LDA,default,1200,2000,2.00001522898674e-07,{},0.6595,0.3349455864570738,0.678921568627451,0.448582995951417,0.6667220908463889,0.2728493956501761,0.7204658402305646,1042,550,131,277,ok,0.921056299994234,1,Bank Customer Churn,,,,
11,XGBoost,classical,LDA,default,1200,2000,3.00002284348011e-07,{},0.6545,0.3345029239766082,0.7009803921568627,0.4528899445764053,0.6717841659276775,0.2798523375233344,0.7157655618780174,1023,569,122,286,ok,0.9276642000186256,1,Bank Customer Churn,,,,
12,XGBoost,classical,LDA,default,1200,2000,4.00003045797348e-07,{},0.6025,0.2953586497890295,0.687960687960688,0.4132841328413284,0.6343130495672868,0.2165914254075362,0.6933559136948967,925,668,127,280,ok,0.7916033000219613,1,Bank Customer Churn,,,,
13,XGBoost,classical,LDA,default,1200,2000,3.00002284348011e-07,{},0.6515,0.3248792270531401,0.6609336609336609,0.4356275303643724,0.6550117143337482,0.2534081820375818,0.6936343122783801,1034,559,138,269,ok,0.9378703000256792,1,Bank Customer Churn,,,,
14,XGBoost,classical,LDA,default,1200,2000,4.00003045797348e-07,{},0.63,0.3048065650644783,0.6388206388206388,0.4126984126984127,0.6332835146394469,0.2169977846149331,0.6874964332591451,1000,593,147,260,ok,0.9129148999927564,1,Bank Customer Churn,,,,
0,VQC,quantum,LDA,default,1200,2000,2.00001522898674e-07,{},0.5425,0.2339979013641133,0.5465686274509803,0.3277002204261572,0.5440129569415706,0.0710219127861402,0.5465409153611193,862,730,185,223,ok,5.696988400013652,1,Bank Customer Churn,,,,
1,VQC,quantum,LDA,default,1200,2000,2.00001522898674e-07,{},0.677,0.3486005089058524,0.6715686274509803,0.4589614740368509,0.6749802936249877,0.2887354666627532,0.7082348014582718,1080,512,134,274,ok,5.999513500020839,1,Bank Customer Churn,,,,
2,VQC,quantum,LDA,default,1200,2000,1.00000761449337e-07,{},0.5655,0.2552966101694915,0.5921375921375921,0.3567727609178386,0.5754159398227194,0.1216410833765148,0.588317130690012,890,703,166,241,ok,5.891823000041768,1,Bank Customer Churn,,,,
3,VQC,quantum,LDA,default,1200,2000,2.00001522898674e-07,{},0.609,0.2801875732708089,0.5872235872235873,0.3793650793650793,0.6008936517411094,0.1642641174998819,0.5899350814605051,979,614,168,239,ok,5.961538500036113,1,Bank Customer Churn,,,,
4,VQC,quantum,LDA,default,1200,2000,2.00001522898674e-07,{},0.6185,0.3077753779697624,0.7002457002457002,0.4276069017254313,0.6489301319809795,0.2404972022617497,0.6637654603756299,952,641,122,285,ok,6.026391900028102,1,Bank Customer Churn,,,,
5,VQC,quantum,LDA,default,1200,2000,4.00003045797348e-07,{},0.624,0.3138528138528138,0.7107843137254902,0.4354354354354354,0.6562715538476698,0.2526209814722298,0.6692438910237463,958,634,118,290,ok,6.035880999988876,1,Bank Customer Churn,,,,
6,VQC,quantum,LDA,default,1200,2000,3.00002284348011e-07,{},0.717,0.3628472222222222,0.5122549019607843,0.4247967479674797,0.6408636318849148,0.2507057265800578,0.6574924253621046,1225,367,199,209,ok,5.987461399985477,1,Bank Customer Churn,,,,
7,VQC,quantum,LDA,default,1200,2000,2.00001522898674e-07,{},0.563,0.276981852913085,0.7125307125307125,0.3988995873452545,0.6186633474769068,0.1913074542683734,0.6527513646157714,836,757,117,290,ok,5.818552199983969,1,Bank Customer Churn,,,,
8,VQC,quantum,LDA,default,1200,2000,4.00003045797348e-07,{},0.601,0.2729384436701509,0.5773955773955773,0.3706624605678233,0.5922131684843549,0.1499562582455153,0.628071831461662,967,626,172,235,ok,5.912191299954429,1,Bank Customer Churn,,,,
9,VQC,quantum,LDA,default,1200,2000,4.00003045797348e-07,{},0.612,0.2725030826140567,0.542997542997543,0.3628899835796387,0.5863135863135863,0.1415509849345902,0.6002874985925833,1003,590,186,221,ok,6.046843399992213,1,Bank Customer Churn,,,,
10,VQC,quantum,LDA,default,1200,2000,4.00003045797348e-07,{},0.6455,0.3153374233128834,0.6299019607843137,0.4202780049059689,0.6396997241107498,0.2291338106651057,0.671297664794561,1034,558,151,257,ok,6.145729399984703,1,Bank Customer Churn,,,,
11,VQC,quantum,LDA,default,1200,2000,4.00003045797348e-07,{},0.665,0.3175487465181058,0.5588235294117647,0.4049733570159858,0.6255172923440733,0.2108768648846435,0.6398629175288206,1102,490,180,228,ok,5.781397300015669,1,Bank Customer Churn,,,,
12,VQC,quantum,LDA,default,1200,2000,3.00002284348011e-07,{},0.633,0.2968944099378882,0.5872235872235873,0.3943894389438944,0.6159595651121075,0.1903968562756835,0.6289093407737475,1027,566,168,239,ok,5.737003399990499,1,Bank Customer Churn,,,,
13,VQC,quantum,LDA,default,1200,2000,3.00002284348011e-07,{},0.619,0.2703751617076326,0.5135135135135135,0.3542372881355932,0.5797322746475289,0.13184304170441,0.5923704906755755,1029,564,198,209,ok,6.232574899971951,1,Bank Customer Churn,,,,
14,VQC,quantum,LDA,default,1200,2000,4.00003045797348e-07,{},0.6285,0.3133333333333333,0.6928746928746928,0.431522570772762,0.6524637117857457,0.246765237553289,0.69880666490836,975,618,125,282,ok,6.1613305999781005,1,Bank Customer Churn,,,,
0,QNN,quantum,LDA,default,1200,2000,1.00000761449337e-07,{},0.612,0.314516129032258,0.7647058823529411,0.4457142857142857,0.6687851019804907,0.272069348865429,0.7456030150753769,912,680,96,312,ok,8.064251800009515,1,Bank Customer Churn,,,,
1,QNN,quantum,LDA,default,1200,2000,1.00000761449337e-07,{},0.717,0.3861671469740634,0.6568627450980392,0.4863883847549909,0.6946374026997734,0.3295388226960344,0.7526418859000887,1166,426,140,268,ok,8.17844420002075,1,Bank Customer Churn,,,,
2,QNN,quantum,LDA,default,1200,2000,2.00001522898674e-07,{},0.6505,0.3306264501160093,0.7002457002457002,0.4491725768321513,0.6690180164756436,0.2748168294923439,0.7427242342496579,1016,577,122,285,ok,7.963290500047151,1,Bank Customer Churn,,,,
3,QNN,quantum,LDA,default,1200,2000,2.00001522898674e-07,{},0.7275,0.3911671924290221,0.6093366093366094,0.4764649375600384,0.6835132513098615,0.3175649327630034,0.7490880711219695,1207,386,159,248,ok,8.581243199994788,1,Bank Customer Churn,,,,
4,QNN,quantum,LDA,default,1200,2000,1.00000761449337e-07,{},0.712,0.3840877914951989,0.687960687960688,0.4929577464788732,0.7030512793224657,0.3397068301150418,0.7674700895039878,1144,449,127,280,ok,8.066135100030806,1,Bank Customer Churn,,,,
5,QNN,quantum,LDA,default,1200,2000,2.00001522898674e-07,{},0.6575,0.3372502937720329,0.7034313725490197,0.4559173947577442,0.67458000788255,0.2845780002901987,0.7367413045620257,1028,564,121,287,ok,8.3532538000145,1,Bank Customer Churn,,,,
6,QNN,quantum,LDA,default,1200,2000,1.00000761449337e-07,{},0.6585,0.3432155074116305,0.7377450980392157,0.4684824902723735,0.6879680264065425,0.3052993752739303,0.7439449083653562,1016,576,107,301,ok,8.402739499986637,1,Bank Customer Churn,,,,
7,QNN,quantum,LDA,default,1200,2000,3.00002284348011e-07,{},0.6645,0.3454332552693208,0.7248157248157249,0.4678826328310864,0.6869527462747802,0.304330649728408,0.7571624012301977,1034,559,112,295,ok,8.000926200009417,1,Bank Customer Churn,,,,
8,QNN,quantum,LDA,default,1200,2000,2.00001522898674e-07,{},0.682,0.3697383390216154,0.7985257985257985,0.505443234836703,0.7253771491059626,0.3656349696469584,0.7762616237192508,1039,554,82,325,ok,8.521959600038826,1,Bank Customer Churn,,,,
9,QNN,quantum,LDA,default,1200,2000,4.00003045797348e-07,{},0.683,0.3637454981992797,0.7444717444717445,0.4887096774193548,0.7058830787644347,0.3362775026543699,0.7742334013520453,1063,530,104,303,ok,8.28361689997837,1,Bank Customer Churn,,,,
10,QNN,quantum,LDA,default,1200,2000,4.00003045797348e-07,{},0.7355,0.4059097978227061,0.6397058823529411,0.4966698382492864,0.6998780668046113,0.3449064681891456,0.7632879470883831,1210,382,147,261,ok,8.62306960002752,1,Bank Customer Churn,,,,
11,QNN,quantum,LDA,default,1200,2000,3.00002284348011e-07,{},0.732,0.3990536277602524,0.6200980392156863,0.4856046065259117,0.6903882155877427,0.3297628240959776,0.7636620603015076,1211,381,155,253,ok,8.498178099980578,1,Bank Customer Churn,,,,
12,QNN,quantum,LDA,default,1200,2000,4.00003045797348e-07,{},0.699,0.37017310252996,0.683046683046683,0.4801381692573402,0.6930613201799642,0.3210178428774877,0.7515558701999379,1120,473,129,278,ok,8.218617299979087,1,Bank Customer Churn,,,,
13,QNN,quantum,LDA,default,1200,2000,3.00002284348011e-07,{},0.744,0.4149108589951377,0.628992628992629,0.5,0.7011880910185995,0.3507386983766223,0.7586554196723688,1232,361,151,256,ok,8.518361900001764,1,Bank Customer Churn,,,,
14,QNN,quantum,LDA,default,1200,2000,4.00003045797348e-07,{},0.686,0.3563068920676203,0.6732186732186732,0.4659863945578231,0.6812421049709185,0.2999866922171558,0.74991941093636,1098,495,133,274,ok,8.317576300003566,1,Bank Customer Churn,,,,
0,QSVC,quantum,LDA,default,1200,2000,2.00001522898674e-07,{},0.7035,0.3500810372771475,0.5294117647058824,0.4214634146341463,0.6387636712976648,0.2421328525073266,0.6806366390777416,1191,401,192,216,ok,11.048321199952625,1,Bank Customer Churn,,,,
1,QSVC,quantum,LDA,default,1200,2000,2.00001522898674e-07,{},0.6675,0.3107511045655375,0.5171568627450981,0.3882244710211591,0.6115935067494335,0.1899259197216534,0.6293261651394226,1124,468,197,211,ok,10.845561199996157,1,Bank Customer Churn,,,,
2,QSVC,quantum,LDA,default,1200,2000,2.00001522898674e-07,{},0.693,0.3364928909952606,0.5233415233415234,0.4096153846153846,0.6298440196745282,0.2247868635632654,0.6387558590948422,1173,420,194,213,ok,11.213612699997611,1,Bank Customer Churn,,,,
3,QSVC,quantum,LDA,default,1200,2000,2.00001522898674e-07,{},0.6385,0.2823691460055096,0.5036855036855037,0.3618711385701676,0.5883148171283765,0.1478821097628283,0.5810340386611572,1072,521,202,205,ok,10.827762500033714,1,Bank Customer Churn,,,,
4,QSVC,quantum,LDA,default,1200,2000,3.00002284348011e-07,{},0.727,0.3843594009983361,0.5675675675675675,0.4583333333333333,0.6676507015490066,0.2944383464159915,0.7189454477590072,1223,370,176,231,ok,10.868523099983577,1,Bank Customer Churn,,,,
5,QSVC,quantum,LDA,default,1200,2000,2.00001522898674e-07,{},0.6855,0.3333333333333333,0.5416666666666666,0.4126984126984127,0.6320142378559463,0.2260111753802588,0.6533140580352744,1150,442,187,221,ok,10.989584500028286,1,Bank Customer Churn,,,,
6,QSVC,quantum,LDA,default,1200,2000,2.00001522898674e-07,{},0.708,0.34,0.4583333333333333,0.3903966597077244,0.6151591289782244,0.2078569902338427,0.6138520420731107,1229,363,221,187,ok,11.124074499995912,1,Bank Customer Churn,,,,
7,QSVC,quantum,LDA,default,1200,2000,3.00002284348011e-07,{},0.694,0.3370429252782194,0.5208845208845209,0.4092664092664093,0.6295571380317143,0.2246737756848013,0.6405712337915728,1176,417,195,212,ok,11.01252009999007,1,Bank Customer Churn,,,,
8,QSVC,quantum,LDA,default,1200,2000,3.00002284348011e-07,{},0.706,0.3690303907380607,0.6265356265356266,0.4644808743169399,0.6764191001479137,0.2987251884523017,0.7140900530731038,1157,436,152,255,ok,11.142003600019962,1,Bank Customer Churn,,,,
9,QSVC,quantum,LDA,default,1200,2000,3.00002284348011e-07,{},0.7095,0.3657407407407407,0.5823095823095823,0.4492890995260663,0.6621529079156198,0.2789870089523654,0.7100274388409982,1182,411,170,237,ok,11.20366890000878,1,Bank Customer Churn,,,,
10,QSVC,quantum,LDA,default,1200,2000,3.00002284348011e-07,{},0.7365,0.3972366148531951,0.5637254901960784,0.4660587639311043,0.6722521923342202,0.3060976857765137,0.7030156912011036,1243,349,178,230,ok,11.172549900016747,1,Bank Customer Churn,,,,
11,QSVC,quantum,LDA,default,1200,2000,3.00002284348011e-07,{},0.708,0.3422939068100358,0.4681372549019608,0.3954451345755693,0.618804808355503,0.2134842781538325,0.612107719972411,1225,367,217,191,ok,10.80926820001332,1,Bank Customer Churn,,,,
12,QSVC,quantum,LDA,default,1200,2000,3.00002284348011e-07,{},0.637,0.2775453277545328,0.4889434889434889,0.3540925266903915,0.5818854293430564,0.1374892720709998,0.6158222937883955,1075,518,208,199,ok,10.733413300011309,1,Bank Customer Churn,,,,
13,QSVC,quantum,LDA,default,1200,2000,3.00002284348011e-07,{},0.6655,0.3280839895013123,0.6142506142506142,0.427715996578272,0.6464222311679939,0.2427751887647923,0.6876645520713317,1081,512,157,250,ok,11.05091790005099,1,Bank Customer Churn,,,,
14,QSVC,quantum,LDA,default,1200,2000,3.00002284348011e-07,{},0.652,0.3204968944099379,0.6339066339066339,0.4257425742574257,0.6452646791629842,0.2385136423527358,0.6890789094178924,1046,547,149,258,ok,10.79479169996921,1,Bank Customer Churn,,,,
0,QDT,quantum,LDA,default,1200,2000,1.00000761449337e-07,{},0.336,0.2218863361547763,0.8995098039215687,0.3559650824442289,0.5455463592472165,0.0970464099762104,0.5519186003547149,305,1287,41,367,ok,0.0416477000107988,1,Bank Customer Churn,,,,
1,QDT,quantum,LDA,default,1200,2000,1.00000761449337e-07,{},0.505,0.2442882249560632,0.6813725490196079,0.3596377749029754,0.5705857719972411,0.1148746004675786,0.5990306926790816,732,860,130,278,ok,0.0370330999721773,1,Bank Customer Churn,,,,
2,QDT,quantum,LDA,default,1200,2000,3.00002284348011e-07,{},0.6125,0.1891891891891892,0.2751842751842752,0.2242242242242242,0.4869330038821564,-0.02304881857725,0.4914698982495593,1113,480,295,112,ok,0.0379913999931886,1,Bank Customer Churn,,,,
3,QDT,quantum,LDA,default,1200,2000,4.00003045797348e-07,{},0.6265,0.3119469026548672,0.6928746928746928,0.4302059496567506,0.6512082190048292,0.2446363531471574,0.6793951115985014,971,622,125,282,ok,0.055287999974098,1,Bank Customer Churn,,,,
4,QDT,quantum,LDA,default,1200,2000,2.00001522898674e-07,{},0.443,0.2214342001576044,0.6904176904176904,0.3353221957040573,0.5351021283224673,0.0586920174761458,0.5429821192533058,605,988,126,281,ok,0.0353419000166468,1,Bank Customer Churn,,,,
5,QDT,quantum,LDA,default,1200,2000,3.00002284348011e-07,{},0.7675,0.3087248322147651,0.1127450980392156,0.1651705565529623,0.5240233027884521,0.0737340315562705,0.5179312617006603,1489,103,362,46,ok,0.0463871999527327,1,Bank Customer Churn,,,,
6,QDT,quantum,LDA,default,1200,2000,3.00002284348011e-07,{},0.5355,0.2663677130044843,0.7279411764705882,0.3900196979645436,0.6070610404966006,0.1737216716429868,0.5961832754458568,774,818,111,297,ok,0.0459894000086933,1,Bank Customer Churn,,,,
7,QDT,quantum,LDA,default,1200,2000,4.00003045797348e-07,{},0.6005,0.2782805429864253,0.6044226044226044,0.3810999225406661,0.6019602036551189,0.1653132075889761,0.6164955402243537,955,638,161,246,ok,0.0501142999855801,1,Bank Customer Churn,,,,
8,QDT,quantum,LDA,default,1200,2000,3.00002284348011e-07,{},0.7705,0.2903225806451613,0.0884520884520884,0.135593220338983,0.516605203045881,0.0554436762661987,0.5105351885012902,1505,88,371,36,ok,0.0470520999515429,1,Bank Customer Churn,,,,
9,QDT,quantum,LDA,default,1200,2000,2.00001522898674e-07,{},0.6685,0.2310924369747899,0.2702702702702703,0.2491506228765572,0.5202575456812746,0.0383023971644331,0.5173092969703138,1227,366,297,110,ok,0.04632170003606,1,Bank Customer Churn,,,,
10,QDT,quantum,LDA,default,1200,2000,3.00002284348011e-07,{},0.4295,0.2303164091243561,0.7671568627450981,0.354272778720996,0.5550608434328506,0.0950901922632155,0.5663004052123362,546,1046,95,313,ok,0.0482979000080376,1,Bank Customer Churn,,,,
11,QDT,quantum,LDA,default,1200,2000,3.00002284348011e-07,{},0.609,0.2358757062146892,0.409313725490196,0.2992831541218638,0.5347448024435906,0.0585562922825567,0.5361642772686964,1051,541,241,167,ok,0.0424066999694332,1,Bank Customer Churn,,,,
12,QDT,quantum,LDA,default,1200,2000,3.00002284348011e-07,{},0.691,0.2691466083150984,0.3022113022113022,0.2847222222222222,0.5462720038991226,0.0887385510170471,0.551325593698475,1259,334,284,123,ok,0.0397356999455951,1,Bank Customer Churn,,,,
13,QDT,quantum,LDA,default,1200,2000,4.00003045797348e-07,{},0.6145,0.2101910828025477,0.3243243243243243,0.2550724637681159,0.506481057328515,0.011244083800151,0.5282717231869775,1097,496,275,132,ok,0.048302799987141,1,Bank Customer Churn,,,,
14,QDT,quantum,LDA,default,1200,2000,3.00002284348011e-07,{},0.614,0.2996706915477497,0.6707616707616708,0.4142640364188164,0.6351297368246521,0.218480605507426,0.6687226517734992,955,638,134,273,ok,0.0427583999698981,1,Bank Customer Churn,,,,
0,LogReg,classical,LDA,gwo,1200,2000,2.677416499995161,{'C': 0.0034917618660564058},0.731,0.4003067484662577,0.6397058823529411,0.4924528301886792,0.6970514336387821,0.3387992683991304,0.7565862400236476,1201,391,147,261,ok,0.0356177999638021,1,Bank Customer Churn,0.5257640362343199,38.0,"[0.5257640362343199, 0.5257640362343199, 0.5257640362343199, 0.5257640362343199, 0.5257640362343199]",True
1,LogReg,classical,LDA,gwo,1200,2000,2.587014199991245,{'C': 0.002062766610319268},0.7145,0.3911882510013351,0.7181372549019608,0.5064822817631807,0.7158525470489703,0.3594340553536602,0.7736430313331364,1136,456,115,293,ok,0.0339270000113174,1,Bank Customer Churn,0.4657807112547087,38.0,"[0.46578071125470877, 0.46578071125470877, 0.46578071125470877, 0.46578071125470877, 0.46578071125470877]",True
2,LogReg,classical,LDA,gwo,1200,2000,2.690242199983913,{'C': 0.776208297549615},0.7335,0.4070796460176991,0.6781326781326781,0.5087557603686635,0.7128893145842299,0.3621248909193105,0.7570050790389774,1191,402,131,276,ok,0.0297361999982967,1,Bank Customer Churn,0.485234880136579,40.0,"[0.48523488013657906, 0.48523488013657906, 0.48523488013657906, 0.48523488013657906, 0.48523488013657906]",True
3,LogReg,classical,LDA,gwo,1200,2000,2.7774964999989606,{'C': 0.2334114690123453},0.6935,0.3626666666666667,0.6683046683046683,0.4701815038893691,0.6841209468328112,0.3062334658179036,0.7570683163903503,1115,478,135,272,ok,0.0291268999571912,1,Bank Customer Churn,0.4664516129032258,40.0,"[0.46645161290322584, 0.46645161290322584, 0.46645161290322584, 0.46645161290322584, 0.46645161290322584]",True
4,LogReg,classical,LDA,gwo,1200,2000,2.2518168999813497,{'C': 16.252702695013618},0.6955,0.3616438356164383,0.6486486486486487,0.4643799472295514,0.678059415347551,0.2978082610482883,0.7494366477417325,1127,466,143,264,ok,0.0313861999893561,1,Bank Customer Churn,0.4424227601592374,33.0,"[0.4424227601592374, 0.4424227601592374, 0.4424227601592374, 0.4424227601592374, 0.4424227601592374]",True
5,LogReg,classical,LDA,gwo,1200,2000,2.4367782000335865,{'C': 0.003528876308540786},0.6815,0.3559748427672956,0.6936274509803921,0.4704904405652535,0.6860097053896936,0.3063304197659621,0.7493980318257956,1080,512,125,283,ok,0.03549690003274,1,Bank Customer Churn,0.4673588733739109,36.0,"[0.4673588733739109, 0.4673588733739109, 0.4673588733739109, 0.4673588733739109, 0.4673588733739109]",True
6,LogReg,classical,LDA,gwo,1200,2000,2.6492538999882527,{'C': 0.010729388695812907},0.686,0.3641975308641975,0.7230392156862745,0.4844006568144499,0.6997733766873584,0.3279844312646462,0.7591357522908662,1077,515,113,295,ok,0.0387983999680727,1,Bank Customer Churn,0.481293157564344,38.0,"[0.481293157564344, 0.481293157564344, 0.481293157564344, 0.481293157564344, 0.481293157564344]",True
7,LogReg,classical,LDA,gwo,1200,2000,2.3214232999598607,{'C': 21.815880722344982},0.737,0.4105263157894737,0.6707616707616708,0.5093283582089553,0.7123425428510175,0.3629281429556782,0.7834444614105631,1201,392,134,273,ok,0.0473882000078447,1,Bank Customer Churn,0.4454364162944229,34.0,"[0.4454364162944229, 0.4454364162944229, 0.4454364162944229, 0.4454364162944229, 0.4454364162944229]",True
8,LogReg,classical,LDA,gwo,1200,2000,2.4826331000076607,{'C': 0.0016671929822964528},0.719,0.3871906841339155,0.6535626535626535,0.4862888482632541,0.6946407115898641,0.3300335115217165,0.7578595544697239,1172,421,141,266,ok,0.0305779000045731,1,Bank Customer Churn,0.4891471756349874,36.0,"[0.4891471756349874, 0.4891471756349874, 0.4891471756349874, 0.4891471756349874, 0.4891471756349874]",True
9,LogReg,classical,LDA,gwo,1200,2000,3.7577052999986336,{'C': 0.009175067561194088},0.7145,0.3818443804034582,0.6511056511056511,0.4813805631244323,0.6909012247995299,0.322918167489447,0.754586635942568,1164,429,142,265,ok,0.0212118999916128,1,Bank Customer Churn,0.5091438044803785,64.0,"[0.5090332767102763, 0.5090332767102763, 0.5090332767102763, 0.5091438044803785, 0.5091438044803785, 0.5091438044803785, 0.5091438044803785, 0.5091438044803785]",True
10,LogReg,classical,LDA,gwo,1200,2000,3.122619299974758,{'C': 0.14363577835831845},0.699,0.3753213367609254,0.7156862745098039,0.4924114671163575,0.7052049463001281,0.3392298281422882,0.7678619814760075,1106,486,116,292,ok,0.0247154000098817,1,Bank Customer Churn,0.4778872561214839,48.0,"[0.4772309266440864, 0.47788725612148397, 0.47788725612148397, 0.47788725612148397, 0.47788725612148397, 0.47788725612148397]",True
11,LogReg,classical,LDA,gwo,1200,2000,3.9261286999681033,{'C': 0.04515825418390844},0.725,0.3979885057471264,0.678921568627451,0.5018115942028986,0.7078653069267908,0.3516982475408436,0.7563737806680462,1173,419,131,277,ok,0.0213004000252112,1,Bank Customer Churn,0.4696846888336249,66.0,"[0.4682722340950189, 0.4682722340950189, 0.4682722340950189, 0.4682722340950189, 0.46968468883362496, 0.46968468883362496, 0.46968468883362496, 0.46968468883362496, 0.46968468883362496]",True
12,LogReg,classical,LDA,gwo,1200,2000,2.5450436000246555,{'C': 0.003492818990806916},0.699,0.37017310252996,0.683046683046683,0.4801381692573402,0.6930613201799642,0.3210178428774877,0.7658212912450201,1120,473,129,278,ok,0.0434856999781914,1,Bank Customer Churn,0.4699201856474808,37.0,"[0.4699201856474808, 0.4699201856474808, 0.4699201856474808, 0.4699201856474808, 0.4699201856474808]",True
13,LogReg,classical,LDA,gwo,1200,2000,2.219234000018332,{'C': 0.0809403977455007},0.718,0.3889674681753889,0.6756756756756757,0.4937163375224416,0.7022446174988548,0.340645841083559,0.7634090176463058,1161,432,132,275,ok,0.0523480999981984,1,Bank Customer Churn,0.4661402789690341,36.0,"[0.4661402789690341, 0.4661402789690341, 0.4661402789690341, 0.4661402789690341, 0.4661402789690341]",True
14,LogReg,classical,LDA,gwo,1200,2000,2.653719900001306,{'C': 0.011584980844147172},0.7005,0.3695652173913043,0.6683046683046683,0.4759405074365704,0.6885151715660189,0.3147523285305628,0.749256189934156,1129,464,135,272,ok,0.0301178999943658,1,Bank Customer Churn,0.5488258337166635,40.0,"[0.5488258337166635, 0.5488258337166635, 0.5488258337166635, 0.5488258337166635, 0.5488258337166635]",True
0,SVC,classical,LDA,gwo,1200,2000,11.927848299965262,"{'C': 1.6018396840650202, 'gamma': 0.05394478775027436}",0.676,0.3574821852731591,0.7377450980392157,0.4816,0.6989604887181003,0.3247791362797029,0.7526357276578973,1051,541,107,301,ok,0.0802481000428088,1,Bank Customer Churn,0.5320549670549671,96.0,"[0.5288666932833481, 0.5288666932833481, 0.5288666932833481, 0.5288666932833481, 0.529009171023333, 0.529009171023333, 0.529009171023333, 0.5307137243344139, 0.5307137243344139, 0.5307137243344139, 0.5307137243344139, 0.5320549670549671]",False
1,SVC,classical,LDA,gwo,1200,2000,11.13291320001008,"{'C': 0.36743137675545723, 'gamma': 2.784476050334426}",0.6875,0.3675213675213675,0.7377450980392157,0.4906275468622657,0.7061841068085526,0.3379246673461959,0.7446223150064046,1074,518,107,301,ok,0.0921828999998979,1,Bank Customer Churn,0.5341343907569228,80.0,"[0.5315228429197435, 0.5338689115581967, 0.5338689115581967, 0.5338689115581967, 0.5338689115581967, 0.5341343907569228, 0.5341343907569228, 0.5341343907569228, 0.5341343907569228, 0.5341343907569228]",True
2,SVC,classical,LDA,gwo,1200,2000,10.89705710002454,"{'C': 4.76829940685333, 'gamma': 0.0002092498001623393}",0.7285,0.3966565349544073,0.6412776412776413,0.4901408450704225,0.696031162132857,0.3359471785385505,0.7700180920519903,1196,397,146,261,ok,0.121328099980019,1,Bank Customer Churn,0.5081534082596532,88.0,"[0.4994505441765498, 0.5013746009914591, 0.5013746009914591, 0.5038607283665955, 0.5038607283665955, 0.5038607283665955, 0.5081534082596532, 0.5081534082596532, 0.5081534082596532, 0.5081534082596532, 0.5081534082596532]",True
3,SVC,classical,LDA,gwo,1200,2000,6.088501800026279,"{'C': 2.429423544152672, 'gamma': 0.0014661720958609823}",0.707,0.3748251748251748,0.6584766584766585,0.4777183600713012,0.6889370109709092,0.3174296891934309,0.7429455649794633,1146,447,139,268,ok,0.1890194999868981,1,Bank Customer Churn,0.5013347292841837,47.0,"[0.4980341880341881, 0.5013347292841837, 0.5013347292841837, 0.5013347292841837, 0.5013347292841837, 0.5013347292841837]",True
4,SVC,classical,LDA,gwo,1200,2000,9.819687600014731,"{'C': 100.00000000000013, 'gamma': 0.008825714990820323}",0.749,0.4108818011257035,0.538083538083538,0.4659574468085106,0.6704855857398231,0.3104874801915182,0.7473960863791372,1279,314,188,219,ok,0.104001400002744,1,Bank Customer Churn,0.4865100839439671,80.0,"[0.4730531813865147, 0.4730531813865147, 0.48414598672847925, 0.48414598672847925, 0.48417712217681225, 0.48651008394396716, 0.48651008394396716, 0.48651008394396716, 0.48651008394396716, 0.48651008394396716]",True
5,SVC,classical,LDA,gwo,1200,2000,8.155697799986228,"{'C': 86.30183748007308, 'gamma': 0.11502103840860618}",0.722,0.3927536231884058,0.6642156862745098,0.4936247723132969,0.7005123657503203,0.3399480675626019,0.7603135161099617,1173,419,137,271,ok,0.1499673000071197,1,Bank Customer Churn,0.4828240601167946,33.0,"[0.4828240601167946, 0.4828240601167946, 0.4828240601167946, 0.4828240601167946, 0.4828240601167946]",True
6,SVC,classical,LDA,gwo,1200,2000,9.183824400010051,"{'C': 0.07741537702956242, 'gamma': 9.999999999999993}",0.6645,0.34902411021814,0.7450980392156863,0.4753713838936669,0.694471130160607,0.3161045146458361,0.7482849295497093,1025,567,104,304,ok,0.1344123000162653,1,Bank Customer Churn,0.4912165844158662,56.0,"[0.48541423642843523, 0.4902210116336924, 0.4912165844158662, 0.4912165844158662, 0.4912165844158662, 0.4912165844158662, 0.4912165844158662]",True
7,SVC,classical,LDA,gwo,1200,2000,8.703886199975386,"{'C': 0.14917661914936356, 'gamma': 0.025578171605803248}",0.6935,0.360054347826087,0.6511056511056511,0.4636920384951881,0.6777185505999066,0.2967258664632606,0.7300243232446623,1122,471,142,265,ok,0.1337615000084042,1,Bank Customer Churn,0.4763165240326075,64.0,"[0.465993265993266, 0.47309626470252825, 0.47309626470252825, 0.4763165240326075, 0.4763165240326075, 0.4763165240326075, 0.4763165240326075, 0.4763165240326075]",True
8,SVC,classical,LDA,gwo,1200,2000,10.111304499965629,"{'C': 0.0133015210157311, 'gamma': 0.02713541384449201}",0.7315,0.4009146341463415,0.6461916461916462,0.4948259642521166,0.699743657370776,0.3425756826483397,0.5,1200,393,144,263,ok,0.1362186000333167,1,Bank Customer Churn,0.4872567027811894,80.0,"[0.48246399809218143, 0.485578427831949, 0.485578427831949, 0.485578427831949, 0.485578427831949, 0.48725670278118943, 0.48725670278118943, 0.48725670278118943, 0.48725670278118943, 0.48725670278118943]",True
9,SVC,classical,LDA,gwo,1200,2000,10.70888069999637,"{'C': 4.365351430798811, 'gamma': 0.003497999036989868}",0.695,0.3707006369426751,0.714987714987715,0.4882550335570469,0.7024404990506685,0.3338178226422744,0.7642565523921456,1099,494,116,291,ok,0.0977662000223063,1,Bank Customer Churn,0.5147226238026562,96.0,"[0.5125493281996876, 0.5132233734278436, 0.5132233734278436, 0.5132233734278436, 0.5132233734278436, 0.5133242002074363, 0.5139697534845685, 0.5139697534845685, 0.5139697534845685, 0.5147226238026562, 0.5147226238026562, 0.5147226238026562]",False
10,SVC,classical,LDA,gwo,1200,2000,7.003226000000723,"{'C': 0.026579937563151537, 'gamma': 0.014156650560101966}",0.686,0.3681055155875299,0.7524509803921569,0.4943639291465378,0.7107104148191941,0.3444175796496943,0.4438322125332544,1065,527,101,307,ok,0.202474899997469,1,Bank Customer Churn,0.4357568792331367,48.0,"[0.43321643235353563, 0.43566190671999805, 0.4357568792331367, 0.4357568792331367, 0.4357568792331367, 0.4357568792331367]",True
11,SVC,classical,LDA,gwo,1200,2000,6.426865099987481,"{'C': 0.09293921670293527, 'gamma': 9.999999999999993}",0.69,0.3675,0.7205882352941176,0.4867549668874172,0.7013745196571091,0.3312840370635513,0.7355620011823826,1086,506,114,294,ok,0.1826311000040732,1,Bank Customer Churn,0.4573238158113811,48.0,"[0.4483099446566789, 0.4573238158113811, 0.4573238158113811, 0.4573238158113811, 0.4573238158113811, 0.4573238158113811]",True
12,SVC,classical,LDA,gwo,1200,2000,8.169023800001014,"{'C': 0.1516502025327244, 'gamma': 0.12030433547106598}",0.6835,0.3576826196473551,0.6977886977886978,0.4729392173189009,0.6888190193274939,0.3107398278209938,0.7488019606663674,1083,510,123,284,ok,0.1409422000288032,1,Bank Customer Churn,0.4911389712853163,64.0,"[0.4844857364064082, 0.4857701753262007, 0.4857701753262007, 0.4911389712853163, 0.4911389712853163, 0.4911389712853163, 0.4911389712853163, 0.4911389712853163]",True
13,SVC,classical,LDA,gwo,1200,2000,9.002930699964054,"{'C': 0.5039251262029267, 'gamma': 0.5259699765426543}",0.6185,0.3149688149688149,0.7444717444717445,0.4426588750913075,0.6653934365798773,0.2665429171860278,0.7220780102136034,934,659,104,303,ok,0.1075218000332824,1,Bank Customer Churn,0.4869858034559442,72.0,"[0.4859167233180591, 0.4859167233180591, 0.4859167233180591, 0.4864035491087508, 0.4869858034559442, 0.4869858034559442, 0.4869858034559442, 0.4869858034559442, 0.4869858034559442]",True
14,SVC,classical,LDA,gwo,1200,2000,7.277115600008983,"{'C': 0.18701870501473475, 'gamma': 0.21503479656926086}",0.7165,0.3873239436619718,0.6756756756756757,0.4923903312444047,0.7013029979131674,0.3387359583056222,0.7741886724937572,1158,435,132,275,ok,0.1291630999767221,1,Bank Customer Churn,0.4890636472543185,56.0,"[0.4875345952665509, 0.4875345952665509, 0.48906364725431856, 0.48906364725431856, 0.48906364725431856, 0.48906364725431856, 0.48906364725431856]",True
0,DecisionTree,classical,LDA,gwo,1200,2000,1.7811668000067584,"{'max_depth': 2, 'min_samples_leaf': 10}",0.659,0.3487858719646799,0.7745098039215687,0.4809741248097412,0.7019533944230959,0.3269715802451722,0.757311373041679,1002,590,92,316,ok,0.0428375000483356,1,Bank Customer Churn,0.4367519192433304,30.0,"[0.4240231839540709, 0.4367519192433304, 0.4367519192433304, 0.4367519192433304, 0.4367519192433304, 0.4367519192433304]",True
1,DecisionTree,classical,LDA,gwo,1200,2000,2.591982099984307,"{'max_depth': 15, 'min_samples_leaf': 18}",0.6775,0.349428208386277,0.6740196078431373,0.4602510460251046,0.6762057838210662,0.2906926171859003,0.7218645309882747,1080,512,133,275,ok,0.0210092000197619,1,Bank Customer Churn,0.4474851056534225,52.0,"[0.44617216013446837, 0.4468258032699821, 0.4468258032699821, 0.44748510565342253, 0.44748510565342253, 0.44748510565342253, 0.44748510565342253, 0.44748510565342253]",True
2,DecisionTree,classical,LDA,gwo,1200,2000,1.271156000031624,"{'max_depth': 2, 'min_samples_leaf': 20}",0.762,0.4387211367673179,0.6068796068796068,0.5092783505154639,0.7042558737473992,0.3657017688715531,0.734882031492201,1277,316,160,247,ok,0.0278266999521292,1,Bank Customer Churn,0.4727720075278516,22.0,"[0.4727720075278516, 0.4727720075278516, 0.4727720075278516, 0.4727720075278516, 0.4727720075278516]",True
3,DecisionTree,classical,LDA,gwo,1200,2000,1.5761526999995112,"{'max_depth': 2, 'min_samples_leaf': 8}",0.7895,0.4814814814814814,0.4471744471744471,0.4636942675159236,0.6620680773223147,0.333319900310593,0.7185691083996169,1397,196,225,182,ok,0.0439622999983839,1,Bank Customer Churn,0.4460114696648654,27.0,"[0.44601146966486543, 0.44601146966486543, 0.44601146966486543, 0.44601146966486543, 0.44601146966486543]",True
4,DecisionTree,classical,LDA,gwo,1200,2000,1.909180100017693,"{'max_depth': 2, 'min_samples_leaf': 20}",0.7655,0.4362139917695473,0.5208845208845209,0.4748040313549832,0.6744410049494796,0.3274934330927111,0.7349761163320486,1319,274,195,212,ok,0.0255635000066831,1,Bank Customer Churn,0.5170052356809208,36.0,"[0.5170052356809208, 0.5170052356809208, 0.5170052356809208, 0.5170052356809208, 0.5170052356809208]",True
5,DecisionTree,classical,LDA,gwo,1200,2000,2.2099509999970905,"{'max_depth': 3, 'min_samples_leaf': 20}",0.611,0.3189823874755381,0.7990196078431373,0.4559440559440559,0.680916839097448,0.2916860940812533,0.7448647957926889,896,696,82,326,ok,0.0226318000350147,1,Bank Customer Churn,0.4888240117961155,41.0,"[0.4865314153179366, 0.4865314153179366, 0.4865314153179366, 0.48882401179611557, 0.48882401179611557, 0.48882401179611557, 0.48882401179611557, 0.48882401179611557]",True
6,DecisionTree,classical,LDA,gwo,1200,2000,2.215484899992589,"{'max_depth': 11, 'min_samples_leaf': 20}",0.691,0.3653846153846153,0.6985294117647058,0.4797979797979798,0.6937998817617499,0.3202269655129816,0.7369930227115973,1097,495,123,285,ok,0.0224688000162132,1,Bank Customer Churn,0.4496504281352072,40.0,"[0.4469733043669167, 0.4496504281352072, 0.4496504281352072, 0.4496504281352072, 0.4496504281352072, 0.4496504281352072]",True
7,DecisionTree,classical,LDA,gwo,1200,2000,1.8900351999909617,"{'max_depth': 6, 'min_samples_leaf': 15}",0.6885,0.3411764705882353,0.5700245700245701,0.4268629254829806,0.6443970935496359,0.2454438293026879,0.7183539471675063,1145,448,175,232,ok,0.02704110002378,1,Bank Customer Churn,0.4522501403238665,34.0,"[0.4521639082655626, 0.4521639082655626, 0.4522501403238665, 0.4522501403238665, 0.4522501403238665]",True
8,DecisionTree,classical,LDA,gwo,1200,2000,1.6496171000180766,"{'max_depth': 2, 'min_samples_leaf': 17}",0.766,0.4442413162705667,0.597051597051597,0.5094339622641509,0.7031083471761438,0.3668904352138502,0.753786143616652,1289,304,164,243,ok,0.0436721000005491,1,Bank Customer Churn,0.4533979006670168,28.0,"[0.45339790066701685, 0.45339790066701685, 0.45339790066701685, 0.45339790066701685, 0.45339790066701685]",True
9,DecisionTree,classical,LDA,gwo,1200,2000,2.5730281000141986,"{'max_depth': 9, 'min_samples_leaf': 15}",0.6745,0.3443877551020408,0.6633906633906634,0.4534005037783375,0.6703645093475602,0.2809890501181684,0.7254257339003102,1079,514,137,270,ok,0.0210892999893985,1,Bank Customer Churn,0.4441238065143714,48.0,"[0.4418538591385109, 0.4418538591385109, 0.4441238065143714, 0.4441238065143714, 0.4441238065143714, 0.4441238065143714, 0.4441238065143714]",True
10,DecisionTree,classical,LDA,gwo,1200,2000,1.907898000034038,"{'max_depth': 6, 'min_samples_leaf': 19}",0.6995,0.3642756680731364,0.6348039215686274,0.4629133154602323,0.6754421617893389,0.2953958025819433,0.7015908279140802,1140,452,149,259,ok,0.0257932999520562,1,Bank Customer Churn,0.5010899472782332,31.0,"[0.5010899472782332, 0.5010899472782332, 0.5010899472782332, 0.5010899472782332, 0.5010899472782332]",True
11,DecisionTree,classical,LDA,gwo,1200,2000,1.6240168999647722,"{'max_depth': 2, 'min_samples_leaf': 18}",0.6375,0.3422885572139303,0.8431372549019608,0.4869072894550602,0.7139681249384175,0.3448943806719828,0.7640615762636712,931,661,64,344,ok,0.0275288000120781,1,Bank Customer Churn,0.4748925907911803,28.0,"[0.4618401918012813, 0.4748925907911803, 0.4748925907911803, 0.4748925907911803, 0.4748925907911803, 0.4748925907911803]",True
12,DecisionTree,classical,LDA,gwo,1200,2000,1.8168153999722565,"{'max_depth': 4, 'min_samples_leaf': 20}",0.695,0.3294117647058823,0.4815724815724815,0.3912175648702595,0.615550835889819,0.2035220810294388,0.7078765977071062,1194,399,211,196,ok,0.0262214000103995,1,Bank Customer Churn,0.4785854141356587,31.0,"[0.4785854141356587, 0.4785854141356587, 0.4785854141356587, 0.4785854141356587, 0.4785854141356587]",True
13,DecisionTree,classical,LDA,gwo,1200,2000,1.8577215999830516,"{'max_depth': 2, 'min_samples_leaf': 7}",0.7065,0.3818897637795275,0.714987714987715,0.4978614200171086,0.7096595825409384,0.3476257964497541,0.7664320715168174,1122,471,116,291,ok,0.0263565999921411,1,Bank Customer Churn,0.4455155112888403,32.0,"[0.4277848713905052, 0.4277848713905052, 0.4277848713905052, 0.4455155112888403, 0.4455155112888403, 0.4455155112888403, 0.4455155112888403, 0.4455155112888403]",True
14,DecisionTree,classical,LDA,gwo,1200,2000,2.0299517000094056,"{'max_depth': 2, 'min_samples_leaf': 8}",0.686,0.3588761174968071,0.6904176904176904,0.4722689075630252,0.6876445012038233,0.3095599445969224,0.713602662755205,1091,502,126,281,ok,0.0246294999960809,1,Bank Customer Churn,0.4701152393205086,38.0,"[0.4682275515250847, 0.4682275515250847, 0.4701152393205086, 0.4701152393205086, 0.4701152393205086, 0.4701152393205086, 0.4701152393205086]",True
0,RandomForest,classical,LDA,gwo,1200,2000,33.930044800043106,"{'max_depth': 2, 'min_samples_leaf': 18, 'max_features': 'sqrt'}",0.7095,0.3854304635761589,0.7132352941176471,0.5004299226139295,0.7108890038427431,0.3506124978255858,0.769806446447926,1128,464,117,291,ok,0.4539908000151627,1,Bank Customer Churn,0.5021930432861438,30.0,"[0.5021930432861438, 0.5021930432861438, 0.5021930432861438, 0.5021930432861438, 0.5021930432861438]",True
1,RandomForest,classical,LDA,gwo,1200,2000,40.20764739997685,"{'max_depth': 3, 'min_samples_leaf': 17, 'max_features': 'log2'}",0.63,0.3316430020283976,0.8014705882352942,0.4691535150645624,0.6937629323086019,0.3123524179272359,0.756327593851611,933,659,81,327,ok,0.4884829000220634,1,Bank Customer Churn,0.5027697570263358,35.0,"[0.5027697570263358, 0.5027697570263358, 0.5027697570263358, 0.5027697570263358, 0.5027697570263358]",True
2,RandomForest,classical,LDA,gwo,1200,2000,38.32121189997997,"{'max_depth': 2, 'min_samples_leaf': 3, 'max_features': 'log2'}",0.714,0.3781388478581979,0.628992628992629,0.4723247232472324,0.6823556993048518,0.3102988549302939,0.745051677255067,1172,421,151,256,ok,0.4081707000150345,1,Bank Customer Churn,0.4778504469151951,33.0,"[0.4778504469151951, 0.4778504469151951, 0.4778504469151951, 0.4778504469151951, 0.4778504469151951]",True
3,RandomForest,classical,LDA,gwo,1200,2000,42.87829109997256,"{'max_depth': 5, 'min_samples_leaf': 20, 'max_features': 'log2'}",0.718,0.3782945736434108,0.5995085995085995,0.4638783269961977,0.6738911484674197,0.2995456788985474,0.7493564442716986,1192,401,163,244,ok,0.3983175000175833,1,Bank Customer Churn,0.5038239538239538,38.0,"[0.5038239538239538, 0.5038239538239538, 0.5038239538239538, 0.5038239538239538, 0.5038239538239538]",True
4,RandomForest,classical,LDA,gwo,1200,2000,39.05831320001744,"{'max_depth': 7, 'min_samples_leaf': 20, 'max_features': 'sqrt'}",0.692,0.3612217795484728,0.6683046683046683,0.4689655172413793,0.6831793272471238,0.304425363312741,0.7472819506717812,1112,481,135,272,ok,0.4833168999757617,1,Bank Customer Churn,0.466951957355485,34.0,"[0.466951957355485, 0.466951957355485, 0.466951957355485, 0.466951957355485, 0.466951957355485]",True
5,RandomForest,classical,LDA,gwo,1200,2000,47.497250199958216,"{'max_depth': 3, 'min_samples_leaf': 20, 'max_features': 'log2'}",0.679,0.350765306122449,0.6740196078431373,0.4614093959731543,0.6771479948763426,0.2924442124993358,0.737571897477584,1083,509,133,275,ok,0.2721028000232763,1,Bank Customer Churn,0.4888629319908941,44.0,"[0.4870266419193099, 0.4870266419193099, 0.48824599659134993, 0.4888629319908941, 0.4888629319908941, 0.4888629319908941, 0.4888629319908941, 0.4888629319908941]",True
6,RandomForest,classical,LDA,gwo,1200,2000,41.91835650004214,"{'max_depth': 2, 'min_samples_leaf': 12, 'max_features': None}",0.643,0.3322368421052631,0.7426470588235294,0.4590909090909091,0.6800546851906593,0.291356135894182,0.7394216794758104,983,609,105,303,ok,0.4288996999966912,1,Bank Customer Churn,0.4680258768148395,37.0,"[0.45981334547675007, 0.4680258768148395, 0.4680258768148395, 0.4680258768148395, 0.4680258768148395, 0.4680258768148395]",True
7,RandomForest,classical,LDA,gwo,1200,2000,42.22064740001224,"{'max_depth': 7, 'min_samples_leaf': 14, 'max_features': 'log2'}",0.6875,0.361323155216285,0.6977886977886978,0.4761106454316848,0.6913300048893269,0.3154260477961084,0.7420741234300556,1091,502,123,284,ok,0.4184674999560229,1,Bank Customer Churn,0.4967126489038246,36.0,"[0.49671264890382466, 0.49671264890382466, 0.49671264890382466, 0.49671264890382466, 0.49671264890382466]",True
8,RandomForest,classical,LDA,gwo,1200,2000,43.57754110003589,"{'max_depth': 16, 'min_samples_leaf': 18, 'max_features': 'sqrt'}",0.6955,0.3623978201634877,0.6535626535626535,0.4662576687116564,0.6798886714140951,0.3005204425091487,0.7379120260476192,1125,468,141,266,ok,0.3495243999641388,1,Bank Customer Churn,0.492578922879157,38.0,"[0.49257892287915706, 0.49257892287915706, 0.49257892287915706, 0.49257892287915706, 0.49257892287915706]",True
9,RandomForest,classical,LDA,gwo,1200,2000,46.71882170002209,"{'max_depth': 2, 'min_samples_leaf': 17, 'max_features': 'log2'}",0.7525,0.4292604501607717,0.6560196560196561,0.5189504373177842,0.7165848437034879,0.3767414015418312,0.7897373490593829,1238,355,140,267,ok,0.268272099958267,1,Bank Customer Churn,0.4844555402831932,43.0,"[0.4718296678201577, 0.4718296678201577, 0.48179954588492685, 0.48179954588492685, 0.4844555402831932, 0.4844555402831932, 0.4844555402831932, 0.4844555402831932, 0.4844555402831932]",True
10,RandomForest,classical,LDA,gwo,1200,2000,43.74687560001621,"{'max_depth': 11, 'min_samples_leaf': 10, 'max_features': 'sqrt'}",0.6445,0.3168077388149939,0.6421568627450981,0.4242914979757085,0.6436286826288304,0.2350558288608229,0.6894344578283573,1027,565,146,262,ok,0.3660178999998607,1,Bank Customer Churn,0.4301046204447243,38.0,"[0.43010462044472436, 0.43010462044472436, 0.43010462044472436, 0.43010462044472436, 0.43010462044472436]",True
11,RandomForest,classical,LDA,gwo,1200,2000,53.092146799957845,"{'max_depth': 9, 'min_samples_leaf': 13, 'max_features': 'log2'}",0.6795,0.355638166047088,0.7034313725490197,0.4724279835390946,0.688399103359937,0.3094948674649501,0.7492456153315599,1072,520,121,287,ok,0.2491949000395834,1,Bank Customer Churn,0.4502364066193853,53.0,"[0.4472606246799795, 0.4472606246799795, 0.45023640661938535, 0.45023640661938535, 0.45023640661938535, 0.45023640661938535, 0.45023640661938535]",True
12,RandomForest,classical,LDA,gwo,1200,2000,42.80881770001725,"{'max_depth': 2, 'min_samples_leaf': 1, 'max_features': None}",0.6775,0.3641552511415525,0.7837837837837838,0.4972720187061574,0.717064522149268,0.3522805988912842,0.7767783191512005,1036,557,88,319,ok,0.3393341999617405,1,Bank Customer Churn,0.4569110830172777,38.0,"[0.4550506972859243, 0.4550506972859243, 0.45691108301727773, 0.45691108301727773, 0.45691108301727773, 0.45691108301727773, 0.45691108301727773]",True
13,RandomForest,classical,LDA,gwo,1200,2000,41.8755229000235,"{'max_depth': 2, 'min_samples_leaf': 19, 'max_features': 'log2'}",0.718,0.3857350800582241,0.6511056511056511,0.4844606946983547,0.6930983371661338,0.3274182557358786,0.7526501848535746,1171,422,142,265,ok,0.4138000999810174,1,Bank Customer Churn,0.4933479682311458,36.0,"[0.49334796823114585, 0.49334796823114585, 0.49334796823114585, 0.49334796823114585, 0.49334796823114585]",True
14,RandomForest,classical,LDA,gwo,1200,2000,47.99569799995516,"{'max_depth': 3, 'min_samples_leaf': 20, 'max_features': 'sqrt'}",0.659,0.3372781065088757,0.7002457002457002,0.4552715654952076,0.6743538607945387,0.2842152063075958,0.7310299513689343,1033,560,122,285,ok,0.2562142999959178,1,Bank Customer Churn,0.4760393046107332,44.0,"[0.4673738901283184, 0.4760393046107332, 0.4760393046107332, 0.4760393046107332, 0.4760393046107332, 0.4760393046107332]",True
0,MLP,classical,LDA,gwo,1200,2000,11.092001600016374,"{'alpha': 0.060722779471809964, 'learning_rate_init': 0.07536180919417881}",0.7345,0.4043545878693623,0.6372549019607843,0.49476688867745,0.6983385062567741,0.3422498265695478,0.7686717903241698,1209,383,148,260,ok,0.0708036000141874,1,Bank Customer Churn,0.5000953154843345,40.0,"[0.5000953154843345, 0.5000953154843345, 0.5000953154843345, 0.5000953154843345, 0.5000953154843345]",True
1,MLP,classical,LDA,gwo,1200,2000,31.06110190000618,"{'alpha': 0.0001893520289555443, 'learning_rate_init': 0.00010000000000000009}",0.7085,0.3803009575923393,0.6813725490196079,0.4881474978050922,0.6984124051630702,0.3320556934329071,0.7605598457976156,1139,453,130,278,ok,0.2436343000154011,1,Bank Customer Churn,0.4970055362212224,56.0,"[0.4954999797471826, 0.4954999797471826, 0.49700553622122245, 0.49700553622122245, 0.49700553622122245, 0.49700553622122245, 0.49700553622122245]",True
2,MLP,classical,LDA,gwo,1200,2000,16.029404799977783,"{'alpha': 0.008781814214694655, 'learning_rate_init': 0.00036099919308776044}",0.696,0.3651006711409396,0.6683046683046683,0.4722222222222222,0.6856903128089569,0.3092604166983052,0.7416769620159451,1120,473,135,272,ok,0.1481195000233128,1,Bank Customer Churn,0.5032282216031589,40.0,"[0.5032282216031589, 0.5032282216031589, 0.5032282216031589, 0.5032282216031589, 0.5032282216031589]",True
3,MLP,classical,LDA,gwo,1200,2000,17.108972100017127,"{'alpha': 0.00016124888214314964, 'learning_rate_init': 0.0969898326050336}",0.7215,0.3934659090909091,0.6805896805896806,0.4986498649864986,0.7062709859320029,0.3477638236535434,0.76523827371285,1166,427,130,277,ok,0.053050999995321,1,Bank Customer Churn,0.533442515558467,96.0,"[0.5280070327297602, 0.5280070327297602, 0.5297460283851557, 0.5297460283851557, 0.5297460283851557, 0.5305751320459223, 0.5305751320459223, 0.5311138060716162, 0.5320639756283322, 0.533442515558467, 0.533442515558467, 0.533442515558467]",False
4,MLP,classical,LDA,gwo,1200,2000,11.105143899971154,"{'alpha': 2.2447517208323408e-05, 'learning_rate_init': 0.002062983351953672}",0.7145,0.3864265927977839,0.6855036855036855,0.4942426926483614,0.7037060172653393,0.3415111757520574,0.7694165660267356,1150,443,128,279,ok,0.087604200001806,1,Bank Customer Churn,0.4926286303995282,40.0,"[0.49262863039952826, 0.49262863039952826, 0.49262863039952826, 0.49262863039952826, 0.49262863039952826]",True
5,MLP,classical,LDA,gwo,1200,2000,36.542290900019,"{'alpha': 3.236916152659577e-06, 'learning_rate_init': 0.00024811894825707526}",0.6915,0.3517730496453901,0.6078431372549019,0.4456424079065588,0.660391417873682,0.2705722747235711,0.7226250738989063,1135,457,160,248,ok,0.1124818999669514,1,Bank Customer Churn,0.5216612479471047,80.0,"[0.5193540065684509, 0.5201041453673033, 0.5209978706929926, 0.5209978706929926, 0.5213632775698317, 0.5216612479471047, 0.5216612479471047, 0.5216612479471047, 0.5216612479471047, 0.5216612479471047]",True
6,MLP,classical,LDA,gwo,1200,2000,23.95242489996599,"{'alpha': 0.004125775392204332, 'learning_rate_init': 0.00010000000000000009}",0.7075,0.3878326996197718,0.75,0.5112781954887218,0.7233040201005025,0.3682286514146067,0.7934079096462705,1109,483,102,306,ok,0.1774374999804422,1,Bank Customer Churn,0.4621751857402972,56.0,"[0.4591150973265552, 0.4605338281473023, 0.4621751857402972, 0.4621751857402972, 0.4621751857402972, 0.4621751857402972, 0.4621751857402972]",True
7,MLP,classical,LDA,gwo,1200,2000,24.496804099995643,"{'alpha': 0.022687355389981016, 'learning_rate_init': 0.0005536588455372264}",0.69,0.3632862644415918,0.6953316953316954,0.4772344013490725,0.6919847428322005,0.3170116654415127,0.7639874080552046,1097,496,124,283,ok,0.0972232999629341,1,Bank Customer Churn,0.4788449079247781,72.0,"[0.47646723646723643, 0.47646723646723643, 0.4766743193992984, 0.477109806748361, 0.47884490792477813, 0.47884490792477813, 0.47884490792477813, 0.47884490792477813, 0.47884490792477813]",True
8,MLP,classical,LDA,gwo,1200,2000,26.96190520003438,"{'alpha': 1.7272105130619657e-05, 'learning_rate_init': 0.0006106664056226928}",0.712,0.3850340136054421,0.6953316953316954,0.4956217162872154,0.7057951634222821,0.3437014146609696,0.7668593092321907,1141,452,124,283,ok,0.0837434999994002,1,Bank Customer Churn,0.5393300589807141,72.0,"[0.53793231192612, 0.53793231192612, 0.5386864597390914, 0.5386864597390914, 0.5393300589807141, 0.5393300589807141, 0.5393300589807141, 0.5393300589807141, 0.5393300589807141]",True
9,MLP,classical,LDA,gwo,1200,2000,15.518074900028296,"{'alpha': 1.9126805339292103e-05, 'learning_rate_init': 0.016734801487226534}",0.666,0.3466509988249118,0.7248157248157249,0.4689984101748807,0.6878943658604676,0.3060018495509976,0.7556308234274336,1037,556,112,295,ok,0.0758286999771371,1,Bank Customer Churn,0.5055333142896936,72.0,"[0.5034255154339272, 0.5034255154339272, 0.5035023109269708, 0.5035023109269708, 0.5055333142896936, 0.5055333142896936, 0.5055333142896936, 0.5055333142896936, 0.5055333142896936]",True
10,MLP,classical,LDA,gwo,1200,2000,9.505942399962803,"{'alpha': 1.5774584915936363e-05, 'learning_rate_init': 0.013398395985415739}",0.6975,0.3722438391699092,0.7034313725490197,0.4868532654792197,0.6997056360232535,0.3306882775162159,0.7640407921962755,1108,484,121,287,ok,0.1379298000247217,1,Bank Customer Churn,0.4788627762605458,39.0,"[0.4788627762605458, 0.4788627762605458, 0.4788627762605458, 0.4788627762605458, 0.4788627762605458]",True
11,MLP,classical,LDA,gwo,1200,2000,36.40775179996854,"{'alpha': 0.0003021129391286464, 'learning_rate_init': 0.00010540755043386922}",0.7035,0.3778071334214002,0.7009803921568627,0.4909871244635193,0.7025630604000395,0.336595538122268,0.7599748127894375,1121,471,122,286,ok,0.2100461000227369,1,Bank Customer Churn,0.4661052876885199,72.0,"[0.4658171723354469, 0.4658171723354469, 0.4658171723354469, 0.4658171723354469, 0.46610528768851994, 0.46610528768851994, 0.46610528768851994, 0.46610528768851994, 0.46610528768851994]",True
12,MLP,classical,LDA,gwo,1200,2000,26.30958359997021,"{'alpha': 0.0002647183077533419, 'learning_rate_init': 0.0006881461898534118}",0.7145,0.3888888888888889,0.7051597051597052,0.5013100436681223,0.7110230415315162,0.3521333092881769,0.7719491448305008,1142,451,120,287,ok,0.070521900022868,1,Bank Customer Churn,0.483721902588899,96.0,"[0.4827470130047213, 0.4827470130047213, 0.4827470130047213, 0.48342175444601326, 0.48342175444601326, 0.48342175444601326, 0.48342175444601326, 0.483721902588899, 0.483721902588899, 0.483721902588899, 0.483721902588899, 0.483721902588899]",True
13,MLP,classical,LDA,gwo,1200,2000,13.977745099982712,"{'alpha': 0.004110301598671531, 'learning_rate_init': 0.0873000747828347}",0.693,0.3556485355648535,0.6265356265356266,0.4537366548042704,0.6682583970719564,0.2825133203654402,0.7259123530309971,1131,462,152,255,ok,0.0524264000123366,1,Bank Customer Churn,0.5287495837495837,64.0,"[0.5244971522536944, 0.5244971522536944, 0.527148491832332, 0.5287495837495837, 0.5287495837495837, 0.5287495837495837, 0.5287495837495837, 0.5287495837495837]",True
14,MLP,classical,LDA,gwo,1200,2000,13.495688199996948,"{'alpha': 3.627239296665435e-05, 'learning_rate_init': 0.0006274876795144122}",0.714,0.383638928067701,0.6683046683046683,0.4874551971326165,0.6969897478372055,0.3315831658361221,0.7656824775468842,1156,437,135,272,ok,0.0760923000052571,1,Bank Customer Churn,0.4745082815734989,48.0,"[0.47302789802789796, 0.4745082815734989, 0.4745082815734989, 0.4745082815734989, 0.4745082815734989, 0.4745082815734989]",True
0,XGBoost,classical,LDA,gwo,1200,2000,10.800261199998204,"{'max_depth': 2, 'learning_rate': 0.0019223021735496853, 'subsample': 0.7823180492735677}",0.706,0.3849104859335038,0.7377450980392157,0.5058823529411764,0.717804709823628,0.3597260218746868,0.7861057739678786,1111,481,107,301,ok,0.0692315999767743,1,Bank Customer Churn,0.4697144714920954,56.0,"[0.44029021377787486, 0.4676401569177809, 0.4697144714920954, 0.4697144714920954, 0.4697144714920954, 0.4697144714920954, 0.4697144714920954]",True
1,XGBoost,classical,LDA,gwo,1200,2000,12.56416290003108,"{'max_depth': 2, 'learning_rate': 0.002385116203738481, 'subsample': 0.5676827509490545}",0.689,0.3645569620253164,0.7058823529411765,0.4808013355592654,0.6952778598876737,0.3219425539556786,0.7530260062567742,1090,502,120,288,ok,0.066366699989885,1,Bank Customer Churn,0.5144138896429294,64.0,"[0.4837227841814998, 0.4958270649760011, 0.5073097119106542, 0.5144138896429294, 0.5144138896429294, 0.5144138896429294, 0.5144138896429294, 0.5144138896429294]",True
2,XGBoost,classical,LDA,gwo,1200,2000,13.698065200005658,"{'max_depth': 2, 'learning_rate': 0.006520506099267151, 'subsample': 0.6040994331143966}",0.6665,0.3433734939759036,0.7002457002457002,0.4607922392886014,0.6790619587229756,0.2926216413280293,0.7310746802272226,1048,545,122,285,ok,0.0649825999862514,1,Bank Customer Churn,0.4612193785549651,72.0,"[0.44298433048433045, 0.45868452430908424, 0.4604882761128361, 0.4608518017217415, 0.46121937855496514, 0.46121937855496514, 0.46121937855496514, 0.46121937855496514, 0.46121937855496514]",True
3,XGBoost,classical,LDA,gwo,1200,2000,12.092944099975284,"{'max_depth': 2, 'learning_rate': 0.007567644394932306, 'subsample': 0.9074426466231991}",0.733,0.4039334341906203,0.6560196560196561,0.5,0.7043437890895519,0.3497884878988944,0.7461213139179241,1199,394,140,267,ok,0.0653156000189483,1,Bank Customer Churn,0.484360933800833,64.0,"[0.483469387755102, 0.483469387755102, 0.48416338732802533, 0.48436093380083306, 0.48436093380083306, 0.48436093380083306, 0.48436093380083306, 0.48436093380083306]",True
4,XGBoost,classical,LDA,gwo,1200,2000,10.12847579998197,"{'max_depth': 2, 'learning_rate': 0.0010000000000000002, 'subsample': 1.0}",0.723,0.3927007299270073,0.6609336609336609,0.4926739926739927,0.6998955812515135,0.3391799095580643,0.7557195099567982,1177,416,138,269,ok,0.1070350999943912,1,Bank Customer Churn,0.4276447353198803,48.0,"[0.41865552005316325, 0.4258279443464628, 0.4276447353198803, 0.4276447353198803, 0.4276447353198803, 0.4276447353198803, 0.4276447353198803]",True
5,XGBoost,classical,LDA,gwo,1200,2000,16.837260700005572,"{'max_depth': 3, 'learning_rate': 0.0029221182475565495, 'subsample': 0.5894342823777079}",0.754,0.4244604316546763,0.5784313725490197,0.4896265560165975,0.6887131737116958,0.3394789380882888,0.7421120615331559,1272,320,172,236,ok,0.0548240999924019,1,Bank Customer Churn,0.4793999225706543,96.0,"[0.46159824004629696, 0.4707573716548204, 0.47189391669163916, 0.47200582193661783, 0.4734069443043931, 0.4734069443043931, 0.47446687980256885, 0.47778209595282767, 0.47887566137566134, 0.47887566137566134, 0.47887566137566134, 0.4793999225706543]",False
6,XGBoost,classical,LDA,gwo,1200,2000,11.029906699957792,"{'max_depth': 2, 'learning_rate': 0.0010833021319702771, 'subsample': 0.5}",0.6725,0.3517406962785114,0.7181372549019608,0.4721998388396454,0.6894706375012316,0.309753053692275,0.7477145223667356,1052,540,115,293,ok,0.0706597000244073,1,Bank Customer Churn,0.5092208054268743,56.0,"[0.5034355409020886, 0.5066066049427179, 0.5092208054268743, 0.5092208054268743, 0.5092208054268743, 0.5092208054268743, 0.5092208054268743]",True
7,XGBoost,classical,LDA,gwo,1200,2000,14.164344999997413,"{'max_depth': 2, 'learning_rate': 0.013772664991433552, 'subsample': 0.501790547652866}",0.7325,0.4101123595505618,0.7174447174447175,0.5218945487042002,0.7268956167261252,0.3815603740944318,0.7681379376294633,1173,420,115,292,ok,0.0590202999883331,1,Bank Customer Churn,0.4890253446749304,80.0,"[0.47523857627972105, 0.47673759562304446, 0.4819802562540878, 0.48569175879721244, 0.488155905463222, 0.4890253446749304, 0.4890253446749304, 0.4890253446749304, 0.4890253446749304, 0.4890253446749304]",True
8,XGBoost,classical,LDA,gwo,1200,2000,11.101243899960537,"{'max_depth': 2, 'learning_rate': 0.0010000000000000002, 'subsample': 0.8323809882547901}",0.6595,0.3504366812227074,0.7886977886977887,0.4852607709750567,0.7075943431875635,0.335496678832602,0.7786391938934312,998,595,86,321,ok,0.094733299978543,1,Bank Customer Churn,0.4849242322950673,56.0,"[0.47686977966957916, 0.4792469252827309, 0.48492423229506737, 0.48492423229506737, 0.48492423229506737, 0.48492423229506737, 0.48492423229506737]",True
9,XGBoost,classical,LDA,gwo,1200,2000,12.88045440003043,"{'max_depth': 2, 'learning_rate': 0.004218640833138009, 'subsample': 0.6045152615977557}",0.717,0.3815201192250372,0.628992628992629,0.4749536178107607,0.6842389384762266,0.3141902908774583,0.7373467458213222,1178,415,151,256,ok,0.0690829000086523,1,Bank Customer Churn,0.4987035282234678,64.0,"[0.4713458535376343, 0.4800766234907312, 0.49798849464242645, 0.4987035282234678, 0.4987035282234678, 0.4987035282234678, 0.4987035282234678, 0.4987035282234678]",True
10,XGBoost,classical,LDA,gwo,1200,2000,19.13507830002345,"{'max_depth': 6, 'learning_rate': 0.002161217657996381, 'subsample': 0.5809170222106871}",0.6605,0.3396449704142011,0.7034313725490197,0.4581005586592179,0.6764644299931029,0.2879184130803899,0.742734813774756,1034,558,121,287,ok,0.0686312000034377,1,Bank Customer Churn,0.4761899052746909,88.0,"[0.4718654215828355, 0.4744367423804004, 0.4744367423804004, 0.4744367423804004, 0.47469571773684777, 0.4748076193497201, 0.47618990527469096, 0.47618990527469096, 0.47618990527469096, 0.47618990527469096, 0.47618990527469096]",True
11,XGBoost,classical,LDA,gwo,1200,2000,15.087093300011476,"{'max_depth': 3, 'learning_rate': 0.004415037337224098, 'subsample': 0.745978861330598}",0.674,0.3377659574468085,0.6225490196078431,0.4379310344827586,0.6548674746280422,0.2576769744160249,0.7166153993004236,1094,498,154,254,ok,0.0616630999720655,1,Bank Customer Churn,0.4339972560005954,72.0,"[0.4290538805894813, 0.4290538805894813, 0.4316220420863015, 0.4316220420863015, 0.4339972560005954, 0.4339972560005954, 0.4339972560005954, 0.4339972560005954, 0.4339972560005954]",True
12,XGBoost,classical,LDA,gwo,1200,2000,15.726353600039149,"{'max_depth': 2, 'learning_rate': 0.01837687665172344, 'subsample': 0.8200797920978755}",0.6405,0.3258928571428571,0.7174447174447175,0.4481964696853415,0.6691429488039657,0.2738737726917736,0.7487441216254775,989,604,115,292,ok,0.0540129000437445,1,Bank Customer Churn,0.4722275429028224,96.0,"[0.4619723957606668, 0.4679376862449607, 0.4679376862449607, 0.4679376862449607, 0.4682199358664834, 0.46840233059817343, 0.4716538377235395, 0.4716538377235395, 0.47189909581338796, 0.4722275429028224, 0.4722275429028224, 0.4722275429028224]",False
13,XGBoost,classical,LDA,gwo,1200,2000,12.869838600046933,"{'max_depth': 5, 'learning_rate': 0.0010000000000000002, 'subsample': 0.6866239837519975}",0.6015,0.309197651663405,0.7764127764127764,0.4422673198040587,0.6666119123746242,0.2683775983290222,0.7262910059520229,887,706,91,316,ok,0.0882205000380054,1,Bank Customer Churn,0.4747075079662946,56.0,"[0.4651924651924652, 0.46900663909768175, 0.4747075079662946, 0.4747075079662946, 0.4747075079662946, 0.4747075079662946, 0.4747075079662946]",True
14,XGBoost,classical,LDA,gwo,1200,2000,11.552176299970595,"{'max_depth': 2, 'learning_rate': 0.006002344491826563, 'subsample': 0.5}",0.701,0.3792667509481668,0.7371007371007371,0.5008347245409015,0.714438629692867,0.3531317115284164,0.7692900913239897,1102,491,107,300,ok,0.0702291000052355,1,Bank Customer Churn,0.5119731650136962,56.0,"[0.5097108215469895, 0.5097108215469895, 0.5119731650136962, 0.5119731650136962, 0.5119731650136962, 0.5119731650136962, 0.5119731650136962]",True
0,VQC,quantum,LDA,gwo,1200,2000,893.0268021999509,"{'n_layers': 4, 'learning_rate': 0.06541929009864707, 'map_reps': 1, 'feature_map': 'angle', 'entanglement': 'linear', 'init_scale': 0.23710006551278523}",0.6045,0.3135345666991236,0.7892156862745098,0.448780487804878,0.6731882451473051,0.2792597717199817,0.7371646837126811,887,705,86,322,ok,7.568152500025462,1,Bank Customer Churn,0.5103631269533503,48.0,"[0.4825945791961377, 0.5103631269533503, 0.5103631269533503, 0.5103631269533503, 0.5103631269533503, 0.5103631269533503]",True
1,VQC,quantum,LDA,gwo,1200,2000,687.845130599977,"{'n_layers': 4, 'learning_rate': 0.00177487256068334, 'map_reps': 2, 'feature_map': 'angle', 'entanglement': 'circular', 'init_scale': 0.3293288473068145}",0.7245,0.3956204379562044,0.6642156862745098,0.4958828911253431,0.7020827175091142,0.3432042207389181,0.7560012070154696,1178,414,137,271,ok,9.129324999987148,1,Bank Customer Churn,0.4978753026993243,40.0,"[0.49787530269932434, 0.49787530269932434, 0.49787530269932434, 0.49787530269932434, 0.49787530269932434]",True
2,VQC,quantum,LDA,gwo,1200,2000,1043.437319199962,"{'n_layers': 6, 'learning_rate': 0.0014011878902898999, 'map_reps': 1, 'feature_map': 'angle', 'entanglement': 'linear', 'init_scale': 0.5}",0.703,0.3727891156462585,0.6732186732186732,0.4798598949211909,0.6919137936087089,0.3205179424985688,0.7663025120652239,1132,461,133,274,ok,7.624606300028972,1,Bank Customer Churn,0.4981580655631288,56.0,"[0.4923528438393439, 0.49426812257000935, 0.4981580655631288, 0.4981580655631288, 0.4981580655631288, 0.4981580655631288, 0.4981580655631288]",True
3,VQC,quantum,LDA,gwo,1200,2000,904.4007661999784,"{'n_layers': 1, 'learning_rate': 0.031879579559193384, 'map_reps': 1, 'feature_map': 'angle', 'entanglement': 'circular', 'init_scale': 0.25076863484287426}",0.6825,0.3475935828877005,0.6388206388206388,0.4502164502164502,0.6662402001385053,0.2766420396043227,0.7398014347166889,1105,488,147,260,ok,3.41495040000882,1,Bank Customer Churn,0.4681565794396476,88.0,"[0.4640266299357208, 0.4640266299357208, 0.4640266299357208, 0.46422390771997035, 0.46422390771997035, 0.4644745910521839, 0.4681565794396476, 0.4681565794396476, 0.4681565794396476, 0.4681565794396476, 0.4681565794396476]",True
4,VQC,quantum,LDA,gwo,1200,2000,697.503996799991,"{'n_layers': 5, 'learning_rate': 0.008623182580340522, 'map_reps': 2, 'feature_map': 'angle', 'entanglement': 'linear', 'init_scale': 0.17224011240678774}",0.705,0.3771812080536912,0.6904176904176904,0.4878472222222222,0.69957168262253,0.3323793298389472,0.7438424557068624,1129,464,126,281,ok,9.679515700030606,1,Bank Customer Churn,0.4749862776588998,40.0,"[0.4749862776588998, 0.4749862776588998, 0.4749862776588998, 0.4749862776588998, 0.4749862776588998]",True
5,VQC,quantum,LDA,gwo,1200,2000,1461.5494470000267,"{'n_layers': 5, 'learning_rate': 0.008235495736031117, 'map_reps': 1, 'feature_map': 'zz', 'entanglement': 'circular', 'init_scale': 0.2345816502855001}",0.6835,0.3599003735990037,0.7083333333333334,0.4772914946325351,0.6927345058626466,0.3168737297930132,0.7541106266627254,1078,514,119,289,ok,4.547720399976242,1,Bank Customer Churn,0.4870585288469566,96.0,"[0.47967139676674986, 0.47982436774842396, 0.48465179570559086, 0.48465179570559086, 0.4848688809767676, 0.4848688809767676, 0.4848688809767676, 0.48705852884695666, 0.48705852884695666, 0.48705852884695666, 0.48705852884695666, 0.48705852884695666]",True
6,VQC,quantum,LDA,gwo,1200,2000,849.5808266999666,"{'n_layers': 4, 'learning_rate': 0.12182318769983314, 'map_reps': 2, 'feature_map': 'angle', 'entanglement': 'circular', 'init_scale': 0.3529564096557122}",0.7415,0.4133545310015898,0.6372549019607843,0.5014464802314368,0.7027354911813972,0.3518984406638836,0.7464713272243569,1223,369,148,260,ok,8.287011099979281,1,Bank Customer Churn,0.5105076596220508,48.0,"[0.5042349088005397, 0.5105076596220508, 0.5105076596220508, 0.5105076596220508, 0.5105076596220508, 0.5105076596220508]",True
7,VQC,quantum,LDA,gwo,1200,2000,1285.5502728000283,"{'n_layers': 6, 'learning_rate': 0.007852111284369197, 'map_reps': 1, 'feature_map': 'angle', 'entanglement': 'full', 'init_scale': 0.3240218224167654}",0.676,0.3563766388557807,0.7346437346437347,0.4799357945425361,0.6978303418981385,0.322798047723948,0.7612281002111512,1053,540,108,299,ok,5.5742959000053816,1,Bank Customer Churn,0.4776105701078777,72.0,"[0.46717990863253783, 0.4730871447393186, 0.4730871447393186, 0.4764906701779012, 0.4776105701078777, 0.4776105701078777, 0.4776105701078777, 0.4776105701078777, 0.4776105701078777]",True
8,VQC,quantum,LDA,gwo,1200,2000,1036.883651500044,"{'n_layers': 1, 'learning_rate': 0.14404614529560703, 'map_reps': 1, 'feature_map': 'angle', 'entanglement': 'linear', 'init_scale': 0.2993324117617093}",0.685,0.3482993197278911,0.628992628992629,0.4483362521891418,0.6641510539815625,0.2741509981737673,0.7420070301426234,1114,479,151,256,ok,3.095078499987721,1,Bank Customer Churn,0.4885844748858448,96.0,"[0.46990792724006286, 0.46990792724006286, 0.46990792724006286, 0.47571288132449835, 0.47571288132449835, 0.47571288132449835, 0.4768775980226941, 0.4768775980226941, 0.4768775980226941, 0.48578624707656964, 0.4885844748858448, 0.4885844748858448]",False
9,VQC,quantum,LDA,gwo,1200,2000,1280.9539073000196,"{'n_layers': 2, 'learning_rate': 0.010719454604737937, 'map_reps': 1, 'feature_map': 'angle', 'entanglement': 'circular', 'init_scale': 0.49704838224650083}",0.6895,0.3685503685503685,0.7371007371007371,0.4914004914004914,0.707219546202597,0.3396340778222068,0.7642943405655269,1079,514,107,300,ok,3.0036364999832585,1,Bank Customer Churn,0.4761813537675607,96.0,"[0.4604379521185333, 0.4668826976481066, 0.4684556798262604, 0.4754602787102024, 0.4754602787102024, 0.4754602787102024, 0.4754602787102024, 0.4761813537675607, 0.4761813537675607, 0.4761813537675607, 0.4761813537675607, 0.4761813537675607]",True
10,VQC,quantum,LDA,gwo,1200,2000,1261.6639965000213,"{'n_layers': 3, 'learning_rate': 0.0015619190259662963, 'map_reps': 1, 'feature_map': 'angle', 'entanglement': 'circular', 'init_scale': 0.21404714399216968}",0.7005,0.3714670255720054,0.6764705882352942,0.4795829713292789,0.6915644398462903,0.3195100014690383,0.7502293945216277,1125,467,132,276,ok,4.001749099988956,1,Bank Customer Churn,0.4315970609254222,96.0,"[0.41638149950151987, 0.41825078090138335, 0.4228475307626205, 0.4228475307626205, 0.4228475307626205, 0.4228475307626205, 0.42477096812229237, 0.4309426450509413, 0.4313779119104379, 0.4313779119104379, 0.4315970609254222, 0.4315970609254222]",False
11,VQC,quantum,LDA,gwo,1200,2000,1221.4795664999983,"{'n_layers': 6, 'learning_rate': 0.003918941391532358, 'map_reps': 1, 'feature_map': 'angle', 'entanglement': 'circular', 'init_scale': 0.05074824630572869}",0.717,0.3902777777777778,0.6887254901960784,0.4982269503546099,0.7064858606759287,0.3466974873234401,0.762277995369002,1153,439,127,281,ok,6.732611499959603,1,Bank Customer Churn,0.4879328056848466,72.0,"[0.47909647140984646, 0.47916842535098264, 0.48558872515510076, 0.48558872515510076, 0.48793280568484665, 0.48793280568484665, 0.48793280568484665, 0.48793280568484665, 0.48793280568484665]",True
12,VQC,quantum,LDA,gwo,1200,2000,1134.740437300003,"{'n_layers': 6, 'learning_rate': 0.021543482774080393, 'map_reps': 1, 'feature_map': 'zz', 'entanglement': 'linear', 'init_scale': 0.010949616515850427}",0.6835,0.3611793611793611,0.7223587223587223,0.4815724815724815,0.6979652996602149,0.3244663122906273,0.7550771110093143,1073,520,113,294,ok,7.087410000036471,1,Bank Customer Churn,0.4798431036941948,72.0,"[0.45383567871103375, 0.4781887739439222, 0.4781887739439222, 0.4781887739439222, 0.4798431036941948, 0.4798431036941948, 0.4798431036941948, 0.4798431036941948, 0.4798431036941948]",True
13,VQC,quantum,LDA,gwo,1200,2000,1034.4208531999611,"{'n_layers': 2, 'learning_rate': 0.121817696748866, 'map_reps': 1, 'feature_map': 'angle', 'entanglement': 'full', 'init_scale': 0.0117395845567611}",0.6805,0.3654292343387471,0.773955773955774,0.4964539007092198,0.7152892491875542,0.3500520839092728,0.7788003720207111,1046,547,92,315,ok,4.346639399998821,1,Bank Customer Churn,0.507099025159305,80.0,"[0.4755492045379131, 0.4776229050470981, 0.4776229050470981, 0.48018986802658353, 0.5048671796966802, 0.507099025159305, 0.507099025159305, 0.507099025159305, 0.507099025159305, 0.507099025159305]",True
14,VQC,quantum,LDA,gwo,1200,2000,874.3456032000249,"{'n_layers': 2, 'learning_rate': 0.05390951376101529, 'map_reps': 1, 'feature_map': 'angle', 'entanglement': 'circular', 'init_scale': 0.45936061274036116}",0.6855,0.36125,0.7100737100737101,0.4788732394366197,0.6946476522747709,0.3199253410112277,0.770803160633669,1082,511,118,289,ok,5.218406600004528,1,Bank Customer Churn,0.5141919025628471,56.0,"[0.5078904161278343, 0.5097001763668431, 0.5141919025628471, 0.5141919025628471, 0.5141919025628471, 0.5141919025628471, 0.5141919025628471]",True
0,QNN,quantum,LDA,gwo,1200,2000,1335.1983611999894,"{'n_layers': 6, 'learning_rate': 0.010270961944151015, 'feature_map': 'angle', 'entanglement': 'circular', 'init_scale': 0.1355924207299681}",0.7075,0.3799185888738127,0.6862745098039216,0.4890829694323144,0.6996071041481919,0.333481835919387,0.7627475613360923,1135,457,128,280,ok,7.342340200033504,1,Bank Customer Churn,0.4885335122642213,72.0,"[0.48323402495924306, 0.4837946502496964, 0.4837946502496964, 0.4860395443943604, 0.4885335122642213, 0.4885335122642213, 0.4885335122642213, 0.4885335122642213, 0.4885335122642213]",True
1,QNN,quantum,LDA,gwo,1200,2000,1353.722576900036,"{'n_layers': 4, 'learning_rate': 0.0205164921225112, 'feature_map': 'angle', 'entanglement': 'linear', 'init_scale': 0.0998663779601529}",0.723,0.3866459627329192,0.6102941176470589,0.4733840304182509,0.6810892698788058,0.312357219476898,0.7489731131145926,1197,395,159,249,ok,4.833109500003047,1,Bank Customer Churn,0.5037094547964114,80.0,"[0.49975697304332795, 0.49975697304332795, 0.49975697304332795, 0.49975697304332795, 0.5019077126970021, 0.5037094547964114, 0.5037094547964114, 0.5037094547964114, 0.5037094547964114, 0.5037094547964114]",True
2,QNN,quantum,LDA,gwo,1200,2000,989.0610047999652,"{'n_layers': 1, 'learning_rate': 0.006953960235664088, 'feature_map': 'angle', 'entanglement': 'linear', 'init_scale': 0.4572192352982279}",0.6855,0.3619402985074627,0.714987714987715,0.4805945499587118,0.6964769083413151,0.3226658397971154,0.7632115937200683,1080,513,116,291,ok,3.6177673999918634,1,Bank Customer Churn,0.5066309145765312,80.0,"[0.50139470013947, 0.5034068677055926, 0.5034068677055926, 0.5034068677055926, 0.5054686126252858, 0.5066309145765312, 0.5066309145765312, 0.5066309145765312, 0.5066309145765312, 0.5066309145765312]",True
3,QNN,quantum,LDA,gwo,1200,2000,1148.0380757999956,"{'n_layers': 6, 'learning_rate': 0.061767576375779315, 'feature_map': 'angle', 'entanglement': 'linear', 'init_scale': 0.2828647837217526}",0.7425,0.4169230769230769,0.6658476658476659,0.5127719962157048,0.7139658919319936,0.3678375608183455,0.7739650282023164,1214,379,136,271,ok,9.892628300003707,1,Bank Customer Churn,0.4995609316659206,56.0,"[0.488416921280771, 0.488416921280771, 0.4995609316659206, 0.4995609316659206, 0.4995609316659206, 0.4995609316659206, 0.4995609316659206]",True
4,QNN,quantum,LDA,gwo,1200,2000,1270.9410902999807,"{'n_layers': 2, 'learning_rate': 0.4391942370354972, 'feature_map': 'zz', 'entanglement': 'linear', 'init_scale': 0.2772710196237415}",0.75,0.4176991150442478,0.5798525798525799,0.48559670781893,0.686662008695907,0.3338419041012126,0.7262223702901669,1264,329,171,236,ok,3.5565964999841526,1,Bank Customer Churn,0.449999743369963,96.0,"[0.434278266536331, 0.434278266536331, 0.434278266536331, 0.43863269432560265, 0.43863269432560265, 0.44169841616024547, 0.44411822121205047, 0.44411822121205047, 0.44411822121205047, 0.449999743369963, 0.449999743369963, 0.449999743369963]",False
5,QNN,quantum,LDA,gwo,1200,2000,864.6890924999607,"{'n_layers': 1, 'learning_rate': 0.1426428955140497, 'feature_map': 'angle', 'entanglement': 'linear', 'init_scale': 0.22501211834858112}",0.69,0.3616187989556135,0.678921568627451,0.4718909710391822,0.6858803823036752,0.3081720172999618,0.7593482116464676,1103,489,131,277,ok,4.185351799998898,1,Bank Customer Churn,0.5342485889139034,80.0,"[0.5136655509677169, 0.5164263135705194, 0.5164263135705194, 0.5164263135705194, 0.5164263135705194, 0.5342485889139034, 0.5342485889139034, 0.5342485889139034, 0.5342485889139034, 0.5342485889139034]",True
6,QNN,quantum,LDA,gwo,1200,2000,1522.0785617000074,"{'n_layers': 4, 'learning_rate': 0.10625456095991709, 'feature_map': 'zz', 'entanglement': 'linear', 'init_scale': 0.23443519375266214}",0.617,0.3195564516129032,0.7769607843137255,0.4528571428571428,0.6764829047196768,0.2844776488538187,0.7220862277071632,917,675,91,317,ok,4.604672800051048,1,Bank Customer Churn,0.4545372994914397,96.0,"[0.44658521826106407, 0.447197057847127, 0.4520287232655191, 0.4520287232655191, 0.45257901732383116, 0.45257901732383116, 0.45257901732383116, 0.4545372994914397, 0.4545372994914397, 0.4545372994914397, 0.4545372994914397, 0.4545372994914397]",True
7,QNN,quantum,LDA,gwo,1200,2000,648.338140799955,"{'n_layers': 1, 'learning_rate': 0.0367705211711193, 'feature_map': 'angle', 'entanglement': 'circular', 'init_scale': 0.5}",0.682,0.3588162762022195,0.714987714987715,0.4778325123152709,0.6942797959747112,0.3186114451692394,0.7525368203334305,1073,520,116,291,ok,4.232024900033139,1,Bank Customer Churn,0.4995222895359694,48.0,"[0.4970703214722123, 0.49952228953596944, 0.49952228953596944, 0.49952228953596944, 0.49952228953596944, 0.49952228953596944]",True
8,QNN,quantum,LDA,gwo,1200,2000,1082.5550137999817,"{'n_layers': 1, 'learning_rate': 0.46276727445964255, 'feature_map': 'zz', 'entanglement': 'linear', 'init_scale': 0.3628683580228695}",0.7135,0.3768545994065282,0.6240786240786241,0.4699352451433857,0.6802125700430786,0.3069859208814358,0.7409211985483171,1173,420,153,254,ok,3.283559100003913,1,Bank Customer Churn,0.4937863228096383,96.0,"[0.4732667023470205, 0.4781702307750772, 0.4823049146171849, 0.4840608282935645, 0.4840608282935645, 0.4840608282935645, 0.4840608282935645, 0.49310618663271105, 0.49310618663271105, 0.49310618663271105, 0.49310618663271105, 0.49378632280963836]",False
9,QNN,quantum,LDA,gwo,1200,2000,844.1142072999501,"{'n_layers': 5, 'learning_rate': 0.09171578578639364, 'feature_map': 'angle', 'entanglement': 'circular', 'init_scale': 0.41374432459734206}",0.7075,0.3760445682451253,0.6633906633906634,0.48,0.6910801402326826,0.3207335600249211,0.7475672899401712,1145,448,137,270,ok,12.152262800023893,1,Bank Customer Churn,0.4748449296921047,40.0,"[0.47484492969210473, 0.47484492969210473, 0.47484492969210473, 0.47484492969210473, 0.47484492969210473]",True
10,QNN,quantum,LDA,gwo,1200,2000,971.5892672999762,"{'n_layers': 3, 'learning_rate': 0.005912193752821238, 'feature_map': 'angle', 'entanglement': 'linear', 'init_scale': 0.26717322998727955}",0.701,0.3740053050397878,0.6911764705882353,0.4853700516351119,0.697347029263967,0.3281840785810339,0.7560658685584787,1120,472,126,282,ok,7.161502700007986,1,Bank Customer Churn,0.4887690925426775,72.0,"[0.4807691906893172, 0.4869325227835209, 0.4869325227835209, 0.4869325227835209, 0.4887690925426775, 0.4887690925426775, 0.4887690925426775, 0.4887690925426775, 0.4887690925426775]",True
11,QNN,quantum,LDA,gwo,1200,2000,1233.005176799954,"{'n_layers': 3, 'learning_rate': 0.20855625267720243, 'feature_map': 'zz', 'entanglement': 'linear', 'init_scale': 0.20817828818762238}",0.7725,0.4540117416829745,0.5686274509803921,0.5048966267682263,0.6966880973494926,0.3634560389384826,0.7612895974972904,1313,279,176,232,ok,5.017220000037924,1,Bank Customer Churn,0.4756232273473652,72.0,"[0.45802095682324406, 0.45802095682324406, 0.46942301030948536, 0.46942301030948536, 0.47562322734736523, 0.47562322734736523, 0.47562322734736523, 0.47562322734736523, 0.47562322734736523]",True
12,QNN,quantum,LDA,gwo,1200,2000,1154.336133799981,"{'n_layers': 3, 'learning_rate': 0.051994693750968574, 'feature_map': 'angle', 'entanglement': 'linear', 'init_scale': 0.14232132233005168}",0.706,0.3816993464052287,0.7174447174447175,0.4982935153583617,0.7102603373789815,0.3483599734179643,0.7658984099662065,1120,473,115,292,ok,5.473896600014996,1,Bank Customer Churn,0.5027113237639553,64.0,"[0.4956332247998915, 0.4956332247998915, 0.49867128775086006, 0.5027113237639553, 0.5027113237639553, 0.5027113237639553, 0.5027113237639553, 0.5027113237639553]",True
13,QNN,quantum,LDA,gwo,1200,2000,1229.295809299976,"{'n_layers': 3, 'learning_rate': 0.027163192540396192, 'feature_map': 'angle', 'entanglement': 'linear', 'init_scale': 0.3616115915527306}",0.729,0.3966309341500765,0.6363636363636364,0.4886792452830188,0.694515779261542,0.3340023612189171,0.7622275588377284,1199,394,148,259,ok,5.264638599997852,1,Bank Customer Churn,0.5094283217791261,88.0,"[0.49704661558109836, 0.5037567589326133, 0.5037567589326133, 0.5059405514690067, 0.5059405514690067, 0.5059405514690067, 0.5094283217791261, 0.5094283217791261, 0.5094283217791261, 0.5094283217791261, 0.5094283217791261]",True
14,QNN,quantum,LDA,gwo,1200,2000,1135.9615601999683,"{'n_layers': 1, 'learning_rate': 0.029427421579201463, 'feature_map': 'angle', 'entanglement': 'linear', 'init_scale': 0.19421937887892077}",0.7185,0.3852941176470588,0.6437346437346437,0.4820607175712971,0.6906683262615466,0.3240949175218786,0.7635771364584923,1175,418,145,262,ok,3.1050450000329874,1,Bank Customer Churn,0.4990524610766242,64.0,"[0.49406554786116824, 0.49406554786116824, 0.49831174921353893, 0.49905246107662427, 0.49905246107662427, 0.49905246107662427, 0.49905246107662427, 0.49905246107662427]",True
0,QSVC,quantum,LDA,gwo,1200,2000,372.319225299987,"{'C': 0.06739379980865813, 'map_reps': 1, 'scale': 0.27471994186186743, 'entanglement': 'circular'}",0.761,0.4390243902439024,0.6176470588235294,0.5132382892057027,0.7076928761454331,0.3700304811904686,0.7648575290669032,1270,322,156,252,ok,5.043949100014288,1,Bank Customer Churn,0.5188373567621577,96.0,"[0.4957512696643131, 0.503791211092958, 0.5112009906426458, 0.5112009906426458, 0.5150345388053638, 0.5156609155141859, 0.5156609155141859, 0.5188373567621577, 0.5188373567621577, 0.5188373567621577, 0.5188373567621577, 0.5188373567621577]",True
1,QSVC,quantum,LDA,gwo,1200,2000,430.55425659997854,"{'C': 1.1039852845096707, 'map_reps': 2, 'scale': 0.2786994114297754, 'entanglement': 'linear'}",0.6975,0.3698811096433289,0.6862745098039216,0.4806866952789699,0.6933256971130161,0.3212459711267552,0.7655241587841167,1115,477,128,280,ok,5.219825399981346,1,Bank Customer Churn,0.4900388828385436,96.0,"[0.4805938310525466, 0.48585179382280824, 0.48585179382280824, 0.48585179382280824, 0.48585179382280824, 0.4885865655681929, 0.4885865655681929, 0.48861570838323126, 0.49003888283854363, 0.49003888283854363, 0.49003888283854363, 0.49003888283854363]",False
2,QSVC,quantum,LDA,gwo,1200,2000,293.3919757999829,"{'C': 1.0419650556209221, 'map_reps': 1, 'scale': 0.6650904308976335, 'entanglement': 'linear'}",0.6755,0.3460559796437659,0.6683046683046683,0.4559932942162615,0.6728215118045626,0.2849130039702549,0.7329147329147327,1079,514,135,272,ok,7.049873500014655,1,Bank Customer Churn,0.4499191244522314,80.0,"[0.43447769452504076, 0.4450933413197564, 0.4468732047166772, 0.4468732047166772, 0.4468732047166772, 0.4499191244522314, 0.4499191244522314, 0.4499191244522314, 0.4499191244522314, 0.4499191244522314]",True
3,QSVC,quantum,LDA,gwo,1200,2000,317.54295049997745,"{'C': 2.0246418989124253, 'map_reps': 1, 'scale': 0.48581418313327723, 'entanglement': 'circular'}",0.708,0.3802435723951285,0.6904176904176904,0.4904013961605584,0.7014549217939048,0.3360726789453441,0.7714602121381784,1135,458,126,281,ok,6.350742100039497,1,Bank Customer Churn,0.4907136460391792,88.0,"[0.4850697453437179, 0.48548025014630425, 0.48548025014630425, 0.4898981723364142, 0.4898981723364142, 0.4898981723364142, 0.4907136460391792, 0.4907136460391792, 0.4907136460391792, 0.4907136460391792, 0.4907136460391792]",True
4,QSVC,quantum,LDA,gwo,1200,2000,328.7668084999896,"{'C': 38.87297019320013, 'map_reps': 2, 'scale': 0.4350020072865346, 'entanglement': 'circular'}",0.724,0.3944687045123726,0.6658476658476659,0.4954296160877514,0.7023525837085159,0.3431097904509064,0.7568786043362314,1177,416,136,271,ok,8.857643500028644,1,Bank Customer Churn,0.4961579543099463,72.0,"[0.4924467156948397, 0.4924467156948397, 0.49308574037486413, 0.49308574037486413, 0.4961579543099463, 0.4961579543099463, 0.4961579543099463, 0.4961579543099463, 0.4961579543099463]",True
5,QSVC,quantum,LDA,gwo,1200,2000,397.25572240003385,"{'C': 0.03235048143920799, 'map_reps': 3, 'scale': 0.25571048614460434, 'entanglement': 'full'}",0.7035,0.3720608575380359,0.6593137254901961,0.4756852343059239,0.6870689230466056,0.3138113575563147,0.768329238102276,1138,454,139,269,ok,8.072807299962733,1,Bank Customer Churn,0.47753681024739,71.0,"[0.4626913382278189, 0.47679623975273994, 0.47679623975273994, 0.47679623975273994, 0.47753681024739, 0.47753681024739, 0.47753681024739, 0.47753681024739, 0.47753681024739]",True
6,QSVC,quantum,LDA,gwo,1200,2000,315.4493856000481,"{'C': 0.010258112086252064, 'map_reps': 1, 'scale': 0.35470804029523134, 'entanglement': 'linear'}",0.7535,0.4217311233885819,0.5612745098039216,0.4815983175604627,0.6820191644496995,0.3298519338958145,0.5,1278,314,179,229,ok,6.672387800004799,1,Bank Customer Churn,0.4888984396451894,88.0,"[0.4732847601700061, 0.47745747872402555, 0.48144823733067105, 0.4849676762197775, 0.4881899871630295, 0.4881899871630295, 0.4888984396451894, 0.4888984396451894, 0.4888984396451894, 0.4888984396451894, 0.4888984396451894]",True
7,QSVC,quantum,LDA,gwo,1200,2000,349.85071059997426,"{'C': 0.10368344270108185, 'map_reps': 1, 'scale': 0.29675549522491473, 'entanglement': 'circular'}",0.7005,0.3706199460916442,0.6756756756756757,0.4786771105308964,0.6912590556658353,0.3187974376803929,0.7675842252113438,1126,467,132,275,ok,5.4515303000225686,1,Bank Customer Churn,0.4942307116050998,96.0,"[0.48143387589645625, 0.4881912950813671, 0.4881912950813671, 0.48881641689844607, 0.4905108672550533, 0.4923182562900414, 0.4923182562900414, 0.49423071160509985, 0.49423071160509985, 0.49423071160509985, 0.49423071160509985, 0.49423071160509985]",True
8,QSVC,quantum,LDA,gwo,1200,2000,368.8700945000164,"{'C': 0.11460542039323325, 'map_reps': 1, 'scale': 0.25, 'entanglement': 'linear'}",0.708,0.3726618705035971,0.6363636363636364,0.47005444646098,0.6813331050619187,0.3066299190201642,0.7421597252105727,1157,436,148,259,ok,4.981877300015185,1,Bank Customer Churn,0.4854149098655179,96.0,"[0.469557634302415, 0.47551217493274467, 0.47551217493274467, 0.4777015564324711, 0.4777015564324711, 0.4777015564324711, 0.4790746966600687, 0.4790746966600687, 0.48489171462885844, 0.48489171462885844, 0.48489171462885844, 0.4854149098655179]",False
9,QSVC,quantum,LDA,gwo,1200,2000,391.28318700002274,"{'C': 0.07334290519531218, 'map_reps': 3, 'scale': 0.25, 'entanglement': 'linear'}",0.6865,0.3567708333333333,0.6732186732186732,0.4663829787234042,0.6815559781661477,0.3005797216363842,0.746544695697238,1099,494,133,274,ok,8.21805189998122,1,Bank Customer Churn,0.4894432847507281,72.0,"[0.48058330334359384, 0.48161498069066117, 0.4881145464412569, 0.4881145464412569, 0.4894432847507281, 0.4894432847507281, 0.4894432847507281, 0.4894432847507281, 0.4894432847507281]",True
10,QSVC,quantum,LDA,gwo,1200,2000,219.5126614999608,"{'C': 51.08467329343925, 'map_reps': 1, 'scale': 0.6401506414619138, 'entanglement': 'full'}",0.7075,0.3751763046544429,0.6519607843137255,0.4762757385854969,0.686847226327717,0.3147980442082975,0.7564861685880382,1149,443,142,266,ok,7.56348790001357,1,Bank Customer Churn,0.4774628999060006,56.0,"[0.4716583514237473, 0.4716583514237473, 0.4774628999060006, 0.4774628999060006, 0.4774628999060006, 0.4774628999060006, 0.4774628999060006]",True
11,QSVC,quantum,LDA,gwo,1200,2000,331.527523900033,"{'C': 0.07526344335953425, 'map_reps': 1, 'scale': 0.2512748704002161, 'entanglement': 'circular'}",0.752,0.4241379310344828,0.6029411764705882,0.4979757085020243,0.6965710907478568,0.3491347583505838,0.7558903586560253,1258,334,162,246,ok,5.934358300000895,1,Bank Customer Churn,0.4855632739353669,80.0,"[0.46659872579703915, 0.46675099555753685, 0.46979144105956433, 0.4800016596133101, 0.48261586673264056, 0.48556327393536697, 0.48556327393536697, 0.48556327393536697, 0.48556327393536697, 0.48556327393536697]",True
12,QSVC,quantum,LDA,gwo,1200,2000,194.2767235999927,"{'C': 0.03412443227838673, 'map_reps': 1, 'scale': 0.44237314313845844, 'entanglement': 'linear'}",0.6925,0.3638743455497382,0.683046683046683,0.4748078565328779,0.6889809686419857,0.3131823252136989,0.7508648864581068,1107,486,129,278,ok,7.492732700018678,1,Bank Customer Churn,0.4639644715763868,48.0,"[0.45821423619758495, 0.4639644715763868, 0.4639644715763868, 0.4639644715763868, 0.4639644715763868, 0.4639644715763868]",True
13,QSVC,quantum,LDA,gwo,1200,2000,369.13296109996736,"{'C': 0.13999907858212574, 'map_reps': 1, 'scale': 0.35824824161664254, 'entanglement': 'linear'}",0.7225,0.3927536231884058,0.6658476658476659,0.4940747493163172,0.7014109641228286,0.3411599195654574,0.7490340880171389,1174,419,136,271,ok,5.042334199999459,1,Bank Customer Churn,0.5196266514028269,96.0,"[0.5073478785492792, 0.5105551668809495, 0.5120480761988951, 0.5120480761988951, 0.5172956490718246, 0.517409742035298, 0.517409742035298, 0.5196266514028269, 0.5196266514028269, 0.5196266514028269, 0.5196266514028269, 0.5196266514028269]",True
14,QSVC,quantum,LDA,gwo,1200,2000,406.82130459998734,"{'C': 0.9465191120903971, 'map_reps': 2, 'scale': 0.29771632569686346, 'entanglement': 'circular'}",0.702,0.3714285714285714,0.6707616707616708,0.478108581436077,0.6903714191849786,0.3179420011471909,0.7563171800459936,1131,462,134,273,ok,5.488212399999611,1,Bank Customer Churn,0.5049683584196858,96.0,"[0.5028407768929627, 0.5028407768929627, 0.5028407768929627, 0.5034158044684359, 0.5034158044684359, 0.5042735042735043, 0.5043620115899596, 0.5049683584196858, 0.5049683584196858, 0.5049683584196858, 0.5049683584196858, 0.5049683584196858]",True
0,QDT,quantum,LDA,gwo,1200,2000,2.830451700021513,"{'max_depth': 2, 'min_samples_split': 8, 'map_reps': 1, 'entanglement': 'circular'}",0.658,0.2668918918918919,0.3872549019607843,0.316,0.5573209183170755,0.1012004788821185,0.5819215563109666,1158,434,250,158,ok,0.0312972000101581,1,Bank Customer Churn,0.3634601832276251,45.0,"[0.3415548039933522, 0.35500607694743186, 0.36346018322762513, 0.36346018322762513, 0.36346018322762513, 0.36346018322762513, 0.36346018322762513]",True
1,QDT,quantum,LDA,gwo,1200,2000,2.869881099963095,"{'max_depth': 5, 'min_samples_split': 32, 'map_reps': 3, 'entanglement': 'circular'}",0.6585,0.2222222222222222,0.2696078431372549,0.2436323366555924,0.5138868361414918,0.0259336753911323,0.5283132882550005,1207,385,298,110,ok,0.032375700015109,1,Bank Customer Churn,0.3250313651533014,38.0,"[0.3233233991666797, 0.3250313651533014, 0.3250313651533014, 0.3250313651533014, 0.3250313651533014, 0.3250313651533014]",True
2,QDT,quantum,LDA,gwo,1200,2000,2.518326299963519,"{'max_depth': 2, 'min_samples_split': 29, 'map_reps': 2, 'entanglement': 'linear'}",0.698,0.3602836879432624,0.6240786240786241,0.4568345323741007,0.6704825009909756,0.2873329643228955,0.6850633376057104,1142,451,153,254,ok,0.0396116999909281,1,Bank Customer Churn,0.385247213376917,36.0,"[0.385247213376917, 0.385247213376917, 0.385247213376917, 0.385247213376917, 0.385247213376917]",True
3,QDT,quantum,LDA,gwo,1200,2000,2.84026329999324,"{'max_depth': 4, 'min_samples_split': 17, 'map_reps': 3, 'entanglement': 'linear'}",0.46,0.2202826267664173,0.6511056511056511,0.3291925465838509,0.531139768427904,0.0512139758567164,0.5333684994701944,655,938,142,265,ok,0.0329327000072225,1,Bank Customer Churn,0.3181564279902485,40.0,"[0.31815642799024857, 0.31815642799024857, 0.31815642799024857, 0.31815642799024857, 0.31815642799024857]",True
4,QDT,quantum,LDA,gwo,1200,2000,3.452473699988332,"{'max_depth': 12, 'min_samples_split': 19, 'map_reps': 2, 'entanglement': 'full'}",0.468,0.2180257510729613,0.6240786240786241,0.3231552162849873,0.526100831185577,0.0426170344396078,0.5316973367820825,682,911,153,254,ok,0.0297217000043019,1,Bank Customer Churn,0.3651080771291567,51.0,"[0.35632270430339674, 0.35975591151792524, 0.36506861992242107, 0.36506861992242107, 0.36506861992242107, 0.36510807712915677, 0.36510807712915677]",True
5,QDT,quantum,LDA,gwo,1200,2000,3.571140800020657,"{'max_depth': 11, 'min_samples_split': 32, 'map_reps': 1, 'entanglement': 'circular'}",0.639,0.2048872180451127,0.267156862745098,0.2319148936170212,0.5007266725785792,0.0013254139496345,0.506072796580944,1169,423,299,109,ok,0.0264258999959565,1,Bank Customer Churn,0.2845719860011407,55.0,"[0.26647743943617513, 0.2788773677891818, 0.2788773677891818, 0.2788773677891818, 0.2788773677891818, 0.28457198600114075, 0.28457198600114075, 0.28457198600114075, 0.28457198600114075, 0.28457198600114075]",True
6,QDT,quantum,LDA,gwo,1200,2000,3.145093099970836,"{'max_depth': 10, 'min_samples_split': 13, 'map_reps': 2, 'entanglement': 'circular'}",0.589,0.2653061224489796,0.5735294117647058,0.3627906976744186,0.5832471179426544,0.1351280848170434,0.5736856771603114,944,648,174,234,ok,0.0322107000392861,1,Bank Customer Churn,0.3656960875733439,48.0,"[0.3614226125991136, 0.3656960875733439, 0.3656960875733439, 0.3656960875733439, 0.3656960875733439, 0.3656960875733439]",True
7,QDT,quantum,LDA,gwo,1200,2000,2.924494799983222,"{'max_depth': 4, 'min_samples_split': 32, 'map_reps': 1, 'entanglement': 'full'}",0.3655,0.2222938144329896,0.8476658476658476,0.3522205206738131,0.544987977191367,0.0868853768237479,0.5625957236126727,386,1207,62,345,ok,0.0314171999925747,1,Bank Customer Churn,0.3581095836648826,43.0,"[0.35154210795543467, 0.3580632353064493, 0.35810958366488266, 0.35810958366488266, 0.35810958366488266, 0.35810958366488266]",True
8,QDT,quantum,LDA,gwo,1200,2000,3.716953099996317,"{'max_depth': 5, 'min_samples_split': 3, 'map_reps': 1, 'entanglement': 'full'}",0.5755,0.2576754385964912,0.5773955773955773,0.356330553449583,0.5762056355276695,0.1231998873220312,0.5795456473422576,916,677,172,235,ok,0.0255849999957717,1,Bank Customer Churn,0.3564834939224283,60.0,"[0.3501293242227225, 0.3521933819064967, 0.35245702549092356, 0.35434981788424413, 0.35648349392242834, 0.35648349392242834, 0.35648349392242834, 0.35648349392242834, 0.35648349392242834]",True
9,QDT,quantum,LDA,gwo,1200,2000,2.277898699976504,"{'max_depth': 3, 'min_samples_split': 11, 'map_reps': 1, 'entanglement': 'linear'}",0.642,0.318448883666275,0.6658476658476659,0.4308426073131955,0.6508773796909391,0.245716560096969,0.6756556248081673,1013,580,136,271,ok,0.0317570000188425,1,Bank Customer Churn,0.3740930652080583,33.0,"[0.37409306520805835, 0.37409306520805835, 0.37409306520805835, 0.37409306520805835, 0.37409306520805835]",True
10,QDT,quantum,LDA,gwo,1200,2000,2.614815099979751,"{'max_depth': 2, 'min_samples_split': 20, 'map_reps': 1, 'entanglement': 'linear'}",0.494,0.2239488117001828,0.6004901960784313,0.3262316910785619,0.5335993693959996,0.0543988821680081,0.5441399706867672,743,849,163,245,ok,0.0503196000354364,1,Bank Customer Churn,0.3596733591207712,35.0,"[0.3596733591207712, 0.3596733591207712, 0.3596733591207712, 0.3596733591207712, 0.3596733591207712]",True
11,QDT,quantum,LDA,gwo,1200,2000,4.263512100034859,"{'max_depth': 10, 'min_samples_split': 32, 'map_reps': 2, 'entanglement': 'full'}",0.547,0.2208520179372197,0.4828431372549019,0.3030769230769231,0.5231426741550892,0.0375225929523225,0.531305424179722,897,695,211,197,ok,0.0242784999427385,1,Bank Customer Churn,0.3221559255124919,68.0,"[0.30594303927279703, 0.31007718162819137, 0.31007718162819137, 0.31007718162819137, 0.3131212665645435, 0.3131212665645435, 0.3221559255124919, 0.3221559255124919, 0.3221559255124919, 0.3221559255124919, 0.3221559255124919]",True
12,QDT,quantum,LDA,gwo,1200,2000,3.2673718000296503,"{'max_depth': 2, 'min_samples_split': 20, 'map_reps': 1, 'entanglement': 'circular'}",0.4195,0.236731843575419,0.8329238329238329,0.3686786296900489,0.5733985140764801,0.1310619662725376,0.5770747635154414,500,1093,68,339,ok,0.0277257999987341,1,Bank Customer Churn,0.3305356868492929,52.0,"[0.31373263819084257, 0.31373263819084257, 0.31899415966931527, 0.33053568684929296, 0.33053568684929296, 0.33053568684929296, 0.33053568684929296, 0.33053568684929296]",True
13,QDT,quantum,LDA,gwo,1200,2000,2.565707400033716,"{'max_depth': 4, 'min_samples_split': 22, 'map_reps': 1, 'entanglement': 'linear'}",0.574,0.29068673565381,0.7592137592137592,0.4204081632653061,0.6429464904041176,0.230659930894813,0.668804397617957,839,754,98,309,ok,0.0309492000378668,1,Bank Customer Churn,0.3935815634835036,37.0,"[0.3935815634835036, 0.3935815634835036, 0.3935815634835036, 0.3935815634835036, 0.3935815634835036]",True
14,QDT,quantum,LDA,gwo,1200,2000,2.416537699988112,"{'max_depth': 2, 'min_samples_split': 2, 'map_reps': 1, 'entanglement': 'linear'}",0.3425,0.2017082785808147,0.7542997542997543,0.3182996371176775,0.4957939449464873,-0.0079412481390175,0.4759435861130776,378,1215,100,307,ok,0.0496571999974548,1,Bank Customer Churn,0.3273934544321788,36.0,"[0.3267697747980813, 0.3273934544321788, 0.3273934544321788, 0.3273934544321788, 0.3273934544321788, 0.3273934544321788]",True
