fold,model,family,reduction,optimizer,n_train,n_test,search_time_s,best_params,accuracy,precision,recall,f1,balanced_accuracy,mcc,roc_auc,tn,fp,fn,tp,status,fit_time_s,n_reduced_features,dataset,inner_f1,n_evaluations,convergence,stopped_early
0,LogReg,classical,PCA,default,1200,2000,5.00003807246685e-07,{},0.659,0.308659217877095,0.5416666666666666,0.3932384341637011,0.6153685092127303,0.1939455711122382,0.6773974036850922,1097,495,187,221,ok,0.0413830999750644,4,Bank Customer Churn,,,,
1,LogReg,classical,PCA,default,1200,2000,2.00001522898674e-07,{},0.6415,0.3104294478527607,0.6200980392156863,0.4137367130008176,0.633541481919401,0.2190331357404812,0.6751373288008671,1030,562,155,253,ok,0.0339721000054851,4,Bank Customer Churn,,,,
2,LogReg,classical,PCA,default,1200,2000,3.00002284348011e-07,{},0.666,0.3133047210300429,0.538083538083538,0.3960216998191682,0.6183826353317878,0.1999152183669144,0.6616801701547463,1113,480,188,219,ok,0.0401728999568149,4,Bank Customer Churn,,,,
3,LogReg,classical,PCA,default,1200,2000,3.00002284348011e-07,{},0.6575,0.3175853018372703,0.5945945945945946,0.4140290846877673,0.6340832357781511,0.2223165336067509,0.6914819287700644,1073,520,165,242,ok,0.0405498999753035,4,Bank Customer Churn,,,,
4,LogReg,classical,PCA,default,1200,2000,4.00003045797348e-07,{},0.6345,0.2868421052631579,0.5356265356265356,0.3736075407026564,0.5976939959990808,0.1620635408853667,0.6452045265604588,1051,542,189,218,ok,0.0380438999854959,4,Bank Customer Churn,,,,
5,LogReg,classical,PCA,default,1200,2000,6.00004568696022e-07,{},0.658,0.3221649484536082,0.6127450980392157,0.4222972972972973,0.6411715439944823,0.2334840424997822,0.6906099123066313,1066,526,158,250,ok,0.0379302999936044,4,Bank Customer Churn,,,,
6,LogReg,classical,PCA,default,1200,2000,3.999448381364346e-07,{},0.6365,0.3125734430082256,0.6519607843137255,0.4225575853852263,0.6422492363779683,0.2318765116477936,0.6916583530397082,1007,585,142,266,ok,0.0526415000203996,4,Bank Customer Churn,,,,
7,LogReg,classical,PCA,default,1200,2000,4.00003045797348e-07,{},0.655,0.3037447988904299,0.538083538083538,0.3882978723404255,0.6114774250367471,0.1869472633981197,0.6725600793397404,1091,502,188,219,ok,0.0462478999979794,4,Bank Customer Churn,,,,
8,LogReg,classical,PCA,default,1200,2000,6.00004568696022e-07,{},0.67,0.3302013422818792,0.6044226044226044,0.4270833333333333,0.6455885777919677,0.2424724454031171,0.7083524202168271,1094,499,161,246,ok,0.0354019000078551,4,Bank Customer Churn,,,,
9,LogReg,classical,PCA,default,1200,2000,3.00002284348011e-07,{},0.618,0.2851985559566787,0.5823095823095823,0.3828756058158319,0.6047141131886895,0.1710931175417231,0.6532433820569412,999,594,170,237,ok,0.0312979000154882,4,Bank Customer Churn,,,,
10,LogReg,classical,PCA,default,1200,2000,2.00001522898674e-07,{},0.6735,0.3146747352496218,0.5098039215686274,0.3891487371375117,0.61262809143758,0.1929688974271051,0.6632057345551287,1139,453,200,208,ok,0.032164099975489,4,Bank Customer Churn,,,,
11,LogReg,classical,PCA,default,1200,2000,3.00002284348011e-07,{},0.66,0.3057142857142857,0.5245098039215687,0.3862815884476534,0.6096167110060104,0.1852199147153345,0.6610318750615825,1106,486,194,214,ok,0.0431201999890618,4,Bank Customer Churn,,,,
12,LogReg,classical,PCA,default,1200,2000,3.00002284348011e-07,{},0.6445,0.3168674698795181,0.6461916461916462,0.4252223120452708,0.6451297214009077,0.2371698465977081,0.6963789675654082,1026,567,144,263,ok,0.0380529999965801,4,Bank Customer Churn,,,,
13,LogReg,classical,PCA,default,1200,2000,3.00002284348011e-07,{},0.617,0.2910360884749709,0.6142506142506142,0.3949447077409163,0.6159765312307686,0.1886539050131971,0.6611511357274069,984,609,157,250,ok,0.0407433999935165,4,Bank Customer Churn,,,,
14,LogReg,classical,PCA,default,1200,2000,4.00003045797348e-07,{},0.635,0.3162684869169511,0.683046683046683,0.432348367029549,0.652885551190636,0.2480300424900874,0.7041664160308228,992,601,129,278,ok,0.0487241000519134,4,Bank Customer Churn,,,,
0,SVC,classical,PCA,default,1200,2000,2.00001522898674e-07,{},0.615,0.3045356371490281,0.6911764705882353,0.4227886056971514,0.6433269287614543,0.2316603828333054,0.6918092299733963,948,644,126,282,ok,0.1972686000517569,4,Bank Customer Churn,,,,
1,SVC,classical,PCA,default,1200,2000,3.00002284348011e-07,{},0.611,0.2971491228070175,0.6642156862745098,0.4106060606060606,0.6307887476598679,0.2116362820343607,0.6788646048871809,951,641,137,271,ok,0.199934399977792,4,Bank Customer Churn,,,,
2,SVC,classical,PCA,default,1200,2000,5.00003807246685e-07,{},0.5855,0.2820247933884297,0.6707616707616708,0.3970909090909091,0.6172389646965919,0.1888989463641694,0.6539251115522303,898,695,134,273,ok,0.158238900010474,4,Bank Customer Churn,,,,
3,SVC,classical,PCA,default,1200,2000,2.00001522898674e-07,{},0.664,0.3366214549938348,0.6707616707616708,0.4482758620689655,0.6665170563475649,0.2730816125374725,0.7238409441799273,1055,538,134,273,ok,0.1924009000067599,4,Bank Customer Churn,,,,
4,SVC,classical,PCA,default,1200,2000,2.00001522898674e-07,{},0.667,0.3157894736842105,0.5454545454545454,0.4,0.6217542658220624,0.2053390856648365,0.6751790311112346,1112,481,185,222,ok,0.17359000002034,4,Bank Customer Churn,,,,
5,SVC,classical,PCA,default,1200,2000,2.00001522898674e-07,{},0.6475,0.3141426783479349,0.6151960784313726,0.415907207953604,0.6354874864518671,0.2229389243674798,0.6684787294314711,1044,548,157,251,ok,0.2296757000149227,4,Bank Customer Churn,,,,
6,SVC,classical,PCA,default,1200,2000,3.00002284348011e-07,{},0.6195,0.2865779927448609,0.5808823529411765,0.3838056680161943,0.6051396689328998,0.1720665508785674,0.6579496748448124,1002,590,171,237,ok,0.2121424999786541,4,Bank Customer Churn,,,,
7,SVC,classical,PCA,default,1200,2000,4.00003045797348e-07,{},0.6435,0.290983606557377,0.5233415233415234,0.3740122914837577,0.5987705733468446,0.1651001605767437,0.6464715871495533,1074,519,194,213,ok,0.1709457000251859,4,Bank Customer Churn,,,,
8,SVC,classical,PCA,default,1200,2000,3.00002284348011e-07,{},0.6555,0.3068493150684931,0.5503685503685504,0.3940193491644679,0.6163644383983367,0.194622064660991,0.6616817125291702,1087,506,183,224,ok,0.2105296999798156,4,Bank Customer Churn,,,,
9,SVC,classical,PCA,default,1200,2000,6.00004568696022e-07,{},0.638,0.3159117305458769,0.6683046683046683,0.4290220820189274,0.6492810221623782,0.2427595090644137,0.7011078875485656,1004,589,135,272,ok,0.1525838000234216,4,Bank Customer Churn,,,,
10,SVC,classical,PCA,default,1200,2000,2.00001522898674e-07,{},0.4935,0.249793217535153,0.7401960784313726,0.3735312306740878,0.5852362301704601,0.1404929236413198,0.6603036629224553,685,907,106,302,ok,0.1632625000202097,4,Bank Customer Churn,,,,
11,SVC,classical,PCA,default,1200,2000,5.00003807246685e-07,{},0.6575,0.3198959687906372,0.6029411764705882,0.4180118946474087,0.6372117942654448,0.227316445270641,0.6918769706375012,1069,523,162,246,ok,0.1461870000348426,4,Bank Customer Churn,,,,
12,SVC,classical,PCA,default,1200,2000,2.00001522898674e-07,{},0.5375,0.2551984877126654,0.6633906633906634,0.3686006825938566,0.5843632538547793,0.1360880919084608,0.6473723338130117,805,788,137,270,ok,0.1682059000013396,4,Bank Customer Churn,,,,
13,SVC,classical,PCA,default,1200,2000,2.00001522898674e-07,{},0.6715,0.3254189944134078,0.5724815724815725,0.4149599287622439,0.6346400329451177,0.2261362960147153,0.678316220689102,1110,483,174,233,ok,0.155472100013867,4,Bank Customer Churn,,,,
14,SVC,classical,PCA,default,1200,2000,2.00001522898674e-07,{},0.6105,0.2928730512249443,0.6461916461916462,0.4030651340996168,0.6237863441253271,0.200391298470224,0.6758445656750741,958,635,144,263,ok,0.1749834000365808,4,Bank Customer Churn,,,,
0,DecisionTree,classical,PCA,default,1200,2000,4.00003045797348e-07,{},0.59,0.2690582959641255,0.5882352941176471,0.3692307692307692,0.5893437777120898,0.1448583764109353,0.5893437777120898,940,652,168,240,ok,0.0406047999858856,4,Bank Customer Churn,,,,
1,DecisionTree,classical,PCA,default,1200,2000,2.00001522898674e-07,{},0.5995,0.2814238042269188,0.6200980392156863,0.3871461361897475,0.6071595723716623,0.1736157318673622,0.6071595723716623,946,646,155,253,ok,0.0418401000206358,4,Bank Customer Churn,,,,
2,DecisionTree,classical,PCA,default,1200,2000,3.00002284348011e-07,{},0.591,0.2667423382519864,0.5773955773955773,0.3649068322981366,0.5859357045797724,0.1393816921645687,0.5859357045797723,947,646,172,235,ok,0.0436209000181406,4,Bank Customer Churn,,,,
3,DecisionTree,classical,PCA,default,1200,2000,2.00001522898674e-07,{},0.5615,0.2400442477876106,0.5331695331695332,0.3310450038138825,0.550953881462356,0.0824371308761015,0.550953881462356,906,687,190,217,ok,0.0409873999888077,4,Bank Customer Churn,,,,
4,DecisionTree,classical,PCA,default,1200,2000,2.00001522898674e-07,{},0.606,0.2740213523131672,0.5675675675675675,0.3696,0.5916933883035578,0.1495177120288707,0.5916933883035578,981,612,176,231,ok,0.0482725999900139,4,Bank Customer Churn,,,,
5,DecisionTree,classical,PCA,default,1200,2000,2.00001522898674e-07,{},0.6365,0.3151796060254924,0.6666666666666666,0.4280094413847364,0.6477177554438861,0.2403691228648388,0.647717755443886,1001,591,136,272,ok,0.0502595999860204,4,Bank Customer Churn,,,,
6,DecisionTree,classical,PCA,default,1200,2000,2.00001522898674e-07,{},0.584,0.2720430107526881,0.6200980392156863,0.3781763826606876,0.5974233914671396,0.1574205733346711,0.5974233914671396,915,677,155,253,ok,0.0396070999559015,4,Bank Customer Churn,,,,
7,DecisionTree,classical,PCA,default,1200,2000,2.00001522898674e-07,{},0.622,0.2991944764096663,0.6388206388206388,0.4075235109717868,0.6282615435157808,0.2083484910509607,0.6282615435157808,984,609,147,260,ok,0.0433431999990716,4,Bank Customer Churn,,,,
8,DecisionTree,classical,PCA,default,1200,2000,2.00001522898674e-07,{},0.5805,0.2711864406779661,0.628992628992629,0.3789785344189489,0.5985515561786748,0.1589573515916597,0.5985515561786747,905,688,151,256,ok,0.0447916000266559,4,Bank Customer Churn,,,,
9,DecisionTree,classical,PCA,default,1200,2000,3.00002284348011e-07,{},0.5335,0.2396039603960396,0.5945945945945946,0.3415666901905434,0.5562426833613274,0.0905780229023934,0.5562426833613275,825,768,165,242,ok,0.0415918999933637,4,Bank Customer Churn,,,,
10,DecisionTree,classical,PCA,default,1200,2000,3.00002284348011e-07,{},0.601,0.2838137472283814,0.6274509803921569,0.3908396946564885,0.6108360429598976,0.1795180749188485,0.6108360429598976,946,646,152,256,ok,0.0337171999854035,4,Bank Customer Churn,,,,
11,DecisionTree,classical,PCA,default,1200,2000,3.00002284348011e-07,{},0.535,0.2363636363636363,0.5735294117647058,0.334763948497854,0.5493275199527047,0.0795138176788086,0.5493275199527047,836,756,174,234,ok,0.0352374999783933,4,Bank Customer Churn,,,,
12,DecisionTree,classical,PCA,default,1200,2000,3.00002284348011e-07,{},0.6145,0.2741935483870967,0.542997542997543,0.3643858202802967,0.587882952289732,0.1442680101782358,0.587882952289732,1008,585,186,221,ok,0.0381871999707073,4,Bank Customer Churn,,,,
13,DecisionTree,classical,PCA,default,1200,2000,3.00002284348011e-07,{},0.603,0.2704626334519573,0.5601965601965602,0.3648,0.5870662650323667,0.1419726000247897,0.5870662650323667,978,615,179,228,ok,0.04134289996,4,Bank Customer Churn,,,,
14,DecisionTree,classical,PCA,default,1200,2000,5.00003807246685e-07,{},0.615,0.2711223203026481,0.5282555282555282,0.3583333333333333,0.5827090572853284,0.1361438194146195,0.5827090572853285,1015,578,192,215,ok,0.0411082000355236,4,Bank Customer Churn,,,,
0,RandomForest,classical,PCA,default,1200,2000,2.00001522898674e-07,{},0.6545,0.3280680437424058,0.6617647058823529,0.4386677497969131,0.6572014484185633,0.2574542130272579,0.7096712114494039,1039,553,138,270,ok,0.7463748999871314,4,Bank Customer Churn,,,,
1,RandomForest,classical,PCA,default,1200,2000,2.00001522898674e-07,{},0.612,0.2927927927927928,0.6372549019607843,0.4012345679012346,0.6213912700758695,0.196906561219887,0.6540338025913883,964,628,148,260,ok,0.78599820000818,4,Bank Customer Churn,,,,
2,RandomForest,classical,PCA,default,1200,2000,2.00001522898674e-07,{},0.6895,0.3435672514619883,0.5773955773955773,0.4307974335472044,0.6477687240399104,0.250819683764804,0.7180300485385231,1144,449,172,235,ok,0.7220985999447294,4,Bank Customer Churn,,,,
3,RandomForest,classical,PCA,default,1200,2000,2.00001522898674e-07,{},0.6195,0.2877697841726618,0.5896805896805897,0.386784850926672,0.6083996168741932,0.1770233417601078,0.6488013437165979,999,594,167,240,ok,0.7671206999802962,4,Bank Customer Churn,,,,
4,RandomForest,classical,PCA,default,1200,2000,3.00002284348011e-07,{},0.671,0.3249651324965132,0.5724815724815725,0.4145907473309608,0.6343261597498886,0.22553958710691,0.6846792863742016,1109,484,174,233,ok,0.7736198999918997,4,Bank Customer Churn,,,,
5,RandomForest,classical,PCA,default,1200,2000,2.00001522898674e-07,{},0.6285,0.3068050749711649,0.6519607843137255,0.4172549019607843,0.6372241107498275,0.2231708822751176,0.6877247758399841,991,601,142,266,ok,0.788261000008788,4,Bank Customer Churn,,,,
6,RandomForest,classical,PCA,default,1200,2000,2.00001522898674e-07,{},0.612,0.287037037037037,0.6078431372549019,0.389937106918239,0.6104542319440338,0.1797082156652424,0.663419733471278,976,616,160,248,ok,0.7564491999801248,4,Bank Customer Churn,,,,
7,RandomForest,classical,PCA,default,1200,2000,2.00001522898674e-07,{},0.6825,0.3560606060606061,0.6928746928746928,0.4703919933277731,0.6863620168704914,0.3068290194127207,0.7430627854356668,1083,510,125,282,ok,0.7776831000228412,4,Bank Customer Churn,,,,
8,RandomForest,classical,PCA,default,1200,2000,2.00001522898674e-07,{},0.631,0.3154960981047937,0.6953316953316954,0.4340490797546012,0.6549477057951634,0.2508627973579773,0.7104593036796427,979,614,124,283,ok,0.7427645999705419,4,Bank Customer Churn,,,,
9,RandomForest,classical,PCA,default,1200,2000,1.00000761449337e-07,{},0.656,0.3139072847682119,0.5823095823095823,0.4079173838209983,0.6285684760261032,0.213555830344548,0.6677632948819389,1075,518,170,237,ok,0.7952371000428684,4,Bank Customer Churn,,,,
10,RandomForest,classical,PCA,default,1200,2000,2.00001522898674e-07,{},0.6365,0.3028430160692212,0.6004901960784313,0.4026294165981923,0.6231094196472559,0.2021588467263063,0.6799484555128583,1028,564,163,245,ok,0.7463685999973677,4,Bank Customer Churn,,,,
11,RandomForest,classical,PCA,default,1200,2000,5.00003807246685e-07,{},0.674,0.3377659574468085,0.6225490196078431,0.4379310344827586,0.6548674746280422,0.2576769744160249,0.7112169302394324,1094,498,154,254,ok,0.7523904999834485,4,Bank Customer Churn,,,,
12,RandomForest,classical,PCA,default,1200,2000,3.00002284348011e-07,{},0.643,0.3054499366286438,0.5921375921375921,0.403010033444816,0.6240662850832341,0.2043987772032163,0.6680918206341935,1045,548,166,241,ok,0.7900213000248186,4,Bank Customer Churn,,,,
13,RandomForest,classical,PCA,default,1200,2000,3.00002284348011e-07,{},0.6685,0.3328981723237598,0.6265356265356266,0.4347826086956521,0.6528786105057292,0.2532269069587599,0.7180354468490061,1082,511,152,255,ok,0.7357413999852724,4,Bank Customer Churn,,,,
14,RandomForest,classical,PCA,default,1200,2000,2.00001522898674e-07,{},0.6205,0.2967667436489607,0.6314496314496314,0.403770620581304,0.6245760398302771,0.2024436392196728,0.6643176304193252,984,609,150,257,ok,0.7532594999647699,4,Bank Customer Churn,,,,
0,MLP,classical,PCA,default,1200,2000,2.00001522898674e-07,{},0.5955,0.2935118434603501,0.6985294117647058,0.4133430021754894,0.6338124445758202,0.2157798124732967,0.6861344097940684,906,686,123,285,ok,0.8189766999566928,4,Bank Customer Churn,,,,
1,MLP,classical,PCA,default,1200,2000,2.00001522898674e-07,{},0.601,0.2794117647058823,0.6053921568627451,0.3823529411764705,0.6026332643610208,0.1665564752185872,0.6492188269780274,955,637,161,247,ok,0.8724220000440255,4,Bank Customer Churn,,,,
2,MLP,classical,PCA,default,1200,2000,1.00000761449337e-07,{},0.6645,0.33248730964467,0.6437346437346437,0.4384937238493724,0.6567700211768008,0.2583352598535648,0.7000359373240729,1067,526,145,262,ok,0.6246406999998726,4,Bank Customer Churn,,,,
3,MLP,classical,PCA,default,1200,2000,3.00002284348011e-07,{},0.6495,0.3100775193798449,0.5896805896805897,0.4064352243861134,0.6272320085879408,0.2103370391054179,0.6798894426013069,1059,534,167,240,ok,0.813074300007429,4,Bank Customer Churn,,,,
4,MLP,classical,PCA,default,1200,2000,1.00000761449337e-07,{},0.652,0.2973352033660589,0.5208845208845209,0.3785714285714285,0.6031917896324677,0.173478714053306,0.6468764604357824,1092,501,195,212,ok,0.704552799987141,4,Bank Customer Churn,,,,
5,MLP,classical,PCA,default,1200,2000,1.00000761449337e-07,{},0.6055,0.282782212086659,0.6078431372549019,0.3859922178988327,0.6063713173711696,0.1727692595454771,0.639319452655434,963,629,160,248,ok,0.7261535000288859,4,Bank Customer Churn,,,,
6,MLP,classical,PCA,default,1200,2000,1.00000761449337e-07,{},0.6775,0.3378932968536252,0.6053921568627451,0.4337137840210711,0.6506860281801162,0.2521825867534623,0.6996148019509312,1108,484,161,247,ok,0.7442745000007562,4,Bank Customer Churn,,,,
7,MLP,classical,PCA,default,1200,2000,3.00002284348011e-07,{},0.677,0.3378561736770692,0.6117936117936118,0.4353146853146853,0.6527266866249917,0.2549262743052397,0.722131993318434,1105,488,158,249,ok,0.8177034999825992,4,Bank Customer Churn,,,,
8,MLP,classical,PCA,default,1200,2000,4.00003045797348e-07,{},0.6595,0.3291770573566084,0.6486486486486487,0.4367245657568238,0.6554605452910538,0.2554110495479067,0.7007176668193618,1055,538,143,264,ok,0.8435404999763705,4,Bank Customer Churn,,,,
9,MLP,classical,PCA,default,1200,2000,3.00002284348011e-07,{},0.6745,0.3512195121951219,0.7076167076167076,0.4694376528117359,0.686827813946458,0.3058642301029113,0.7315250535589518,1061,532,119,288,ok,0.8302766000269912,4,Bank Customer Churn,,,,
10,MLP,classical,PCA,default,1200,2000,5.00003807246685e-07,{},0.623,0.2925659472422062,0.5980392156862745,0.392914653784219,0.6137181003054488,0.1858783909811566,0.6674272095772982,1002,590,164,244,ok,0.842406400013715,4,Bank Customer Churn,,,,
11,MLP,classical,PCA,default,1200,2000,3.00002284348011e-07,{},0.698,0.3571428571428571,0.6004901960784313,0.4478976234003656,0.6617400729135876,0.2745930259954907,0.7001043822051434,1151,441,163,245,ok,0.852011599985417,4,Bank Customer Churn,,,,
12,MLP,classical,PCA,default,1200,2000,3.00002284348011e-07,{},0.6465,0.3010610079575597,0.5577395577395577,0.3910422049956933,0.6134586049840287,0.1885071526307127,0.6537585351144672,1066,527,180,227,ok,0.8205218999646604,4,Bank Customer Churn,,,,
13,MLP,classical,PCA,default,1200,2000,3.00002284348011e-07,{},0.654,0.3293413173652694,0.6756756756756757,0.4428341384863124,0.6620688485095265,0.2646235152210308,0.7138077985535614,1033,560,132,275,ok,0.8250427999882959,4,Bank Customer Churn,,,,
14,MLP,classical,PCA,default,1200,2000,4.00003045797348e-07,{},0.632,0.3149606299212598,0.687960687960688,0.4320987654320987,0.6528315680858054,0.2476510920001139,0.7054265359350105,984,609,127,280,ok,0.7849894000100903,4,Bank Customer Churn,,,,
0,XGBoost,classical,PCA,default,1200,2000,1.9994331523776054e-07,{},0.6145,0.2810615199034982,0.571078431372549,0.3767178658043654,0.5983532860380333,0.1609032330845472,0.6518406985909942,996,596,175,233,ok,0.9739825000287964,4,Bank Customer Churn,,,,
1,XGBoost,classical,PCA,default,1200,2000,2.00001522898674e-07,{},0.6195,0.2954808806488992,0.625,0.4012588512981904,0.6215452261306533,0.1977806886223089,0.6905583370282787,984,608,153,255,ok,0.9855467000161298,4,Bank Customer Churn,,,,
2,XGBoost,classical,PCA,default,1200,2000,3.00002284348011e-07,{},0.5805,0.2641921397379912,0.5945945945945946,0.3658352229780801,0.5857467637128655,0.1385767743214383,0.6289347899517391,919,674,165,242,ok,1.0729323999839837,4,Bank Customer Churn,,,,
3,XGBoost,classical,PCA,default,1200,2000,2.00001522898674e-07,{},0.6385,0.3096385542168675,0.6314496314496314,0.4155214227970897,0.6358754748585257,0.222046629853075,0.6866026272805934,1020,573,150,257,ok,1.0481779999681748,4,Bank Customer Churn,,,,
4,XGBoost,classical,PCA,default,1200,2000,3.00002284348011e-07,{},0.5725,0.2586206896551724,0.5896805896805897,0.3595505617977528,0.5788955365226551,0.1273843693380597,0.613502562655105,905,688,167,240,ok,1.0317833999870345,4,Bank Customer Churn,,,,
5,XGBoost,classical,PCA,default,1200,2000,3.999448381364346e-07,{},0.591,0.2680995475113122,0.5808823529411765,0.3668730650154799,0.5872376588826486,0.1415720045569727,0.6324045164548231,945,647,171,237,ok,1.0000195000320673,4,Bank Customer Churn,,,,
6,XGBoost,classical,PCA,default,1200,2000,3.00002284348011e-07,{},0.603,0.2718676122931442,0.5637254901960784,0.3668261562998405,0.5883954084146221,0.1442026461028957,0.6270868743225934,976,616,178,230,ok,1.0544889000011608,4,Bank Customer Churn,,,,
7,XGBoost,classical,PCA,default,1200,2000,2.00001522898674e-07,{},0.6355,0.3002481389578164,0.5945945945945946,0.3990107172300082,0.6202728151880694,0.1974389716507599,0.6921790820095904,1029,564,165,242,ok,0.8885161000071093,4,Bank Customer Churn,,,,
8,XGBoost,classical,PCA,default,1200,2000,2.00001522898674e-07,{},0.565,0.2360319270239452,0.5085995085995086,0.322429906542056,0.5440047134962389,0.0714076286714647,0.5807224790275638,923,670,200,207,ok,0.9590892000123858,4,Bank Customer Churn,,,,
9,XGBoost,classical,PCA,default,1200,2000,2.00001522898674e-07,{},0.6005,0.2741935483870967,0.5847665847665847,0.3733333333333333,0.5946431793889421,0.1537592788620796,0.6290227052938917,963,630,169,238,ok,1.028964700002689,4,Bank Customer Churn,,,,
10,XGBoost,classical,PCA,default,1200,2000,1.00000761449337e-07,{},0.641,0.3118932038834951,0.6299019607843137,0.4172077922077922,0.6368730909449207,0.2241209305755625,0.6942963900384275,1025,567,151,257,ok,1.0363256999989972,4,Bank Customer Churn,,,,
11,XGBoost,classical,PCA,default,1200,2000,4.00003045797348e-07,{},0.633,0.31002331002331,0.6519607843137255,0.4202211690363349,0.6400507439156568,0.2280553857910799,0.6805057764311755,1000,592,142,266,ok,1.0455187000334265,4,Bank Customer Churn,,,,
12,XGBoost,classical,PCA,default,1200,2000,1.00000761449337e-07,{},0.603,0.2715466351829988,0.5651105651105651,0.3668261562998405,0.5888955210989109,0.1448633784526723,0.6187335255131865,976,617,177,230,ok,0.9589539999724366,4,Bank Customer Churn,,,,
13,XGBoost,classical,PCA,default,1200,2000,3.00002284348011e-07,{},0.6155,0.2909930715935335,0.6191646191646192,0.3959151610369206,0.6168641677116253,0.1899113781281851,0.6389147236604864,979,614,155,252,ok,1.0459937999839894,4,Bank Customer Churn,,,,
14,XGBoost,classical,PCA,default,1200,2000,4.00003045797348e-07,{},0.5665,0.262396694214876,0.6240786240786241,0.3694545454545455,0.587933850645715,0.1416816651333214,0.612678934712833,879,714,153,254,ok,1.023515300010331,4,Bank Customer Churn,,,,
0,VQC,quantum,PCA,default,1200,2000,1.00000761449337e-07,{},0.498,0.2334525939177102,0.6397058823529411,0.3420707732634338,0.5506946497191841,0.0822883854278666,0.5699391565671494,735,857,147,261,ok,25.16150069999276,4,Bank Customer Churn,,,,
1,VQC,quantum,PCA,default,1200,2000,2.00001522898674e-07,{},0.449,0.2103505843071786,0.6176470588235294,0.3138231631382316,0.5117129766479456,0.0192611978883383,0.5195847497290373,646,946,156,252,ok,25.493006300006527,4,Bank Customer Churn,,,,
2,VQC,quantum,PCA,default,1200,2000,2.00001522898674e-07,{},0.4955,0.1996007984031936,0.4914004914004914,0.2838892831795599,0.4939739431264855,-0.0097044110342492,0.5057075565550142,791,802,207,200,ok,25.48575320001692,4,Bank Customer Churn,,,,
3,VQC,quantum,PCA,default,1200,2000,3.00002284348011e-07,{},0.5405,0.2149220489977728,0.4742014742014742,0.2957854406130268,0.5158201344642023,0.0256103959580982,0.5375683850260122,888,705,214,193,ok,25.125033899967093,4,Bank Customer Churn,,,,
4,VQC,quantum,PCA,default,1200,2000,9.994255378842355e-08,{},0.5125,0.2253384912959381,0.5724815724815725,0.3233865371269951,0.5348283568622552,0.0561202040355011,0.5363822990941636,792,801,174,233,ok,25.50222380005289,4,Bank Customer Churn,,,,
5,VQC,quantum,PCA,default,1200,2000,3.00002284348011e-07,{},0.465,0.2190152801358234,0.6323529411764706,0.3253467843631778,0.5272317469701449,0.0446065420962427,0.5211273893979702,672,920,150,258,ok,25.480227400024887,4,Bank Customer Churn,,,,
6,VQC,quantum,PCA,default,1200,2000,2.00001522898674e-07,{},0.529,0.2122844827586207,0.4828431372549019,0.2949101796407186,0.5118361414917726,0.0191280358157496,0.4995258153512661,861,731,211,197,ok,25.362780800031032,4,Bank Customer Churn,,,,
7,VQC,quantum,PCA,default,1200,2000,3.00002284348011e-07,{},0.595,0.2379713914174252,0.4496314496314496,0.3112244897959184,0.5408860324114562,0.0676733787822878,0.5612607985489342,1007,586,224,183,ok,25.00878679996822,4,Bank Customer Churn,,,,
8,VQC,quantum,PCA,default,1200,2000,3.00002284348011e-07,{},0.4975,0.2296564195298372,0.6240786240786241,0.3357567746199603,0.5446193497040955,0.0722623368320202,0.5515083650676871,741,852,153,254,ok,24.893325300014112,4,Bank Customer Churn,,,,
9,VQC,quantum,PCA,default,1200,2000,4.00003045797348e-07,{},0.526,0.2324431256181998,0.5773955773955773,0.3314527503526093,0.5451321891999859,0.0726854970545078,0.5448946635387313,817,776,172,235,ok,25.239808799989987,4,Bank Customer Churn,,,,
10,VQC,quantum,PCA,default,1200,2000,5.00003807246685e-07,{},0.522,0.2103594080338266,0.4877450980392157,0.293943870014771,0.5092619962557887,0.0149510032661828,0.5193107079515222,845,747,209,199,ok,25.223703800002117,4,Bank Customer Churn,,,,
11,VQC,quantum,PCA,default,1200,2000,3.00002284348011e-07,{},0.583,0.2357320099255583,0.4656862745098039,0.3130148270181219,0.5393758005714848,0.064698069389932,0.5599905163070252,976,616,218,190,ok,25.451125500025228,4,Bank Customer Churn,,,,
12,VQC,quantum,PCA,default,1200,2000,2.999440766870976e-07,{},0.4785,0.2098540145985401,0.5651105651105651,0.3060545575515635,0.5107410954868582,0.0173777751368558,0.5254669152974237,727,866,177,230,ok,25.46954840002581,4,Bank Customer Churn,,,,
13,VQC,quantum,PCA,default,1200,2000,4.00003045797348e-07,{},0.6,0.236241610738255,0.4324324324324324,0.3055555555555556,0.5376223681308427,0.0626586765314567,0.5467146653587331,1024,569,231,176,ok,24.92334480001591,4,Bank Customer Churn,,,,
14,VQC,quantum,PCA,default,1200,2000,3.00002284348011e-07,{},0.573,0.2188679245283019,0.4275184275184275,0.2895174708818636,0.5188439595219256,0.0310048877285771,0.5274319003132563,972,621,233,174,ok,25.420380600029603,4,Bank Customer Churn,,,,
0,QNN,quantum,PCA,default,1200,2000,2.00001522898674e-07,{},0.6695,0.3302013422818792,0.6029411764705882,0.4267129228100607,0.6447494827076559,0.2412951706972128,0.6942124839885703,1093,499,162,246,ok,32.107863000012,4,Bank Customer Churn,,,,
1,QNN,quantum,PCA,default,1200,2000,2.00001522898674e-07,{},0.5585,0.2842870118074477,0.7671568627450981,0.4148442677269715,0.6360909941866194,0.2204892855891522,0.7040487363287025,804,788,95,313,ok,32.413905999972485,4,Bank Customer Churn,,,,
2,QNN,quantum,PCA,default,1200,2000,2.00001522898674e-07,{},0.598,0.2741751990898748,0.5921375921375921,0.374805598755832,0.5958176975126128,0.1554474402602101,0.6323442086153951,955,638,166,241,ok,32.14258520002477,4,Bank Customer Churn,,,,
3,QNN,quantum,PCA,default,1200,2000,2.00001522898674e-07,{},0.6615,0.2997032640949555,0.4963144963144963,0.3737280296022202,0.6000091000091,0.1703620655067414,0.6566689956520465,1121,472,205,202,ok,32.63515779998852,4,Bank Customer Churn,,,,
4,QNN,quantum,PCA,default,1200,2000,2.00001522898674e-07,{},0.591,0.2683201803833145,0.5847665847665847,0.3678516228748068,0.5886795886795886,0.1437306422393053,0.6358068391966696,944,649,169,238,ok,32.6406338000088,4,Bank Customer Churn,,,,
5,QNN,quantum,PCA,default,1200,2000,1.9994331523776054e-07,{},0.672,0.3310626702997275,0.5955882352941176,0.425569176882662,0.643585574933491,0.2400919160979389,0.700107461326239,1101,491,165,243,ok,32.41449100000318,4,Bank Customer Churn,,,,
6,QNN,quantum,PCA,default,1200,2000,1.00000761449337e-07,{},0.5475,0.2603664416586306,0.6617647058823529,0.3737024221453287,0.5899903931421815,0.1451527393326334,0.6388206350379348,825,767,138,270,ok,32.391633000050206,4,Bank Customer Churn,,,,
7,QNN,quantum,PCA,default,1200,2000,3.00002284348011e-07,{},0.64,0.3021491782553729,0.5872235872235873,0.3989983305509182,0.6203537898453153,0.1981953524786082,0.6644009186382067,1041,552,168,239,ok,32.371207599993795,4,Bank Customer Churn,,,,
8,QNN,quantum,PCA,default,1200,2000,4.00003045797348e-07,{},0.634,0.2950819672131147,0.5749385749385749,0.39,0.6120141713362053,0.184381706366997,0.6569389111761994,1034,559,173,234,ok,32.18645540002035,4,Bank Customer Churn,,,,
9,QNN,quantum,PCA,default,1200,2000,4.00003045797348e-07,{},0.625,0.2936221419975932,0.5995085995085995,0.394184168012924,0.615510734154802,0.1887337915994779,0.6480903091072583,1006,587,163,244,ok,32.30636170000071,4,Bank Customer Churn,,,,
10,QNN,quantum,PCA,default,1200,2000,3.00002284348011e-07,{},0.6885,0.3312401883830455,0.5171568627450981,0.4038277511961722,0.6247844615233028,0.2158611438649238,0.6641417873682136,1166,426,197,211,ok,32.91320479998831,4,Bank Customer Churn,,,,
11,QNN,quantum,PCA,default,1200,2000,1.9994331523776054e-07,{},0.603,0.2860310421286031,0.6323529411764706,0.3938931297709924,0.613915164055572,0.1845052422407412,0.647680805990738,948,644,150,258,ok,32.67518080002628,4,Bank Customer Churn,,,,
12,QNN,quantum,PCA,default,1200,2000,2.00001522898674e-07,{},0.7535,0.4185606060606061,0.542997542997543,0.4727272727272727,0.6751397005634294,0.3199254759877519,0.7464583227295092,1286,307,186,221,ok,32.549607099965215,4,Bank Customer Churn,,,,
13,QNN,quantum,PCA,default,1200,2000,2.00001522898674e-07,{},0.594,0.2884012539184953,0.6781326781326781,0.4046920821114369,0.6253186931153032,0.2020006757430231,0.6445505598047971,912,681,131,276,ok,32.00804139999673,4,Bank Customer Churn,,,,
14,QNN,quantum,PCA,default,1200,2000,4.00003045797348e-07,{},0.611,0.289920724801812,0.628992628992629,0.3968992248062015,0.6176978210876516,0.1908519373050805,0.6550371635117397,966,627,151,256,ok,32.06313329999102,4,Bank Customer Churn,,,,
0,QSVC,quantum,PCA,default,1200,2000,2.00001522898674e-07,{},0.564,0.2444933920704846,0.5441176470588235,0.3373860182370821,0.5566065622228791,0.0916313628557569,0.5826336030643413,906,686,186,222,ok,156.01974449999398,4,Bank Customer Churn,,,,
1,QSVC,quantum,PCA,default,1200,2000,2.00001522898674e-07,{},0.585,0.2691466083150984,0.6029411764705882,0.3721633888048411,0.5916715932604197,0.1483127125330899,0.6248306483397379,924,668,162,246,ok,155.9020293999929,4,Bank Customer Churn,,,,
2,QSVC,quantum,PCA,default,1200,2000,2.00001522898674e-07,{},0.5465,0.242798353909465,0.5798525798525799,0.3422770123277737,0.5589156182376521,0.0949152154182445,0.5690914334982131,857,736,171,236,ok,157.33432669995818,4,Bank Customer Churn,,,,
3,QSVC,quantum,PCA,default,1200,2000,3.00002284348011e-07,{},0.5565,0.2473684210526315,0.5773955773955773,0.346352247605011,0.5642784541089625,0.103643974661691,0.5832519730824817,878,715,172,235,ok,157.2802220999729,4,Bank Customer Churn,,,,
4,QSVC,quantum,PCA,default,1200,2000,1.00000761449337e-07,{},0.5815,0.2578828828828828,0.5626535626535627,0.3536679536679536,0.5744843456707864,0.1207094354048784,0.6044789010890705,934,659,178,229,ok,155.31546839996008,4,Bank Customer Churn,,,,
5,QSVC,quantum,PCA,default,1200,2000,2.00001522898674e-07,{},0.547,0.2459183673469387,0.5906862745098039,0.3472622478386167,0.5632451473051532,0.101963725146157,0.5972709749729037,853,739,167,241,ok,155.48554560000775,4,Bank Customer Churn,,,,
6,QSVC,quantum,PCA,default,1200,2000,3.00002284348011e-07,{},0.5325,0.2393669634025717,0.5931372549019608,0.3410852713178294,0.5550485269484678,0.0887367640726589,0.5637031665681348,823,769,166,242,ok,157.00055769999744,4,Bank Customer Churn,,,,
7,QSVC,quantum,PCA,default,1200,2000,2.00001522898674e-07,{},0.6265,0.282051282051282,0.5405405405405406,0.3706823925863521,0.594501280941959,0.1560075321161808,0.6243362006073869,1033,560,187,220,ok,157.17487980000442,4,Bank Customer Churn,,,,
8,QSVC,quantum,PCA,default,1200,2000,3.00002284348011e-07,{},0.522,0.2241206030150754,0.547911547911548,0.3181169757489301,0.5316456672388876,0.0509629751968674,0.5458031220743085,821,772,184,223,ok,157.5515779000125,4,Bank Customer Churn,,,,
9,QSVC,quantum,PCA,default,1200,2000,4.00003045797348e-07,{},0.592,0.2641291810841983,0.5626535626535627,0.3594976452119309,0.5810756827705981,0.1317350071152009,0.6096049824863384,955,638,178,229,ok,157.7345758000156,4,Bank Customer Churn,,,,
10,QSVC,quantum,PCA,default,1200,2000,3.00002284348011e-07,{},0.571,0.2477578475336322,0.5416666666666666,0.34,0.5600921273031826,0.0974309372082924,0.5872399682234702,921,671,187,221,ok,156.85079349996522,4,Bank Customer Churn,,,,
11,QSVC,quantum,PCA,default,1200,2000,3.00002284348011e-07,{},0.5375,0.2276080084299262,0.5294117647058824,0.318349299926308,0.5344923145137452,0.0556697770715293,0.5475493275199528,859,733,192,216,ok,156.67843690002337,4,Bank Customer Churn,,,,
12,QSVC,quantum,PCA,default,1200,2000,3.00002284348011e-07,{},0.5815,0.2657952069716776,0.5995085995085995,0.3683018867924528,0.5882037661698678,0.1425237518776838,0.6051089610411644,919,674,163,244,ok,157.38554889999796,4,Bank Customer Churn,,,,
13,QSVC,quantum,PCA,default,1200,2000,2.00001522898674e-07,{},0.6,0.2674556213017751,0.5552825552825553,0.3610223642172524,0.5833537697944478,0.135875447613758,0.6302828251980794,974,619,181,226,ok,156.64540579996537,4,Bank Customer Churn,,,,
14,QSVC,quantum,PCA,default,1200,2000,3.00002284348011e-07,{},0.595,0.2773480662983425,0.6167076167076168,0.3826219512195122,0.6030807386739591,0.1667559201052334,0.6388915880441305,939,654,156,251,ok,157.53310000000056,4,Bank Customer Churn,,,,
0,QDT,quantum,PCA,default,1200,2000,2.00001522898674e-07,{},0.496,0.2159090909090909,0.5588235294117647,0.3114754098360656,0.519361513449601,0.0312574075158819,0.5219171839590107,764,828,180,228,ok,0.1410917000030167,4,Bank Customer Churn,,,,
1,QDT,quantum,PCA,default,1200,2000,1.00000761449337e-07,{},0.518,0.2337164750957854,0.5980392156862745,0.3360881542699724,0.547763326436102,0.0770631893231933,0.5781804241797222,792,800,164,244,ok,0.1435581999830901,4,Bank Customer Churn,,,,
2,QDT,quantum,PCA,default,1200,2000,2.00001522898674e-07,{},0.596,0.2029629629629629,0.3366093366093366,0.2532347504621072,0.4994408892713977,-0.0009520792246473,0.5202243846311643,1055,538,270,137,ok,0.1491655000136234,4,Bank Customer Churn,,,,
3,QDT,quantum,PCA,default,1200,2000,1.00000761449337e-07,{},0.4935,0.2265342960288808,0.6167076167076168,0.3313531353135313,0.5393644800424462,0.0637657247403511,0.5530746462949853,736,857,156,251,ok,0.124845800048206,4,Bank Customer Churn,,,,
4,QDT,quantum,PCA,default,1200,2000,1.00000761449337e-07,{},0.4885,0.2105263157894736,0.5503685503685504,0.3045547246770904,0.5115307911918081,0.0186073898811351,0.5167000590729405,753,840,183,224,ok,0.1201810999773442,4,Bank Customer Churn,,,,
5,QDT,quantum,PCA,default,1200,2000,1.00000761449337e-07,{},0.6765,0.2302483069977426,0.25,0.2397179788484136,0.5179020100502513,0.0347445935939597,0.5314840132032713,1251,341,306,102,ok,0.1227351000416092,4,Bank Customer Churn,,,,
6,QDT,quantum,PCA,default,1200,2000,3.00002284348011e-07,{},0.52,0.2136929460580912,0.5049019607843137,0.3002915451895043,0.514385653758991,0.0232029293431122,0.5236584269386145,834,758,202,206,ok,0.1540596999693662,4,Bank Customer Churn,,,,
7,QDT,quantum,PCA,default,1200,2000,3.00002284348011e-07,{},0.6235,0.236280487804878,0.3808353808353808,0.2916274694261524,0.5331672196078976,0.0568843238793388,0.5433468908045179,1092,501,252,155,ok,0.1381198999588377,4,Bank Customer Churn,,,,
8,QDT,quantum,PCA,default,1200,2000,3.00002284348011e-07,{},0.617,0.2332838038632986,0.3857493857493858,0.2907407407407407,0.530916124136463,0.0526838054188394,0.5313418194774125,1077,516,250,157,ok,0.1114671999821439,4,Bank Customer Churn,,,,
9,QDT,quantum,PCA,default,1200,2000,5.00003807246685e-07,{},0.423,0.2146676852559205,0.6904176904176904,0.3275058275058275,0.5225472005133022,0.0381785006088394,0.5363221464916381,565,1028,126,281,ok,0.1503898000228218,4,Bank Customer Churn,,,,
10,QDT,quantum,PCA,default,1200,2000,3.00002284348011e-07,{},0.4685,0.2104332449160035,0.5833333333333334,0.3092917478882391,0.5112018425460637,0.018212932671557,0.5116359986205536,699,893,170,238,ok,0.1649908000254072,4,Bank Customer Churn,,,,
11,QDT,quantum,PCA,default,1200,2000,3.00002284348011e-07,{},0.4465,0.2301158301158301,0.7303921568627451,0.3499706400469759,0.552067937727855,0.0878359985712341,0.5572554869937926,595,997,110,298,ok,0.1661269000032916,4,Bank Customer Churn,,,,
12,QDT,quantum,PCA,default,1200,2000,3.00002284348011e-07,{},0.4835,0.1961165048543689,0.4963144963144963,0.2811412665274878,0.4882702425075306,-0.018898165241776,0.4808653028992012,765,828,205,202,ok,0.1531775000039488,4,Bank Customer Churn,,,,
13,QDT,quantum,PCA,default,1200,2000,2.00001522898674e-07,{},0.5155,0.2234251968503937,0.5577395577395577,0.3190442726633872,0.5312238278339974,0.0502894433642183,0.5325063121673291,804,789,180,227,ok,0.1438691000221297,4,Bank Customer Churn,,,,
14,QDT,quantum,PCA,default,1200,2000,3.00002284348011e-07,{},0.5955,0.25,0.4938574938574938,0.3319570602807597,0.5576632102055831,0.094697887418201,0.5800091308565885,990,603,206,201,ok,0.1421904999879188,4,Bank Customer Churn,,,,
0,LogReg,classical,PCA,gwo,1200,2000,2.4278687000041828,{'C': 3.244782328646984},0.6645,0.332484076433121,0.6397058823529411,0.4375523889354568,0.6552800768548626,0.2562857026059024,0.7090322938220514,1068,524,147,261,ok,0.0416502000298351,4,Bank Customer Churn,0.4508723637548114,35.0,"[0.4508723637548114, 0.4508723637548114, 0.4508723637548114, 0.4508723637548114, 0.4508723637548114]",True
1,LogReg,classical,PCA,gwo,1200,2000,3.0517271000426263,{'C': 0.024650497687231383},0.5955,0.2808743169398907,0.6299019607843137,0.3885109599395314,0.6082926889348704,0.1751883935664028,0.6505243743225934,934,658,151,257,ok,0.0286794999847188,4,Bank Customer Churn,0.3944168734491315,46.0,"[0.3933862433862434, 0.3944168734491315, 0.3944168734491315, 0.3944168734491315, 0.3944168734491315, 0.3944168734491315]",True
2,LogReg,classical,PCA,gwo,1200,2000,5.125004999979865,{'C': 0.009171576589207132},0.6365,0.3048780487804878,0.6142506142506142,0.4074979625101874,0.6282175858447046,0.2099107855069348,0.6894382826586216,1023,570,157,250,ok,0.0223945999750867,4,Bank Customer Churn,0.3952166170830098,94.0,"[0.39235433350016685, 0.39235433350016685, 0.3928299222110496, 0.3928299222110496, 0.3928299222110496, 0.3947404266068193, 0.3947404266068193, 0.3952166170830098, 0.3952166170830098, 0.3952166170830098, 0.3952166170830098, 0.3952166170830098]",True
3,LogReg,classical,PCA,gwo,1200,2000,4.9072873999830335,{'C': 0.01365244748688132},0.6595,0.3291770573566084,0.6486486486486487,0.4367245657568238,0.6554605452910538,0.2554110495479067,0.699246241619123,1055,538,143,264,ok,0.0229990999796427,4,Bank Customer Churn,0.3601021717718016,88.0,"[0.35824608227269156, 0.35877420139575616, 0.35877420139575616, 0.35877420139575616, 0.35877420139575616, 0.3589014732743367, 0.3601021717718016, 0.3601021717718016, 0.3601021717718016, 0.3601021717718016, 0.3601021717718016]",True
4,LogReg,classical,PCA,gwo,1200,2000,3.4875659000244923,{'C': 0.11350459680574741},0.633,0.3027744270205066,0.6167076167076168,0.4061488673139158,0.6269351015113727,0.2074727722515084,0.68535253281016,1015,578,156,251,ok,0.0274500999948941,4,Bank Customer Churn,0.4021654381654382,56.0,"[0.4005310295632876, 0.4005310295632876, 0.4021654381654382, 0.4021654381654382, 0.4021654381654382, 0.4021654381654382, 0.4021654381654382]",True
5,LogReg,classical,PCA,gwo,1200,2000,2.6612694999785163,{'C': 0.05354294411612065},0.6185,0.2919109026963657,0.6102941176470589,0.3949246629659,0.6154485663612179,0.1881325441596492,0.6583699748743719,988,604,159,249,ok,0.0304335000109858,4,Bank Customer Churn,0.4327205348547729,40.0,"[0.4327205348547729, 0.4327205348547729, 0.4327205348547729, 0.4327205348547729, 0.4327205348547729]",True
6,LogReg,classical,PCA,gwo,1200,2000,1.8855559999938123,{'C': 0.0010000000000000002},0.6465,0.313358302122347,0.6151960784313726,0.4152191894127378,0.6348593457483496,0.2218129040239992,0.6948929697507142,1042,550,157,251,ok,0.0428455999935977,4,Bank Customer Churn,0.3878997642677443,28.0,"[0.3845514024857848, 0.3849720548334455, 0.38789976426774436, 0.38789976426774436, 0.38789976426774436, 0.38789976426774436, 0.38789976426774436]",True
7,LogReg,classical,PCA,gwo,1200,2000,2.358373800001573,{'C': 16.268877936419855},0.639,0.296248382923674,0.5626535626535627,0.3881355932203389,0.610579763122136,0.1828515790553506,0.6649731395494108,1049,544,178,229,ok,0.0501540999975986,4,Bank Customer Churn,0.4149491291330208,34.0,"[0.4149491291330208, 0.4149491291330208, 0.4149491291330208, 0.4149491291330208, 0.4149491291330208]",True
8,LogReg,classical,PCA,gwo,1200,2000,3.606956500036176,{'C': 0.0013954083387072108},0.6325,0.3004866180048662,0.6068796068796068,0.4019528071602929,0.6229627161830551,0.2012333615919886,0.6712444339562983,1018,575,160,247,ok,0.0269008999457582,4,Bank Customer Churn,0.4227504016420307,59.0,"[0.42036429872495445, 0.42070873398654135, 0.42099731560713055, 0.42275040164203076, 0.42275040164203076, 0.42275040164203076, 0.42275040164203076, 0.42275040164203076]",True
9,LogReg,classical,PCA,gwo,1200,2000,2.487359800026752,{'C': 3.356314671355666},0.607,0.2910694597574421,0.6486486486486487,0.4018264840182648,0.6225038597919954,0.1981395334878505,0.6684743294912787,950,643,143,264,ok,0.0362466999795287,4,Bank Customer Churn,0.3635012118309532,35.0,"[0.36350121183095324, 0.36350121183095324, 0.36350121183095324, 0.36350121183095324, 0.36350121183095324]",True
10,LogReg,classical,PCA,gwo,1200,2000,2.147778999991715,{'C': 0.0010048884723145306},0.637,0.3125,0.6495098039215687,0.4219745222929936,0.6416518868854074,0.2310094824823418,0.693202532269189,1009,583,143,265,ok,0.0516236000112257,4,Bank Customer Churn,0.3961787901790412,32.0,"[0.39617879017904123, 0.39617879017904123, 0.39617879017904123, 0.39617879017904123, 0.39617879017904123]",True
11,LogReg,classical,PCA,gwo,1200,2000,4.066434100037441,{'C': 0.001637363906416081},0.6415,0.3021766965428937,0.5784313725490197,0.3969722455845248,0.6180473445659671,0.1950116071104092,0.672007402207114,1047,545,172,236,ok,0.0245800000266172,4,Bank Customer Churn,0.4052535059810306,67.0,"[0.4047265134221656, 0.4047265134221656, 0.4047265134221656, 0.4047265134221656, 0.40525350598103066, 0.40525350598103066, 0.40525350598103066, 0.40525350598103066, 0.40525350598103066]",True
12,LogReg,classical,PCA,gwo,1200,2000,2.3316777999862097,{'C': 11.270893106150185},0.6345,0.3014705882352941,0.6044226044226044,0.4022894521668029,0.6233035809306996,0.2020178975488648,0.6780108305532034,1023,570,161,246,ok,0.0368636000202968,4,Bank Customer Churn,0.4113470962354701,32.0,"[0.4113470962354701, 0.4113470962354701, 0.4113470962354701, 0.4113470962354701, 0.4113470962354701]",True
13,LogReg,classical,PCA,gwo,1200,2000,2.249866499972996,{'C': 4.764074532930091},0.638,0.3141852286049238,0.6584766584766585,0.4253968253968254,0.6456225100292897,0.2370868006587621,0.6796087304561881,1008,585,139,268,ok,0.0534808000084012,4,Bank Customer Churn,0.407711388705641,33.0,"[0.407711388705641, 0.407711388705641, 0.407711388705641, 0.407711388705641, 0.407711388705641]",True
14,LogReg,classical,PCA,gwo,1200,2000,3.694757000019308,{'C': 0.034970234470675446},0.6385,0.3087167070217917,0.6265356265356266,0.413625304136253,0.6340462187919815,0.219212635720059,0.6813300203130712,1022,571,152,255,ok,0.0260598000022582,4,Bank Customer Churn,0.3901730531379488,60.0,"[0.38701101346594907, 0.38925055852300433, 0.38925055852300433, 0.39017305313794887, 0.39017305313794887, 0.39017305313794887, 0.39017305313794887, 0.39017305313794887]",True
0,SVC,classical,PCA,gwo,1200,2000,12.371411499974784,"{'C': 2.2547014804860193, 'gamma': 0.0009639558066461408}",0.6585,0.3188405797101449,0.5931372549019608,0.414738646101114,0.634194255591684,0.2228736654889449,0.6833339491575525,1075,517,166,242,ok,0.1163439999800175,4,Bank Customer Churn,0.3958306191307512,96.0,"[0.38043664546597095, 0.3874176678402132, 0.3874176678402132, 0.3881635429841708, 0.38887131095081134, 0.38887131095081134, 0.393980889150155, 0.393980889150155, 0.393980889150155, 0.3949346405228758, 0.3958306191307512, 0.3958306191307512]",False
1,SVC,classical,PCA,gwo,1200,2000,9.490314199996646,"{'C': 1.8859691219062047, 'gamma': 0.0009830140636659592}",0.6725,0.320754716981132,0.5416666666666666,0.4029170464904284,0.6238484087102177,0.2100443882296635,0.6937814070351758,1124,468,187,221,ok,0.1629413000191562,4,Bank Customer Churn,0.4294073170730978,64.0,"[0.4289528865344938, 0.4289528865344938, 0.4289528865344938, 0.42940731707309787, 0.42940731707309787, 0.42940731707309787, 0.42940731707309787, 0.42940731707309787]",True
2,SVC,classical,PCA,gwo,1200,2000,11.228304599993862,"{'C': 0.792343661090805, 'gamma': 4.8154558657949575}",0.6225,0.2957746478873239,0.6191646191646192,0.4003177124702144,0.6212583924448332,0.1974495522058896,0.6640230369043928,993,600,155,252,ok,0.1391532000270672,4,Bank Customer Churn,0.4025761289629355,80.0,"[0.3888311820020711, 0.3895722091532554, 0.3895722091532554, 0.3895722091532554, 0.3939906378484194, 0.40257612896293554, 0.40257612896293554, 0.40257612896293554, 0.40257612896293554, 0.40257612896293554]",True
3,SVC,classical,PCA,gwo,1200,2000,6.211992700002156,"{'C': 0.02433515542714977, 'gamma': 0.11247522627691842}",0.6935,0.3283333333333333,0.484029484029484,0.3912611717974181,0.6155238443374037,0.202986463785989,0.6513963886845243,1190,403,210,197,ok,0.2352776000043377,4,Bank Customer Churn,0.4116976237672222,40.0,"[0.41169762376722224, 0.41169762376722224, 0.41169762376722224, 0.41169762376722224, 0.41169762376722224]",True
4,SVC,classical,PCA,gwo,1200,2000,9.275231599982362,"{'C': 0.8314623360905317, 'gamma': 0.001142218808447535}",0.66,0.303030303030303,0.515970515970516,0.3818181818181818,0.6063845046895895,0.1800151484697968,0.6611156611156611,1110,483,197,210,ok,0.1679255000199191,4,Bank Customer Churn,0.4380136534014038,64.0,"[0.43725417895771873, 0.43725417895771873, 0.4378814478024764, 0.4380136534014038, 0.4380136534014038, 0.4380136534014038, 0.4380136534014038, 0.4380136534014038]",True
5,SVC,classical,PCA,gwo,1200,2000,10.0100853999611,"{'C': 89.45206507605333, 'gamma': 0.006239884204431416}",0.589,0.2802547770700637,0.6470588235294118,0.3911111111111111,0.6105897132722435,0.1785574831517262,0.6695964503892009,914,678,144,264,ok,0.1378606000216677,4,Bank Customer Churn,0.409980221003843,64.0,"[0.39577985140513156, 0.4067898424260819, 0.4067898424260819, 0.40998022100384307, 0.40998022100384307, 0.40998022100384307, 0.40998022100384307, 0.40998022100384307]",True
6,SVC,classical,PCA,gwo,1200,2000,6.223519499995746,"{'C': 64.59604325590246, 'gamma': 0.2171208621151055}",0.7005,0.3693570451436389,0.6617647058823529,0.4741000877963126,0.6860959207803725,0.3114432788059535,0.7416432653463395,1131,461,138,270,ok,0.2195888999849558,4,Bank Customer Churn,0.3881121276402977,40.0,"[0.38811212764029773, 0.38811212764029773, 0.38811212764029773, 0.38811212764029773, 0.38811212764029773]",True
7,SVC,classical,PCA,gwo,1200,2000,8.730741499981377,"{'C': 13.822462199774542, 'gamma': 0.18248050393598714}",0.637,0.3061968408262454,0.6191646191646192,0.4097560975609756,0.6303607151064778,0.2133013839743854,0.6757188621595401,1022,571,155,252,ok,0.187028200016357,4,Bank Customer Churn,0.469886757258684,55.0,"[0.44586425074229946, 0.4597521200260926, 0.469886757258684, 0.469886757258684, 0.469886757258684, 0.469886757258684, 0.469886757258684]",True
8,SVC,classical,PCA,gwo,1200,2000,7.214962099969853,"{'C': 0.5714174067777248, 'gamma': 0.0024499613740233614}",0.6355,0.3002481389578164,0.5945945945945946,0.3990107172300082,0.6202728151880694,0.1974389716507599,0.6623248826638656,1029,564,165,242,ok,0.2037230000132694,4,Bank Customer Churn,0.3865888197939987,48.0,"[0.3859935408142153, 0.3865888197939987, 0.3865888197939987, 0.3865888197939987, 0.3865888197939987, 0.3865888197939987]",True
9,SVC,classical,PCA,gwo,1200,2000,8.254547200049274,"{'C': 2.3017613639979206, 'gamma': 0.0005105706274172425}",0.645,0.3127317676143387,0.6216216216216216,0.4161184210526316,0.636297314263416,0.2236105268124915,0.6913485133824117,1037,556,154,253,ok,0.1723297999706119,4,Bank Customer Churn,0.4578292578292578,56.0,"[0.45383782840185044, 0.45383782840185044, 0.4578292578292578, 0.4578292578292578, 0.4578292578292578, 0.4578292578292578, 0.4578292578292578]",True
10,SVC,classical,PCA,gwo,1200,2000,7.656105700007174,"{'C': 0.010000000000000004, 'gamma': 0.03180513711644515}",0.6645,0.3034379671150972,0.4975490196078431,0.3769730733519034,0.6024177258843235,0.174946255209524,0.3571549536900187,1126,466,205,203,ok,0.2039073000196367,4,Bank Customer Churn,0.3942087246258207,48.0,"[0.3936291824641285, 0.39420872462582074, 0.39420872462582074, 0.39420872462582074, 0.39420872462582074, 0.39420872462582074]",True
11,SVC,classical,PCA,gwo,1200,2000,11.183393300045282,"{'C': 0.010000000000000004, 'gamma': 0.010055024857266039}",0.6925,0.3502170767004341,0.5931372549019608,0.4404003639672429,0.6555510395112819,0.2636305160045806,0.3020925706966203,1143,449,166,242,ok,0.1527972999610938,4,Bank Customer Churn,0.465485588603298,80.0,"[0.4599605733331553, 0.46275773568089257, 0.46399094019597403, 0.4643815599402143, 0.4643815599402143, 0.46548558860329803, 0.46548558860329803, 0.46548558860329803, 0.46548558860329803, 0.46548558860329803]",True
12,SVC,classical,PCA,gwo,1200,2000,9.372608399949968,"{'C': 4.249986403232691, 'gamma': 1.1009415253654447}",0.6585,0.3188976377952756,0.597051597051597,0.4157399486740804,0.6356256102018814,0.2248738655015061,0.6717865785662397,1074,519,164,243,ok,0.1392625000444241,4,Bank Customer Churn,0.4243464291610917,64.0,"[0.41098400065338603, 0.41311998874550865, 0.42417759408100625, 0.4243464291610917, 0.4243464291610917, 0.4243464291610917, 0.4243464291610917, 0.4243464291610917]",True
13,SVC,classical,PCA,gwo,1200,2000,12.216379399993455,"{'C': 0.9970344886925963, 'gamma': 0.004258995064937566}",0.6955,0.336038961038961,0.5085995085995086,0.4046920821114369,0.6259256174510412,0.2196295521743299,0.6879761117049252,1184,409,200,207,ok,0.1243205000064335,4,Bank Customer Churn,0.4428773328020189,96.0,"[0.4390106852164061, 0.43960391174013463, 0.43960391174013463, 0.4418299089324524, 0.4418299089324524, 0.4418299089324524, 0.4418299089324524, 0.44222929658027876, 0.44222929658027876, 0.44283820471050744, 0.44287733280201896, 0.44287733280201896]",False
14,SVC,classical,PCA,gwo,1200,2000,10.482896599976812,"{'C': 3.2946297857778633, 'gamma': 1.3940713482695293}",0.599,0.2727272727272727,0.5823095823095823,0.3714733542319749,0.5927869317699825,0.1507234101010627,0.6274263477653308,961,632,170,237,ok,0.1328215000103227,4,Bank Customer Churn,0.4308779559662952,72.0,"[0.42264119322942856, 0.42264119322942856, 0.426250079358577, 0.426250079358577, 0.4308779559662952, 0.4308779559662952, 0.4308779559662952, 0.4308779559662952, 0.4308779559662952]",True
0,DecisionTree,classical,PCA,gwo,1200,2000,2.0022048999671824,"{'max_depth': 4, 'min_samples_leaf': 16}",0.4635,0.254249815225425,0.8431372549019608,0.39068710959682,0.6046716425263573,0.1803265232855517,0.6466462213025913,583,1009,64,344,ok,0.0444351999904029,4,Bank Customer Churn,0.3841352653794154,33.0,"[0.38413526537941545, 0.38413526537941545, 0.38413526537941545, 0.38413526537941545, 0.38413526537941545]",True
1,DecisionTree,classical,PCA,gwo,1200,2000,2.822257699968759,"{'max_depth': 12, 'min_samples_leaf': 18}",0.633,0.3095794392523364,0.6495098039215687,0.4193037974683544,0.6391393240713371,0.2266374126883578,0.6680830623706769,1001,591,143,265,ok,0.0274897000053897,4,Bank Customer Churn,0.3905218470105562,45.0,"[0.38122354260182106, 0.3857551501053707, 0.3905218470105562, 0.3905218470105562, 0.3905218470105562, 0.3905218470105562, 0.3905218470105562]",True
2,DecisionTree,classical,PCA,gwo,1200,2000,2.8395045999786817,"{'max_depth': 4, 'min_samples_leaf': 12}",0.5925,0.2801724137931034,0.6388206388206388,0.3895131086142322,0.6097430249972622,0.1771905819350489,0.6442066103083052,925,668,147,260,ok,0.0267128000268712,4,Bank Customer Churn,0.4043846099028106,49.0,"[0.3865037974146775, 0.4010489325800073, 0.4010489325800073, 0.4010489325800073, 0.4043846099028106, 0.4043846099028106, 0.4043846099028106, 0.4043846099028106, 0.4043846099028106]",True
3,DecisionTree,classical,PCA,gwo,1200,2000,2.4709722999832597,"{'max_depth': 16, 'min_samples_leaf': 9}",0.582,0.2665941240478781,0.601965601965602,0.3695324283559578,0.5894322673983692,0.1444969656204192,0.6305095542383679,919,674,162,245,ok,0.0292589000309817,4,Bank Customer Churn,0.380637003866541,39.0,"[0.37669254986658435, 0.380637003866541, 0.380637003866541, 0.380637003866541, 0.380637003866541, 0.380637003866541]",True
4,DecisionTree,classical,PCA,gwo,1200,2000,2.5320872999727726,"{'max_depth': 4, 'min_samples_leaf': 4}",0.625,0.3048919226393629,0.6584766584766585,0.416796267496112,0.6374618069533324,0.2230077175630935,0.6547356293119004,982,611,139,268,ok,0.0324410999892279,4,Bank Customer Churn,0.4250832247792734,41.0,"[0.40016057008736033, 0.40103028079665065, 0.42176038379756803, 0.42176038379756803, 0.42267227666778046, 0.4249588154350059, 0.4249588154350059, 0.4249588154350059, 0.42508322477927346, 0.42508322477927346, 0.42508322477927346, 0.42508322477927346]",False
5,DecisionTree,classical,PCA,gwo,1200,2000,2.3394636000157334,"{'max_depth': 8, 'min_samples_leaf': 20}",0.647,0.2930555555555555,0.5171568627450981,0.374113475177305,0.5987166223273229,0.1657489031254025,0.6517929722140113,1083,509,197,211,ok,0.0299899000092409,4,Bank Customer Churn,0.3766368228595131,37.0,"[0.36652947774899, 0.3766368228595131, 0.3766368228595131, 0.3766368228595131, 0.3766368228595131, 0.3766368228595131]",True
6,DecisionTree,classical,PCA,gwo,1200,2000,2.206910400011111,"{'max_depth': 7, 'min_samples_leaf': 18}",0.636,0.2959183673469387,0.5686274509803921,0.3892617449664429,0.6109468913193419,0.1831563280396313,0.6729680879889643,1040,552,176,232,ok,0.0310456999577581,4,Bank Customer Churn,0.4104516765751979,35.0,"[0.4051556940181122, 0.41045167657519793, 0.41045167657519793, 0.41045167657519793, 0.41045167657519793, 0.41045167657519793]",True
7,DecisionTree,classical,PCA,gwo,1200,2000,2.164088800025638,"{'max_depth': 5, 'min_samples_leaf': 19}",0.5935,0.2898550724637681,0.687960687960688,0.4078659868900218,0.6286633320531625,0.2073199282776435,0.6598941005720667,907,686,127,280,ok,0.0304565000114962,4,Bank Customer Churn,0.3969369230746191,32.0,"[0.39693692307461914, 0.39693692307461914, 0.39693692307461914, 0.39693692307461914, 0.39693692307461914]",True
8,DecisionTree,classical,PCA,gwo,1200,2000,1.89647600002354,"{'max_depth': 3, 'min_samples_leaf': 12}",0.581,0.2738719832109129,0.6412776412776413,0.3838235294117647,0.6034385695402644,0.1667622718612517,0.6195571534554585,901,692,146,261,ok,0.0483314999728463,4,Bank Customer Churn,0.4105519529477253,30.0,"[0.4105519529477253, 0.4105519529477253, 0.4105519529477253, 0.4105519529477253, 0.4105519529477253]",True
9,DecisionTree,classical,PCA,gwo,1200,2000,2.839841199980583,"{'max_depth': 7, 'min_samples_leaf': 9}",0.629,0.3059096176129779,0.6486486486486487,0.415748031496063,0.6363142803820769,0.221610744726133,0.6578373442780222,994,599,143,264,ok,0.0270511000417172,4,Bank Customer Churn,0.4042176735099643,48.0,"[0.39335659511194226, 0.3975317028985507, 0.3975317028985507, 0.40421767350996435, 0.40421767350996435, 0.40421767350996435, 0.40421767350996435, 0.40421767350996435]",True
10,DecisionTree,classical,PCA,gwo,1200,2000,2.026495400001295,"{'max_depth': 12, 'min_samples_leaf': 20}",0.6745,0.3364737550471063,0.6127450980392157,0.4344048653344917,0.6515358656025224,0.2527464109733702,0.6925574563996454,1099,493,158,250,ok,0.0360017999773845,4,Bank Customer Churn,0.4079114554243695,32.0,"[0.4079114554243695, 0.4079114554243695, 0.4079114554243695, 0.4079114554243695, 0.4079114554243695]",True
11,DecisionTree,classical,PCA,gwo,1200,2000,3.0993955999729224,"{'max_depth': 9, 'min_samples_leaf': 17}",0.624,0.2597765363128491,0.4558823529411764,0.3309608540925267,0.5614838900384275,0.1033603385280552,0.6102617868755543,1062,530,222,186,ok,0.0245297000510618,4,Bank Customer Churn,0.4478040961931847,54.0,"[0.44401278494175384, 0.44401278494175384, 0.44401278494175384, 0.4446691549010336, 0.4478040961931847, 0.4478040961931847, 0.4478040961931847, 0.4478040961931847, 0.4478040961931847]",True
12,DecisionTree,classical,PCA,gwo,1200,2000,2.194544800033327,"{'max_depth': 10, 'min_samples_leaf': 19}",0.602,0.2787258248009101,0.601965601965602,0.3810264385692068,0.6019871952075342,0.1654563702310077,0.6710277303497643,959,634,162,245,ok,0.0305509999743662,4,Bank Customer Churn,0.4212837235824513,34.0,"[0.4212837235824513, 0.4212837235824513, 0.4212837235824513, 0.4212837235824513, 0.4212837235824513]",True
13,DecisionTree,classical,PCA,gwo,1200,2000,3.431076400040183,"{'max_depth': 7, 'min_samples_leaf': 10}",0.6435,0.2716417910447761,0.4471744471744471,0.3379758588672237,0.5704171043154094,0.1201295992929394,0.594432645280103,1105,488,225,182,ok,0.0231188999605365,4,Bank Customer Churn,0.3789205482046733,61.0,"[0.3742864215734038, 0.374974570796945, 0.374974570796945, 0.374974570796945, 0.3789205482046733, 0.3789205482046733, 0.3789205482046733, 0.3789205482046733, 0.3789205482046733]",True
14,DecisionTree,classical,PCA,gwo,1200,2000,1.2806153999990784,"{'max_depth': 2, 'min_samples_leaf': 17}",0.6695,0.313235294117647,0.5233415233415234,0.3919043238270469,0.6150919794987593,0.1956314734305337,0.6271533474923305,1126,467,194,213,ok,0.0421385999652557,4,Bank Customer Churn,0.364729254830445,22.0,"[0.364729254830445, 0.364729254830445, 0.364729254830445, 0.364729254830445, 0.364729254830445]",True
0,RandomForest,classical,PCA,gwo,1200,2000,52.61031550000189,"{'max_depth': 11, 'min_samples_leaf': 20, 'max_features': 'sqrt'}",0.65,0.3093994778067885,0.5808823529411765,0.403747870528109,0.6242979603901863,0.2060742114094364,0.6688605404473348,1063,529,171,237,ok,0.5660330999526195,4,Bank Customer Churn,0.3767062944168505,37.0,"[0.37293105366497276, 0.3767062944168505, 0.3767062944168505, 0.3767062944168505, 0.3767062944168505, 0.3767062944168505]",True
1,RandomForest,classical,PCA,gwo,1200,2000,66.42344859999139,"{'max_depth': 16, 'min_samples_leaf': 5, 'max_features': None}",0.62,0.3048780487804878,0.6740196078431373,0.4198473282442748,0.6400876933688049,0.2268961644768289,0.6849889767464774,965,627,133,275,ok,0.6102050000336021,4,Bank Customer Churn,0.4191359449960235,42.0,"[0.41175351696167234, 0.4191359449960235, 0.4191359449960235, 0.4191359449960235, 0.4191359449960235, 0.4191359449960235]",True
2,RandomForest,classical,PCA,gwo,1200,2000,74.52973329997621,"{'max_depth': 13, 'min_samples_leaf': 8, 'max_features': 'log2'}",0.5885,0.2657657657657657,0.5798525798525799,0.3644787644787645,0.5852809666368988,0.138206454535048,0.6115853912464082,941,652,171,236,ok,0.3980864000041038,4,Bank Customer Churn,0.3953969270309158,58.0,"[0.3880873725538114, 0.3880873725538114, 0.391191367606784, 0.39539692703091583, 0.39539692703091583, 0.39539692703091583, 0.39539692703091583, 0.39539692703091583]",True
3,RandomForest,classical,PCA,gwo,1200,2000,40.76151859998936,"{'max_depth': 2, 'min_samples_leaf': 20, 'max_features': 'sqrt'}",0.617,0.2962542565266742,0.6412776412776413,0.4052795031055901,0.6260374395967616,0.2044238968306691,0.6794552642010269,973,620,146,261,ok,0.5292526000412181,4,Bank Customer Churn,0.3576698115034697,29.0,"[0.3565014175630216, 0.3565014175630216, 0.3576698115034697, 0.3576698115034697, 0.3576698115034697, 0.3576698115034697, 0.3576698115034697]",True
4,RandomForest,classical,PCA,gwo,1200,2000,79.01208939997014,"{'max_depth': 4, 'min_samples_leaf': 17, 'max_features': 'log2'}",0.6285,0.2823834196891192,0.5356265356265356,0.36980491942324,0.5939275176563312,0.1553531628179143,0.6324429205785137,1039,554,189,218,ok,0.3195312999887392,4,Bank Customer Churn,0.4329172134549166,64.0,"[0.42646097924771564, 0.4313264671867909, 0.4313264671867909, 0.43225093225093225, 0.4329172134549166, 0.4329172134549166, 0.4329172134549166, 0.4329172134549166, 0.4329172134549166]",True
5,RandomForest,classical,PCA,gwo,1200,2000,44.21303179999813,"{'max_depth': 11, 'min_samples_leaf': 1, 'max_features': 'sqrt'}",0.6395,0.3026481715006305,0.5882352941176471,0.3996669442131557,0.6204367425362105,0.1984268238332075,0.6770125135481329,1039,553,168,240,ok,0.7383749999571592,4,Bank Customer Churn,0.4104216706929112,29.0,"[0.4045436399050613, 0.4045436399050613, 0.4104216706929112, 0.4104216706929112, 0.4104216706929112, 0.4104216706929112, 0.4104216706929112]",True
6,RandomForest,classical,PCA,gwo,1200,2000,81.74497299996438,"{'max_depth': 19, 'min_samples_leaf': 13, 'max_features': None}",0.6795,0.3567035670356703,0.7107843137254902,0.475020475020475,0.6911333628928958,0.3136154702208015,0.7277194797516997,1069,523,118,290,ok,0.3716410000342875,4,Bank Customer Churn,0.420728641138021,66.0,"[0.41796173873141096, 0.41796173873141096, 0.41796173873141096, 0.41796173873141096, 0.4184264997273128, 0.42072864113802105, 0.42072864113802105, 0.42072864113802105, 0.42072864113802105, 0.42072864113802105]",True
7,RandomForest,classical,PCA,gwo,1200,2000,59.013215799990576,"{'max_depth': 2, 'min_samples_leaf': 18, 'max_features': 'sqrt'}",0.541,0.2632066728452271,0.6977886977886978,0.3822341857335128,0.5993651586871926,0.1605198263291335,0.6641009268127912,798,795,123,284,ok,0.4184262999915518,4,Bank Customer Churn,0.4211301756529143,44.0,"[0.4099047725434011, 0.4099047725434011, 0.4146740411703547, 0.41591786864478536, 0.4211301756529143, 0.4211301756529143, 0.4211301756529143, 0.4211301756529143, 0.4211301756529143]",True
8,RandomForest,classical,PCA,gwo,1200,2000,81.28153790003853,"{'max_depth': 18, 'min_samples_leaf': 17, 'max_features': 'log2'}",0.657,0.318595578673602,0.601965601965602,0.4166666666666667,0.6365132466827382,0.2259527791445056,0.6821335973878346,1069,524,162,245,ok,0.3245887999655679,4,Bank Customer Churn,0.3911943654739598,64.0,"[0.3878084955805514, 0.38914040549808115, 0.38914040549808115, 0.38914040549808115, 0.38914040549808115, 0.39119436547395986, 0.39119436547395986, 0.39119436547395986, 0.39119436547395986, 0.39119436547395986]",True
9,RandomForest,classical,PCA,gwo,1200,2000,52.30572929995833,"{'max_depth': 14, 'min_samples_leaf': 14, 'max_features': 'sqrt'}",0.6305,0.2914572864321608,0.5700245700245701,0.3857024106400665,0.6079878029030572,0.1776396938589423,0.6410200647488783,1029,564,175,232,ok,0.5772797000245191,4,Bank Customer Churn,0.4076739197057922,37.0,"[0.4076739197057922, 0.4076739197057922, 0.4076739197057922, 0.4076739197057922, 0.4076739197057922]",True
10,RandomForest,classical,PCA,gwo,1200,2000,67.24746349995257,"{'max_depth': 5, 'min_samples_leaf': 11, 'max_features': 'sqrt'}",0.6695,0.3302013422818792,0.6029411764705882,0.4267129228100607,0.6447494827076559,0.2412951706972128,0.6912519090550794,1093,499,162,246,ok,0.4257344000507146,4,Bank Customer Churn,0.4013830574419699,51.0,"[0.3848246991104134, 0.39048567961672837, 0.3911568636699527, 0.3966877758587603, 0.39776211453744487, 0.39776211453744487, 0.4010159808122457, 0.4010159808122457, 0.4011445033207542, 0.4013830574419699, 0.4013830574419699, 0.4013830574419699]",False
11,RandomForest,classical,PCA,gwo,1200,2000,58.65495480003301,"{'max_depth': 4, 'min_samples_leaf': 18, 'max_features': 'sqrt'}",0.6515,0.314028314028314,0.5980392156862745,0.4118143459915612,0.6316201103557,0.2176356924656962,0.6639624285643906,1059,533,164,244,ok,0.4691878000157885,4,Bank Customer Churn,0.4139724387402406,43.0,"[0.40694800412431875, 0.40723945694806907, 0.4139724387402406, 0.4139724387402406, 0.4139724387402406, 0.4139724387402406, 0.4139724387402406]",True
12,RandomForest,classical,PCA,gwo,1200,2000,53.88266839995049,"{'max_depth': 2, 'min_samples_leaf': 6, 'max_features': 'log2'}",0.6155,0.2900232018561485,0.6142506142506142,0.3940110323089046,0.6150349116450811,0.1870423660059269,0.6528948054371783,981,612,157,250,ok,0.5002472000196576,4,Bank Customer Churn,0.4415597695906925,40.0,"[0.431574460179301, 0.44036018944374405, 0.44036018944374405, 0.4408702729232598, 0.44155976959069254, 0.44155976959069254, 0.44155976959069254, 0.44155976959069254, 0.44155976959069254]",True
13,RandomForest,classical,PCA,gwo,1200,2000,63.087933200004045,"{'max_depth': 16, 'min_samples_leaf': 10, 'max_features': 'sqrt'}",0.6425,0.3040712468193384,0.5872235872235873,0.4006705783738474,0.6219231558214608,0.2010021334491577,0.6590504217622861,1046,547,168,239,ok,0.464552299992647,4,Bank Customer Churn,0.4547241344906714,45.0,"[0.45049020189084926, 0.45472413449067145, 0.45472413449067145, 0.45472413449067145, 0.45472413449067145, 0.45472413449067145]",True
14,RandomForest,classical,PCA,gwo,1200,2000,73.32675809995271,"{'max_depth': 4, 'min_samples_leaf': 5, 'max_features': 'sqrt'}",0.648,0.3093709884467265,0.5921375921375921,0.4064080944350758,0.6272050170355254,0.2100452031138402,0.6884789257670613,1055,538,166,241,ok,0.3556801000377163,4,Bank Customer Churn,0.4361476475568457,56.0,"[0.42936642377636164, 0.42936642377636164, 0.42936642377636164, 0.42936642377636164, 0.4359002013229796, 0.4361476475568457, 0.4361476475568457, 0.4361476475568457, 0.4361476475568457, 0.4361476475568457]",True
0,MLP,classical,PCA,gwo,1200,2000,51.95931109995581,"{'alpha': 0.0001835659978307543, 'learning_rate_init': 0.0001253612750037355}",0.6575,0.3253467843631778,0.6323529411764706,0.4296419650291423,0.6481488323972805,0.2440841693999833,0.6985016996748448,1057,535,150,258,ok,0.2198693000245839,4,Bank Customer Churn,0.4429986304986305,64.0,"[0.44238033626331497, 0.44238033626331497, 0.44238033626331497, 0.4429986304986305, 0.4429986304986305, 0.4429986304986305, 0.4429986304986305, 0.4429986304986305]",True
1,MLP,classical,PCA,gwo,1200,2000,51.92476720002014,"{'alpha': 1.0000000000000004e-06, 'learning_rate_init': 0.00012074195849670676}",0.6605,0.3120665742024965,0.5514705882352942,0.3985828166519043,0.6199563996452853,0.2013502284729744,0.6648207335698098,1096,496,183,225,ok,0.1782835000194609,4,Bank Customer Churn,0.4125138909621668,72.0,"[0.41035335212697205, 0.41035335212697205, 0.41120368842691896, 0.41206415551243136, 0.41251389096216684, 0.41251389096216684, 0.41251389096216684, 0.41251389096216684, 0.41251389096216684]",True
2,MLP,classical,PCA,gwo,1200,2000,32.35734439996304,"{'alpha': 2.8280411762296047e-05, 'learning_rate_init': 0.10000000000000006}",0.6485,0.306282722513089,0.5749385749385749,0.3996584116140051,0.62111649399785,0.2007162175353061,0.6744571998809288,1063,530,173,234,ok,0.1532709000166505,4,Bank Customer Churn,0.4369705778633383,48.0,"[0.43018158721979116, 0.43697057786333837, 0.43697057786333837, 0.43697057786333837, 0.43697057786333837, 0.43697057786333837]",True
3,MLP,classical,PCA,gwo,1200,2000,73.07813129998976,"{'alpha': 5.00268024274409e-05, 'learning_rate_init': 0.0006388738728320527}",0.657,0.3142476697736351,0.5798525798525799,0.4075993091537133,0.6282815943832893,0.2133036315685677,0.6917688104128782,1078,515,171,236,ok,0.328817900037393,4,Bank Customer Churn,0.4534245330853726,72.0,"[0.4427801190539427, 0.452136346873189, 0.452136346873189, 0.452136346873189, 0.4534245330853726, 0.4534245330853726, 0.4534245330853726, 0.4534245330853726, 0.4534245330853726]",True
4,MLP,classical,PCA,gwo,1200,2000,53.554474400007166,"{'alpha': 0.10000000000000006, 'learning_rate_init': 0.03206063292475631}",0.619,0.2879330943847072,0.5921375921375921,0.387459807073955,0.6090003717122361,0.1779141461897746,0.6404401319655557,997,596,166,241,ok,0.0955956999678164,4,Bank Customer Churn,0.4192147745174019,64.0,"[0.41189948917825614, 0.41691565459296864, 0.41691565459296864, 0.4192147745174019, 0.4192147745174019, 0.4192147745174019, 0.4192147745174019, 0.4192147745174019]",True
5,MLP,classical,PCA,gwo,1200,2000,53.37924219999695,"{'alpha': 0.00030438316257998553, 'learning_rate_init': 0.009911327580237396}",0.647,0.3310657596371882,0.7156862745098039,0.4527131782945736,0.6725416297172135,0.2800723983136501,0.7286693886097153,1002,590,116,292,ok,0.219542300037574,4,Bank Customer Churn,0.4215213455778282,48.0,"[0.4111476385760702, 0.4215213455778282, 0.4215213455778282, 0.4215213455778282, 0.4215213455778282, 0.4215213455778282]",True
6,MLP,classical,PCA,gwo,1200,2000,96.74219849996734,"{'alpha': 0.0016188647117392992, 'learning_rate_init': 0.00555236448615084}",0.6485,0.3144654088050314,0.6127450980392157,0.4156275976724854,0.6352042073110651,0.2226612933607581,0.6725524066410484,1047,545,158,250,ok,0.2677102000452578,4,Bank Customer Churn,0.4119909107259229,96.0,"[0.3929872351208388, 0.40239194522147814, 0.40239194522147814, 0.40239194522147814, 0.4062801321245344, 0.4062801321245344, 0.4062801321245344, 0.4083447510928427, 0.4119909107259229, 0.4119909107259229, 0.4119909107259229, 0.4119909107259229]",False
7,MLP,classical,PCA,gwo,1200,2000,32.12036719999742,"{'alpha': 0.0038925689644493844, 'learning_rate_init': 0.08694553121995155}",0.5985,0.2833698030634573,0.6363636363636364,0.3921271763815291,0.6125948753067397,0.1819976171772843,0.6646939697787155,938,655,148,259,ok,0.1074074999778531,4,Bank Customer Churn,0.4146657449368871,40.0,"[0.4146657449368871, 0.4146657449368871, 0.4146657449368871, 0.4146657449368871, 0.4146657449368871]",True
8,MLP,classical,PCA,gwo,1200,2000,44.534265500027686,"{'alpha': 0.0006349224436618312, 'learning_rate_init': 0.01995306198345592}",0.7365,0.3972602739726027,0.5700245700245701,0.4682139253279516,0.6745289202916323,0.309075399956598,0.7385906707940606,1241,352,175,232,ok,0.2960446999641135,4,Bank Customer Churn,0.4561077879427633,48.0,"[0.43814255615994213, 0.4561077879427633, 0.4561077879427633, 0.4561077879427633, 0.4561077879427633, 0.4561077879427633]",True
9,MLP,classical,PCA,gwo,1200,2000,83.84878529998241,"{'alpha': 2.2895313642189594e-06, 'learning_rate_init': 0.0009103781047796692}",0.6625,0.3194070080862534,0.5823095823095823,0.412532637075718,0.6326488275640818,0.2211038122692744,0.6940546093088465,1088,505,170,237,ok,0.5013814000412822,4,Bank Customer Churn,0.4685392127252593,64.0,"[0.4537607398381604, 0.4626804494946016, 0.4626804494946016, 0.4685392127252593, 0.4685392127252593, 0.4685392127252593, 0.4685392127252593, 0.4685392127252593]",True
10,MLP,classical,PCA,gwo,1200,2000,54.42994979996001,"{'alpha': 0.0013397723341822358, 'learning_rate_init': 0.0017466227375808009}",0.6405,0.3105968331303289,0.625,0.4149715215622457,0.6347361809045227,0.2207432136822306,0.7008849394028968,1026,566,153,255,ok,0.642276500002481,4,Bank Customer Churn,0.4324917750384773,62.0,"[0.42426434007256786, 0.427128183481075, 0.427128183481075, 0.4324917750384773, 0.4324917750384773, 0.4324917750384773, 0.4324917750384773, 0.4324917750384773]",True
11,MLP,classical,PCA,gwo,1200,2000,62.86601549998159,"{'alpha': 0.00016117597924160518, 'learning_rate_init': 0.00010868865962982786}",0.5255,0.2445703493862134,0.6348039215686274,0.3531015678254942,0.5661456793772786,0.1068046837885379,0.5979283673268302,792,800,149,259,ok,0.1808767999755218,4,Bank Customer Churn,0.3711404914529915,88.0,"[0.362420551946385, 0.36316492967086095, 0.3657038870902897, 0.36662865080614965, 0.36662865080614965, 0.37061981162196683, 0.3711404914529915, 0.3711404914529915, 0.3711404914529915, 0.3711404914529915, 0.3711404914529915]",True
12,MLP,classical,PCA,gwo,1200,2000,43.54618910001591,"{'alpha': 1.0000000000000004e-06, 'learning_rate_init': 0.016741221490834082}",0.6225,0.3027210884353741,0.6560196560196561,0.4142746314972847,0.6349778129439146,0.21889824557052,0.6735117243591819,978,615,140,267,ok,0.2080115000135265,4,Bank Customer Churn,0.4228944951392616,48.0,"[0.4178257603224966, 0.42289449513926164, 0.42289449513926164, 0.42289449513926164, 0.42289449513926164, 0.42289449513926164]",True
13,MLP,classical,PCA,gwo,1200,2000,67.15362309996272,"{'alpha': 1.1650712277072755e-06, 'learning_rate_init': 0.00017416505657688212}",0.6605,0.329145728643216,0.6437346437346437,0.4355777223607647,0.6542590356149678,0.2537557680122297,0.6947748981647287,1059,534,145,262,ok,0.1444264000165276,4,Bank Customer Churn,0.4237619047619048,96.0,"[0.417674439849187, 0.4202844774273346, 0.4211313354170498, 0.4213972857461017, 0.4214545855865799, 0.4216542645614565, 0.4231534391534391, 0.4231534391534391, 0.4231534391534391, 0.4237619047619048, 0.4237619047619048, 0.4237619047619048]",False
14,MLP,classical,PCA,gwo,1200,2000,89.8727751999977,"{'alpha': 0.026708239513468172, 'learning_rate_init': 0.005698616010038523}",0.614,0.2923777019340159,0.6314496314496314,0.3996889580093312,0.6204956882922985,0.1954831601434003,0.6596318969200325,971,622,150,257,ok,0.1909219000372104,4,Bank Customer Churn,0.4263082052631934,96.0,"[0.40088505342742625, 0.4039773922584087, 0.4039773922584087, 0.415843174490139, 0.415843174490139, 0.4203446081105655, 0.4203446081105655, 0.4203446081105655, 0.4203446081105655, 0.4263082052631934, 0.4263082052631934, 0.4263082052631934]",False
0,XGBoost,classical,PCA,gwo,1200,2000,31.816122299991548,"{'max_depth': 4, 'learning_rate': 0.014564240508419484, 'subsample': 0.5416330196467858}",0.6215,0.3037120359955005,0.6617647058823529,0.4163454124903624,0.6364728052024831,0.2213450517095797,0.6775852300719283,973,619,138,270,ok,0.1219487999915145,4,Bank Customer Churn,0.4233330834478241,80.0,"[0.41617204493310683, 0.41617204493310683, 0.4220420102773044, 0.4221618161491579, 0.4221618161491579, 0.42333308344782417, 0.42333308344782417, 0.42333308344782417, 0.42333308344782417, 0.42333308344782417]",True
1,XGBoost,classical,PCA,gwo,1200,2000,43.013473899976816,"{'max_depth': 6, 'learning_rate': 0.0010989366763142193, 'subsample': 0.6392542466312408}",0.6455,0.30828025477707,0.5931372549019608,0.4056999161777033,0.6260284264459552,0.2080066192278323,0.6746500578874766,1049,543,166,242,ok,0.1458207000396214,4,Bank Customer Churn,0.4414660175854893,96.0,"[0.42303814547963686, 0.4296733372162273, 0.4296733372162273, 0.435155152113639, 0.435155152113639, 0.43802926379313417, 0.43802926379313417, 0.43802926379313417, 0.44146601758548937, 0.44146601758548937, 0.44146601758548937, 0.44146601758548937]",False
2,XGBoost,classical,PCA,gwo,1200,2000,28.76198230002774,"{'max_depth': 2, 'learning_rate': 0.009078830198484029, 'subsample': 0.5547815203693965}",0.701,0.3580980683506686,0.5921375921375921,0.4462962962962963,0.660475575729813,0.2734645510190045,0.7138748918409935,1161,432,166,241,ok,0.0824918000143952,4,Bank Customer Churn,0.43864444552805,96.0,"[0.4201849777351023, 0.42131522020276263, 0.43178055120353226, 0.43178055120353226, 0.4331292953705865, 0.4339677069083232, 0.4339677069083232, 0.4339677069083232, 0.43493978551336143, 0.43493978551336143, 0.43864444552805004, 0.43864444552805004]",False
3,XGBoost,classical,PCA,gwo,1200,2000,40.57255129999248,"{'max_depth': 8, 'learning_rate': 0.0315729883200087, 'subsample': 0.5573163042747334}",0.6265,0.2864321608040201,0.5601965601965602,0.3790523690773067,0.6018183052081357,0.1674908839718373,0.6560319950150458,1025,568,179,228,ok,0.1788317000027746,4,Bank Customer Churn,0.4212645558185626,96.0,"[0.40495506709769374, 0.40495506709769374, 0.40798387966343913, 0.40798387966343913, 0.4086945315221177, 0.4086945315221177, 0.4086945315221177, 0.4099112459627481, 0.4138619367627001, 0.4138619367627001, 0.4181430735257979, 0.4212645558185626]",False
4,XGBoost,classical,PCA,gwo,1200,2000,25.285511999973096,"{'max_depth': 2, 'learning_rate': 0.010544963201330962, 'subsample': 0.5921205825274234}",0.639,0.3104693140794224,0.6339066339066339,0.4168012924071082,0.637103976087027,0.2240151397149875,0.6856062534028635,1020,573,149,258,ok,0.0885728999855928,4,Bank Customer Churn,0.4203097487697422,96.0,"[0.39546317254056906, 0.4016123973291688, 0.4163099516676727, 0.4163099516676727, 0.4163099516676727, 0.4185401581580219, 0.4185401581580219, 0.4185401581580219, 0.42030974876974225, 0.42030974876974225, 0.42030974876974225, 0.42030974876974225]",False
5,XGBoost,classical,PCA,gwo,1200,2000,32.70104499999434,"{'max_depth': 4, 'learning_rate': 0.0011880707517922503, 'subsample': 0.7644757252526564}",0.568,0.2853107344632768,0.7426470588235294,0.4122448979591837,0.6329441324268401,0.2147025020655733,0.6649562148980196,833,759,105,303,ok,0.1222127999644726,4,Bank Customer Churn,0.3928036594958755,80.0,"[0.37687668359198073, 0.3811826977003084, 0.3811826977003084, 0.384943492745756, 0.384943492745756, 0.3928036594958755, 0.3928036594958755, 0.3928036594958755, 0.3928036594958755, 0.3928036594958755]",True
6,XGBoost,classical,PCA,gwo,1200,2000,37.67026599997189,"{'max_depth': 8, 'learning_rate': 0.008032024872697378, 'subsample': 0.5}",0.6105,0.2850521436848204,0.6029411764705882,0.3870967741935484,0.6076891812001182,0.1752338704939107,0.6782364641836636,975,617,162,246,ok,0.187134200008586,4,Bank Customer Churn,0.4381015034077658,80.0,"[0.42296278381565916, 0.426774635990622, 0.426774635990622, 0.4323606151694272, 0.4323606151694272, 0.4381015034077658, 0.4381015034077658, 0.4381015034077658, 0.4381015034077658, 0.4381015034077658]",True
7,XGBoost,classical,PCA,gwo,1200,2000,15.13248750002822,"{'max_depth': 2, 'learning_rate': 0.022232851689645075, 'subsample': 0.6976379378027305}",0.6615,0.3170731707317073,0.5749385749385749,0.4087336244541484,0.6292771970738072,0.215724344084486,0.6927790656604217,1089,504,173,234,ok,0.1247811000212095,4,Bank Customer Churn,0.4174815118535091,48.0,"[0.4136896647548893, 0.4174815118535091, 0.4174815118535091, 0.4174815118535091, 0.4174815118535091, 0.4174815118535091]",True
8,XGBoost,classical,PCA,gwo,1200,2000,23.894782199990004,"{'max_depth': 4, 'learning_rate': 0.0013494067274383984, 'subsample': 0.7383850635294433}",0.638,0.3137485311398355,0.6560196560196561,0.424483306836248,0.6447078819960176,0.2356690118546308,0.6970853750514768,1009,584,140,267,ok,0.1451204000040888,4,Bank Customer Churn,0.4247936744783638,56.0,"[0.4178629924928147, 0.4224352992313984, 0.4247936744783638, 0.4247936744783638, 0.4247936744783638, 0.4247936744783638, 0.4247936744783638]",True
9,XGBoost,classical,PCA,gwo,1200,2000,28.207194500020705,"{'max_depth': 2, 'learning_rate': 0.0010002875325391108, 'subsample': 0.515656472027429}",0.651,0.3062583222370173,0.5651105651105651,0.3972366148531951,0.6190273478409072,0.1979158870958648,0.6794089929683149,1072,521,177,230,ok,0.1154741999926045,4,Bank Customer Churn,0.4061194561406117,91.0,"[0.38339424359630686, 0.3926309390915572, 0.4016154352140561, 0.4034373100326754, 0.4034373100326754, 0.4034373100326754, 0.405251103290319, 0.405251103290319, 0.40572840835250634, 0.40572840835250634, 0.40572840835250634, 0.4061194561406117]",False
10,XGBoost,classical,PCA,gwo,1200,2000,14.965672899968922,"{'max_depth': 2, 'learning_rate': 0.009212360426456054, 'subsample': 1.0}",0.6985,0.3589001447178003,0.6078431372549019,0.451319381255687,0.6647884027983052,0.2792861545495298,0.7339801027194798,1149,443,160,248,ok,0.0989518000278621,4,Bank Customer Churn,0.3784383336992462,47.0,"[0.36667465616618156, 0.37843833369924623, 0.37843833369924623, 0.37843833369924623, 0.37843833369924623, 0.37843833369924623]",True
11,XGBoost,classical,PCA,gwo,1200,2000,28.42173610004829,"{'max_depth': 3, 'learning_rate': 0.01159260170054896, 'subsample': 0.6797281621871094}",0.6345,0.3102232667450059,0.6470588235294118,0.4193804606830818,0.6391701152822938,0.2268573222532788,0.6933049130456203,1005,587,144,264,ok,0.1015949000138789,4,Bank Customer Churn,0.4401970184187043,96.0,"[0.4146825396825397, 0.42378647849546763, 0.43294476202676235, 0.43294476202676235, 0.43294476202676235, 0.43796987326399095, 0.43796987326399095, 0.43796987326399095, 0.4401970184187043, 0.4401970184187043, 0.4401970184187043, 0.4401970184187043]",False
12,XGBoost,classical,PCA,gwo,1200,2000,43.30432509997627,"{'max_depth': 10, 'learning_rate': 0.00769340327872799, 'subsample': 0.9040684291947418}",0.6085,0.2839080459770114,0.6068796068796068,0.3868441660140955,0.607896802812057,0.1752446692286022,0.6592563287478542,970,623,160,247,ok,0.2564989000093192,4,Bank Customer Churn,0.3773712737127371,72.0,"[0.37016282182995547, 0.37016282182995547, 0.37558950549508, 0.37558950549508, 0.3773712737127371, 0.3773712737127371, 0.3773712737127371, 0.3773712737127371, 0.3773712737127371]",True
13,XGBoost,classical,PCA,gwo,1200,2000,37.31705840001814,"{'max_depth': 6, 'learning_rate': 0.0010928137837831703, 'subsample': 0.6515891821795092}",0.6085,0.2974137931034483,0.6781326781326781,0.4134831460674157,0.6344210157769479,0.2170355520126403,0.7063997741963843,941,652,131,276,ok,0.1686882999492809,4,Bank Customer Churn,0.4430328506297691,88.0,"[0.42269232149253017, 0.4375664742371985, 0.4375664742371985, 0.4375664742371985, 0.4375664742371985, 0.43787483112385117, 0.4430328506297691, 0.4430328506297691, 0.4430328506297691, 0.4430328506297691, 0.4430328506297691]",True
14,XGBoost,classical,PCA,gwo,1200,2000,47.32229809998535,"{'max_depth': 9, 'learning_rate': 0.0018175096137760896, 'subsample': 0.6540055417078591}",0.61,0.2868571428571428,0.6167076167076168,0.3915756630265211,0.6124969345308329,0.1825977781797628,0.6448035092102888,969,624,156,251,ok,0.1783798999967984,4,Bank Customer Churn,0.3924028498460032,96.0,"[0.3854864226392695, 0.3854864226392695, 0.38598188920737925, 0.3865168539325843, 0.38838079564892447, 0.38838079564892447, 0.38891710279063324, 0.39240284984600327, 0.39240284984600327, 0.39240284984600327, 0.39240284984600327, 0.39240284984600327]",True
0,VQC,quantum,PCA,gwo,1200,2000,5090.39833159995,"{'n_layers': 4, 'learning_rate': 0.006335067261041715, 'map_reps': 1, 'feature_map': 'angle', 'entanglement': 'circular', 'init_scale': 0.23729021322058852}",0.6205,0.2942555685814771,0.6151960784313726,0.3980967486122125,0.6185276874568923,0.193150214831214,0.6659245984826092,990,602,157,251,ok,22.8569479000289,4,Bank Customer Churn,0.3965510131988551,64.0,"[0.36099495062329884, 0.3911469378574642, 0.3911469378574642, 0.39655101319885516, 0.39655101319885516, 0.39655101319885516, 0.39655101319885516, 0.39655101319885516]",True
1,VQC,quantum,PCA,gwo,1200,2000,5154.875649900001,"{'n_layers': 4, 'learning_rate': 0.007992506098270586, 'map_reps': 2, 'feature_map': 'angle', 'entanglement': 'circular', 'init_scale': 0.3821827325004213}",0.5695,0.2529989094874591,0.5686274509803921,0.350188679245283,0.5691755345354221,0.1118884445664871,0.6080786900187211,907,685,176,232,ok,22.11918900004821,4,Bank Customer Churn,0.3826117202895741,64.0,"[0.37685668755436197, 0.37685668755436197, 0.37685668755436197, 0.3826117202895741, 0.3826117202895741, 0.3826117202895741, 0.3826117202895741, 0.3826117202895741]",True
2,VQC,quantum,PCA,gwo,1200,2000,2727.659599400009,"{'n_layers': 2, 'learning_rate': 0.0800359370662226, 'map_reps': 1, 'feature_map': 'angle', 'entanglement': 'circular', 'init_scale': 0.08571931392206839}",0.606,0.2782305005820721,0.5872235872235873,0.3775671406003159,0.5990104125697346,0.1610558685453486,0.6329827516268194,973,620,168,239,ok,19.56985889998032,4,Bank Customer Churn,0.3582758179693556,40.0,"[0.35827581796935565, 0.35827581796935565, 0.35827581796935565, 0.35827581796935565, 0.35827581796935565]",True
3,VQC,quantum,PCA,gwo,1200,2000,4990.576501099975,"{'n_layers': 3, 'learning_rate': 0.012260192852162, 'map_reps': 1, 'feature_map': 'angle', 'entanglement': 'full', 'init_scale': 0.16819340837248067}",0.6835,0.3417366946778711,0.5995085995085995,0.4353256021409455,0.6522338979966098,0.2558449598375457,0.69211275990937,1123,470,163,244,ok,18.87695489998441,4,Bank Customer Churn,0.4349637972407305,88.0,"[0.42094402907680917, 0.42094402907680917, 0.42094402907680917, 0.42094402907680917, 0.42705882854863414, 0.42705882854863414, 0.4349637972407305, 0.4349637972407305, 0.4349637972407305, 0.4349637972407305, 0.4349637972407305]",True
4,VQC,quantum,PCA,gwo,1200,2000,3348.744664400001,"{'n_layers': 3, 'learning_rate': 0.01337157030791314, 'map_reps': 1, 'feature_map': 'angle', 'entanglement': 'circular', 'init_scale': 0.3382307645550879}",0.6025,0.2839643652561247,0.6265356265356266,0.3908045977011494,0.6114473487354843,0.1804163381831239,0.6485761570507333,950,643,152,255,ok,25.59378379996633,4,Bank Customer Churn,0.3879758200039432,48.0,"[0.36444668028136046, 0.3879758200039432, 0.3879758200039432, 0.3879758200039432, 0.3879758200039432, 0.3879758200039432]",True
5,VQC,quantum,PCA,gwo,1200,2000,2987.929130100005,"{'n_layers': 3, 'learning_rate': 0.004228912453497743, 'map_reps': 1, 'feature_map': 'angle', 'entanglement': 'full', 'init_scale': 0.45295348943554575}",0.6105,0.2959295929592959,0.6593137254901961,0.4085041761579347,0.6286518376194699,0.20823478839384,0.6801701522317469,952,640,139,269,ok,26.803436400019564,4,Bank Customer Churn,0.3924304019410303,40.0,"[0.39243040194103035, 0.39243040194103035, 0.39243040194103035, 0.39243040194103035, 0.39243040194103035]",True
6,VQC,quantum,PCA,gwo,1200,2000,6616.786340199993,"{'n_layers': 6, 'learning_rate': 0.007666332877365705, 'map_reps': 1, 'feature_map': 'angle', 'entanglement': 'linear', 'init_scale': 0.26036283214007117}",0.565,0.2730844793713163,0.6813725490196079,0.3899018232819074,0.6082742142082964,0.1745528791187056,0.6301990959700463,852,740,130,278,ok,23.0272915000096,4,Bank Customer Churn,0.407309400500062,88.0,"[0.3770925937358522, 0.3770925937358522, 0.39571366838493827, 0.4024744223586782, 0.4024744223586782, 0.4024744223586782, 0.407309400500062, 0.407309400500062, 0.407309400500062, 0.407309400500062, 0.407309400500062]",True
7,VQC,quantum,PCA,gwo,1200,2000,4270.992198600026,"{'n_layers': 6, 'learning_rate': 0.012911335343292763, 'map_reps': 2, 'feature_map': 'angle', 'entanglement': 'circular', 'init_scale': 0.0863970243773033}",0.612,0.2800953516090584,0.5773955773955773,0.377207062600321,0.5991183787793957,0.1617305963107815,0.6388160116973677,989,604,172,235,ok,45.97004659997765,4,Bank Customer Churn,0.4222849595550902,48.0,"[0.4168657409261261, 0.4222849595550902, 0.4222849595550902, 0.4222849595550902, 0.4222849595550902, 0.4222849595550902]",True
8,VQC,quantum,PCA,gwo,1200,2000,5644.795285600005,"{'n_layers': 4, 'learning_rate': 0.02851576188014947, 'map_reps': 3, 'feature_map': 'angle', 'entanglement': 'circular', 'init_scale': 0.11565363563893533}",0.6595,0.3202099737532808,0.5995085995085995,0.4174508126603935,0.6371679846256117,0.2274311973962613,0.6824667502633603,1075,518,163,244,ok,21.51644300000044,4,Bank Customer Churn,0.4124330099221073,80.0,"[0.37604217457007594, 0.40020805818905464, 0.4091318117261578, 0.4091318117261578, 0.4091318117261578, 0.41243300992210735, 0.41243300992210735, 0.41243300992210735, 0.41243300992210735, 0.41243300992210735]",True
9,VQC,quantum,PCA,gwo,1200,2000,3724.9292945000334,"{'n_layers': 5, 'learning_rate': 0.02814600953880786, 'map_reps': 1, 'feature_map': 'angle', 'entanglement': 'linear', 'init_scale': 0.26591632021793693}",0.699,0.3444976076555024,0.5307125307125307,0.4177949709864603,0.6363543821170939,0.2366656066823406,0.6802195107279853,1182,411,191,216,ok,38.67586819996359,4,Bank Customer Churn,0.4314069790401129,48.0,"[0.40683490745300865, 0.43140697904011294, 0.43140697904011294, 0.43140697904011294, 0.43140697904011294, 0.43140697904011294]",True
10,VQC,quantum,PCA,gwo,1200,2000,6300.997188900015,"{'n_layers': 4, 'learning_rate': 0.012640500458597593, 'map_reps': 1, 'feature_map': 'angle', 'entanglement': 'linear', 'init_scale': 0.20085354479379422}",0.6185,0.2909305064782096,0.6053921568627451,0.3929992044550517,0.6136257266725785,0.1852749802581295,0.6533309932013006,990,602,161,247,ok,16.313715199998114,4,Bank Customer Churn,0.4306537523933782,96.0,"[0.37058911637224895, 0.4122010555586457, 0.4122010555586457, 0.41992694647909157, 0.42310714842271646, 0.42310714842271646, 0.42310714842271646, 0.42310714842271646, 0.4282853321237075, 0.4282853321237075, 0.4306537523933782, 0.4306537523933782]",False
11,VQC,quantum,PCA,gwo,1200,2000,4459.307103900006,"{'n_layers': 5, 'learning_rate': 0.007207694521272498, 'map_reps': 1, 'feature_map': 'angle', 'entanglement': 'full', 'init_scale': 0.3418827389148236}",0.573,0.2787698412698413,0.6887254901960784,0.3968926553672316,0.616033599369396,0.1870377507049917,0.6563670066016356,865,727,127,281,ok,35.089950199995656,4,Bank Customer Churn,0.4148661790013335,56.0,"[0.39880388192827915, 0.39880388192827915, 0.41486617900133355, 0.41486617900133355, 0.41486617900133355, 0.41486617900133355, 0.41486617900133355]",True
12,VQC,quantum,PCA,gwo,1200,2000,5639.708284099994,"{'n_layers': 6, 'learning_rate': 0.07490744291202699, 'map_reps': 1, 'feature_map': 'angle', 'entanglement': 'linear', 'init_scale': 0.32538580364856984}",0.745,0.3770883054892601,0.3882063882063882,0.3825665859564164,0.6121822901483918,0.2219659936730931,0.670960637062332,1332,261,249,158,ok,28.449754200002644,4,Bank Customer Churn,0.4100869160304867,72.0,"[0.4011211661739864, 0.4011211661739864, 0.4011211661739864, 0.40630708805261234, 0.41008691603048675, 0.41008691603048675, 0.41008691603048675, 0.41008691603048675, 0.41008691603048675]",True
13,VQC,quantum,PCA,gwo,1200,2000,5066.915994299983,"{'n_layers': 6, 'learning_rate': 0.007547901670636726, 'map_reps': 3, 'feature_map': 'angle', 'entanglement': 'linear', 'init_scale': 0.20798776607307945}",0.681,0.3437077131258457,0.6240786240786241,0.4432809773123909,0.6598108123531853,0.2666008224257325,0.7005989039887346,1108,485,153,254,ok,36.36606720002601,4,Bank Customer Churn,0.445992400653111,56.0,"[0.42982566407890804, 0.4373857692065293, 0.445992400653111, 0.445992400653111, 0.445992400653111, 0.445992400653111, 0.445992400653111]",True
14,VQC,quantum,PCA,gwo,1200,2000,4486.822714899958,"{'n_layers': 4, 'learning_rate': 0.07813189491868168, 'map_reps': 1, 'feature_map': 'angle', 'entanglement': 'circular', 'init_scale': 0.3693358710793017}",0.6475,0.3023872679045092,0.5601965601965602,0.3927648578811369,0.6150009794077591,0.1910697490150837,0.6778565931108304,1067,526,179,228,ok,26.783596499997657,4,Bank Customer Churn,0.4090903555242395,64.0,"[0.3802517418302204, 0.3802517418302204, 0.39157783830996845, 0.4090903555242395, 0.4090903555242395, 0.4090903555242395, 0.4090903555242395, 0.4090903555242395]",True
0,QNN,quantum,PCA,gwo,1200,2000,5065.104555000027,"{'n_layers': 5, 'learning_rate': 0.0010599620851974253, 'feature_map': 'angle', 'entanglement': 'circular', 'init_scale': 0.30844980565088337}",0.6335,0.2764786795048143,0.4926470588235294,0.3541850220264317,0.5811225243866391,0.1359225952919155,0.5966582298748646,1066,526,207,201,ok,47.69074760004878,4,Bank Customer Churn,0.3913140254160519,48.0,"[0.38179510086895435, 0.3913140254160519, 0.3913140254160519, 0.3913140254160519, 0.3913140254160519, 0.3913140254160519]",True
1,QNN,quantum,PCA,gwo,1200,2000,4300.040923599969,"{'n_layers': 2, 'learning_rate': 0.1863962010103596, 'feature_map': 'angle', 'entanglement': 'circular', 'init_scale': 0.36950029226600406}",0.6495,0.3059602649006622,0.5661764705882353,0.3972484952708512,0.6185153709725095,0.1970371593124076,0.6548336042959897,1068,524,177,231,ok,22.713002600008625,4,Bank Customer Churn,0.3930502650125225,56.0,"[0.3849045162280287, 0.3849045162280287, 0.39305026501252255, 0.39305026501252255, 0.39305026501252255, 0.39305026501252255, 0.39305026501252255]",True
2,QNN,quantum,PCA,gwo,1200,2000,6051.753064199991,"{'n_layers': 2, 'learning_rate': 0.011510387257495765, 'feature_map': 'angle', 'entanglement': 'linear', 'init_scale': 0.15266225147751308}",0.6455,0.2805232558139535,0.4742014742014742,0.3525114155251141,0.581733505462319,0.138539647180291,0.6366721112483823,1098,495,214,193,ok,14.224194300011732,4,Bank Customer Churn,0.4074008311269274,96.0,"[0.3759874514894595, 0.3759874514894595, 0.38833395234951035, 0.38833395234951035, 0.38833395234951035, 0.38833395234951035, 0.4051441398453138, 0.4051441398453138, 0.4051441398453138, 0.4051441398453138, 0.40740083112692743, 0.40740083112692743]",False
3,QNN,quantum,PCA,gwo,1200,2000,6727.00783409999,"{'n_layers': 3, 'learning_rate': 0.019019057011536025, 'feature_map': 'angle', 'entanglement': 'circular', 'init_scale': 0.11678689299680574}",0.61,0.286368843069874,0.6142506142506142,0.390625,0.6115823064975607,0.1811595956617825,0.6538850098172133,970,623,157,250,ok,18.64729440002702,4,Bank Customer Churn,0.4385203937945574,96.0,"[0.4237790120143061, 0.42504699248120303, 0.42504699248120303, 0.4282159117472056, 0.4282159117472056, 0.4282159117472056, 0.43255673939340294, 0.43255673939340294, 0.43255673939340294, 0.4385203937945574, 0.4385203937945574, 0.4385203937945574]",False
4,QNN,quantum,PCA,gwo,1200,2000,4720.681191199983,"{'n_layers': 3, 'learning_rate': 0.11258352604385298, 'feature_map': 'angle', 'entanglement': 'linear', 'init_scale': 0.2238063847916164}",0.581,0.2780638516992791,0.6633906633906634,0.3918722786647315,0.6116702218397134,0.179909942491018,0.6412190310495395,892,701,137,270,ok,30.56885239999974,4,Bank Customer Churn,0.3833968253968254,48.0,"[0.35918299152790695, 0.3833968253968254, 0.3833968253968254, 0.3833968253968254, 0.3833968253968254, 0.3833968253968254]",True
5,QNN,quantum,PCA,gwo,1200,2000,6940.471595500014,"{'n_layers': 4, 'learning_rate': 0.044310146330318066, 'feature_map': 'angle', 'entanglement': 'circular', 'init_scale': 0.24151418387547086}",0.673,0.3333333333333333,0.6029411764705882,0.4293193717277487,0.6469479751699675,0.2454354870536855,0.6961138412651493,1100,492,162,246,ok,23.59278449998237,4,Bank Customer Churn,0.427351408825093,96.0,"[0.40451932027435883, 0.40950047395060185, 0.40950047395060185, 0.41934423520787645, 0.41934423520787645, 0.41934423520787645, 0.41934423520787645, 0.42175867511720777, 0.427351408825093, 0.427351408825093, 0.427351408825093, 0.427351408825093]",False
6,QNN,quantum,PCA,gwo,1200,2000,7979.373058099998,"{'n_layers': 5, 'learning_rate': 0.004170822808086102, 'feature_map': 'angle', 'entanglement': 'linear', 'init_scale': 0.2303006873985636}",0.65,0.3113695090439276,0.5906862745098039,0.4077834179357022,0.6279436397674647,0.2117066962650861,0.6806258621539069,1059,533,167,241,ok,23.328082099964377,4,Bank Customer Churn,0.4291043325130131,88.0,"[0.40060636657763876, 0.41373077241035294, 0.42458432098363735, 0.42458432098363735, 0.4271686749127275, 0.4271686749127275, 0.4291043325130131, 0.4291043325130131, 0.4291043325130131, 0.4291043325130131, 0.4291043325130131]",True
7,QNN,quantum,PCA,gwo,1200,2000,5251.131597700005,"{'n_layers': 2, 'learning_rate': 0.01362664591080415, 'feature_map': 'angle', 'entanglement': 'linear', 'init_scale': 0.5}",0.661,0.3104895104895105,0.5454545454545454,0.3957219251336898,0.6179877874793129,0.1982291691591622,0.6618714245832891,1100,493,185,222,ok,18.432344599976204,4,Bank Customer Churn,0.4078120357808117,80.0,"[0.37691607880021133, 0.3849207735011821, 0.3934472047994148, 0.3934472047994148, 0.3934472047994148, 0.4078120357808117, 0.4078120357808117, 0.4078120357808117, 0.4078120357808117, 0.4078120357808117]",True
8,QNN,quantum,PCA,gwo,1200,2000,5865.044834300003,"{'n_layers': 2, 'learning_rate': 0.09191148642748573, 'feature_map': 'angle', 'entanglement': 'circular', 'init_scale': 0.21129555032819655}",0.583,0.2980132450331126,0.773955773955774,0.430327868852459,0.6540839761178745,0.2485416773686143,0.7079097587572164,851,742,92,315,ok,16.128656000015326,4,Bank Customer Churn,0.4284673174250442,72.0,"[0.41832745741721483, 0.41832745741721483, 0.41832745741721483, 0.418634726976815, 0.42846731742504424, 0.42846731742504424, 0.42846731742504424, 0.42846731742504424, 0.42846731742504424]",True
9,QNN,quantum,PCA,gwo,1200,2000,7677.140277299972,"{'n_layers': 4, 'learning_rate': 0.012746553356117471, 'feature_map': 'angle', 'entanglement': 'linear', 'init_scale': 0.2828391824232655}",0.6385,0.3119047619047619,0.6437346437346437,0.4202085004009623,0.6404486150248863,0.2291310321675347,0.6802719514583921,1015,578,145,262,ok,19.651735999970697,4,Bank Customer Churn,0.4395181810719855,96.0,"[0.4295696654075883, 0.43346722343660665, 0.43346722343660665, 0.43346722343660665, 0.4340113816060975, 0.4340113816060975, 0.43801514880419873, 0.43801514880419873, 0.43801514880419873, 0.43951818107198554, 0.43951818107198554, 0.43951818107198554]",False
10,QNN,quantum,PCA,gwo,1200,2000,4475.120220499986,"{'n_layers': 1, 'learning_rate': 0.006188356100492791, 'feature_map': 'angle', 'entanglement': 'circular', 'init_scale': 0.31965761301871276}",0.6525,0.3133940182054616,0.5906862745098039,0.4095157179269328,0.6295139915262588,0.214563626430001,0.6677874667454923,1064,528,167,241,ok,12.439178999979047,4,Bank Customer Churn,0.400946094427562,96.0,"[0.3604354354354354, 0.37641797029404195, 0.3889511456281713, 0.3889511456281713, 0.39379723679388007, 0.39633309913346054, 0.39670808067720725, 0.39670808067720725, 0.40094609442756207, 0.40094609442756207, 0.40094609442756207, 0.40094609442756207]",False
11,QNN,quantum,PCA,gwo,1200,2000,5512.749778400001,"{'n_layers': 6, 'learning_rate': 0.0032711184508060877, 'feature_map': 'angle', 'entanglement': 'linear', 'init_scale': 0.356709324457732}",0.6295,0.3048065650644783,0.6372549019607843,0.4123711340206185,0.6323837323874273,0.2157297328532555,0.6681508030347818,999,593,148,260,ok,50.16175480000675,4,Bank Customer Churn,0.3853537660640242,48.0,"[0.3632745239017016, 0.3853537660640242, 0.3853537660640242, 0.3853537660640242, 0.3853537660640242, 0.3853537660640242]",True
12,QNN,quantum,PCA,gwo,1200,2000,7296.864047700015,"{'n_layers': 5, 'learning_rate': 0.023648187741024798, 'feature_map': 'angle', 'entanglement': 'linear', 'init_scale': 0.43040630021310067}",0.6485,0.2983651226158038,0.538083538083538,0.3838737949167397,0.6073970734987684,0.1794166124988599,0.6533945347504668,1078,515,188,219,ok,26.95259200001601,4,Bank Customer Churn,0.4139783403969179,96.0,"[0.3954523833531099, 0.3954523833531099, 0.40210073324162415, 0.40210073324162415, 0.40210073324162415, 0.40210073324162415, 0.40512941209205694, 0.40512941209205694, 0.40997859683555005, 0.40997859683555005, 0.41397834039691794, 0.41397834039691794]",False
13,QNN,quantum,PCA,gwo,1200,2000,6293.708388499974,"{'n_layers': 5, 'learning_rate': 0.03477572195484961, 'feature_map': 'angle', 'entanglement': 'linear', 'init_scale': 0.10722812048708}",0.6885,0.3317757009345794,0.5233415233415234,0.4061010486177311,0.627019160917466,0.2190720280124031,0.689865520373995,1164,429,194,213,ok,32.67555699998047,4,Bank Customer Churn,0.437956592223903,88.0,"[0.4158935035081399, 0.4158935035081399, 0.4229807342280317, 0.4229807342280317, 0.4263587270894276, 0.4263587270894276, 0.43795659222390304, 0.43795659222390304, 0.43795659222390304, 0.43795659222390304, 0.43795659222390304]",True
14,QNN,quantum,PCA,gwo,1200,2000,6002.561321699992,"{'n_layers': 6, 'learning_rate': 0.03171073049631964, 'feature_map': 'angle', 'entanglement': 'linear', 'init_scale': 0.1770966172031033}",0.5775,0.2665245202558635,0.6142506142506142,0.3717472118959107,0.5911805488076675,0.1471206423642797,0.637131738826654,905,688,157,250,ok,42.97894180001458,4,Bank Customer Churn,0.4177767620042663,56.0,"[0.3895139745531076, 0.4008910028402777, 0.4177767620042663, 0.4177767620042663, 0.4177767620042663, 0.4177767620042663, 0.4177767620042663]",True
0,QSVC,quantum,PCA,gwo,1200,2000,4682.287474200013,"{'C': 0.8201763453786157, 'map_reps': 1, 'scale': 0.27322311059499504, 'entanglement': 'full'}",0.694,0.3386075949367088,0.5245098039215687,0.4115384615384615,0.6309734949256085,0.2270457817165878,0.6569381835648832,1174,418,194,214,ok,67.91491749999113,4,Bank Customer Churn,0.4226406491331114,96.0,"[0.36542635826201053, 0.3891684932515476, 0.4144614787667918, 0.41639338315569036, 0.41639338315569036, 0.41709183673469385, 0.4177420801794225, 0.42007299626644334, 0.42264064913311145, 0.42264064913311145, 0.42264064913311145, 0.42264064913311145]",False
1,QSVC,quantum,PCA,gwo,1200,2000,3223.77429099998,"{'C': 19.769456831210782, 'map_reps': 1, 'scale': 0.39556003082427055, 'entanglement': 'linear'}",0.5915,0.2798708288482239,0.6372549019607843,0.3889304412864622,0.6085143856537589,0.1753542646707314,0.6402123977731796,923,669,148,260,ok,72.09269869996933,4,Bank Customer Churn,0.3984610968759481,64.0,"[0.36050336437136715, 0.3920162777351939, 0.3952984789713327, 0.3984610968759481, 0.3984610968759481, 0.3984610968759481, 0.3984610968759481, 0.3984610968759481]",True
2,QSVC,quantum,PCA,gwo,1200,2000,3562.142810999998,"{'C': 22.816740712928784, 'map_reps': 1, 'scale': 0.28643494255176966, 'entanglement': 'linear'}",0.7105,0.3527397260273973,0.5061425061425061,0.4157416750756811,0.6344271852746428,0.2380587468505184,0.6895416217450115,1215,378,201,206,ok,69.44880680000642,4,Bank Customer Churn,0.4551424185570527,96.0,"[0.4260668319634968, 0.4260668319634968, 0.43290798940815506, 0.44208219271539556, 0.44208219271539556, 0.4492255556853182, 0.4492255556853182, 0.4548877712435819, 0.4548877712435819, 0.4548877712435819, 0.4548877712435819, 0.45514241855705273]",False
3,QSVC,quantum,PCA,gwo,1200,2000,4227.607881599979,"{'C': 0.04605972973206654, 'map_reps': 1, 'scale': 0.3048024236166529, 'entanglement': 'linear'}",0.6335,0.2936708860759494,0.5700245700245701,0.3876357560568086,0.609871042074432,0.1809722979389039,0.3613320562473104,1035,558,175,232,ok,47.2393754000077,4,Bank Customer Churn,0.3713304477107111,96.0,"[0.33200310018664386, 0.333609751380984, 0.3644703447869901, 0.3644703447869901, 0.36816665179631913, 0.36816665179631913, 0.36816665179631913, 0.3684925491354863, 0.36931328887460313, 0.36931328887460313, 0.3709436603663931, 0.3713304477107111]",False
4,QSVC,quantum,PCA,gwo,1200,2000,3964.73135810002,"{'C': 100.00000000000013, 'map_reps': 1, 'scale': 0.25647053618568655, 'entanglement': 'circular'}",0.6645,0.3225806451612903,0.5896805896805897,0.417028670721112,0.6366482044448146,0.227644797801986,0.6702989584345518,1089,504,167,240,ok,63.46889869996812,4,Bank Customer Churn,0.4371499400675602,96.0,"[0.4027828595579783, 0.4204982899088236, 0.4204982899088236, 0.42660533650289817, 0.432687694691555, 0.432687694691555, 0.432687694691555, 0.4360558274076509, 0.4360558274076509, 0.4360558274076509, 0.4365390594774265, 0.4371499400675602]",False
5,QSVC,quantum,PCA,gwo,1200,2000,5252.141770699993,"{'C': 1.1347290069808291, 'map_reps': 2, 'scale': 0.27796849849124294, 'entanglement': 'circular'}",0.6225,0.2778489116517285,0.5318627450980392,0.3650126156433978,0.5887956941570598,0.1466885264189572,0.6265549561533156,1028,564,191,217,ok,85.66224169998895,4,Bank Customer Churn,0.3942826517849432,96.0,"[0.3594242015294647, 0.373105507319118, 0.373105507319118, 0.38405089223138716, 0.3844872623503443, 0.38928195551017303, 0.38928195551017303, 0.38928195551017303, 0.38961001173767135, 0.3942826517849432, 0.3942826517849432, 0.3942826517849432]",False
6,QSVC,quantum,PCA,gwo,1200,2000,3100.274469899945,"{'C': 0.02398296403534326, 'map_reps': 1, 'scale': 0.30051222694510554, 'entanglement': 'linear'}",0.717,0.322072072072072,0.3504901960784313,0.3356807511737089,0.5807099221598186,0.1565172670171336,0.371009459060006,1291,301,265,143,ok,75.93792210001266,4,Bank Customer Churn,0.4092327435166472,88.0,"[0.3893414315785111, 0.3893414315785111, 0.40024842581660763, 0.4030144121622578, 0.40304385050317865, 0.40415203718288345, 0.4092327435166472, 0.4092327435166472, 0.4092327435166472, 0.4092327435166472, 0.4092327435166472]",True
7,QSVC,quantum,PCA,gwo,1200,2000,3584.849625299976,"{'C': 0.1119028182771128, 'map_reps': 1, 'scale': 0.6271547067335059, 'entanglement': 'full'}",0.6315,0.28,0.515970515970516,0.3630077787381158,0.5884937325615291,0.1471844615815893,0.6398478601868433,1053,540,197,210,ok,106.59996439999668,4,Bank Customer Churn,0.4028730877442779,64.0,"[0.3644174833474403, 0.39578693047632024, 0.39578693047632024, 0.4028730877442779, 0.4028730877442779, 0.4028730877442779, 0.4028730877442779, 0.4028730877442779]",True
8,QSVC,quantum,PCA,gwo,1200,2000,3682.984300800017,"{'C': 0.014332712303728795, 'map_reps': 1, 'scale': 0.541484180162836, 'entanglement': 'full'}",0.715,0.2915601023017903,0.2800982800982801,0.2857142857142857,0.5531062649706717,0.1078237533219992,0.399001466798077,1316,277,293,114,ok,100.14610080001876,4,Bank Customer Churn,0.4442691606886202,48.0,"[0.3913548677478183, 0.44426916068862027, 0.44426916068862027, 0.44426916068862027, 0.44426916068862027, 0.44426916068862027]",True
9,QSVC,quantum,PCA,gwo,1200,2000,4006.957609700039,"{'C': 0.21809033719532248, 'map_reps': 2, 'scale': 0.3350744758944132, 'entanglement': 'circular'}",0.6735,0.3492647058823529,0.7002457002457002,0.4660670482420278,0.6834561834561834,0.3005706095023037,0.7361614310766854,1062,531,122,285,ok,119.42437539994717,4,Bank Customer Churn,0.3973339415038169,56.0,"[0.36132805888107405, 0.37560053981106617, 0.3973339415038169, 0.3973339415038169, 0.3973339415038169, 0.3973339415038169, 0.3973339415038169]",True
10,QSVC,quantum,PCA,gwo,1200,2000,2569.8344862000085,"{'C': 2.123127343750745, 'map_reps': 1, 'scale': 0.47712042452618497, 'entanglement': 'linear'}",0.594,0.2841880341880342,0.6519607843137255,0.3958333333333333,0.6155532564784708,0.1866401434895051,0.6676881650901567,922,670,142,266,ok,77.80819650000194,4,Bank Customer Churn,0.4090769542648518,56.0,"[0.393523802930052, 0.4057241227119426, 0.4090769542648518, 0.4090769542648518, 0.4090769542648518, 0.4090769542648518, 0.4090769542648518]",True
11,QSVC,quantum,PCA,gwo,1200,2000,3659.911994300026,"{'C': 0.9897358863393674, 'map_reps': 3, 'scale': 0.25, 'entanglement': 'linear'}",0.6395,0.2887989203778677,0.5245098039215687,0.3724978241949521,0.5967398265838999,0.1614414109081638,0.626030735786777,1065,527,194,214,ok,179.65665199997602,4,Bank Customer Churn,0.3854540997398141,48.0,"[0.3533889158222558, 0.3854540997398141, 0.3854540997398141, 0.3854540997398141, 0.3854540997398141, 0.3854540997398141]",True
12,QSVC,quantum,PCA,gwo,1200,2000,5141.15100329998,"{'C': 0.753947789626763, 'map_reps': 2, 'scale': 0.3529598013943952, 'entanglement': 'linear'}",0.6305,0.2919799498746867,0.5724815724815725,0.3867219917012448,0.6089024309363292,0.1790684122743847,0.6414372770304975,1028,565,174,233,ok,77.11073349998333,4,Bank Customer Churn,0.4146345717774289,96.0,"[0.35811190597853865, 0.36722963516092855, 0.37758100546647416, 0.3825615368772768, 0.39835147764036716, 0.4008667617990593, 0.4008667617990593, 0.4095797000874996, 0.4095797000874996, 0.4095797000874996, 0.4146345717774289, 0.4146345717774289]",False
13,QSVC,quantum,PCA,gwo,1200,2000,4486.426915500022,"{'C': 0.49546445705841485, 'map_reps': 2, 'scale': 0.40842237811548443, 'entanglement': 'linear'}",0.646,0.2906815020862309,0.5135135135135135,0.3712255772646536,0.5966814271899017,0.1622329744703087,0.6262186685915498,1083,510,198,209,ok,88.83926129998872,4,Bank Customer Churn,0.4139332570367053,80.0,"[0.37076587664546695, 0.37330334449996827, 0.39508912844359895, 0.39637460120218737, 0.4052657450076805, 0.4139332570367053, 0.4139332570367053, 0.4139332570367053, 0.4139332570367053, 0.4139332570367053]",True
14,QSVC,quantum,PCA,gwo,1200,2000,5448.136747599987,"{'C': 0.718401947487166, 'map_reps': 2, 'scale': 0.35131065389842, 'entanglement': 'circular'}",0.607,0.288268156424581,0.6339066339066339,0.3963133640552995,0.6170160915923628,0.1894907522312278,0.6528901783139072,956,637,149,258,ok,79.95374639995862,4,Bank Customer Churn,0.4235298068097871,96.0,"[0.384812706444585, 0.38982972582972586, 0.3971061976094652, 0.4086358065953654, 0.4086358065953654, 0.4159311386768448, 0.4159311386768448, 0.41874651669453317, 0.41874651669453317, 0.4235298068097871, 0.4235298068097871, 0.4235298068097871]",False
0,QDT,quantum,PCA,gwo,1200,2000,8.876969299977645,"{'max_depth': 5, 'min_samples_split': 24, 'map_reps': 2, 'entanglement': 'linear'}",0.4235,0.2012830793905373,0.6151960784313726,0.3033232628398791,0.4947839688639275,-0.0086764300383776,0.507046568627451,596,996,157,251,ok,0.1511388000217266,4,Bank Customer Churn,0.3235241923801246,58.0,"[0.31046189950878117, 0.31676744655262473, 0.3223989898989899, 0.3235241923801246, 0.3235241923801246, 0.3235241923801246, 0.3235241923801246, 0.3235241923801246]",True
1,QDT,quantum,PCA,gwo,1200,2000,11.070258199993988,"{'max_depth': 5, 'min_samples_split': 16, 'map_reps': 3, 'entanglement': 'linear'}",0.499,0.2105263157894736,0.5294117647058824,0.301255230125523,0.5103088974283181,0.0166222828671204,0.4997813824022071,782,810,192,216,ok,0.2150510000064969,4,Bank Customer Churn,0.3670560094836244,65.0,"[0.3347513287364882, 0.343578906651907, 0.35573567488461105, 0.35573567488461105, 0.35573567488461105, 0.3598481486412521, 0.3598481486412521, 0.36705600948362443, 0.36705600948362443, 0.36705600948362443, 0.36705600948362443, 0.36705600948362443]",True
2,QDT,quantum,PCA,gwo,1200,2000,10.462281099986283,"{'max_depth': 11, 'min_samples_split': 5, 'map_reps': 1, 'entanglement': 'linear'}",0.522,0.2201834862385321,0.5307125307125307,0.3112391930835735,0.5252432710059829,0.0406592274280939,0.5290251730929697,828,765,191,216,ok,0.0724449999979697,4,Bank Customer Churn,0.3373887111639125,66.0,"[0.3022901433809806, 0.32898378805852113, 0.32898378805852113, 0.32898378805852113, 0.32898378805852113, 0.3373887111639125, 0.3373887111639125, 0.3373887111639125, 0.3373887111639125, 0.3373887111639125]",True
3,QDT,quantum,PCA,gwo,1200,2000,10.35204079997493,"{'max_depth': 10, 'min_samples_split': 6, 'map_reps': 3, 'entanglement': 'circular'}",0.441,0.1911381407471763,0.5405405405405406,0.2824133504492939,0.4780543255119526,-0.0357513556526033,0.4803779125813024,662,931,187,220,ok,0.1372563000186346,4,Bank Customer Churn,0.3310511602482405,52.0,"[0.32237602623689166, 0.32237602623689166, 0.3310511602482405, 0.3310511602482405, 0.3310511602482405, 0.3310511602482405, 0.3310511602482405]",True
4,QDT,quantum,PCA,gwo,1200,2000,7.709199699980672,"{'max_depth': 9, 'min_samples_split': 28, 'map_reps': 2, 'entanglement': 'linear'}",0.5435,0.2267818574514039,0.515970515970516,0.3150787696924231,0.5332520502012028,0.0536964879872519,0.557886854497024,877,716,197,210,ok,0.140335900010541,4,Bank Customer Churn,0.3227563074470607,39.0,"[0.3227563074470607, 0.3227563074470607, 0.3227563074470607, 0.3227563074470607, 0.3227563074470607]",True
5,QDT,quantum,PCA,gwo,1200,2000,10.66312869999092,"{'max_depth': 9, 'min_samples_split': 14, 'map_reps': 2, 'entanglement': 'linear'}",0.559,0.2015113350125944,0.392156862745098,0.2662229617304492,0.4969578283574736,-0.0050110809393325,0.5044016036062666,958,634,248,160,ok,0.0987923999782651,4,Bank Customer Churn,0.3544330775788576,64.0,"[0.3202956551413902, 0.3330391546238021, 0.3421850278173027, 0.34459805427547363, 0.3470553501915385, 0.34982242237740485, 0.3501584279115222, 0.3534879832810867, 0.3544330775788576, 0.3544330775788576, 0.3544330775788576, 0.3544330775788576]",False
6,QDT,quantum,PCA,gwo,1200,2000,12.106767599994782,"{'max_depth': 8, 'min_samples_split': 6, 'map_reps': 3, 'entanglement': 'full'}",0.397,0.203125,0.6691176470588235,0.3116438356164384,0.4981894767957434,-0.0031080224711618,0.497927751502611,521,1071,135,273,ok,0.1460425000404939,4,Bank Customer Churn,0.3399968307769105,64.0,"[0.32769239234555825, 0.3312441653823011, 0.3312441653823011, 0.3312441653823011, 0.3399968307769105, 0.3399968307769105, 0.3399968307769105, 0.3399968307769105, 0.3399968307769105]",True
7,QDT,quantum,PCA,gwo,1200,2000,12.44189279997954,"{'max_depth': 7, 'min_samples_split': 24, 'map_reps': 3, 'entanglement': 'linear'}",0.462,0.2118863049095607,0.6044226044226044,0.3137755102040816,0.5150173285766506,0.0245036443856921,0.5134456490388694,678,915,161,246,ok,0.1103929000091739,4,Bank Customer Churn,0.3397994090772548,72.0,"[0.3154416638616407, 0.3154416638616407, 0.3154416638616407, 0.3223280423280423, 0.3349027176036559, 0.3349027176036559, 0.33853008589850697, 0.33979940907725487, 0.33979940907725487, 0.33979940907725487, 0.33979940907725487, 0.33979940907725487]",True
8,QDT,quantum,PCA,gwo,1200,2000,10.011628800013568,"{'max_depth': 7, 'min_samples_split': 11, 'map_reps': 1, 'entanglement': 'linear'}",0.5765,0.2417840375586854,0.5061425061425061,0.3272438443208896,0.5503091689532367,0.0819202917124794,0.5624237488644268,947,646,201,206,ok,0.0761621999554336,4,Bank Customer Churn,0.3137412050076731,57.0,"[0.3021783970027991, 0.30723496160243147, 0.30915804860139723, 0.3137412050076731, 0.3137412050076731, 0.3137412050076731, 0.3137412050076731, 0.3137412050076731]",True
9,QDT,quantum,PCA,gwo,1200,2000,8.738442900008522,"{'max_depth': 4, 'min_samples_split': 2, 'map_reps': 2, 'entanglement': 'linear'}",0.6215,0.2213375796178344,0.3415233415233415,0.2685990338164251,0.5172776782946275,0.0299753038384796,0.5093359923868398,1104,489,268,139,ok,0.125227199983783,4,Bank Customer Churn,0.331193050399493,46.0,"[0.3127029412016689, 0.3127029412016689, 0.32225809389996074, 0.3295373802679468, 0.3295373802679468, 0.33119305039949304, 0.33119305039949304, 0.33119305039949304, 0.33119305039949304, 0.33119305039949304]",True
10,QDT,quantum,PCA,gwo,1200,2000,12.13733170001069,"{'max_depth': 8, 'min_samples_split': 6, 'map_reps': 3, 'entanglement': 'full'}",0.517,0.1913716814159292,0.4240196078431372,0.2637195121951219,0.4824243767858902,-0.0284611766086119,0.4838284560055177,861,731,235,173,ok,0.1460887000430375,4,Bank Customer Churn,0.3232762543107371,63.0,"[0.3129584792291467, 0.3151232217801923, 0.3151232217801923, 0.3174304043089869, 0.3232762543107371, 0.3232762543107371, 0.3232762543107371, 0.3232762543107371, 0.3232762543107371]",True
11,QDT,quantum,PCA,gwo,1200,2000,7.22230020002462,"{'max_depth': 12, 'min_samples_split': 32, 'map_reps': 1, 'entanglement': 'linear'}",0.5535,0.238403451995685,0.5416666666666666,0.3310861423220974,0.5490996649916248,0.0793542899110229,0.5632205143363878,886,706,187,221,ok,0.1022237999713979,4,Bank Customer Churn,0.3420534341935739,46.0,"[0.3113579643232147, 0.33080662429509133, 0.3420534341935739, 0.3420534341935739, 0.3420534341935739, 0.3420534341935739, 0.3420534341935739]",True
12,QDT,quantum,PCA,gwo,1200,2000,9.335126999998463,"{'max_depth': 2, 'min_samples_split': 30, 'map_reps': 3, 'entanglement': 'circular'}",0.689,0.2207792207792207,0.2088452088452088,0.2146464646464646,0.5102606458538662,0.0209552650482339,0.5081013216606437,1293,300,322,85,ok,0.1990339999902062,4,Bank Customer Churn,0.3462505836148417,48.0,"[0.3265954224739562, 0.3265954224739562, 0.3462505836148417, 0.3462505836148417, 0.3462505836148417, 0.3462505836148417, 0.3462505836148417]",True
13,QDT,quantum,PCA,gwo,1200,2000,11.119040700024923,"{'max_depth': 3, 'min_samples_split': 24, 'map_reps': 2, 'entanglement': 'linear'}",0.52,0.218144750254842,0.5257985257985258,0.30835734870317,0.5221585221585221,0.0356906358015282,0.5193028159129853,826,767,193,214,ok,0.1008654999895952,4,Bank Customer Churn,0.3389963266118205,66.0,"[0.326438839163097, 0.326438839163097, 0.3369812503000556, 0.3369812503000556, 0.3369812503000556, 0.33899632661182055, 0.33899632661182055, 0.33899632661182055, 0.33899632661182055, 0.33899632661182055]",True
14,QDT,quantum,PCA,gwo,1200,2000,9.351539900002535,"{'max_depth': 12, 'min_samples_split': 32, 'map_reps': 2, 'entanglement': 'linear'}",0.5075,0.2221153846153846,0.5675675675675675,0.3192812715964063,0.5298603688434197,0.0481258008927949,0.5271226542412983,784,809,176,231,ok,0.1112543999915942,4,Bank Customer Churn,0.3293780107154094,52.0,"[0.31208542143077245, 0.32027718869824134, 0.32027718869824134, 0.3264643293214722, 0.32937801071540945, 0.32937801071540945, 0.32937801071540945, 0.32937801071540945, 0.32937801071540945]",True
0,LogReg,classical,LDA,default,1200,2000,3.00002284348011e-07,{},0.6975,0.3732303732303732,0.7107843137254902,0.4894514767932489,0.7024398955562124,0.334737197324888,0.7778999162479062,1105,487,118,290,ok,0.0374471999821253,1,Bank Customer Churn,,,,
1,LogReg,classical,LDA,default,1200,2000,3.00002284348011e-07,{},0.7015,0.3640287769784173,0.6200980392156863,0.4587488667271079,0.6712299241304562,0.2898101655891084,0.7343241945019214,1150,442,155,253,ok,0.0329185000155121,1,Bank Customer Churn,,,,
2,LogReg,classical,LDA,default,1200,2000,3.00002284348011e-07,{},0.6925,0.3673469387755102,0.7076167076167076,0.4836272040302267,0.6981272489747066,0.326779255286987,0.7696864815508884,1097,496,119,288,ok,0.0310281999991275,1,Bank Customer Churn,,,,
3,LogReg,classical,LDA,default,1200,2000,3.00002284348011e-07,{},0.7075,0.3732193732193732,0.6437346437346437,0.472497745716862,0.6837631159665059,0.3100184440195106,0.7418990639329622,1153,440,145,262,ok,0.0304650000180117,1,Bank Customer Churn,,,,
4,LogReg,classical,LDA,default,1200,2000,4.00003045797348e-07,{},0.7325,0.4053254437869822,0.6732186732186732,0.5060018467220684,0.7104323121272274,0.3582037884009167,0.7663163934350374,1191,402,133,274,ok,0.0467991000041365,1,Bank Customer Churn,,,,
5,LogReg,classical,LDA,default,1200,2000,2.00001522898674e-07,{},0.691,0.36328125,0.6838235294117647,0.4744897959183674,0.6883313626958321,0.3120816933528134,0.7512362671199132,1103,489,129,279,ok,0.0429874999681487,1,Bank Customer Churn,,,,
6,LogReg,classical,LDA,default,1200,2000,2.00001522898674e-07,{},0.715,0.3868715083798882,0.678921568627451,0.4928825622775801,0.701583899891615,0.3388819432469311,0.7656326978027392,1153,439,131,277,ok,0.0391823999816551,1,Bank Customer Churn,,,,
7,LogReg,classical,LDA,default,1200,2000,4.00003045797348e-07,{},0.7145,0.3915343915343915,0.7272727272727273,0.5090283748925194,0.719254693830965,0.3640934782692693,0.7763665051800646,1133,460,111,296,ok,0.0335483999806456,1,Bank Customer Churn,,,,
8,LogReg,classical,LDA,default,1200,2000,3.00002284348011e-07,{},0.6925,0.3590785907859078,0.6511056511056511,0.462882096069869,0.6770908042094483,0.2955107199583429,0.757407638763571,1120,473,142,265,ok,0.0444054999970831,1,Bank Customer Churn,,,,
9,LogReg,classical,LDA,default,1200,2000,4.999455995857716e-07,{},0.702,0.375494071146245,0.7002457002457002,0.4888507718696398,0.7013469555842438,0.3340976161174495,0.7579690630538088,1119,474,122,285,ok,0.0361438000109046,1,Bank Customer Churn,,,,
10,LogReg,classical,LDA,default,1200,2000,2.00001522898674e-07,{},0.6835,0.3563218390804598,0.6838235294117647,0.4685138539042821,0.6836203074194502,0.3031978720396425,0.7547572420928171,1088,504,129,279,ok,0.0314502000110223,1,Bank Customer Churn,,,,
11,LogReg,classical,LDA,default,1200,2000,3.00002284348011e-07,{},0.7155,0.3858156028368794,0.6666666666666666,0.4887690925426775,0.6973408710217754,0.332904148340059,0.7537934771898709,1159,433,136,272,ok,0.0521432000095956,1,Bank Customer Churn,,,,
12,LogReg,classical,LDA,default,1200,2000,3.00002284348011e-07,{},0.689,0.3616473616473616,0.6904176904176904,0.4746621621621621,0.689527740375198,0.3131007695661882,0.7399865196475366,1097,496,126,281,ok,0.040930799965281,1,Bank Customer Churn,,,,
13,LogReg,classical,LDA,default,1200,2000,2.00001522898674e-07,{},0.6975,0.3683510638297872,0.6805896805896806,0.4779982743744607,0.6912050725610048,0.3178471230924067,0.7636866450425772,1118,475,130,277,ok,0.0237116999924182,1,Bank Customer Churn,,,,
14,LogReg,classical,LDA,default,1200,2000,2.00001522898674e-07,{},0.7165,0.3924731182795699,0.7174447174447175,0.5073848827106864,0.7168516744787932,0.3612572575710869,0.7795283727487117,1141,452,115,292,ok,0.0249499999918043,1,Bank Customer Churn,,,,
0,SVC,classical,LDA,default,1200,2000,2.00001522898674e-07,{},0.6725,0.3499392466585662,0.7058823529411765,0.4679122664500406,0.6849135382796334,0.302839254693833,0.7295615639471871,1057,535,120,288,ok,0.1509978999965824,1,Bank Customer Churn,,,,
1,SVC,classical,LDA,default,1200,2000,2.00001522898674e-07,{},0.742,0.4126213592233009,0.625,0.4970760233918128,0.6984924623115578,0.3462002435497601,0.7491463136762244,1229,363,153,255,ok,0.2022809999762103,1,Bank Customer Churn,,,,
2,SVC,classical,LDA,default,1200,2000,1.00000761449337e-07,{},0.681,0.3633136094674556,0.7542997542997543,0.4904153354632588,0.7082860981166066,0.3395283366680099,0.7673736911025048,1055,538,100,307,ok,0.1877188000362366,1,Bank Customer Churn,,,,
3,SVC,classical,LDA,default,1200,2000,1.00000761449337e-07,{},0.719,0.3928077455048409,0.6977886977886978,0.5026548672566372,0.711104016188762,0.3538074607093532,0.7436496589038962,1154,439,123,284,ok,0.1815323000191711,1,Bank Customer Churn,,,,
4,SVC,classical,LDA,default,1200,2000,2.00001522898674e-07,{},0.658,0.3387660069848661,0.714987714987715,0.4597156398104265,0.6792138826037131,0.2915193136660871,0.713340459103171,1025,568,116,291,ok,0.1977882999926805,1,Bank Customer Churn,,,,
5,SVC,classical,LDA,default,1200,2000,2.00001522898674e-07,{},0.7195,0.3933054393305439,0.6911764705882353,0.5013333333333333,0.7089676322790422,0.351186428871742,0.744626933688048,1157,435,126,282,ok,0.1680378999444656,1,Bank Customer Churn,,,,
6,SVC,classical,LDA,default,1200,2000,2.00001522898674e-07,{},0.7235,0.3965763195435092,0.6813725490196079,0.5013525698827773,0.7078345157158341,0.3510635160973082,0.7657974307813578,1169,423,130,278,ok,0.1644031999749131,1,Bank Customer Churn,,,,
7,SVC,classical,LDA,default,1200,2000,2.00001522898674e-07,{},0.663,0.3434935521688159,0.7199017199017199,0.4650793650793651,0.6841818706225486,0.2998649757957279,0.7316361045174605,1033,560,114,293,ok,0.1814705000142566,1,Bank Customer Churn,,,,
8,SVC,classical,LDA,default,1200,2000,2.00001522898674e-07,{},0.685,0.3635250917992656,0.7297297297297297,0.4852941176470588,0.7016508033457186,0.3303175465283798,0.7455514065683557,1073,520,110,297,ok,0.184253700019326,1,Bank Customer Churn,,,,
9,SVC,classical,LDA,default,1200,2000,1.00000761449337e-07,{},0.704,0.3734610123119015,0.6707616707616708,0.4797891036906854,0.6916269119658951,0.3204070694141782,0.727445473208185,1135,458,134,273,ok,0.1955004999763332,1,Bank Customer Churn,,,,
10,SVC,classical,LDA,default,1200,2000,2.00001522898674e-07,{},0.6805,0.3513513513513513,0.6691176470588235,0.4607594936708861,0.6762673662429796,0.2914605542247519,0.7129627919006798,1088,504,135,273,ok,0.1806102000409737,1,Bank Customer Churn,,,,
11,SVC,classical,LDA,default,1200,2000,2.00001522898674e-07,{},0.6825,0.362089914945322,0.7303921568627451,0.4841592201462226,0.7003091437580057,0.3280531667308191,0.7385595255690216,1067,525,110,298,ok,0.1776701000053435,1,Bank Customer Churn,,,,
12,SVC,classical,LDA,default,1200,2000,3.00002284348011e-07,{},0.734,0.4042879019908116,0.6486486486486487,0.4981132075471698,0.7022276513801937,0.3472443897413677,0.7586893519096909,1204,389,143,264,ok,0.1714492999599315,1,Bank Customer Churn,,,,
13,SVC,classical,LDA,default,1200,2000,3.00002284348011e-07,{},0.6825,0.3589108910891089,0.7125307125307125,0.4773662551440329,0.6936790411366682,0.3178146454885711,0.7412335293691227,1075,518,117,290,ok,0.1477757999673485,1,Bank Customer Churn,,,,
14,SVC,classical,LDA,default,1200,2000,4.00003045797348e-07,{},0.7165,0.3850574712643678,0.6584766584766585,0.485947416137806,0.6949006016802627,0.3294616374000468,0.7683878022861074,1165,428,139,268,ok,0.1717169000185094,1,Bank Customer Churn,,,,
0,DecisionTree,classical,LDA,default,1200,2000,3.00002284348011e-07,{},0.6035,0.2705601907032181,0.5563725490196079,0.3640737770649559,0.585975219233422,0.1404131591253624,0.585975219233422,980,612,181,227,ok,0.0321386000141501,1,Bank Customer Churn,,,,
1,DecisionTree,classical,LDA,default,1200,2000,3.00002284348011e-07,{},0.6185,0.3016759776536313,0.6617647058823529,0.4144282425172678,0.6345883830919302,0.218145635270579,0.6345883830919302,967,625,138,270,ok,0.0392471000086516,1,Bank Customer Churn,,,,
2,DecisionTree,classical,LDA,default,1200,2000,2.00001522898674e-07,{},0.6255,0.3002336448598131,0.6314496314496314,0.4069675376088678,0.6277147717825684,0.207838655962918,0.6277147717825684,994,599,150,257,ok,0.0399335999973118,1,Bank Customer Churn,,,,
3,DecisionTree,classical,LDA,default,1200,2000,2.00001522898674e-07,{},0.614,0.2681067344345616,0.5184275184275184,0.3534338358458961,0.5784227987617818,0.1292586628556223,0.5784227987617818,1017,576,196,211,ok,0.0286990999593399,1,Bank Customer Churn,,,,
4,DecisionTree,classical,LDA,default,1200,2000,3.00002284348011e-07,{},0.6065,0.2754137115839243,0.5724815724815725,0.3719074221867517,0.5938365175653311,0.1529392246872863,0.5938365175653312,980,613,174,233,ok,0.0435426000040024,1,Bank Customer Churn,,,,
5,DecisionTree,classical,LDA,default,1200,2000,2.00001522898674e-07,{},0.602,0.2780320366132723,0.5955882352941176,0.3790951638065523,0.5996157256872598,0.1618581605157144,0.5996157256872598,961,631,165,243,ok,0.0384544000262394,1,Bank Customer Churn,,,,
6,DecisionTree,classical,LDA,default,1200,2000,2.00001522898674e-07,{},0.619,0.2825552825552825,0.5637254901960784,0.3764320785597381,0.5984456596709036,0.1615004123101677,0.5984456596709036,1008,584,178,230,ok,0.0294981999904848,1,Bank Customer Churn,,,,
7,DecisionTree,classical,LDA,default,1200,2000,2.00001522898674e-07,{},0.6125,0.2941834451901566,0.6461916461916462,0.404304381245196,0.6250418369062436,0.2025088979677385,0.6250418369062436,962,631,144,263,ok,0.0391206999775022,1,Bank Customer Churn,,,,
8,DecisionTree,classical,LDA,default,1200,2000,2.00001522898674e-07,{},0.604,0.2805017103762828,0.6044226044226044,0.3831775700934579,0.6041573160217228,0.1690188699110899,0.6041573160217227,962,631,161,246,ok,0.0290372000308707,1,Bank Customer Churn,,,,
9,DecisionTree,classical,LDA,default,1200,2000,2.00001522898674e-07,{},0.5865,0.2640449438202247,0.5773955773955773,0.3623747108712413,0.5831108458227102,0.1346592829728616,0.5831108458227101,938,655,172,235,ok,0.0334670000011101,1,Bank Customer Churn,,,,
10,DecisionTree,classical,LDA,default,1200,2000,2.00001522898674e-07,{},0.5805,0.2649945474372955,0.5955882352941176,0.3667924528301887,0.5861107005616317,0.1392803454440656,0.5861107005616317,918,674,165,243,ok,0.0317360000335611,1,Bank Customer Churn,,,,
11,DecisionTree,classical,LDA,default,1200,2000,2.00001522898674e-07,{},0.5755,0.2600652883569097,0.5857843137254902,0.3602110022607385,0.5793243176667653,0.1282824811941291,0.5793243176667653,912,680,169,239,ok,0.036481500021182,1,Bank Customer Churn,,,,
12,DecisionTree,classical,LDA,default,1200,2000,4.00003045797348e-07,{},0.6025,0.2936170212765957,0.6781326781326781,0.4097995545657015,0.6306545374341984,0.2107864673777477,0.6306545374341984,929,664,131,276,ok,0.0450077000423334,1,Bank Customer Churn,,,,
13,DecisionTree,classical,LDA,default,1200,2000,3.00002284348011e-07,{},0.5955,0.2776548672566372,0.6167076167076168,0.3829138062547673,0.6033946118691882,0.1672798009871154,0.6033946118691882,940,653,156,251,ok,0.0437583999591879,1,Bank Customer Churn,,,,
14,DecisionTree,classical,LDA,default,1200,2000,3.00002284348011e-07,{},0.619,0.302118171683389,0.6658476658476659,0.4156441717791411,0.6364392127103992,0.2208972530067574,0.636439212710399,967,626,136,271,ok,0.0369293999974615,1,Bank Customer Churn,,,,
0,RandomForest,classical,LDA,default,1200,2000,2.00001522898674e-07,{},0.6035,0.2700119474313022,0.553921568627451,0.3630522088353413,0.5850637993891024,0.1389708773141432,0.6515620381318357,981,611,182,226,ok,0.6334831999847665,1,Bank Customer Churn,,,,
1,RandomForest,classical,LDA,default,1200,2000,2.00001522898674e-07,{},0.581,0.2616407982261641,0.5784313725490197,0.3603053435114504,0.580044832003153,0.1296464016999218,0.6466300559168392,926,666,172,236,ok,0.5980529999942519,1,Bank Customer Churn,,,,
2,RandomForest,classical,LDA,default,1200,2000,2.00001522898674e-07,{},0.592,0.275027502750275,0.6142506142506142,0.3799392097264438,0.6002828714693121,0.162168885554775,0.6586794807133791,934,659,157,250,ok,0.6577430000179447,1,Bank Customer Churn,,,,
3,RandomForest,classical,LDA,default,1200,2000,3.00002284348011e-07,{},0.6015,0.2705882352941176,0.5651105651105651,0.365950676213206,0.5879539015132236,0.1432622653039406,0.6531099666692888,973,620,177,230,ok,0.6738685999880545,1,Bank Customer Churn,,,,
4,RandomForest,classical,LDA,default,1200,2000,2.00001522898674e-07,{},0.5835,0.2601351351351351,0.5675675675675675,0.3567567567567568,0.577569094518247,0.125708583727784,0.6540654676247898,936,657,176,231,ok,0.6603359000291675,1,Bank Customer Churn,,,,
5,RandomForest,classical,LDA,default,1200,2000,1.00000761449337e-07,{},0.599,0.2849344978165939,0.6397058823529411,0.3942598187311178,0.6141368607744605,0.1846269751686869,0.6783426938614641,937,655,147,261,ok,0.6612561999936588,1,Bank Customer Churn,,,,
6,RandomForest,classical,LDA,default,1200,2000,2.00001522898674e-07,{},0.586,0.2765957446808511,0.6372549019607843,0.3857566765578635,0.6050596117844123,0.1696487019938279,0.6721467324366932,912,680,148,260,ok,0.6019780000206083,1,Bank Customer Churn,,,,
7,RandomForest,classical,LDA,default,1200,2000,2.00001522898674e-07,{},0.606,0.2899669239250275,0.6461916461916462,0.4003044140030441,0.620961485368265,0.1956448745497532,0.6861368302046269,949,644,144,263,ok,0.5807851999998093,1,Bank Customer Churn,,,,
8,RandomForest,classical,LDA,default,1200,2000,2.999440766870976e-07,{},0.595,0.2854100106496273,0.6584766584766585,0.3982169390787518,0.6186294152395848,0.1913978212464366,0.6939875160214144,922,671,139,268,ok,0.5907678000512533,1,Bank Customer Churn,,,,
9,RandomForest,classical,LDA,default,1200,2000,3.00002284348011e-07,{},0.602,0.2766934557979334,0.5921375921375921,0.3771517996870109,0.5983286830744458,0.1596832129467613,0.6768779565389734,963,630,166,241,ok,0.6822430999600329,1,Bank Customer Churn,,,,
10,RandomForest,classical,LDA,default,1200,2000,4.00003045797348e-07,{},0.6205,0.2918149466192171,0.6029411764705882,0.3932853717026379,0.6139705882352942,0.1860132719128406,0.6824356155778895,995,597,162,246,ok,0.6273989999899641,1,Bank Customer Churn,,,,
11,RandomForest,classical,LDA,default,1200,2000,4.00003045797348e-07,{},0.5885,0.2766415500538213,0.6299019607843137,0.3844427823485415,0.6038957040102473,0.1678906872061693,0.6756607793871316,920,672,151,257,ok,0.6406696999911219,1,Bank Customer Churn,,,,
12,RandomForest,classical,LDA,default,1200,2000,4.00003045797348e-07,{},0.6075,0.2904656319290465,0.6437346437346437,0.400305576776165,0.6209884769206804,0.1957828557341436,0.6785606870352633,953,640,145,262,ok,0.6262150999973528,1,Bank Customer Churn,,,,
13,RandomForest,classical,LDA,default,1200,2000,4.00003045797348e-07,{},0.61,0.2813599062133646,0.5896805896805897,0.3809523809523809,0.6024360261648397,0.1667752445053605,0.6771193381362873,980,613,167,240,ok,0.6013537999824621,1,Bank Customer Churn,,,,
14,RandomForest,classical,LDA,default,1200,2000,4.00003045797348e-07,{},0.566,0.2635897435897436,0.6314496314496314,0.3719247467438495,0.5903638615503022,0.1455679041324332,0.6763134474998882,875,718,150,257,ok,0.6421686999965459,1,Bank Customer Churn,,,,
0,MLP,classical,LDA,default,1200,2000,2.00001522898674e-07,{},0.706,0.3818897637795275,0.7132352941176471,0.4974358974358974,0.7086905113804316,0.3463350967847806,0.7743804808355502,1121,471,117,291,ok,0.1043697000131942,1,Bank Customer Churn,,,,
1,MLP,classical,LDA,default,1200,2000,2.00001522898674e-07,{},0.6955,0.3706563706563706,0.7058823529411765,0.4860759493670886,0.699360774460538,0.3296458275484014,0.7514995319735933,1103,489,120,288,ok,0.0918640000163577,1,Bank Customer Churn,,,,
2,MLP,classical,LDA,default,1200,2000,2.00001522898674e-07,{},0.6915,0.3660714285714285,0.7051597051597052,0.4819479429051218,0.6965848745509762,0.3242353549998304,0.7533589059012787,1096,497,120,287,ok,0.0967815999756567,1,Bank Customer Churn,,,,
3,MLP,classical,LDA,default,1200,2000,1.00000761449337e-07,{},0.6975,0.3636363636363636,0.6486486486486487,0.4660194174757281,0.6793149081284675,0.3002606786516819,0.7460804409956953,1131,462,143,264,ok,0.0768988999770954,1,Bank Customer Churn,,,,
4,MLP,classical,LDA,default,1200,2000,2.00001522898674e-07,{},0.698,0.3712418300653595,0.6977886977886978,0.4846416382252559,0.6979213419891386,0.3279166879196517,0.7640799505206285,1112,481,123,284,ok,0.1086018999922089,1,Bank Customer Churn,,,,
5,MLP,classical,LDA,default,1200,2000,2.00001522898674e-07,{},0.714,0.3854748603351955,0.6764705882352942,0.491103202846975,0.7000443393437777,0.3362937937445259,0.7658513154005321,1152,440,132,276,ok,0.0649239000049419,1,Bank Customer Churn,,,,
6,MLP,classical,LDA,default,1200,2000,3.00002284348011e-07,{},0.708,0.3883248730964467,0.75,0.5117056856187291,0.7236180904522613,0.3688282048622684,0.7755597842151936,1110,482,102,306,ok,0.1247800999553874,1,Bank Customer Churn,,,,
7,MLP,classical,LDA,default,1200,2000,2.00001522898674e-07,{},0.7575,0.4285714285714285,0.5749385749385749,0.4910807974816369,0.6895408505577997,0.3425779362233302,0.7585150635998094,1281,312,173,234,ok,0.1292184999911114,1,Bank Customer Churn,,,,
8,MLP,classical,LDA,default,1200,2000,2.00001522898674e-07,{},0.7205,0.388235294117647,0.6486486486486487,0.4857405703771849,0.6937530751090073,0.329338323403158,0.7538077368585844,1177,416,143,264,ok,0.0920155000058002,1,Bank Customer Churn,,,,
9,MLP,classical,LDA,default,1200,2000,3.00002284348011e-07,{},0.733,0.4006259780907668,0.628992628992629,0.4894837476099426,0.6942828807235587,0.3354981508523467,0.7530843632538547,1210,383,151,256,ok,0.12418310000794,1,Bank Customer Churn,,,,
10,MLP,classical,LDA,default,1200,2000,3.00002284348011e-07,{},0.6905,0.3649167733674776,0.6985294117647058,0.479394449116905,0.6934858114099911,0.3196342888936276,0.7686271430682825,1096,496,123,285,ok,0.0905406000092625,1,Bank Customer Churn,,,,
11,MLP,classical,LDA,default,1200,2000,3.00002284348011e-07,{},0.7075,0.3733905579399141,0.6397058823529411,0.4715447154471545,0.6822901271061188,0.3081183194950189,0.7528404892107597,1154,438,147,261,ok,0.0844215000397525,1,Bank Customer Churn,,,,
12,MLP,classical,LDA,default,1200,2000,4.00003045797348e-07,{},0.6925,0.3594594594594594,0.6535626535626535,0.4638186573670445,0.6780054322427204,0.2968706147194089,0.7508278694719374,1119,474,141,266,ok,0.1156966999988071,1,Bank Customer Churn,,,,
13,MLP,classical,LDA,default,1200,2000,3.00002284348011e-07,{},0.7125,0.377906976744186,0.6388206388206388,0.4748858447488584,0.6850725918522529,0.3137011123274736,0.742077979366115,1165,428,147,260,ok,0.102326099993661,1,Bank Customer Churn,,,,
14,MLP,classical,LDA,default,1200,2000,4.00003045797348e-07,{},0.678,0.3577430972388956,0.7321867321867321,0.4806451612903226,0.6981712066457829,0.3236813771621079,0.7631267631267631,1058,535,109,298,ok,0.1190040999790653,1,Bank Customer Churn,,,,
0,XGBoost,classical,LDA,default,1200,2000,2.00001522898674e-07,{},0.648,0.3225419664268585,0.6593137254901961,0.4331723027375201,0.6522071140013794,0.2487907674369255,0.6763489629520151,1027,565,139,269,ok,0.7623697000090033,1,Bank Customer Churn,,,,
1,XGBoost,classical,LDA,default,1200,2000,2.00001522898674e-07,{},0.6475,0.3204353083434099,0.6495098039215687,0.4291497975708502,0.6482473642723421,0.2426145422186935,0.6925936360725194,1030,562,143,265,ok,0.9014106999966316,1,Bank Customer Churn,,,,
2,XGBoost,classical,LDA,default,1200,2000,2.00001522898674e-07,{},0.647,0.3271676300578034,0.6953316953316954,0.4449685534591195,0.6649916480424956,0.2681581891790305,0.7004408106103022,1011,582,124,283,ok,0.8284976000431925,1,Bank Customer Churn,,,,
3,XGBoost,classical,LDA,default,1200,2000,3.00002284348011e-07,{},0.664,0.3299101412066752,0.6314496314496314,0.433389544688027,0.6518830078152111,0.2507943316196202,0.6963913065607981,1071,522,150,257,ok,0.8653183999704197,1,Bank Customer Churn,,,,
4,XGBoost,classical,LDA,default,1200,2000,2.00001522898674e-07,{},0.6415,0.3185011709601874,0.6683046683046683,0.4314036478984933,0.651478134528982,0.2465833747801493,0.6800475359797393,1011,582,135,272,ok,0.957035099971108,1,Bank Customer Churn,,,,
5,XGBoost,classical,LDA,default,1200,2000,4.00003045797348e-07,{},0.6385,0.3212258796821793,0.6936274509803921,0.439100077579519,0.6589996551384373,0.2581218646784521,0.6970976204552173,994,598,125,283,ok,0.890981400036253,1,Bank Customer Churn,,,,
6,XGBoost,classical,LDA,default,1200,2000,2.00001522898674e-07,{},0.654,0.3225,0.6323529411764706,0.4271523178807947,0.645950339934969,0.2401049442937665,0.6986902958419547,1050,542,150,258,ok,0.8773001999943517,1,Bank Customer Churn,,,,
7,XGBoost,classical,LDA,default,1200,2000,5.00003807246685e-07,{},0.642,0.3140794223826715,0.6412776412776413,0.4216478190630048,0.641731099358218,0.2315754285968825,0.6934299476672356,1023,570,146,261,ok,0.9283668999560176,1,Bank Customer Churn,,,,
8,XGBoost,classical,LDA,default,1200,2000,2.00001522898674e-07,{},0.653,0.3176620076238882,0.6142506142506142,0.4187604690117253,0.6385754012872658,0.2284038743565273,0.6909259027903095,1056,537,157,250,ok,0.8602117000264116,1,Bank Customer Churn,,,,
9,XGBoost,classical,LDA,default,1200,2000,2.00001522898674e-07,{},0.6765,0.3412698412698413,0.6339066339066339,0.4436801375752364,0.6606444657292114,0.2667655650608317,0.6873406534423483,1095,498,149,258,ok,0.7765380999771878,1,Bank Customer Churn,,,,
10,XGBoost,classical,LDA,default,1200,2000,2.00001522898674e-07,{},0.6595,0.3349455864570738,0.678921568627451,0.448582995951417,0.6667220908463889,0.2728493956501761,0.7204658402305646,1042,550,131,277,ok,0.921056299994234,1,Bank Customer Churn,,,,
11,XGBoost,classical,LDA,default,1200,2000,3.00002284348011e-07,{},0.6545,0.3345029239766082,0.7009803921568627,0.4528899445764053,0.6717841659276775,0.2798523375233344,0.7157655618780174,1023,569,122,286,ok,0.9276642000186256,1,Bank Customer Churn,,,,
12,XGBoost,classical,LDA,default,1200,2000,4.00003045797348e-07,{},0.6025,0.2953586497890295,0.687960687960688,0.4132841328413284,0.6343130495672868,0.2165914254075362,0.6933559136948967,925,668,127,280,ok,0.7916033000219613,1,Bank Customer Churn,,,,
13,XGBoost,classical,LDA,default,1200,2000,3.00002284348011e-07,{},0.6515,0.3248792270531401,0.6609336609336609,0.4356275303643724,0.6550117143337482,0.2534081820375818,0.6936343122783801,1034,559,138,269,ok,0.9378703000256792,1,Bank Customer Churn,,,,
14,XGBoost,classical,LDA,default,1200,2000,4.00003045797348e-07,{},0.63,0.3048065650644783,0.6388206388206388,0.4126984126984127,0.6332835146394469,0.2169977846149331,0.6874964332591451,1000,593,147,260,ok,0.9129148999927564,1,Bank Customer Churn,,,,
0,VQC,quantum,LDA,default,1200,2000,2.00001522898674e-07,{},0.5425,0.2339979013641133,0.5465686274509803,0.3277002204261572,0.5440129569415706,0.0710219127861402,0.5465409153611193,862,730,185,223,ok,5.696988400013652,1,Bank Customer Churn,,,,
1,VQC,quantum,LDA,default,1200,2000,2.00001522898674e-07,{},0.677,0.3486005089058524,0.6715686274509803,0.4589614740368509,0.6749802936249877,0.2887354666627532,0.7082348014582718,1080,512,134,274,ok,5.999513500020839,1,Bank Customer Churn,,,,
2,VQC,quantum,LDA,default,1200,2000,1.00000761449337e-07,{},0.5655,0.2552966101694915,0.5921375921375921,0.3567727609178386,0.5754159398227194,0.1216410833765148,0.588317130690012,890,703,166,241,ok,5.891823000041768,1,Bank Customer Churn,,,,
3,VQC,quantum,LDA,default,1200,2000,2.00001522898674e-07,{},0.609,0.2801875732708089,0.5872235872235873,0.3793650793650793,0.6008936517411094,0.1642641174998819,0.5899350814605051,979,614,168,239,ok,5.961538500036113,1,Bank Customer Churn,,,,
4,VQC,quantum,LDA,default,1200,2000,2.00001522898674e-07,{},0.6185,0.3077753779697624,0.7002457002457002,0.4276069017254313,0.6489301319809795,0.2404972022617497,0.6637654603756299,952,641,122,285,ok,6.026391900028102,1,Bank Customer Churn,,,,
5,VQC,quantum,LDA,default,1200,2000,4.00003045797348e-07,{},0.624,0.3138528138528138,0.7107843137254902,0.4354354354354354,0.6562715538476698,0.2526209814722298,0.6692438910237463,958,634,118,290,ok,6.035880999988876,1,Bank Customer Churn,,,,
6,VQC,quantum,LDA,default,1200,2000,3.00002284348011e-07,{},0.717,0.3628472222222222,0.5122549019607843,0.4247967479674797,0.6408636318849148,0.2507057265800578,0.6574924253621046,1225,367,199,209,ok,5.987461399985477,1,Bank Customer Churn,,,,
7,VQC,quantum,LDA,default,1200,2000,2.00001522898674e-07,{},0.563,0.276981852913085,0.7125307125307125,0.3988995873452545,0.6186633474769068,0.1913074542683734,0.6527513646157714,836,757,117,290,ok,5.818552199983969,1,Bank Customer Churn,,,,
8,VQC,quantum,LDA,default,1200,2000,4.00003045797348e-07,{},0.601,0.2729384436701509,0.5773955773955773,0.3706624605678233,0.5922131684843549,0.1499562582455153,0.628071831461662,967,626,172,235,ok,5.912191299954429,1,Bank Customer Churn,,,,
9,VQC,quantum,LDA,default,1200,2000,4.00003045797348e-07,{},0.612,0.2725030826140567,0.542997542997543,0.3628899835796387,0.5863135863135863,0.1415509849345902,0.6002874985925833,1003,590,186,221,ok,6.046843399992213,1,Bank Customer Churn,,,,
10,VQC,quantum,LDA,default,1200,2000,4.00003045797348e-07,{},0.6455,0.3153374233128834,0.6299019607843137,0.4202780049059689,0.6396997241107498,0.2291338106651057,0.671297664794561,1034,558,151,257,ok,6.145729399984703,1,Bank Customer Churn,,,,
11,VQC,quantum,LDA,default,1200,2000,4.00003045797348e-07,{},0.665,0.3175487465181058,0.5588235294117647,0.4049733570159858,0.6255172923440733,0.2108768648846435,0.6398629175288206,1102,490,180,228,ok,5.781397300015669,1,Bank Customer Churn,,,,
12,VQC,quantum,LDA,default,1200,2000,3.00002284348011e-07,{},0.633,0.2968944099378882,0.5872235872235873,0.3943894389438944,0.6159595651121075,0.1903968562756835,0.6289093407737475,1027,566,168,239,ok,5.737003399990499,1,Bank Customer Churn,,,,
13,VQC,quantum,LDA,default,1200,2000,3.00002284348011e-07,{},0.619,0.2703751617076326,0.5135135135135135,0.3542372881355932,0.5797322746475289,0.13184304170441,0.5923704906755755,1029,564,198,209,ok,6.232574899971951,1,Bank Customer Churn,,,,
14,VQC,quantum,LDA,default,1200,2000,4.00003045797348e-07,{},0.6285,0.3133333333333333,0.6928746928746928,0.431522570772762,0.6524637117857457,0.246765237553289,0.69880666490836,975,618,125,282,ok,6.1613305999781005,1,Bank Customer Churn,,,,
0,QNN,quantum,LDA,default,1200,2000,1.00000761449337e-07,{},0.612,0.314516129032258,0.7647058823529411,0.4457142857142857,0.6687851019804907,0.272069348865429,0.7456030150753769,912,680,96,312,ok,8.064251800009515,1,Bank Customer Churn,,,,
1,QNN,quantum,LDA,default,1200,2000,1.00000761449337e-07,{},0.717,0.3861671469740634,0.6568627450980392,0.4863883847549909,0.6946374026997734,0.3295388226960344,0.7526418859000887,1166,426,140,268,ok,8.17844420002075,1,Bank Customer Churn,,,,
2,QNN,quantum,LDA,default,1200,2000,2.00001522898674e-07,{},0.6505,0.3306264501160093,0.7002457002457002,0.4491725768321513,0.6690180164756436,0.2748168294923439,0.7427242342496579,1016,577,122,285,ok,7.963290500047151,1,Bank Customer Churn,,,,
3,QNN,quantum,LDA,default,1200,2000,2.00001522898674e-07,{},0.7275,0.3911671924290221,0.6093366093366094,0.4764649375600384,0.6835132513098615,0.3175649327630034,0.7490880711219695,1207,386,159,248,ok,8.581243199994788,1,Bank Customer Churn,,,,
4,QNN,quantum,LDA,default,1200,2000,1.00000761449337e-07,{},0.712,0.3840877914951989,0.687960687960688,0.4929577464788732,0.7030512793224657,0.3397068301150418,0.7674700895039878,1144,449,127,280,ok,8.066135100030806,1,Bank Customer Churn,,,,
5,QNN,quantum,LDA,default,1200,2000,2.00001522898674e-07,{},0.6575,0.3372502937720329,0.7034313725490197,0.4559173947577442,0.67458000788255,0.2845780002901987,0.7367413045620257,1028,564,121,287,ok,8.3532538000145,1,Bank Customer Churn,,,,
6,QNN,quantum,LDA,default,1200,2000,1.00000761449337e-07,{},0.6585,0.3432155074116305,0.7377450980392157,0.4684824902723735,0.6879680264065425,0.3052993752739303,0.7439449083653562,1016,576,107,301,ok,8.402739499986637,1,Bank Customer Churn,,,,
7,QNN,quantum,LDA,default,1200,2000,3.00002284348011e-07,{},0.6645,0.3454332552693208,0.7248157248157249,0.4678826328310864,0.6869527462747802,0.304330649728408,0.7571624012301977,1034,559,112,295,ok,8.000926200009417,1,Bank Customer Churn,,,,
8,QNN,quantum,LDA,default,1200,2000,2.00001522898674e-07,{},0.682,0.3697383390216154,0.7985257985257985,0.505443234836703,0.7253771491059626,0.3656349696469584,0.7762616237192508,1039,554,82,325,ok,8.521959600038826,1,Bank Customer Churn,,,,
9,QNN,quantum,LDA,default,1200,2000,4.00003045797348e-07,{},0.683,0.3637454981992797,0.7444717444717445,0.4887096774193548,0.7058830787644347,0.3362775026543699,0.7742334013520453,1063,530,104,303,ok,8.28361689997837,1,Bank Customer Churn,,,,
10,QNN,quantum,LDA,default,1200,2000,4.00003045797348e-07,{},0.7355,0.4059097978227061,0.6397058823529411,0.4966698382492864,0.6998780668046113,0.3449064681891456,0.7632879470883831,1210,382,147,261,ok,8.62306960002752,1,Bank Customer Churn,,,,
11,QNN,quantum,LDA,default,1200,2000,3.00002284348011e-07,{},0.732,0.3990536277602524,0.6200980392156863,0.4856046065259117,0.6903882155877427,0.3297628240959776,0.7636620603015076,1211,381,155,253,ok,8.498178099980578,1,Bank Customer Churn,,,,
12,QNN,quantum,LDA,default,1200,2000,4.00003045797348e-07,{},0.699,0.37017310252996,0.683046683046683,0.4801381692573402,0.6930613201799642,0.3210178428774877,0.7515558701999379,1120,473,129,278,ok,8.218617299979087,1,Bank Customer Churn,,,,
13,QNN,quantum,LDA,default,1200,2000,3.00002284348011e-07,{},0.744,0.4149108589951377,0.628992628992629,0.5,0.7011880910185995,0.3507386983766223,0.7586554196723688,1232,361,151,256,ok,8.518361900001764,1,Bank Customer Churn,,,,
14,QNN,quantum,LDA,default,1200,2000,4.00003045797348e-07,{},0.686,0.3563068920676203,0.6732186732186732,0.4659863945578231,0.6812421049709185,0.2999866922171558,0.74991941093636,1098,495,133,274,ok,8.317576300003566,1,Bank Customer Churn,,,,
0,QSVC,quantum,LDA,default,1200,2000,2.00001522898674e-07,{},0.7035,0.3500810372771475,0.5294117647058824,0.4214634146341463,0.6387636712976648,0.2421328525073266,0.6806366390777416,1191,401,192,216,ok,11.048321199952625,1,Bank Customer Churn,,,,
1,QSVC,quantum,LDA,default,1200,2000,2.00001522898674e-07,{},0.6675,0.3107511045655375,0.5171568627450981,0.3882244710211591,0.6115935067494335,0.1899259197216534,0.6293261651394226,1124,468,197,211,ok,10.845561199996157,1,Bank Customer Churn,,,,
2,QSVC,quantum,LDA,default,1200,2000,2.00001522898674e-07,{},0.693,0.3364928909952606,0.5233415233415234,0.4096153846153846,0.6298440196745282,0.2247868635632654,0.6387558590948422,1173,420,194,213,ok,11.213612699997611,1,Bank Customer Churn,,,,
3,QSVC,quantum,LDA,default,1200,2000,2.00001522898674e-07,{},0.6385,0.2823691460055096,0.5036855036855037,0.3618711385701676,0.5883148171283765,0.1478821097628283,0.5810340386611572,1072,521,202,205,ok,10.827762500033714,1,Bank Customer Churn,,,,
4,QSVC,quantum,LDA,default,1200,2000,3.00002284348011e-07,{},0.727,0.3843594009983361,0.5675675675675675,0.4583333333333333,0.6676507015490066,0.2944383464159915,0.7189454477590072,1223,370,176,231,ok,10.868523099983577,1,Bank Customer Churn,,,,
5,QSVC,quantum,LDA,default,1200,2000,2.00001522898674e-07,{},0.6855,0.3333333333333333,0.5416666666666666,0.4126984126984127,0.6320142378559463,0.2260111753802588,0.6533140580352744,1150,442,187,221,ok,10.989584500028286,1,Bank Customer Churn,,,,
6,QSVC,quantum,LDA,default,1200,2000,2.00001522898674e-07,{},0.708,0.34,0.4583333333333333,0.3903966597077244,0.6151591289782244,0.2078569902338427,0.6138520420731107,1229,363,221,187,ok,11.124074499995912,1,Bank Customer Churn,,,,
7,QSVC,quantum,LDA,default,1200,2000,3.00002284348011e-07,{},0.694,0.3370429252782194,0.5208845208845209,0.4092664092664093,0.6295571380317143,0.2246737756848013,0.6405712337915728,1176,417,195,212,ok,11.01252009999007,1,Bank Customer Churn,,,,
8,QSVC,quantum,LDA,default,1200,2000,3.00002284348011e-07,{},0.706,0.3690303907380607,0.6265356265356266,0.4644808743169399,0.6764191001479137,0.2987251884523017,0.7140900530731038,1157,436,152,255,ok,11.142003600019962,1,Bank Customer Churn,,,,
9,QSVC,quantum,LDA,default,1200,2000,3.00002284348011e-07,{},0.7095,0.3657407407407407,0.5823095823095823,0.4492890995260663,0.6621529079156198,0.2789870089523654,0.7100274388409982,1182,411,170,237,ok,11.20366890000878,1,Bank Customer Churn,,,,
10,QSVC,quantum,LDA,default,1200,2000,3.00002284348011e-07,{},0.7365,0.3972366148531951,0.5637254901960784,0.4660587639311043,0.6722521923342202,0.3060976857765137,0.7030156912011036,1243,349,178,230,ok,11.172549900016747,1,Bank Customer Churn,,,,
11,QSVC,quantum,LDA,default,1200,2000,3.00002284348011e-07,{},0.708,0.3422939068100358,0.4681372549019608,0.3954451345755693,0.618804808355503,0.2134842781538325,0.612107719972411,1225,367,217,191,ok,10.80926820001332,1,Bank Customer Churn,,,,
12,QSVC,quantum,LDA,default,1200,2000,3.00002284348011e-07,{},0.637,0.2775453277545328,0.4889434889434889,0.3540925266903915,0.5818854293430564,0.1374892720709998,0.6158222937883955,1075,518,208,199,ok,10.733413300011309,1,Bank Customer Churn,,,,
13,QSVC,quantum,LDA,default,1200,2000,3.00002284348011e-07,{},0.6655,0.3280839895013123,0.6142506142506142,0.427715996578272,0.6464222311679939,0.2427751887647923,0.6876645520713317,1081,512,157,250,ok,11.05091790005099,1,Bank Customer Churn,,,,
14,QSVC,quantum,LDA,default,1200,2000,3.00002284348011e-07,{},0.652,0.3204968944099379,0.6339066339066339,0.4257425742574257,0.6452646791629842,0.2385136423527358,0.6890789094178924,1046,547,149,258,ok,10.79479169996921,1,Bank Customer Churn,,,,
0,QDT,quantum,LDA,default,1200,2000,1.00000761449337e-07,{},0.336,0.2218863361547763,0.8995098039215687,0.3559650824442289,0.5455463592472165,0.0970464099762104,0.5519186003547149,305,1287,41,367,ok,0.0416477000107988,1,Bank Customer Churn,,,,
1,QDT,quantum,LDA,default,1200,2000,1.00000761449337e-07,{},0.505,0.2442882249560632,0.6813725490196079,0.3596377749029754,0.5705857719972411,0.1148746004675786,0.5990306926790816,732,860,130,278,ok,0.0370330999721773,1,Bank Customer Churn,,,,
2,QDT,quantum,LDA,default,1200,2000,3.00002284348011e-07,{},0.6125,0.1891891891891892,0.2751842751842752,0.2242242242242242,0.4869330038821564,-0.02304881857725,0.4914698982495593,1113,480,295,112,ok,0.0379913999931886,1,Bank Customer Churn,,,,
3,QDT,quantum,LDA,default,1200,2000,4.00003045797348e-07,{},0.6265,0.3119469026548672,0.6928746928746928,0.4302059496567506,0.6512082190048292,0.2446363531471574,0.6793951115985014,971,622,125,282,ok,0.055287999974098,1,Bank Customer Churn,,,,
4,QDT,quantum,LDA,default,1200,2000,2.00001522898674e-07,{},0.443,0.2214342001576044,0.6904176904176904,0.3353221957040573,0.5351021283224673,0.0586920174761458,0.5429821192533058,605,988,126,281,ok,0.0353419000166468,1,Bank Customer Churn,,,,
5,QDT,quantum,LDA,default,1200,2000,3.00002284348011e-07,{},0.7675,0.3087248322147651,0.1127450980392156,0.1651705565529623,0.5240233027884521,0.0737340315562705,0.5179312617006603,1489,103,362,46,ok,0.0463871999527327,1,Bank Customer Churn,,,,
6,QDT,quantum,LDA,default,1200,2000,3.00002284348011e-07,{},0.5355,0.2663677130044843,0.7279411764705882,0.3900196979645436,0.6070610404966006,0.1737216716429868,0.5961832754458568,774,818,111,297,ok,0.0459894000086933,1,Bank Customer Churn,,,,
7,QDT,quantum,LDA,default,1200,2000,4.00003045797348e-07,{},0.6005,0.2782805429864253,0.6044226044226044,0.3810999225406661,0.6019602036551189,0.1653132075889761,0.6164955402243537,955,638,161,246,ok,0.0501142999855801,1,Bank Customer Churn,,,,
8,QDT,quantum,LDA,default,1200,2000,3.00002284348011e-07,{},0.7705,0.2903225806451613,0.0884520884520884,0.135593220338983,0.516605203045881,0.0554436762661987,0.5105351885012902,1505,88,371,36,ok,0.0470520999515429,1,Bank Customer Churn,,,,
9,QDT,quantum,LDA,default,1200,2000,2.00001522898674e-07,{},0.6685,0.2310924369747899,0.2702702702702703,0.2491506228765572,0.5202575456812746,0.0383023971644331,0.5173092969703138,1227,366,297,110,ok,0.04632170003606,1,Bank Customer Churn,,,,
10,QDT,quantum,LDA,default,1200,2000,3.00002284348011e-07,{},0.4295,0.2303164091243561,0.7671568627450981,0.354272778720996,0.5550608434328506,0.0950901922632155,0.5663004052123362,546,1046,95,313,ok,0.0482979000080376,1,Bank Customer Churn,,,,
11,QDT,quantum,LDA,default,1200,2000,3.00002284348011e-07,{},0.609,0.2358757062146892,0.409313725490196,0.2992831541218638,0.5347448024435906,0.0585562922825567,0.5361642772686964,1051,541,241,167,ok,0.0424066999694332,1,Bank Customer Churn,,,,
12,QDT,quantum,LDA,default,1200,2000,3.00002284348011e-07,{},0.691,0.2691466083150984,0.3022113022113022,0.2847222222222222,0.5462720038991226,0.0887385510170471,0.551325593698475,1259,334,284,123,ok,0.0397356999455951,1,Bank Customer Churn,,,,
13,QDT,quantum,LDA,default,1200,2000,4.00003045797348e-07,{},0.6145,0.2101910828025477,0.3243243243243243,0.2550724637681159,0.506481057328515,0.011244083800151,0.5282717231869775,1097,496,275,132,ok,0.048302799987141,1,Bank Customer Churn,,,,
14,QDT,quantum,LDA,default,1200,2000,3.00002284348011e-07,{},0.614,0.2996706915477497,0.6707616707616708,0.4142640364188164,0.6351297368246521,0.218480605507426,0.6687226517734992,955,638,134,273,ok,0.0427583999698981,1,Bank Customer Churn,,,,
0,LogReg,classical,LDA,gwo,1200,2000,2.677416499995161,{'C': 0.0034917618660564058},0.731,0.4003067484662577,0.6397058823529411,0.4924528301886792,0.6970514336387821,0.3387992683991304,0.7565862400236476,1201,391,147,261,ok,0.0356177999638021,1,Bank Customer Churn,0.5257640362343199,38.0,"[0.5257640362343199, 0.5257640362343199, 0.5257640362343199, 0.5257640362343199, 0.5257640362343199]",True
1,LogReg,classical,LDA,gwo,1200,2000,2.587014199991245,{'C': 0.002062766610319268},0.7145,0.3911882510013351,0.7181372549019608,0.5064822817631807,0.7158525470489703,0.3594340553536602,0.7736430313331364,1136,456,115,293,ok,0.0339270000113174,1,Bank Customer Churn,0.4657807112547087,38.0,"[0.46578071125470877, 0.46578071125470877, 0.46578071125470877, 0.46578071125470877, 0.46578071125470877]",True
2,LogReg,classical,LDA,gwo,1200,2000,2.690242199983913,{'C': 0.776208297549615},0.7335,0.4070796460176991,0.6781326781326781,0.5087557603686635,0.7128893145842299,0.3621248909193105,0.7570050790389774,1191,402,131,276,ok,0.0297361999982967,1,Bank Customer Churn,0.485234880136579,40.0,"[0.48523488013657906, 0.48523488013657906, 0.48523488013657906, 0.48523488013657906, 0.48523488013657906]",True
3,LogReg,classical,LDA,gwo,1200,2000,2.7774964999989606,{'C': 0.2334114690123453},0.6935,0.3626666666666667,0.6683046683046683,0.4701815038893691,0.6841209468328112,0.3062334658179036,0.7570683163903503,1115,478,135,272,ok,0.0291268999571912,1,Bank Customer Churn,0.4664516129032258,40.0,"[0.46645161290322584, 0.46645161290322584, 0.46645161290322584, 0.46645161290322584, 0.46645161290322584]",True
4,LogReg,classical,LDA,gwo,1200,2000,2.2518168999813497,{'C': 16.252702695013618},0.6955,0.3616438356164383,0.6486486486486487,0.4643799472295514,0.678059415347551,0.2978082610482883,0.7494366477417325,1127,466,143,264,ok,0.0313861999893561,1,Bank Customer Churn,0.4424227601592374,33.0,"[0.4424227601592374, 0.4424227601592374, 0.4424227601592374, 0.4424227601592374, 0.4424227601592374]",True
5,LogReg,classical,LDA,gwo,1200,2000,2.4367782000335865,{'C': 0.003528876308540786},0.6815,0.3559748427672956,0.6936274509803921,0.4704904405652535,0.6860097053896936,0.3063304197659621,0.7493980318257956,1080,512,125,283,ok,0.03549690003274,1,Bank Customer Churn,0.4673588733739109,36.0,"[0.4673588733739109, 0.4673588733739109, 0.4673588733739109, 0.4673588733739109, 0.4673588733739109]",True
6,LogReg,classical,LDA,gwo,1200,2000,2.6492538999882527,{'C': 0.010729388695812907},0.686,0.3641975308641975,0.7230392156862745,0.4844006568144499,0.6997733766873584,0.3279844312646462,0.7591357522908662,1077,515,113,295,ok,0.0387983999680727,1,Bank Customer Churn,0.481293157564344,38.0,"[0.481293157564344, 0.481293157564344, 0.481293157564344, 0.481293157564344, 0.481293157564344]",True
7,LogReg,classical,LDA,gwo,1200,2000,2.3214232999598607,{'C': 21.815880722344982},0.737,0.4105263157894737,0.6707616707616708,0.5093283582089553,0.7123425428510175,0.3629281429556782,0.7834444614105631,1201,392,134,273,ok,0.0473882000078447,1,Bank Customer Churn,0.4454364162944229,34.0,"[0.4454364162944229, 0.4454364162944229, 0.4454364162944229, 0.4454364162944229, 0.4454364162944229]",True
8,LogReg,classical,LDA,gwo,1200,2000,2.4826331000076607,{'C': 0.0016671929822964528},0.719,0.3871906841339155,0.6535626535626535,0.4862888482632541,0.6946407115898641,0.3300335115217165,0.7578595544697239,1172,421,141,266,ok,0.0305779000045731,1,Bank Customer Churn,0.4891471756349874,36.0,"[0.4891471756349874, 0.4891471756349874, 0.4891471756349874, 0.4891471756349874, 0.4891471756349874]",True
9,LogReg,classical,LDA,gwo,1200,2000,3.7577052999986336,{'C': 0.009175067561194088},0.7145,0.3818443804034582,0.6511056511056511,0.4813805631244323,0.6909012247995299,0.322918167489447,0.754586635942568,1164,429,142,265,ok,0.0212118999916128,1,Bank Customer Churn,0.5091438044803785,64.0,"[0.5090332767102763, 0.5090332767102763, 0.5090332767102763, 0.5091438044803785, 0.5091438044803785, 0.5091438044803785, 0.5091438044803785, 0.5091438044803785]",True
10,LogReg,classical,LDA,gwo,1200,2000,3.122619299974758,{'C': 0.14363577835831845},0.699,0.3753213367609254,0.7156862745098039,0.4924114671163575,0.7052049463001281,0.3392298281422882,0.7678619814760075,1106,486,116,292,ok,0.0247154000098817,1,Bank Customer Churn,0.4778872561214839,48.0,"[0.4772309266440864, 0.47788725612148397, 0.47788725612148397, 0.47788725612148397, 0.47788725612148397, 0.47788725612148397]",True
11,LogReg,classical,LDA,gwo,1200,2000,3.9261286999681033,{'C': 0.04515825418390844},0.725,0.3979885057471264,0.678921568627451,0.5018115942028986,0.7078653069267908,0.3516982475408436,0.7563737806680462,1173,419,131,277,ok,0.0213004000252112,1,Bank Customer Churn,0.4696846888336249,66.0,"[0.4682722340950189, 0.4682722340950189, 0.4682722340950189, 0.4682722340950189, 0.46968468883362496, 0.46968468883362496, 0.46968468883362496, 0.46968468883362496, 0.46968468883362496]",True
12,LogReg,classical,LDA,gwo,1200,2000,2.5450436000246555,{'C': 0.003492818990806916},0.699,0.37017310252996,0.683046683046683,0.4801381692573402,0.6930613201799642,0.3210178428774877,0.7658212912450201,1120,473,129,278,ok,0.0434856999781914,1,Bank Customer Churn,0.4699201856474808,37.0,"[0.4699201856474808, 0.4699201856474808, 0.4699201856474808, 0.4699201856474808, 0.4699201856474808]",True
13,LogReg,classical,LDA,gwo,1200,2000,2.219234000018332,{'C': 0.0809403977455007},0.718,0.3889674681753889,0.6756756756756757,0.4937163375224416,0.7022446174988548,0.340645841083559,0.7634090176463058,1161,432,132,275,ok,0.0523480999981984,1,Bank Customer Churn,0.4661402789690341,36.0,"[0.4661402789690341, 0.4661402789690341, 0.4661402789690341, 0.4661402789690341, 0.4661402789690341]",True
14,LogReg,classical,LDA,gwo,1200,2000,2.653719900001306,{'C': 0.011584980844147172},0.7005,0.3695652173913043,0.6683046683046683,0.4759405074365704,0.6885151715660189,0.3147523285305628,0.749256189934156,1129,464,135,272,ok,0.0301178999943658,1,Bank Customer Churn,0.5488258337166635,40.0,"[0.5488258337166635, 0.5488258337166635, 0.5488258337166635, 0.5488258337166635, 0.5488258337166635]",True
0,SVC,classical,LDA,gwo,1200,2000,11.927848299965262,"{'C': 1.6018396840650202, 'gamma': 0.05394478775027436}",0.676,0.3574821852731591,0.7377450980392157,0.4816,0.6989604887181003,0.3247791362797029,0.7526357276578973,1051,541,107,301,ok,0.0802481000428088,1,Bank Customer Churn,0.5320549670549671,96.0,"[0.5288666932833481, 0.5288666932833481, 0.5288666932833481, 0.5288666932833481, 0.529009171023333, 0.529009171023333, 0.529009171023333, 0.5307137243344139, 0.5307137243344139, 0.5307137243344139, 0.5307137243344139, 0.5320549670549671]",False
1,SVC,classical,LDA,gwo,1200,2000,11.13291320001008,"{'C': 0.36743137675545723, 'gamma': 2.784476050334426}",0.6875,0.3675213675213675,0.7377450980392157,0.4906275468622657,0.7061841068085526,0.3379246673461959,0.7446223150064046,1074,518,107,301,ok,0.0921828999998979,1,Bank Customer Churn,0.5341343907569228,80.0,"[0.5315228429197435, 0.5338689115581967, 0.5338689115581967, 0.5338689115581967, 0.5338689115581967, 0.5341343907569228, 0.5341343907569228, 0.5341343907569228, 0.5341343907569228, 0.5341343907569228]",True
2,SVC,classical,LDA,gwo,1200,2000,10.89705710002454,"{'C': 4.76829940685333, 'gamma': 0.0002092498001623393}",0.7285,0.3966565349544073,0.6412776412776413,0.4901408450704225,0.696031162132857,0.3359471785385505,0.7700180920519903,1196,397,146,261,ok,0.121328099980019,1,Bank Customer Churn,0.5081534082596532,88.0,"[0.4994505441765498, 0.5013746009914591, 0.5013746009914591, 0.5038607283665955, 0.5038607283665955, 0.5038607283665955, 0.5081534082596532, 0.5081534082596532, 0.5081534082596532, 0.5081534082596532, 0.5081534082596532]",True
3,SVC,classical,LDA,gwo,1200,2000,6.088501800026279,"{'C': 2.429423544152672, 'gamma': 0.0014661720958609823}",0.707,0.3748251748251748,0.6584766584766585,0.4777183600713012,0.6889370109709092,0.3174296891934309,0.7429455649794633,1146,447,139,268,ok,0.1890194999868981,1,Bank Customer Churn,0.5013347292841837,47.0,"[0.4980341880341881, 0.5013347292841837, 0.5013347292841837, 0.5013347292841837, 0.5013347292841837, 0.5013347292841837]",True
4,SVC,classical,LDA,gwo,1200,2000,9.819687600014731,"{'C': 100.00000000000013, 'gamma': 0.008825714990820323}",0.749,0.4108818011257035,0.538083538083538,0.4659574468085106,0.6704855857398231,0.3104874801915182,0.7473960863791372,1279,314,188,219,ok,0.104001400002744,1,Bank Customer Churn,0.4865100839439671,80.0,"[0.4730531813865147, 0.4730531813865147, 0.48414598672847925, 0.48414598672847925, 0.48417712217681225, 0.48651008394396716, 0.48651008394396716, 0.48651008394396716, 0.48651008394396716, 0.48651008394396716]",True
5,SVC,classical,LDA,gwo,1200,2000,8.155697799986228,"{'C': 86.30183748007308, 'gamma': 0.11502103840860618}",0.722,0.3927536231884058,0.6642156862745098,0.4936247723132969,0.7005123657503203,0.3399480675626019,0.7603135161099617,1173,419,137,271,ok,0.1499673000071197,1,Bank Customer Churn,0.4828240601167946,33.0,"[0.4828240601167946, 0.4828240601167946, 0.4828240601167946, 0.4828240601167946, 0.4828240601167946]",True
6,SVC,classical,LDA,gwo,1200,2000,9.183824400010051,"{'C': 0.07741537702956242, 'gamma': 9.999999999999993}",0.6645,0.34902411021814,0.7450980392156863,0.4753713838936669,0.694471130160607,0.3161045146458361,0.7482849295497093,1025,567,104,304,ok,0.1344123000162653,1,Bank Customer Churn,0.4912165844158662,56.0,"[0.48541423642843523, 0.4902210116336924, 0.4912165844158662, 0.4912165844158662, 0.4912165844158662, 0.4912165844158662, 0.4912165844158662]",True
7,SVC,classical,LDA,gwo,1200,2000,8.703886199975386,"{'C': 0.14917661914936356, 'gamma': 0.025578171605803248}",0.6935,0.360054347826087,0.6511056511056511,0.4636920384951881,0.6777185505999066,0.2967258664632606,0.7300243232446623,1122,471,142,265,ok,0.1337615000084042,1,Bank Customer Churn,0.4763165240326075,64.0,"[0.465993265993266, 0.47309626470252825, 0.47309626470252825, 0.4763165240326075, 0.4763165240326075, 0.4763165240326075, 0.4763165240326075, 0.4763165240326075]",True
8,SVC,classical,LDA,gwo,1200,2000,10.111304499965629,"{'C': 0.0133015210157311, 'gamma': 0.02713541384449201}",0.7315,0.4009146341463415,0.6461916461916462,0.4948259642521166,0.699743657370776,0.3425756826483397,0.5,1200,393,144,263,ok,0.1362186000333167,1,Bank Customer Churn,0.4872567027811894,80.0,"[0.48246399809218143, 0.485578427831949, 0.485578427831949, 0.485578427831949, 0.485578427831949, 0.48725670278118943, 0.48725670278118943, 0.48725670278118943, 0.48725670278118943, 0.48725670278118943]",True
9,SVC,classical,LDA,gwo,1200,2000,10.70888069999637,"{'C': 4.365351430798811, 'gamma': 0.003497999036989868}",0.695,0.3707006369426751,0.714987714987715,0.4882550335570469,0.7024404990506685,0.3338178226422744,0.7642565523921456,1099,494,116,291,ok,0.0977662000223063,1,Bank Customer Churn,0.5147226238026562,96.0,"[0.5125493281996876, 0.5132233734278436, 0.5132233734278436, 0.5132233734278436, 0.5132233734278436, 0.5133242002074363, 0.5139697534845685, 0.5139697534845685, 0.5139697534845685, 0.5147226238026562, 0.5147226238026562, 0.5147226238026562]",False
10,SVC,classical,LDA,gwo,1200,2000,7.003226000000723,"{'C': 0.026579937563151537, 'gamma': 0.014156650560101966}",0.686,0.3681055155875299,0.7524509803921569,0.4943639291465378,0.7107104148191941,0.3444175796496943,0.4438322125332544,1065,527,101,307,ok,0.202474899997469,1,Bank Customer Churn,0.4357568792331367,48.0,"[0.43321643235353563, 0.43566190671999805, 0.4357568792331367, 0.4357568792331367, 0.4357568792331367, 0.4357568792331367]",True
11,SVC,classical,LDA,gwo,1200,2000,6.426865099987481,"{'C': 0.09293921670293527, 'gamma': 9.999999999999993}",0.69,0.3675,0.7205882352941176,0.4867549668874172,0.7013745196571091,0.3312840370635513,0.7355620011823826,1086,506,114,294,ok,0.1826311000040732,1,Bank Customer Churn,0.4573238158113811,48.0,"[0.4483099446566789, 0.4573238158113811, 0.4573238158113811, 0.4573238158113811, 0.4573238158113811, 0.4573238158113811]",True
12,SVC,classical,LDA,gwo,1200,2000,8.169023800001014,"{'C': 0.1516502025327244, 'gamma': 0.12030433547106598}",0.6835,0.3576826196473551,0.6977886977886978,0.4729392173189009,0.6888190193274939,0.3107398278209938,0.7488019606663674,1083,510,123,284,ok,0.1409422000288032,1,Bank Customer Churn,0.4911389712853163,64.0,"[0.4844857364064082, 0.4857701753262007, 0.4857701753262007, 0.4911389712853163, 0.4911389712853163, 0.4911389712853163, 0.4911389712853163, 0.4911389712853163]",True
13,SVC,classical,LDA,gwo,1200,2000,9.002930699964054,"{'C': 0.5039251262029267, 'gamma': 0.5259699765426543}",0.6185,0.3149688149688149,0.7444717444717445,0.4426588750913075,0.6653934365798773,0.2665429171860278,0.7220780102136034,934,659,104,303,ok,0.1075218000332824,1,Bank Customer Churn,0.4869858034559442,72.0,"[0.4859167233180591, 0.4859167233180591, 0.4859167233180591, 0.4864035491087508, 0.4869858034559442, 0.4869858034559442, 0.4869858034559442, 0.4869858034559442, 0.4869858034559442]",True
14,SVC,classical,LDA,gwo,1200,2000,7.277115600008983,"{'C': 0.18701870501473475, 'gamma': 0.21503479656926086}",0.7165,0.3873239436619718,0.6756756756756757,0.4923903312444047,0.7013029979131674,0.3387359583056222,0.7741886724937572,1158,435,132,275,ok,0.1291630999767221,1,Bank Customer Churn,0.4890636472543185,56.0,"[0.4875345952665509, 0.4875345952665509, 0.48906364725431856, 0.48906364725431856, 0.48906364725431856, 0.48906364725431856, 0.48906364725431856]",True
0,DecisionTree,classical,LDA,gwo,1200,2000,1.7811668000067584,"{'max_depth': 2, 'min_samples_leaf': 10}",0.659,0.3487858719646799,0.7745098039215687,0.4809741248097412,0.7019533944230959,0.3269715802451722,0.757311373041679,1002,590,92,316,ok,0.0428375000483356,1,Bank Customer Churn,0.4367519192433304,30.0,"[0.4240231839540709, 0.4367519192433304, 0.4367519192433304, 0.4367519192433304, 0.4367519192433304, 0.4367519192433304]",True
1,DecisionTree,classical,LDA,gwo,1200,2000,2.591982099984307,"{'max_depth': 15, 'min_samples_leaf': 18}",0.6775,0.349428208386277,0.6740196078431373,0.4602510460251046,0.6762057838210662,0.2906926171859003,0.7218645309882747,1080,512,133,275,ok,0.0210092000197619,1,Bank Customer Churn,0.4474851056534225,52.0,"[0.44617216013446837, 0.4468258032699821, 0.4468258032699821, 0.44748510565342253, 0.44748510565342253, 0.44748510565342253, 0.44748510565342253, 0.44748510565342253]",True
2,DecisionTree,classical,LDA,gwo,1200,2000,1.271156000031624,"{'max_depth': 2, 'min_samples_leaf': 20}",0.762,0.4387211367673179,0.6068796068796068,0.5092783505154639,0.7042558737473992,0.3657017688715531,0.734882031492201,1277,316,160,247,ok,0.0278266999521292,1,Bank Customer Churn,0.4727720075278516,22.0,"[0.4727720075278516, 0.4727720075278516, 0.4727720075278516, 0.4727720075278516, 0.4727720075278516]",True
3,DecisionTree,classical,LDA,gwo,1200,2000,1.5761526999995112,"{'max_depth': 2, 'min_samples_leaf': 8}",0.7895,0.4814814814814814,0.4471744471744471,0.4636942675159236,0.6620680773223147,0.333319900310593,0.7185691083996169,1397,196,225,182,ok,0.0439622999983839,1,Bank Customer Churn,0.4460114696648654,27.0,"[0.44601146966486543, 0.44601146966486543, 0.44601146966486543, 0.44601146966486543, 0.44601146966486543]",True
4,DecisionTree,classical,LDA,gwo,1200,2000,1.909180100017693,"{'max_depth': 2, 'min_samples_leaf': 20}",0.7655,0.4362139917695473,0.5208845208845209,0.4748040313549832,0.6744410049494796,0.3274934330927111,0.7349761163320486,1319,274,195,212,ok,0.0255635000066831,1,Bank Customer Churn,0.5170052356809208,36.0,"[0.5170052356809208, 0.5170052356809208, 0.5170052356809208, 0.5170052356809208, 0.5170052356809208]",True
5,DecisionTree,classical,LDA,gwo,1200,2000,2.2099509999970905,"{'max_depth': 3, 'min_samples_leaf': 20}",0.611,0.3189823874755381,0.7990196078431373,0.4559440559440559,0.680916839097448,0.2916860940812533,0.7448647957926889,896,696,82,326,ok,0.0226318000350147,1,Bank Customer Churn,0.4888240117961155,41.0,"[0.4865314153179366, 0.4865314153179366, 0.4865314153179366, 0.48882401179611557, 0.48882401179611557, 0.48882401179611557, 0.48882401179611557, 0.48882401179611557]",True
6,DecisionTree,classical,LDA,gwo,1200,2000,2.215484899992589,"{'max_depth': 11, 'min_samples_leaf': 20}",0.691,0.3653846153846153,0.6985294117647058,0.4797979797979798,0.6937998817617499,0.3202269655129816,0.7369930227115973,1097,495,123,285,ok,0.0224688000162132,1,Bank Customer Churn,0.4496504281352072,40.0,"[0.4469733043669167, 0.4496504281352072, 0.4496504281352072, 0.4496504281352072, 0.4496504281352072, 0.4496504281352072]",True
7,DecisionTree,classical,LDA,gwo,1200,2000,1.8900351999909617,"{'max_depth': 6, 'min_samples_leaf': 15}",0.6885,0.3411764705882353,0.5700245700245701,0.4268629254829806,0.6443970935496359,0.2454438293026879,0.7183539471675063,1145,448,175,232,ok,0.02704110002378,1,Bank Customer Churn,0.4522501403238665,34.0,"[0.4521639082655626, 0.4521639082655626, 0.4522501403238665, 0.4522501403238665, 0.4522501403238665]",True
8,DecisionTree,classical,LDA,gwo,1200,2000,1.6496171000180766,"{'max_depth': 2, 'min_samples_leaf': 17}",0.766,0.4442413162705667,0.597051597051597,0.5094339622641509,0.7031083471761438,0.3668904352138502,0.753786143616652,1289,304,164,243,ok,0.0436721000005491,1,Bank Customer Churn,0.4533979006670168,28.0,"[0.45339790066701685, 0.45339790066701685, 0.45339790066701685, 0.45339790066701685, 0.45339790066701685]",True
9,DecisionTree,classical,LDA,gwo,1200,2000,2.5730281000141986,"{'max_depth': 9, 'min_samples_leaf': 15}",0.6745,0.3443877551020408,0.6633906633906634,0.4534005037783375,0.6703645093475602,0.2809890501181684,0.7254257339003102,1079,514,137,270,ok,0.0210892999893985,1,Bank Customer Churn,0.4441238065143714,48.0,"[0.4418538591385109, 0.4418538591385109, 0.4441238065143714, 0.4441238065143714, 0.4441238065143714, 0.4441238065143714, 0.4441238065143714]",True
10,DecisionTree,classical,LDA,gwo,1200,2000,1.907898000034038,"{'max_depth': 6, 'min_samples_leaf': 19}",0.6995,0.3642756680731364,0.6348039215686274,0.4629133154602323,0.6754421617893389,0.2953958025819433,0.7015908279140802,1140,452,149,259,ok,0.0257932999520562,1,Bank Customer Churn,0.5010899472782332,31.0,"[0.5010899472782332, 0.5010899472782332, 0.5010899472782332, 0.5010899472782332, 0.5010899472782332]",True
11,DecisionTree,classical,LDA,gwo,1200,2000,1.6240168999647722,"{'max_depth': 2, 'min_samples_leaf': 18}",0.6375,0.3422885572139303,0.8431372549019608,0.4869072894550602,0.7139681249384175,0.3448943806719828,0.7640615762636712,931,661,64,344,ok,0.0275288000120781,1,Bank Customer Churn,0.4748925907911803,28.0,"[0.4618401918012813, 0.4748925907911803, 0.4748925907911803, 0.4748925907911803, 0.4748925907911803, 0.4748925907911803]",True
12,DecisionTree,classical,LDA,gwo,1200,2000,1.8168153999722565,"{'max_depth': 4, 'min_samples_leaf': 20}",0.695,0.3294117647058823,0.4815724815724815,0.3912175648702595,0.615550835889819,0.2035220810294388,0.7078765977071062,1194,399,211,196,ok,0.0262214000103995,1,Bank Customer Churn,0.4785854141356587,31.0,"[0.4785854141356587, 0.4785854141356587, 0.4785854141356587, 0.4785854141356587, 0.4785854141356587]",True
13,DecisionTree,classical,LDA,gwo,1200,2000,1.8577215999830516,"{'max_depth': 2, 'min_samples_leaf': 7}",0.7065,0.3818897637795275,0.714987714987715,0.4978614200171086,0.7096595825409384,0.3476257964497541,0.7664320715168174,1122,471,116,291,ok,0.0263565999921411,1,Bank Customer Churn,0.4455155112888403,32.0,"[0.4277848713905052, 0.4277848713905052, 0.4277848713905052, 0.4455155112888403, 0.4455155112888403, 0.4455155112888403, 0.4455155112888403, 0.4455155112888403]",True
14,DecisionTree,classical,LDA,gwo,1200,2000,2.0299517000094056,"{'max_depth': 2, 'min_samples_leaf': 8}",0.686,0.3588761174968071,0.6904176904176904,0.4722689075630252,0.6876445012038233,0.3095599445969224,0.713602662755205,1091,502,126,281,ok,0.0246294999960809,1,Bank Customer Churn,0.4701152393205086,38.0,"[0.4682275515250847, 0.4682275515250847, 0.4701152393205086, 0.4701152393205086, 0.4701152393205086, 0.4701152393205086, 0.4701152393205086]",True
0,RandomForest,classical,LDA,gwo,1200,2000,33.930044800043106,"{'max_depth': 2, 'min_samples_leaf': 18, 'max_features': 'sqrt'}",0.7095,0.3854304635761589,0.7132352941176471,0.5004299226139295,0.7108890038427431,0.3506124978255858,0.769806446447926,1128,464,117,291,ok,0.4539908000151627,1,Bank Customer Churn,0.5021930432861438,30.0,"[0.5021930432861438, 0.5021930432861438, 0.5021930432861438, 0.5021930432861438, 0.5021930432861438]",True
1,RandomForest,classical,LDA,gwo,1200,2000,40.20764739997685,"{'max_depth': 3, 'min_samples_leaf': 17, 'max_features': 'log2'}",0.63,0.3316430020283976,0.8014705882352942,0.4691535150645624,0.6937629323086019,0.3123524179272359,0.756327593851611,933,659,81,327,ok,0.4884829000220634,1,Bank Customer Churn,0.5027697570263358,35.0,"[0.5027697570263358, 0.5027697570263358, 0.5027697570263358, 0.5027697570263358, 0.5027697570263358]",True
2,RandomForest,classical,LDA,gwo,1200,2000,38.32121189997997,"{'max_depth': 2, 'min_samples_leaf': 3, 'max_features': 'log2'}",0.714,0.3781388478581979,0.628992628992629,0.4723247232472324,0.6823556993048518,0.3102988549302939,0.745051677255067,1172,421,151,256,ok,0.4081707000150345,1,Bank Customer Churn,0.4778504469151951,33.0,"[0.4778504469151951, 0.4778504469151951, 0.4778504469151951, 0.4778504469151951, 0.4778504469151951]",True
3,RandomForest,classical,LDA,gwo,1200,2000,42.87829109997256,"{'max_depth': 5, 'min_samples_leaf': 20, 'max_features': 'log2'}",0.718,0.3782945736434108,0.5995085995085995,0.4638783269961977,0.6738911484674197,0.2995456788985474,0.7493564442716986,1192,401,163,244,ok,0.3983175000175833,1,Bank Customer Churn,0.5038239538239538,38.0,"[0.5038239538239538, 0.5038239538239538, 0.5038239538239538, 0.5038239538239538, 0.5038239538239538]",True
4,RandomForest,classical,LDA,gwo,1200,2000,39.05831320001744,"{'max_depth': 7, 'min_samples_leaf': 20, 'max_features': 'sqrt'}",0.692,0.3612217795484728,0.6683046683046683,0.4689655172413793,0.6831793272471238,0.304425363312741,0.7472819506717812,1112,481,135,272,ok,0.4833168999757617,1,Bank Customer Churn,0.466951957355485,34.0,"[0.466951957355485, 0.466951957355485, 0.466951957355485, 0.466951957355485, 0.466951957355485]",True
5,RandomForest,classical,LDA,gwo,1200,2000,47.497250199958216,"{'max_depth': 3, 'min_samples_leaf': 20, 'max_features': 'log2'}",0.679,0.350765306122449,0.6740196078431373,0.4614093959731543,0.6771479948763426,0.2924442124993358,0.737571897477584,1083,509,133,275,ok,0.2721028000232763,1,Bank Customer Churn,0.4888629319908941,44.0,"[0.4870266419193099, 0.4870266419193099, 0.48824599659134993, 0.4888629319908941, 0.4888629319908941, 0.4888629319908941, 0.4888629319908941, 0.4888629319908941]",True
6,RandomForest,classical,LDA,gwo,1200,2000,41.91835650004214,"{'max_depth': 2, 'min_samples_leaf': 12, 'max_features': None}",0.643,0.3322368421052631,0.7426470588235294,0.4590909090909091,0.6800546851906593,0.291356135894182,0.7394216794758104,983,609,105,303,ok,0.4288996999966912,1,Bank Customer Churn,0.4680258768148395,37.0,"[0.45981334547675007, 0.4680258768148395, 0.4680258768148395, 0.4680258768148395, 0.4680258768148395, 0.4680258768148395]",True
7,RandomForest,classical,LDA,gwo,1200,2000,42.22064740001224,"{'max_depth': 7, 'min_samples_leaf': 14, 'max_features': 'log2'}",0.6875,0.361323155216285,0.6977886977886978,0.4761106454316848,0.6913300048893269,0.3154260477961084,0.7420741234300556,1091,502,123,284,ok,0.4184674999560229,1,Bank Customer Churn,0.4967126489038246,36.0,"[0.49671264890382466, 0.49671264890382466, 0.49671264890382466, 0.49671264890382466, 0.49671264890382466]",True
8,RandomForest,classical,LDA,gwo,1200,2000,43.57754110003589,"{'max_depth': 16, 'min_samples_leaf': 18, 'max_features': 'sqrt'}",0.6955,0.3623978201634877,0.6535626535626535,0.4662576687116564,0.6798886714140951,0.3005204425091487,0.7379120260476192,1125,468,141,266,ok,0.3495243999641388,1,Bank Customer Churn,0.492578922879157,38.0,"[0.49257892287915706, 0.49257892287915706, 0.49257892287915706, 0.49257892287915706, 0.49257892287915706]",True
9,RandomForest,classical,LDA,gwo,1200,2000,46.71882170002209,"{'max_depth': 2, 'min_samples_leaf': 17, 'max_features': 'log2'}",0.7525,0.4292604501607717,0.6560196560196561,0.5189504373177842,0.7165848437034879,0.3767414015418312,0.7897373490593829,1238,355,140,267,ok,0.268272099958267,1,Bank Customer Churn,0.4844555402831932,43.0,"[0.4718296678201577, 0.4718296678201577, 0.48179954588492685, 0.48179954588492685, 0.4844555402831932, 0.4844555402831932, 0.4844555402831932, 0.4844555402831932, 0.4844555402831932]",True
10,RandomForest,classical,LDA,gwo,1200,2000,43.74687560001621,"{'max_depth': 11, 'min_samples_leaf': 10, 'max_features': 'sqrt'}",0.6445,0.3168077388149939,0.6421568627450981,0.4242914979757085,0.6436286826288304,0.2350558288608229,0.6894344578283573,1027,565,146,262,ok,0.3660178999998607,1,Bank Customer Churn,0.4301046204447243,38.0,"[0.43010462044472436, 0.43010462044472436, 0.43010462044472436, 0.43010462044472436, 0.43010462044472436]",True
11,RandomForest,classical,LDA,gwo,1200,2000,53.092146799957845,"{'max_depth': 9, 'min_samples_leaf': 13, 'max_features': 'log2'}",0.6795,0.355638166047088,0.7034313725490197,0.4724279835390946,0.688399103359937,0.3094948674649501,0.7492456153315599,1072,520,121,287,ok,0.2491949000395834,1,Bank Customer Churn,0.4502364066193853,53.0,"[0.4472606246799795, 0.4472606246799795, 0.45023640661938535, 0.45023640661938535, 0.45023640661938535, 0.45023640661938535, 0.45023640661938535]",True
12,RandomForest,classical,LDA,gwo,1200,2000,42.80881770001725,"{'max_depth': 2, 'min_samples_leaf': 1, 'max_features': None}",0.6775,0.3641552511415525,0.7837837837837838,0.4972720187061574,0.717064522149268,0.3522805988912842,0.7767783191512005,1036,557,88,319,ok,0.3393341999617405,1,Bank Customer Churn,0.4569110830172777,38.0,"[0.4550506972859243, 0.4550506972859243, 0.45691108301727773, 0.45691108301727773, 0.45691108301727773, 0.45691108301727773, 0.45691108301727773]",True
13,RandomForest,classical,LDA,gwo,1200,2000,41.8755229000235,"{'max_depth': 2, 'min_samples_leaf': 19, 'max_features': 'log2'}",0.718,0.3857350800582241,0.6511056511056511,0.4844606946983547,0.6930983371661338,0.3274182557358786,0.7526501848535746,1171,422,142,265,ok,0.4138000999810174,1,Bank Customer Churn,0.4933479682311458,36.0,"[0.49334796823114585, 0.49334796823114585, 0.49334796823114585, 0.49334796823114585, 0.49334796823114585]",True
14,RandomForest,classical,LDA,gwo,1200,2000,47.99569799995516,"{'max_depth': 3, 'min_samples_leaf': 20, 'max_features': 'sqrt'}",0.659,0.3372781065088757,0.7002457002457002,0.4552715654952076,0.6743538607945387,0.2842152063075958,0.7310299513689343,1033,560,122,285,ok,0.2562142999959178,1,Bank Customer Churn,0.4760393046107332,44.0,"[0.4673738901283184, 0.4760393046107332, 0.4760393046107332, 0.4760393046107332, 0.4760393046107332, 0.4760393046107332]",True
0,MLP,classical,LDA,gwo,1200,2000,11.092001600016374,"{'alpha': 0.060722779471809964, 'learning_rate_init': 0.07536180919417881}",0.7345,0.4043545878693623,0.6372549019607843,0.49476688867745,0.6983385062567741,0.3422498265695478,0.7686717903241698,1209,383,148,260,ok,0.0708036000141874,1,Bank Customer Churn,0.5000953154843345,40.0,"[0.5000953154843345, 0.5000953154843345, 0.5000953154843345, 0.5000953154843345, 0.5000953154843345]",True
1,MLP,classical,LDA,gwo,1200,2000,31.06110190000618,"{'alpha': 0.0001893520289555443, 'learning_rate_init': 0.00010000000000000009}",0.7085,0.3803009575923393,0.6813725490196079,0.4881474978050922,0.6984124051630702,0.3320556934329071,0.7605598457976156,1139,453,130,278,ok,0.2436343000154011,1,Bank Customer Churn,0.4970055362212224,56.0,"[0.4954999797471826, 0.4954999797471826, 0.49700553622122245, 0.49700553622122245, 0.49700553622122245, 0.49700553622122245, 0.49700553622122245]",True
2,MLP,classical,LDA,gwo,1200,2000,16.029404799977783,"{'alpha': 0.008781814214694655, 'learning_rate_init': 0.00036099919308776044}",0.696,0.3651006711409396,0.6683046683046683,0.4722222222222222,0.6856903128089569,0.3092604166983052,0.7416769620159451,1120,473,135,272,ok,0.1481195000233128,1,Bank Customer Churn,0.5032282216031589,40.0,"[0.5032282216031589, 0.5032282216031589, 0.5032282216031589, 0.5032282216031589, 0.5032282216031589]",True
3,MLP,classical,LDA,gwo,1200,2000,17.108972100017127,"{'alpha': 0.00016124888214314964, 'learning_rate_init': 0.0969898326050336}",0.7215,0.3934659090909091,0.6805896805896806,0.4986498649864986,0.7062709859320029,0.3477638236535434,0.76523827371285,1166,427,130,277,ok,0.053050999995321,1,Bank Customer Churn,0.533442515558467,96.0,"[0.5280070327297602, 0.5280070327297602, 0.5297460283851557, 0.5297460283851557, 0.5297460283851557, 0.5305751320459223, 0.5305751320459223, 0.5311138060716162, 0.5320639756283322, 0.533442515558467, 0.533442515558467, 0.533442515558467]",False
4,MLP,classical,LDA,gwo,1200,2000,11.105143899971154,"{'alpha': 2.2447517208323408e-05, 'learning_rate_init': 0.002062983351953672}",0.7145,0.3864265927977839,0.6855036855036855,0.4942426926483614,0.7037060172653393,0.3415111757520574,0.7694165660267356,1150,443,128,279,ok,0.087604200001806,1,Bank Customer Churn,0.4926286303995282,40.0,"[0.49262863039952826, 0.49262863039952826, 0.49262863039952826, 0.49262863039952826, 0.49262863039952826]",True
5,MLP,classical,LDA,gwo,1200,2000,36.542290900019,"{'alpha': 3.236916152659577e-06, 'learning_rate_init': 0.00024811894825707526}",0.6915,0.3517730496453901,0.6078431372549019,0.4456424079065588,0.660391417873682,0.2705722747235711,0.7226250738989063,1135,457,160,248,ok,0.1124818999669514,1,Bank Customer Churn,0.5216612479471047,80.0,"[0.5193540065684509, 0.5201041453673033, 0.5209978706929926, 0.5209978706929926, 0.5213632775698317, 0.5216612479471047, 0.5216612479471047, 0.5216612479471047, 0.5216612479471047, 0.5216612479471047]",True
6,MLP,classical,LDA,gwo,1200,2000,23.95242489996599,"{'alpha': 0.004125775392204332, 'learning_rate_init': 0.00010000000000000009}",0.7075,0.3878326996197718,0.75,0.5112781954887218,0.7233040201005025,0.3682286514146067,0.7934079096462705,1109,483,102,306,ok,0.1774374999804422,1,Bank Customer Churn,0.4621751857402972,56.0,"[0.4591150973265552, 0.4605338281473023, 0.4621751857402972, 0.4621751857402972, 0.4621751857402972, 0.4621751857402972, 0.4621751857402972]",True
7,MLP,classical,LDA,gwo,1200,2000,24.496804099995643,"{'alpha': 0.022687355389981016, 'learning_rate_init': 0.0005536588455372264}",0.69,0.3632862644415918,0.6953316953316954,0.4772344013490725,0.6919847428322005,0.3170116654415127,0.7639874080552046,1097,496,124,283,ok,0.0972232999629341,1,Bank Customer Churn,0.4788449079247781,72.0,"[0.47646723646723643, 0.47646723646723643, 0.4766743193992984, 0.477109806748361, 0.47884490792477813, 0.47884490792477813, 0.47884490792477813, 0.47884490792477813, 0.47884490792477813]",True
8,MLP,classical,LDA,gwo,1200,2000,26.96190520003438,"{'alpha': 1.7272105130619657e-05, 'learning_rate_init': 0.0006106664056226928}",0.712,0.3850340136054421,0.6953316953316954,0.4956217162872154,0.7057951634222821,0.3437014146609696,0.7668593092321907,1141,452,124,283,ok,0.0837434999994002,1,Bank Customer Churn,0.5393300589807141,72.0,"[0.53793231192612, 0.53793231192612, 0.5386864597390914, 0.5386864597390914, 0.5393300589807141, 0.5393300589807141, 0.5393300589807141, 0.5393300589807141, 0.5393300589807141]",True
9,MLP,classical,LDA,gwo,1200,2000,15.518074900028296,"{'alpha': 1.9126805339292103e-05, 'learning_rate_init': 0.016734801487226534}",0.666,0.3466509988249118,0.7248157248157249,0.4689984101748807,0.6878943658604676,0.3060018495509976,0.7556308234274336,1037,556,112,295,ok,0.0758286999771371,1,Bank Customer Churn,0.5055333142896936,72.0,"[0.5034255154339272, 0.5034255154339272, 0.5035023109269708, 0.5035023109269708, 0.5055333142896936, 0.5055333142896936, 0.5055333142896936, 0.5055333142896936, 0.5055333142896936]",True
10,MLP,classical,LDA,gwo,1200,2000,9.505942399962803,"{'alpha': 1.5774584915936363e-05, 'learning_rate_init': 0.013398395985415739}",0.6975,0.3722438391699092,0.7034313725490197,0.4868532654792197,0.6997056360232535,0.3306882775162159,0.7640407921962755,1108,484,121,287,ok,0.1379298000247217,1,Bank Customer Churn,0.4788627762605458,39.0,"[0.4788627762605458, 0.4788627762605458, 0.4788627762605458, 0.4788627762605458, 0.4788627762605458]",True
11,MLP,classical,LDA,gwo,1200,2000,36.40775179996854,"{'alpha': 0.0003021129391286464, 'learning_rate_init': 0.00010540755043386922}",0.7035,0.3778071334214002,0.7009803921568627,0.4909871244635193,0.7025630604000395,0.336595538122268,0.7599748127894375,1121,471,122,286,ok,0.2100461000227369,1,Bank Customer Churn,0.4661052876885199,72.0,"[0.4658171723354469, 0.4658171723354469, 0.4658171723354469, 0.4658171723354469, 0.46610528768851994, 0.46610528768851994, 0.46610528768851994, 0.46610528768851994, 0.46610528768851994]",True
12,MLP,classical,LDA,gwo,1200,2000,26.30958359997021,"{'alpha': 0.0002647183077533419, 'learning_rate_init': 0.0006881461898534118}",0.7145,0.3888888888888889,0.7051597051597052,0.5013100436681223,0.7110230415315162,0.3521333092881769,0.7719491448305008,1142,451,120,287,ok,0.070521900022868,1,Bank Customer Churn,0.483721902588899,96.0,"[0.4827470130047213, 0.4827470130047213, 0.4827470130047213, 0.48342175444601326, 0.48342175444601326, 0.48342175444601326, 0.48342175444601326, 0.483721902588899, 0.483721902588899, 0.483721902588899, 0.483721902588899, 0.483721902588899]",True
13,MLP,classical,LDA,gwo,1200,2000,13.977745099982712,"{'alpha': 0.004110301598671531, 'learning_rate_init': 0.0873000747828347}",0.693,0.3556485355648535,0.6265356265356266,0.4537366548042704,0.6682583970719564,0.2825133203654402,0.7259123530309971,1131,462,152,255,ok,0.0524264000123366,1,Bank Customer Churn,0.5287495837495837,64.0,"[0.5244971522536944, 0.5244971522536944, 0.527148491832332, 0.5287495837495837, 0.5287495837495837, 0.5287495837495837, 0.5287495837495837, 0.5287495837495837]",True
14,MLP,classical,LDA,gwo,1200,2000,13.495688199996948,"{'alpha': 3.627239296665435e-05, 'learning_rate_init': 0.0006274876795144122}",0.714,0.383638928067701,0.6683046683046683,0.4874551971326165,0.6969897478372055,0.3315831658361221,0.7656824775468842,1156,437,135,272,ok,0.0760923000052571,1,Bank Customer Churn,0.4745082815734989,48.0,"[0.47302789802789796, 0.4745082815734989, 0.4745082815734989, 0.4745082815734989, 0.4745082815734989, 0.4745082815734989]",True
0,XGBoost,classical,LDA,gwo,1200,2000,10.800261199998204,"{'max_depth': 2, 'learning_rate': 0.0019223021735496853, 'subsample': 0.7823180492735677}",0.706,0.3849104859335038,0.7377450980392157,0.5058823529411764,0.717804709823628,0.3597260218746868,0.7861057739678786,1111,481,107,301,ok,0.0692315999767743,1,Bank Customer Churn,0.4697144714920954,56.0,"[0.44029021377787486, 0.4676401569177809, 0.4697144714920954, 0.4697144714920954, 0.4697144714920954, 0.4697144714920954, 0.4697144714920954]",True
1,XGBoost,classical,LDA,gwo,1200,2000,12.56416290003108,"{'max_depth': 2, 'learning_rate': 0.002385116203738481, 'subsample': 0.5676827509490545}",0.689,0.3645569620253164,0.7058823529411765,0.4808013355592654,0.6952778598876737,0.3219425539556786,0.7530260062567742,1090,502,120,288,ok,0.066366699989885,1,Bank Customer Churn,0.5144138896429294,64.0,"[0.4837227841814998, 0.4958270649760011, 0.5073097119106542, 0.5144138896429294, 0.5144138896429294, 0.5144138896429294, 0.5144138896429294, 0.5144138896429294]",True
2,XGBoost,classical,LDA,gwo,1200,2000,13.698065200005658,"{'max_depth': 2, 'learning_rate': 0.006520506099267151, 'subsample': 0.6040994331143966}",0.6665,0.3433734939759036,0.7002457002457002,0.4607922392886014,0.6790619587229756,0.2926216413280293,0.7310746802272226,1048,545,122,285,ok,0.0649825999862514,1,Bank Customer Churn,0.4612193785549651,72.0,"[0.44298433048433045, 0.45868452430908424, 0.4604882761128361, 0.4608518017217415, 0.46121937855496514, 0.46121937855496514, 0.46121937855496514, 0.46121937855496514, 0.46121937855496514]",True
3,XGBoost,classical,LDA,gwo,1200,2000,12.092944099975284,"{'max_depth': 2, 'learning_rate': 0.007567644394932306, 'subsample': 0.9074426466231991}",0.733,0.4039334341906203,0.6560196560196561,0.5,0.7043437890895519,0.3497884878988944,0.7461213139179241,1199,394,140,267,ok,0.0653156000189483,1,Bank Customer Churn,0.484360933800833,64.0,"[0.483469387755102, 0.483469387755102, 0.48416338732802533, 0.48436093380083306, 0.48436093380083306, 0.48436093380083306, 0.48436093380083306, 0.48436093380083306]",True
4,XGBoost,classical,LDA,gwo,1200,2000,10.12847579998197,"{'max_depth': 2, 'learning_rate': 0.0010000000000000002, 'subsample': 1.0}",0.723,0.3927007299270073,0.6609336609336609,0.4926739926739927,0.6998955812515135,0.3391799095580643,0.7557195099567982,1177,416,138,269,ok,0.1070350999943912,1,Bank Customer Churn,0.4276447353198803,48.0,"[0.41865552005316325, 0.4258279443464628, 0.4276447353198803, 0.4276447353198803, 0.4276447353198803, 0.4276447353198803, 0.4276447353198803]",True
5,XGBoost,classical,LDA,gwo,1200,2000,16.837260700005572,"{'max_depth': 3, 'learning_rate': 0.0029221182475565495, 'subsample': 0.5894342823777079}",0.754,0.4244604316546763,0.5784313725490197,0.4896265560165975,0.6887131737116958,0.3394789380882888,0.7421120615331559,1272,320,172,236,ok,0.0548240999924019,1,Bank Customer Churn,0.4793999225706543,96.0,"[0.46159824004629696, 0.4707573716548204, 0.47189391669163916, 0.47200582193661783, 0.4734069443043931, 0.4734069443043931, 0.47446687980256885, 0.47778209595282767, 0.47887566137566134, 0.47887566137566134, 0.47887566137566134, 0.4793999225706543]",False
6,XGBoost,classical,LDA,gwo,1200,2000,11.029906699957792,"{'max_depth': 2, 'learning_rate': 0.0010833021319702771, 'subsample': 0.5}",0.6725,0.3517406962785114,0.7181372549019608,0.4721998388396454,0.6894706375012316,0.309753053692275,0.7477145223667356,1052,540,115,293,ok,0.0706597000244073,1,Bank Customer Churn,0.5092208054268743,56.0,"[0.5034355409020886, 0.5066066049427179, 0.5092208054268743, 0.5092208054268743, 0.5092208054268743, 0.5092208054268743, 0.5092208054268743]",True
7,XGBoost,classical,LDA,gwo,1200,2000,14.164344999997413,"{'max_depth': 2, 'learning_rate': 0.013772664991433552, 'subsample': 0.501790547652866}",0.7325,0.4101123595505618,0.7174447174447175,0.5218945487042002,0.7268956167261252,0.3815603740944318,0.7681379376294633,1173,420,115,292,ok,0.0590202999883331,1,Bank Customer Churn,0.4890253446749304,80.0,"[0.47523857627972105, 0.47673759562304446, 0.4819802562540878, 0.48569175879721244, 0.488155905463222, 0.4890253446749304, 0.4890253446749304, 0.4890253446749304, 0.4890253446749304, 0.4890253446749304]",True
8,XGBoost,classical,LDA,gwo,1200,2000,11.101243899960537,"{'max_depth': 2, 'learning_rate': 0.0010000000000000002, 'subsample': 0.8323809882547901}",0.6595,0.3504366812227074,0.7886977886977887,0.4852607709750567,0.7075943431875635,0.335496678832602,0.7786391938934312,998,595,86,321,ok,0.094733299978543,1,Bank Customer Churn,0.4849242322950673,56.0,"[0.47686977966957916, 0.4792469252827309, 0.48492423229506737, 0.48492423229506737, 0.48492423229506737, 0.48492423229506737, 0.48492423229506737]",True
9,XGBoost,classical,LDA,gwo,1200,2000,12.88045440003043,"{'max_depth': 2, 'learning_rate': 0.004218640833138009, 'subsample': 0.6045152615977557}",0.717,0.3815201192250372,0.628992628992629,0.4749536178107607,0.6842389384762266,0.3141902908774583,0.7373467458213222,1178,415,151,256,ok,0.0690829000086523,1,Bank Customer Churn,0.4987035282234678,64.0,"[0.4713458535376343, 0.4800766234907312, 0.49798849464242645, 0.4987035282234678, 0.4987035282234678, 0.4987035282234678, 0.4987035282234678, 0.4987035282234678]",True
10,XGBoost,classical,LDA,gwo,1200,2000,19.13507830002345,"{'max_depth': 6, 'learning_rate': 0.002161217657996381, 'subsample': 0.5809170222106871}",0.6605,0.3396449704142011,0.7034313725490197,0.4581005586592179,0.6764644299931029,0.2879184130803899,0.742734813774756,1034,558,121,287,ok,0.0686312000034377,1,Bank Customer Churn,0.4761899052746909,88.0,"[0.4718654215828355, 0.4744367423804004, 0.4744367423804004, 0.4744367423804004, 0.47469571773684777, 0.4748076193497201, 0.47618990527469096, 0.47618990527469096, 0.47618990527469096, 0.47618990527469096, 0.47618990527469096]",True
11,XGBoost,classical,LDA,gwo,1200,2000,15.087093300011476,"{'max_depth': 3, 'learning_rate': 0.004415037337224098, 'subsample': 0.745978861330598}",0.674,0.3377659574468085,0.6225490196078431,0.4379310344827586,0.6548674746280422,0.2576769744160249,0.7166153993004236,1094,498,154,254,ok,0.0616630999720655,1,Bank Customer Churn,0.4339972560005954,72.0,"[0.4290538805894813, 0.4290538805894813, 0.4316220420863015, 0.4316220420863015, 0.4339972560005954, 0.4339972560005954, 0.4339972560005954, 0.4339972560005954, 0.4339972560005954]",True
12,XGBoost,classical,LDA,gwo,1200,2000,15.726353600039149,"{'max_depth': 2, 'learning_rate': 0.01837687665172344, 'subsample': 0.8200797920978755}",0.6405,0.3258928571428571,0.7174447174447175,0.4481964696853415,0.6691429488039657,0.2738737726917736,0.7487441216254775,989,604,115,292,ok,0.0540129000437445,1,Bank Customer Churn,0.4722275429028224,96.0,"[0.4619723957606668, 0.4679376862449607, 0.4679376862449607, 0.4679376862449607, 0.4682199358664834, 0.46840233059817343, 0.4716538377235395, 0.4716538377235395, 0.47189909581338796, 0.4722275429028224, 0.4722275429028224, 0.4722275429028224]",False
13,XGBoost,classical,LDA,gwo,1200,2000,12.869838600046933,"{'max_depth': 5, 'learning_rate': 0.0010000000000000002, 'subsample': 0.6866239837519975}",0.6015,0.309197651663405,0.7764127764127764,0.4422673198040587,0.6666119123746242,0.2683775983290222,0.7262910059520229,887,706,91,316,ok,0.0882205000380054,1,Bank Customer Churn,0.4747075079662946,56.0,"[0.4651924651924652, 0.46900663909768175, 0.4747075079662946, 0.4747075079662946, 0.4747075079662946, 0.4747075079662946, 0.4747075079662946]",True
14,XGBoost,classical,LDA,gwo,1200,2000,11.552176299970595,"{'max_depth': 2, 'learning_rate': 0.006002344491826563, 'subsample': 0.5}",0.701,0.3792667509481668,0.7371007371007371,0.5008347245409015,0.714438629692867,0.3531317115284164,0.7692900913239897,1102,491,107,300,ok,0.0702291000052355,1,Bank Customer Churn,0.5119731650136962,56.0,"[0.5097108215469895, 0.5097108215469895, 0.5119731650136962, 0.5119731650136962, 0.5119731650136962, 0.5119731650136962, 0.5119731650136962]",True
0,VQC,quantum,LDA,gwo,1200,2000,893.0268021999509,"{'n_layers': 4, 'learning_rate': 0.06541929009864707, 'map_reps': 1, 'feature_map': 'angle', 'entanglement': 'linear', 'init_scale': 0.23710006551278523}",0.6045,0.3135345666991236,0.7892156862745098,0.448780487804878,0.6731882451473051,0.2792597717199817,0.7371646837126811,887,705,86,322,ok,7.568152500025462,1,Bank Customer Churn,0.5103631269533503,48.0,"[0.4825945791961377, 0.5103631269533503, 0.5103631269533503, 0.5103631269533503, 0.5103631269533503, 0.5103631269533503]",True
1,VQC,quantum,LDA,gwo,1200,2000,687.845130599977,"{'n_layers': 4, 'learning_rate': 0.00177487256068334, 'map_reps': 2, 'feature_map': 'angle', 'entanglement': 'circular', 'init_scale': 0.3293288473068145}",0.7245,0.3956204379562044,0.6642156862745098,0.4958828911253431,0.7020827175091142,0.3432042207389181,0.7560012070154696,1178,414,137,271,ok,9.129324999987148,1,Bank Customer Churn,0.4978753026993243,40.0,"[0.49787530269932434, 0.49787530269932434, 0.49787530269932434, 0.49787530269932434, 0.49787530269932434]",True
2,VQC,quantum,LDA,gwo,1200,2000,1043.437319199962,"{'n_layers': 6, 'learning_rate': 0.0014011878902898999, 'map_reps': 1, 'feature_map': 'angle', 'entanglement': 'linear', 'init_scale': 0.5}",0.703,0.3727891156462585,0.6732186732186732,0.4798598949211909,0.6919137936087089,0.3205179424985688,0.7663025120652239,1132,461,133,274,ok,7.624606300028972,1,Bank Customer Churn,0.4981580655631288,56.0,"[0.4923528438393439, 0.49426812257000935, 0.4981580655631288, 0.4981580655631288, 0.4981580655631288, 0.4981580655631288, 0.4981580655631288]",True
3,VQC,quantum,LDA,gwo,1200,2000,904.4007661999784,"{'n_layers': 1, 'learning_rate': 0.031879579559193384, 'map_reps': 1, 'feature_map': 'angle', 'entanglement': 'circular', 'init_scale': 0.25076863484287426}",0.6825,0.3475935828877005,0.6388206388206388,0.4502164502164502,0.6662402001385053,0.2766420396043227,0.7398014347166889,1105,488,147,260,ok,3.41495040000882,1,Bank Customer Churn,0.4681565794396476,88.0,"[0.4640266299357208, 0.4640266299357208, 0.4640266299357208, 0.46422390771997035, 0.46422390771997035, 0.4644745910521839, 0.4681565794396476, 0.4681565794396476, 0.4681565794396476, 0.4681565794396476, 0.4681565794396476]",True
4,VQC,quantum,LDA,gwo,1200,2000,697.503996799991,"{'n_layers': 5, 'learning_rate': 0.008623182580340522, 'map_reps': 2, 'feature_map': 'angle', 'entanglement': 'linear', 'init_scale': 0.17224011240678774}",0.705,0.3771812080536912,0.6904176904176904,0.4878472222222222,0.69957168262253,0.3323793298389472,0.7438424557068624,1129,464,126,281,ok,9.679515700030606,1,Bank Customer Churn,0.4749862776588998,40.0,"[0.4749862776588998, 0.4749862776588998, 0.4749862776588998, 0.4749862776588998, 0.4749862776588998]",True
5,VQC,quantum,LDA,gwo,1200,2000,1461.5494470000267,"{'n_layers': 5, 'learning_rate': 0.008235495736031117, 'map_reps': 1, 'feature_map': 'zz', 'entanglement': 'circular', 'init_scale': 0.2345816502855001}",0.6835,0.3599003735990037,0.7083333333333334,0.4772914946325351,0.6927345058626466,0.3168737297930132,0.7541106266627254,1078,514,119,289,ok,4.547720399976242,1,Bank Customer Churn,0.4870585288469566,96.0,"[0.47967139676674986, 0.47982436774842396, 0.48465179570559086, 0.48465179570559086, 0.4848688809767676, 0.4848688809767676, 0.4848688809767676, 0.48705852884695666, 0.48705852884695666, 0.48705852884695666, 0.48705852884695666, 0.48705852884695666]",True
6,VQC,quantum,LDA,gwo,1200,2000,849.5808266999666,"{'n_layers': 4, 'learning_rate': 0.12182318769983314, 'map_reps': 2, 'feature_map': 'angle', 'entanglement': 'circular', 'init_scale': 0.3529564096557122}",0.7415,0.4133545310015898,0.6372549019607843,0.5014464802314368,0.7027354911813972,0.3518984406638836,0.7464713272243569,1223,369,148,260,ok,8.287011099979281,1,Bank Customer Churn,0.5105076596220508,48.0,"[0.5042349088005397, 0.5105076596220508, 0.5105076596220508, 0.5105076596220508, 0.5105076596220508, 0.5105076596220508]",True
7,VQC,quantum,LDA,gwo,1200,2000,1285.5502728000283,"{'n_layers': 6, 'learning_rate': 0.007852111284369197, 'map_reps': 1, 'feature_map': 'angle', 'entanglement': 'full', 'init_scale': 0.3240218224167654}",0.676,0.3563766388557807,0.7346437346437347,0.4799357945425361,0.6978303418981385,0.322798047723948,0.7612281002111512,1053,540,108,299,ok,5.5742959000053816,1,Bank Customer Churn,0.4776105701078777,72.0,"[0.46717990863253783, 0.4730871447393186, 0.4730871447393186, 0.4764906701779012, 0.4776105701078777, 0.4776105701078777, 0.4776105701078777, 0.4776105701078777, 0.4776105701078777]",True
8,VQC,quantum,LDA,gwo,1200,2000,1036.883651500044,"{'n_layers': 1, 'learning_rate': 0.14404614529560703, 'map_reps': 1, 'feature_map': 'angle', 'entanglement': 'linear', 'init_scale': 0.2993324117617093}",0.685,0.3482993197278911,0.628992628992629,0.4483362521891418,0.6641510539815625,0.2741509981737673,0.7420070301426234,1114,479,151,256,ok,3.095078499987721,1,Bank Customer Churn,0.4885844748858448,96.0,"[0.46990792724006286, 0.46990792724006286, 0.46990792724006286, 0.47571288132449835, 0.47571288132449835, 0.47571288132449835, 0.4768775980226941, 0.4768775980226941, 0.4768775980226941, 0.48578624707656964, 0.4885844748858448, 0.4885844748858448]",False
9,VQC,quantum,LDA,gwo,1200,2000,1280.9539073000196,"{'n_layers': 2, 'learning_rate': 0.010719454604737937, 'map_reps': 1, 'feature_map': 'angle', 'entanglement': 'circular', 'init_scale': 0.49704838224650083}",0.6895,0.3685503685503685,0.7371007371007371,0.4914004914004914,0.707219546202597,0.3396340778222068,0.7642943405655269,1079,514,107,300,ok,3.0036364999832585,1,Bank Customer Churn,0.4761813537675607,96.0,"[0.4604379521185333, 0.4668826976481066, 0.4684556798262604, 0.4754602787102024, 0.4754602787102024, 0.4754602787102024, 0.4754602787102024, 0.4761813537675607, 0.4761813537675607, 0.4761813537675607, 0.4761813537675607, 0.4761813537675607]",True
10,VQC,quantum,LDA,gwo,1200,2000,1261.6639965000213,"{'n_layers': 3, 'learning_rate': 0.0015619190259662963, 'map_reps': 1, 'feature_map': 'angle', 'entanglement': 'circular', 'init_scale': 0.21404714399216968}",0.7005,0.3714670255720054,0.6764705882352942,0.4795829713292789,0.6915644398462903,0.3195100014690383,0.7502293945216277,1125,467,132,276,ok,4.001749099988956,1,Bank Customer Churn,0.4315970609254222,96.0,"[0.41638149950151987, 0.41825078090138335, 0.4228475307626205, 0.4228475307626205, 0.4228475307626205, 0.4228475307626205, 0.42477096812229237, 0.4309426450509413, 0.4313779119104379, 0.4313779119104379, 0.4315970609254222, 0.4315970609254222]",False
11,VQC,quantum,LDA,gwo,1200,2000,1221.4795664999983,"{'n_layers': 6, 'learning_rate': 0.003918941391532358, 'map_reps': 1, 'feature_map': 'angle', 'entanglement': 'circular', 'init_scale': 0.05074824630572869}",0.717,0.3902777777777778,0.6887254901960784,0.4982269503546099,0.7064858606759287,0.3466974873234401,0.762277995369002,1153,439,127,281,ok,6.732611499959603,1,Bank Customer Churn,0.4879328056848466,72.0,"[0.47909647140984646, 0.47916842535098264, 0.48558872515510076, 0.48558872515510076, 0.48793280568484665, 0.48793280568484665, 0.48793280568484665, 0.48793280568484665, 0.48793280568484665]",True
12,VQC,quantum,LDA,gwo,1200,2000,1134.740437300003,"{'n_layers': 6, 'learning_rate': 0.021543482774080393, 'map_reps': 1, 'feature_map': 'zz', 'entanglement': 'linear', 'init_scale': 0.010949616515850427}",0.6835,0.3611793611793611,0.7223587223587223,0.4815724815724815,0.6979652996602149,0.3244663122906273,0.7550771110093143,1073,520,113,294,ok,7.087410000036471,1,Bank Customer Churn,0.4798431036941948,72.0,"[0.45383567871103375, 0.4781887739439222, 0.4781887739439222, 0.4781887739439222, 0.4798431036941948, 0.4798431036941948, 0.4798431036941948, 0.4798431036941948, 0.4798431036941948]",True
13,VQC,quantum,LDA,gwo,1200,2000,1034.4208531999611,"{'n_layers': 2, 'learning_rate': 0.121817696748866, 'map_reps': 1, 'feature_map': 'angle', 'entanglement': 'full', 'init_scale': 0.0117395845567611}",0.6805,0.3654292343387471,0.773955773955774,0.4964539007092198,0.7152892491875542,0.3500520839092728,0.7788003720207111,1046,547,92,315,ok,4.346639399998821,1,Bank Customer Churn,0.507099025159305,80.0,"[0.4755492045379131, 0.4776229050470981, 0.4776229050470981, 0.48018986802658353, 0.5048671796966802, 0.507099025159305, 0.507099025159305, 0.507099025159305, 0.507099025159305, 0.507099025159305]",True
14,VQC,quantum,LDA,gwo,1200,2000,874.3456032000249,"{'n_layers': 2, 'learning_rate': 0.05390951376101529, 'map_reps': 1, 'feature_map': 'angle', 'entanglement': 'circular', 'init_scale': 0.45936061274036116}",0.6855,0.36125,0.7100737100737101,0.4788732394366197,0.6946476522747709,0.3199253410112277,0.770803160633669,1082,511,118,289,ok,5.218406600004528,1,Bank Customer Churn,0.5141919025628471,56.0,"[0.5078904161278343, 0.5097001763668431, 0.5141919025628471, 0.5141919025628471, 0.5141919025628471, 0.5141919025628471, 0.5141919025628471]",True
0,QNN,quantum,LDA,gwo,1200,2000,1335.1983611999894,"{'n_layers': 6, 'learning_rate': 0.010270961944151015, 'feature_map': 'angle', 'entanglement': 'circular', 'init_scale': 0.1355924207299681}",0.7075,0.3799185888738127,0.6862745098039216,0.4890829694323144,0.6996071041481919,0.333481835919387,0.7627475613360923,1135,457,128,280,ok,7.342340200033504,1,Bank Customer Churn,0.4885335122642213,72.0,"[0.48323402495924306, 0.4837946502496964, 0.4837946502496964, 0.4860395443943604, 0.4885335122642213, 0.4885335122642213, 0.4885335122642213, 0.4885335122642213, 0.4885335122642213]",True
1,QNN,quantum,LDA,gwo,1200,2000,1353.722576900036,"{'n_layers': 4, 'learning_rate': 0.0205164921225112, 'feature_map': 'angle', 'entanglement': 'linear', 'init_scale': 0.0998663779601529}",0.723,0.3866459627329192,0.6102941176470589,0.4733840304182509,0.6810892698788058,0.312357219476898,0.7489731131145926,1197,395,159,249,ok,4.833109500003047,1,Bank Customer Churn,0.5037094547964114,80.0,"[0.49975697304332795, 0.49975697304332795, 0.49975697304332795, 0.49975697304332795, 0.5019077126970021, 0.5037094547964114, 0.5037094547964114, 0.5037094547964114, 0.5037094547964114, 0.5037094547964114]",True
2,QNN,quantum,LDA,gwo,1200,2000,989.0610047999652,"{'n_layers': 1, 'learning_rate': 0.006953960235664088, 'feature_map': 'angle', 'entanglement': 'linear', 'init_scale': 0.4572192352982279}",0.6855,0.3619402985074627,0.714987714987715,0.4805945499587118,0.6964769083413151,0.3226658397971154,0.7632115937200683,1080,513,116,291,ok,3.6177673999918634,1,Bank Customer Churn,0.5066309145765312,80.0,"[0.50139470013947, 0.5034068677055926, 0.5034068677055926, 0.5034068677055926, 0.5054686126252858, 0.5066309145765312, 0.5066309145765312, 0.5066309145765312, 0.5066309145765312, 0.5066309145765312]",True
3,QNN,quantum,LDA,gwo,1200,2000,1148.0380757999956,"{'n_layers': 6, 'learning_rate': 0.061767576375779315, 'feature_map': 'angle', 'entanglement': 'linear', 'init_scale': 0.2828647837217526}",0.7425,0.4169230769230769,0.6658476658476659,0.5127719962157048,0.7139658919319936,0.3678375608183455,0.7739650282023164,1214,379,136,271,ok,9.892628300003707,1,Bank Customer Churn,0.4995609316659206,56.0,"[0.488416921280771, 0.488416921280771, 0.4995609316659206, 0.4995609316659206, 0.4995609316659206, 0.4995609316659206, 0.4995609316659206]",True
4,QNN,quantum,LDA,gwo,1200,2000,1270.9410902999807,"{'n_layers': 2, 'learning_rate': 0.4391942370354972, 'feature_map': 'zz', 'entanglement': 'linear', 'init_scale': 0.2772710196237415}",0.75,0.4176991150442478,0.5798525798525799,0.48559670781893,0.686662008695907,0.3338419041012126,0.7262223702901669,1264,329,171,236,ok,3.5565964999841526,1,Bank Customer Churn,0.449999743369963,96.0,"[0.434278266536331, 0.434278266536331, 0.434278266536331, 0.43863269432560265, 0.43863269432560265, 0.44169841616024547, 0.44411822121205047, 0.44411822121205047, 0.44411822121205047, 0.449999743369963, 0.449999743369963, 0.449999743369963]",False
5,QNN,quantum,LDA,gwo,1200,2000,864.6890924999607,"{'n_layers': 1, 'learning_rate': 0.1426428955140497, 'feature_map': 'angle', 'entanglement': 'linear', 'init_scale': 0.22501211834858112}",0.69,0.3616187989556135,0.678921568627451,0.4718909710391822,0.6858803823036752,0.3081720172999618,0.7593482116464676,1103,489,131,277,ok,4.185351799998898,1,Bank Customer Churn,0.5342485889139034,80.0,"[0.5136655509677169, 0.5164263135705194, 0.5164263135705194, 0.5164263135705194, 0.5164263135705194, 0.5342485889139034, 0.5342485889139034, 0.5342485889139034, 0.5342485889139034, 0.5342485889139034]",True
6,QNN,quantum,LDA,gwo,1200,2000,1522.0785617000074,"{'n_layers': 4, 'learning_rate': 0.10625456095991709, 'feature_map': 'zz', 'entanglement': 'linear', 'init_scale': 0.23443519375266214}",0.617,0.3195564516129032,0.7769607843137255,0.4528571428571428,0.6764829047196768,0.2844776488538187,0.7220862277071632,917,675,91,317,ok,4.604672800051048,1,Bank Customer Churn,0.4545372994914397,96.0,"[0.44658521826106407, 0.447197057847127, 0.4520287232655191, 0.4520287232655191, 0.45257901732383116, 0.45257901732383116, 0.45257901732383116, 0.4545372994914397, 0.4545372994914397, 0.4545372994914397, 0.4545372994914397, 0.4545372994914397]",True
7,QNN,quantum,LDA,gwo,1200,2000,648.338140799955,"{'n_layers': 1, 'learning_rate': 0.0367705211711193, 'feature_map': 'angle', 'entanglement': 'circular', 'init_scale': 0.5}",0.682,0.3588162762022195,0.714987714987715,0.4778325123152709,0.6942797959747112,0.3186114451692394,0.7525368203334305,1073,520,116,291,ok,4.232024900033139,1,Bank Customer Churn,0.4995222895359694,48.0,"[0.4970703214722123, 0.49952228953596944, 0.49952228953596944, 0.49952228953596944, 0.49952228953596944, 0.49952228953596944]",True
8,QNN,quantum,LDA,gwo,1200,2000,1082.5550137999817,"{'n_layers': 1, 'learning_rate': 0.46276727445964255, 'feature_map': 'zz', 'entanglement': 'linear', 'init_scale': 0.3628683580228695}",0.7135,0.3768545994065282,0.6240786240786241,0.4699352451433857,0.6802125700430786,0.3069859208814358,0.7409211985483171,1173,420,153,254,ok,3.283559100003913,1,Bank Customer Churn,0.4937863228096383,96.0,"[0.4732667023470205, 0.4781702307750772, 0.4823049146171849, 0.4840608282935645, 0.4840608282935645, 0.4840608282935645, 0.4840608282935645, 0.49310618663271105, 0.49310618663271105, 0.49310618663271105, 0.49310618663271105, 0.49378632280963836]",False
9,QNN,quantum,LDA,gwo,1200,2000,844.1142072999501,"{'n_layers': 5, 'learning_rate': 0.09171578578639364, 'feature_map': 'angle', 'entanglement': 'circular', 'init_scale': 0.41374432459734206}",0.7075,0.3760445682451253,0.6633906633906634,0.48,0.6910801402326826,0.3207335600249211,0.7475672899401712,1145,448,137,270,ok,12.152262800023893,1,Bank Customer Churn,0.4748449296921047,40.0,"[0.47484492969210473, 0.47484492969210473, 0.47484492969210473, 0.47484492969210473, 0.47484492969210473]",True
10,QNN,quantum,LDA,gwo,1200,2000,971.5892672999762,"{'n_layers': 3, 'learning_rate': 0.005912193752821238, 'feature_map': 'angle', 'entanglement': 'linear', 'init_scale': 0.26717322998727955}",0.701,0.3740053050397878,0.6911764705882353,0.4853700516351119,0.697347029263967,0.3281840785810339,0.7560658685584787,1120,472,126,282,ok,7.161502700007986,1,Bank Customer Churn,0.4887690925426775,72.0,"[0.4807691906893172, 0.4869325227835209, 0.4869325227835209, 0.4869325227835209, 0.4887690925426775, 0.4887690925426775, 0.4887690925426775, 0.4887690925426775, 0.4887690925426775]",True
11,QNN,quantum,LDA,gwo,1200,2000,1233.005176799954,"{'n_layers': 3, 'learning_rate': 0.20855625267720243, 'feature_map': 'zz', 'entanglement': 'linear', 'init_scale': 0.20817828818762238}",0.7725,0.4540117416829745,0.5686274509803921,0.5048966267682263,0.6966880973494926,0.3634560389384826,0.7612895974972904,1313,279,176,232,ok,5.017220000037924,1,Bank Customer Churn,0.4756232273473652,72.0,"[0.45802095682324406, 0.45802095682324406, 0.46942301030948536, 0.46942301030948536, 0.47562322734736523, 0.47562322734736523, 0.47562322734736523, 0.47562322734736523, 0.47562322734736523]",True
12,QNN,quantum,LDA,gwo,1200,2000,1154.336133799981,"{'n_layers': 3, 'learning_rate': 0.051994693750968574, 'feature_map': 'angle', 'entanglement': 'linear', 'init_scale': 0.14232132233005168}",0.706,0.3816993464052287,0.7174447174447175,0.4982935153583617,0.7102603373789815,0.3483599734179643,0.7658984099662065,1120,473,115,292,ok,5.473896600014996,1,Bank Customer Churn,0.5027113237639553,64.0,"[0.4956332247998915, 0.4956332247998915, 0.49867128775086006, 0.5027113237639553, 0.5027113237639553, 0.5027113237639553, 0.5027113237639553, 0.5027113237639553]",True
13,QNN,quantum,LDA,gwo,1200,2000,1229.295809299976,"{'n_layers': 3, 'learning_rate': 0.027163192540396192, 'feature_map': 'angle', 'entanglement': 'linear', 'init_scale': 0.3616115915527306}",0.729,0.3966309341500765,0.6363636363636364,0.4886792452830188,0.694515779261542,0.3340023612189171,0.7622275588377284,1199,394,148,259,ok,5.264638599997852,1,Bank Customer Churn,0.5094283217791261,88.0,"[0.49704661558109836, 0.5037567589326133, 0.5037567589326133, 0.5059405514690067, 0.5059405514690067, 0.5059405514690067, 0.5094283217791261, 0.5094283217791261, 0.5094283217791261, 0.5094283217791261, 0.5094283217791261]",True
14,QNN,quantum,LDA,gwo,1200,2000,1135.9615601999683,"{'n_layers': 1, 'learning_rate': 0.029427421579201463, 'feature_map': 'angle', 'entanglement': 'linear', 'init_scale': 0.19421937887892077}",0.7185,0.3852941176470588,0.6437346437346437,0.4820607175712971,0.6906683262615466,0.3240949175218786,0.7635771364584923,1175,418,145,262,ok,3.1050450000329874,1,Bank Customer Churn,0.4990524610766242,64.0,"[0.49406554786116824, 0.49406554786116824, 0.49831174921353893, 0.49905246107662427, 0.49905246107662427, 0.49905246107662427, 0.49905246107662427, 0.49905246107662427]",True
0,QSVC,quantum,LDA,gwo,1200,2000,372.319225299987,"{'C': 0.06739379980865813, 'map_reps': 1, 'scale': 0.27471994186186743, 'entanglement': 'circular'}",0.761,0.4390243902439024,0.6176470588235294,0.5132382892057027,0.7076928761454331,0.3700304811904686,0.7648575290669032,1270,322,156,252,ok,5.043949100014288,1,Bank Customer Churn,0.5188373567621577,96.0,"[0.4957512696643131, 0.503791211092958, 0.5112009906426458, 0.5112009906426458, 0.5150345388053638, 0.5156609155141859, 0.5156609155141859, 0.5188373567621577, 0.5188373567621577, 0.5188373567621577, 0.5188373567621577, 0.5188373567621577]",True
1,QSVC,quantum,LDA,gwo,1200,2000,430.55425659997854,"{'C': 1.1039852845096707, 'map_reps': 2, 'scale': 0.2786994114297754, 'entanglement': 'linear'}",0.6975,0.3698811096433289,0.6862745098039216,0.4806866952789699,0.6933256971130161,0.3212459711267552,0.7655241587841167,1115,477,128,280,ok,5.219825399981346,1,Bank Customer Churn,0.4900388828385436,96.0,"[0.4805938310525466, 0.48585179382280824, 0.48585179382280824, 0.48585179382280824, 0.48585179382280824, 0.4885865655681929, 0.4885865655681929, 0.48861570838323126, 0.49003888283854363, 0.49003888283854363, 0.49003888283854363, 0.49003888283854363]",False
2,QSVC,quantum,LDA,gwo,1200,2000,293.3919757999829,"{'C': 1.0419650556209221, 'map_reps': 1, 'scale': 0.6650904308976335, 'entanglement': 'linear'}",0.6755,0.3460559796437659,0.6683046683046683,0.4559932942162615,0.6728215118045626,0.2849130039702549,0.7329147329147327,1079,514,135,272,ok,7.049873500014655,1,Bank Customer Churn,0.4499191244522314,80.0,"[0.43447769452504076, 0.4450933413197564, 0.4468732047166772, 0.4468732047166772, 0.4468732047166772, 0.4499191244522314, 0.4499191244522314, 0.4499191244522314, 0.4499191244522314, 0.4499191244522314]",True
3,QSVC,quantum,LDA,gwo,1200,2000,317.54295049997745,"{'C': 2.0246418989124253, 'map_reps': 1, 'scale': 0.48581418313327723, 'entanglement': 'circular'}",0.708,0.3802435723951285,0.6904176904176904,0.4904013961605584,0.7014549217939048,0.3360726789453441,0.7714602121381784,1135,458,126,281,ok,6.350742100039497,1,Bank Customer Churn,0.4907136460391792,88.0,"[0.4850697453437179, 0.48548025014630425, 0.48548025014630425, 0.4898981723364142, 0.4898981723364142, 0.4898981723364142, 0.4907136460391792, 0.4907136460391792, 0.4907136460391792, 0.4907136460391792, 0.4907136460391792]",True
4,QSVC,quantum,LDA,gwo,1200,2000,328.7668084999896,"{'C': 38.87297019320013, 'map_reps': 2, 'scale': 0.4350020072865346, 'entanglement': 'circular'}",0.724,0.3944687045123726,0.6658476658476659,0.4954296160877514,0.7023525837085159,0.3431097904509064,0.7568786043362314,1177,416,136,271,ok,8.857643500028644,1,Bank Customer Churn,0.4961579543099463,72.0,"[0.4924467156948397, 0.4924467156948397, 0.49308574037486413, 0.49308574037486413, 0.4961579543099463, 0.4961579543099463, 0.4961579543099463, 0.4961579543099463, 0.4961579543099463]",True
5,QSVC,quantum,LDA,gwo,1200,2000,397.25572240003385,"{'C': 0.03235048143920799, 'map_reps': 3, 'scale': 0.25571048614460434, 'entanglement': 'full'}",0.7035,0.3720608575380359,0.6593137254901961,0.4756852343059239,0.6870689230466056,0.3138113575563147,0.768329238102276,1138,454,139,269,ok,8.072807299962733,1,Bank Customer Churn,0.47753681024739,71.0,"[0.4626913382278189, 0.47679623975273994, 0.47679623975273994, 0.47679623975273994, 0.47753681024739, 0.47753681024739, 0.47753681024739, 0.47753681024739, 0.47753681024739]",True
6,QSVC,quantum,LDA,gwo,1200,2000,315.4493856000481,"{'C': 0.010258112086252064, 'map_reps': 1, 'scale': 0.35470804029523134, 'entanglement': 'linear'}",0.7535,0.4217311233885819,0.5612745098039216,0.4815983175604627,0.6820191644496995,0.3298519338958145,0.5,1278,314,179,229,ok,6.672387800004799,1,Bank Customer Churn,0.4888984396451894,88.0,"[0.4732847601700061, 0.47745747872402555, 0.48144823733067105, 0.4849676762197775, 0.4881899871630295, 0.4881899871630295, 0.4888984396451894, 0.4888984396451894, 0.4888984396451894, 0.4888984396451894, 0.4888984396451894]",True
7,QSVC,quantum,LDA,gwo,1200,2000,349.85071059997426,"{'C': 0.10368344270108185, 'map_reps': 1, 'scale': 0.29675549522491473, 'entanglement': 'circular'}",0.7005,0.3706199460916442,0.6756756756756757,0.4786771105308964,0.6912590556658353,0.3187974376803929,0.7675842252113438,1126,467,132,275,ok,5.4515303000225686,1,Bank Customer Churn,0.4942307116050998,96.0,"[0.48143387589645625, 0.4881912950813671, 0.4881912950813671, 0.48881641689844607, 0.4905108672550533, 0.4923182562900414, 0.4923182562900414, 0.49423071160509985, 0.49423071160509985, 0.49423071160509985, 0.49423071160509985, 0.49423071160509985]",True
8,QSVC,quantum,LDA,gwo,1200,2000,368.8700945000164,"{'C': 0.11460542039323325, 'map_reps': 1, 'scale': 0.25, 'entanglement': 'linear'}",0.708,0.3726618705035971,0.6363636363636364,0.47005444646098,0.6813331050619187,0.3066299190201642,0.7421597252105727,1157,436,148,259,ok,4.981877300015185,1,Bank Customer Churn,0.4854149098655179,96.0,"[0.469557634302415, 0.47551217493274467, 0.47551217493274467, 0.4777015564324711, 0.4777015564324711, 0.4777015564324711, 0.4790746966600687, 0.4790746966600687, 0.48489171462885844, 0.48489171462885844, 0.48489171462885844, 0.4854149098655179]",False
9,QSVC,quantum,LDA,gwo,1200,2000,391.28318700002274,"{'C': 0.07334290519531218, 'map_reps': 3, 'scale': 0.25, 'entanglement': 'linear'}",0.6865,0.3567708333333333,0.6732186732186732,0.4663829787234042,0.6815559781661477,0.3005797216363842,0.746544695697238,1099,494,133,274,ok,8.21805189998122,1,Bank Customer Churn,0.4894432847507281,72.0,"[0.48058330334359384, 0.48161498069066117, 0.4881145464412569, 0.4881145464412569, 0.4894432847507281, 0.4894432847507281, 0.4894432847507281, 0.4894432847507281, 0.4894432847507281]",True
10,QSVC,quantum,LDA,gwo,1200,2000,219.5126614999608,"{'C': 51.08467329343925, 'map_reps': 1, 'scale': 0.6401506414619138, 'entanglement': 'full'}",0.7075,0.3751763046544429,0.6519607843137255,0.4762757385854969,0.686847226327717,0.3147980442082975,0.7564861685880382,1149,443,142,266,ok,7.56348790001357,1,Bank Customer Churn,0.4774628999060006,56.0,"[0.4716583514237473, 0.4716583514237473, 0.4774628999060006, 0.4774628999060006, 0.4774628999060006, 0.4774628999060006, 0.4774628999060006]",True
11,QSVC,quantum,LDA,gwo,1200,2000,331.527523900033,"{'C': 0.07526344335953425, 'map_reps': 1, 'scale': 0.2512748704002161, 'entanglement': 'circular'}",0.752,0.4241379310344828,0.6029411764705882,0.4979757085020243,0.6965710907478568,0.3491347583505838,0.7558903586560253,1258,334,162,246,ok,5.934358300000895,1,Bank Customer Churn,0.4855632739353669,80.0,"[0.46659872579703915, 0.46675099555753685, 0.46979144105956433, 0.4800016596133101, 0.48261586673264056, 0.48556327393536697, 0.48556327393536697, 0.48556327393536697, 0.48556327393536697, 0.48556327393536697]",True
12,QSVC,quantum,LDA,gwo,1200,2000,194.2767235999927,"{'C': 0.03412443227838673, 'map_reps': 1, 'scale': 0.44237314313845844, 'entanglement': 'linear'}",0.6925,0.3638743455497382,0.683046683046683,0.4748078565328779,0.6889809686419857,0.3131823252136989,0.7508648864581068,1107,486,129,278,ok,7.492732700018678,1,Bank Customer Churn,0.4639644715763868,48.0,"[0.45821423619758495, 0.4639644715763868, 0.4639644715763868, 0.4639644715763868, 0.4639644715763868, 0.4639644715763868]",True
13,QSVC,quantum,LDA,gwo,1200,2000,369.13296109996736,"{'C': 0.13999907858212574, 'map_reps': 1, 'scale': 0.35824824161664254, 'entanglement': 'linear'}",0.7225,0.3927536231884058,0.6658476658476659,0.4940747493163172,0.7014109641228286,0.3411599195654574,0.7490340880171389,1174,419,136,271,ok,5.042334199999459,1,Bank Customer Churn,0.5196266514028269,96.0,"[0.5073478785492792, 0.5105551668809495, 0.5120480761988951, 0.5120480761988951, 0.5172956490718246, 0.517409742035298, 0.517409742035298, 0.5196266514028269, 0.5196266514028269, 0.5196266514028269, 0.5196266514028269, 0.5196266514028269]",True
14,QSVC,quantum,LDA,gwo,1200,2000,406.82130459998734,"{'C': 0.9465191120903971, 'map_reps': 2, 'scale': 0.29771632569686346, 'entanglement': 'circular'}",0.702,0.3714285714285714,0.6707616707616708,0.478108581436077,0.6903714191849786,0.3179420011471909,0.7563171800459936,1131,462,134,273,ok,5.488212399999611,1,Bank Customer Churn,0.5049683584196858,96.0,"[0.5028407768929627, 0.5028407768929627, 0.5028407768929627, 0.5034158044684359, 0.5034158044684359, 0.5042735042735043, 0.5043620115899596, 0.5049683584196858, 0.5049683584196858, 0.5049683584196858, 0.5049683584196858, 0.5049683584196858]",True
0,QDT,quantum,LDA,gwo,1200,2000,2.830451700021513,"{'max_depth': 2, 'min_samples_split': 8, 'map_reps': 1, 'entanglement': 'circular'}",0.658,0.2668918918918919,0.3872549019607843,0.316,0.5573209183170755,0.1012004788821185,0.5819215563109666,1158,434,250,158,ok,0.0312972000101581,1,Bank Customer Churn,0.3634601832276251,45.0,"[0.3415548039933522, 0.35500607694743186, 0.36346018322762513, 0.36346018322762513, 0.36346018322762513, 0.36346018322762513, 0.36346018322762513]",True
1,QDT,quantum,LDA,gwo,1200,2000,2.869881099963095,"{'max_depth': 5, 'min_samples_split': 32, 'map_reps': 3, 'entanglement': 'circular'}",0.6585,0.2222222222222222,0.2696078431372549,0.2436323366555924,0.5138868361414918,0.0259336753911323,0.5283132882550005,1207,385,298,110,ok,0.032375700015109,1,Bank Customer Churn,0.3250313651533014,38.0,"[0.3233233991666797, 0.3250313651533014, 0.3250313651533014, 0.3250313651533014, 0.3250313651533014, 0.3250313651533014]",True
2,QDT,quantum,LDA,gwo,1200,2000,2.518326299963519,"{'max_depth': 2, 'min_samples_split': 29, 'map_reps': 2, 'entanglement': 'linear'}",0.698,0.3602836879432624,0.6240786240786241,0.4568345323741007,0.6704825009909756,0.2873329643228955,0.6850633376057104,1142,451,153,254,ok,0.0396116999909281,1,Bank Customer Churn,0.385247213376917,36.0,"[0.385247213376917, 0.385247213376917, 0.385247213376917, 0.385247213376917, 0.385247213376917]",True
3,QDT,quantum,LDA,gwo,1200,2000,2.84026329999324,"{'max_depth': 4, 'min_samples_split': 17, 'map_reps': 3, 'entanglement': 'linear'}",0.46,0.2202826267664173,0.6511056511056511,0.3291925465838509,0.531139768427904,0.0512139758567164,0.5333684994701944,655,938,142,265,ok,0.0329327000072225,1,Bank Customer Churn,0.3181564279902485,40.0,"[0.31815642799024857, 0.31815642799024857, 0.31815642799024857, 0.31815642799024857, 0.31815642799024857]",True
4,QDT,quantum,LDA,gwo,1200,2000,3.452473699988332,"{'max_depth': 12, 'min_samples_split': 19, 'map_reps': 2, 'entanglement': 'full'}",0.468,0.2180257510729613,0.6240786240786241,0.3231552162849873,0.526100831185577,0.0426170344396078,0.5316973367820825,682,911,153,254,ok,0.0297217000043019,1,Bank Customer Churn,0.3651080771291567,51.0,"[0.35632270430339674, 0.35975591151792524, 0.36506861992242107, 0.36506861992242107, 0.36506861992242107, 0.36510807712915677, 0.36510807712915677]",True
5,QDT,quantum,LDA,gwo,1200,2000,3.571140800020657,"{'max_depth': 11, 'min_samples_split': 32, 'map_reps': 1, 'entanglement': 'circular'}",0.639,0.2048872180451127,0.267156862745098,0.2319148936170212,0.5007266725785792,0.0013254139496345,0.506072796580944,1169,423,299,109,ok,0.0264258999959565,1,Bank Customer Churn,0.2845719860011407,55.0,"[0.26647743943617513, 0.2788773677891818, 0.2788773677891818, 0.2788773677891818, 0.2788773677891818, 0.28457198600114075, 0.28457198600114075, 0.28457198600114075, 0.28457198600114075, 0.28457198600114075]",True
6,QDT,quantum,LDA,gwo,1200,2000,3.145093099970836,"{'max_depth': 10, 'min_samples_split': 13, 'map_reps': 2, 'entanglement': 'circular'}",0.589,0.2653061224489796,0.5735294117647058,0.3627906976744186,0.5832471179426544,0.1351280848170434,0.5736856771603114,944,648,174,234,ok,0.0322107000392861,1,Bank Customer Churn,0.3656960875733439,48.0,"[0.3614226125991136, 0.3656960875733439, 0.3656960875733439, 0.3656960875733439, 0.3656960875733439, 0.3656960875733439]",True
7,QDT,quantum,LDA,gwo,1200,2000,2.924494799983222,"{'max_depth': 4, 'min_samples_split': 32, 'map_reps': 1, 'entanglement': 'full'}",0.3655,0.2222938144329896,0.8476658476658476,0.3522205206738131,0.544987977191367,0.0868853768237479,0.5625957236126727,386,1207,62,345,ok,0.0314171999925747,1,Bank Customer Churn,0.3581095836648826,43.0,"[0.35154210795543467, 0.3580632353064493, 0.35810958366488266, 0.35810958366488266, 0.35810958366488266, 0.35810958366488266]",True
8,QDT,quantum,LDA,gwo,1200,2000,3.716953099996317,"{'max_depth': 5, 'min_samples_split': 3, 'map_reps': 1, 'entanglement': 'full'}",0.5755,0.2576754385964912,0.5773955773955773,0.356330553449583,0.5762056355276695,0.1231998873220312,0.5795456473422576,916,677,172,235,ok,0.0255849999957717,1,Bank Customer Churn,0.3564834939224283,60.0,"[0.3501293242227225, 0.3521933819064967, 0.35245702549092356, 0.35434981788424413, 0.35648349392242834, 0.35648349392242834, 0.35648349392242834, 0.35648349392242834, 0.35648349392242834]",True
9,QDT,quantum,LDA,gwo,1200,2000,2.277898699976504,"{'max_depth': 3, 'min_samples_split': 11, 'map_reps': 1, 'entanglement': 'linear'}",0.642,0.318448883666275,0.6658476658476659,0.4308426073131955,0.6508773796909391,0.245716560096969,0.6756556248081673,1013,580,136,271,ok,0.0317570000188425,1,Bank Customer Churn,0.3740930652080583,33.0,"[0.37409306520805835, 0.37409306520805835, 0.37409306520805835, 0.37409306520805835, 0.37409306520805835]",True
10,QDT,quantum,LDA,gwo,1200,2000,2.614815099979751,"{'max_depth': 2, 'min_samples_split': 20, 'map_reps': 1, 'entanglement': 'linear'}",0.494,0.2239488117001828,0.6004901960784313,0.3262316910785619,0.5335993693959996,0.0543988821680081,0.5441399706867672,743,849,163,245,ok,0.0503196000354364,1,Bank Customer Churn,0.3596733591207712,35.0,"[0.3596733591207712, 0.3596733591207712, 0.3596733591207712, 0.3596733591207712, 0.3596733591207712]",True
11,QDT,quantum,LDA,gwo,1200,2000,4.263512100034859,"{'max_depth': 10, 'min_samples_split': 32, 'map_reps': 2, 'entanglement': 'full'}",0.547,0.2208520179372197,0.4828431372549019,0.3030769230769231,0.5231426741550892,0.0375225929523225,0.531305424179722,897,695,211,197,ok,0.0242784999427385,1,Bank Customer Churn,0.3221559255124919,68.0,"[0.30594303927279703, 0.31007718162819137, 0.31007718162819137, 0.31007718162819137, 0.3131212665645435, 0.3131212665645435, 0.3221559255124919, 0.3221559255124919, 0.3221559255124919, 0.3221559255124919, 0.3221559255124919]",True
12,QDT,quantum,LDA,gwo,1200,2000,3.2673718000296503,"{'max_depth': 2, 'min_samples_split': 20, 'map_reps': 1, 'entanglement': 'circular'}",0.4195,0.236731843575419,0.8329238329238329,0.3686786296900489,0.5733985140764801,0.1310619662725376,0.5770747635154414,500,1093,68,339,ok,0.0277257999987341,1,Bank Customer Churn,0.3305356868492929,52.0,"[0.31373263819084257, 0.31373263819084257, 0.31899415966931527, 0.33053568684929296, 0.33053568684929296, 0.33053568684929296, 0.33053568684929296, 0.33053568684929296]",True
13,QDT,quantum,LDA,gwo,1200,2000,2.565707400033716,"{'max_depth': 4, 'min_samples_split': 22, 'map_reps': 1, 'entanglement': 'linear'}",0.574,0.29068673565381,0.7592137592137592,0.4204081632653061,0.6429464904041176,0.230659930894813,0.668804397617957,839,754,98,309,ok,0.0309492000378668,1,Bank Customer Churn,0.3935815634835036,37.0,"[0.3935815634835036, 0.3935815634835036, 0.3935815634835036, 0.3935815634835036, 0.3935815634835036]",True
14,QDT,quantum,LDA,gwo,1200,2000,2.416537699988112,"{'max_depth': 2, 'min_samples_split': 2, 'map_reps': 1, 'entanglement': 'linear'}",0.3425,0.2017082785808147,0.7542997542997543,0.3182996371176775,0.4957939449464873,-0.0079412481390175,0.4759435861130776,378,1215,100,307,ok,0.0496571999974548,1,Bank Customer Churn,0.3273934544321788,36.0,"[0.3267697747980813, 0.3273934544321788, 0.3273934544321788, 0.3273934544321788, 0.3273934544321788, 0.3273934544321788]",True
0,LogReg,classical,PCA,default,1200,905,3.00002284348011e-07,{},0.6265193370165746,0.1859838274932614,0.6571428571428571,0.2899159663865546,0.6398214285714285,0.1820898719169927,0.6645595238095239,498,302,36,69,ok,0.0690272999927401,4,Bank Marketing,,,,
1,LogReg,classical,PCA,default,1200,904,3.00002284348011e-07,{},0.6117256637168141,0.1724137931034483,0.625,0.2702702702702703,0.6174999999999999,0.152073500448642,0.6846995192307692,488,312,39,65,ok,0.0766313000349327,4,Bank Marketing,,,,
2,LogReg,classical,PCA,default,1200,904,4.00003045797348e-07,{},0.6570796460176991,0.1897590361445783,0.6057692307692307,0.2889908256880734,0.6347596153846153,0.1783956931420337,0.6985937500000001,531,269,41,63,ok,0.0765485999872908,4,Bank Marketing,,,,
3,LogReg,classical,PCA,default,1200,904,3.00002284348011e-07,{},0.6382743362831859,0.1911357340720221,0.6634615384615384,0.2967741935483871,0.6492307692307693,0.1944448838593794,0.6926442307692308,508,292,35,69,ok,0.0491525999968871,4,Bank Marketing,,,,
4,LogReg,classical,PCA,default,1200,904,5.00003807246685e-07,{},0.5763274336283186,0.1748251748251748,0.7211538461538461,0.2814258911819887,0.6393269230769231,0.1780538029986051,0.7200000000000001,446,354,29,75,ok,0.0825651999912224,4,Bank Marketing,,,,
5,LogReg,classical,PCA,default,1200,905,3.00002284348011e-07,{},0.6320441988950276,0.1742857142857143,0.580952380952381,0.2681318681318681,0.6098511904761905,0.144475395748589,0.67725,511,289,44,61,ok,0.0478443999891169,4,Bank Marketing,,,,
6,LogReg,classical,PCA,default,1200,904,6.00004568696022e-07,{},0.6825221238938053,0.1960132890365448,0.5673076923076923,0.291358024691358,0.6324038461538461,0.1792876422086712,0.6780168269230769,558,242,45,59,ok,0.0716515000094659,4,Bank Marketing,,,,
7,LogReg,classical,PCA,default,1200,904,3.00002284348011e-07,{},0.5973451327433629,0.1766169154228855,0.6826923076923077,0.2806324110671936,0.6344711538461538,0.1726855130034823,0.6959615384615384,469,331,33,71,ok,0.0592374000116251,4,Bank Marketing,,,,
8,LogReg,classical,PCA,default,1200,904,2.00001522898674e-07,{},0.6736725663716814,0.2043343653250774,0.6346153846153846,0.3091334894613583,0.6566826923076923,0.2086523867651822,0.6821514423076923,543,257,38,66,ok,0.0481181999784894,4,Bank Marketing,,,,
9,LogReg,classical,PCA,default,1200,904,4.00003045797348e-07,{},0.6283185840707964,0.1795580110497237,0.625,0.278969957081545,0.6268750000000001,0.1652394670356601,0.6999519230769231,503,297,39,65,ok,0.0580556000350043,4,Bank Marketing,,,,
10,LogReg,classical,PCA,default,1200,905,3.00002284348011e-07,{},0.6386740331491713,0.2016129032258064,0.7142857142857143,0.3144654088050314,0.6715178571428572,0.2232769579407146,0.7296547619047619,503,297,30,75,ok,0.0559891000157222,4,Bank Marketing,,,,
11,LogReg,classical,PCA,default,1200,904,3.00002284348011e-07,{},0.6073008849557522,0.1790281329923273,0.6730769230769231,0.2828282828282828,0.6359134615384616,0.1750681212337718,0.7255769230769231,479,321,34,70,ok,0.0579316000221297,4,Bank Marketing,,,,
12,LogReg,classical,PCA,default,1200,904,4.00003045797348e-07,{},0.540929203539823,0.1521252796420581,0.6538461538461539,0.2468239564428312,0.5900480769230769,0.1149355132745525,0.6376322115384616,421,379,36,68,ok,0.060365899989847,4,Bank Marketing,,,,
13,LogReg,classical,PCA,default,1200,904,2.00001522898674e-07,{},0.5707964601769911,0.1666666666666666,0.6826923076923077,0.2679245283018868,0.6194711538461539,0.1527340855554594,0.6711177884615385,445,355,33,71,ok,0.0390101000084541,4,Bank Marketing,,,,
14,LogReg,classical,PCA,default,1200,904,1.00000761449337e-07,{},0.6272123893805309,0.1876675603217158,0.6730769230769231,0.2935010482180293,0.6471634615384616,0.1907611698068261,0.6977764423076924,497,303,34,70,ok,0.032687300001271,4,Bank Marketing,,,,
0,SVC,classical,PCA,default,1200,905,2.00001522898674e-07,{},0.7104972375690608,0.2037735849056604,0.5142857142857142,0.2918918918918919,0.6252678571428572,0.1763178831393951,0.6581964285714287,589,211,51,54,ok,0.0718306999769993,4,Bank Marketing,,,,
1,SVC,classical,PCA,default,1200,904,2.00001522898674e-07,{},0.7765486725663717,0.2183908045977011,0.3653846153846153,0.2733812949640288,0.5976923076923076,0.1581306198300152,0.6364783653846153,664,136,66,38,ok,0.0781787000014446,4,Bank Marketing,,,,
2,SVC,classical,PCA,default,1200,904,1.00000761449337e-07,{},0.6272123893805309,0.1842818428184282,0.6538461538461539,0.2875264270613107,0.638798076923077,0.1802125506963008,0.6541646634615385,499,301,36,68,ok,0.0795478000072762,4,Bank Marketing,,,,
3,SVC,classical,PCA,default,1200,904,4.00003045797348e-07,{},0.540929203539823,0.1567328918322295,0.6826923076923077,0.2549371633752244,0.6025961538461538,0.1309439287320528,0.6484074519230769,418,382,33,71,ok,0.0876850000349804,4,Bank Marketing,,,,
4,SVC,classical,PCA,default,1200,904,1.9994331523776054e-07,{},0.7234513274336283,0.1853448275862069,0.4134615384615384,0.2559523809523809,0.5886057692307692,0.1294568484272322,0.653155048076923,611,189,61,43,ok,0.0879507000208832,4,Bank Marketing,,,,
5,SVC,classical,PCA,default,1200,905,2.00001522898674e-07,{},0.7613259668508288,0.2344497607655502,0.4666666666666667,0.3121019108280254,0.6333333333333333,0.2026425362721971,0.6919761904761904,640,160,56,49,ok,0.0962406999897211,4,Bank Marketing,,,,
6,SVC,classical,PCA,default,1200,904,3.00002284348011e-07,{},0.6946902654867256,0.2013888888888889,0.5576923076923077,0.2959183673469387,0.6350961538461539,0.1850325115507551,0.6773677884615386,570,230,46,58,ok,0.1047524000168778,4,Bank Marketing,,,,
7,SVC,classical,PCA,default,1200,904,4.00003045797348e-07,{},0.6537610619469026,0.1661341853035143,0.5,0.2494004796163069,0.586875,0.1165253905478977,0.6274158653846152,539,261,52,52,ok,0.0842677999753505,4,Bank Marketing,,,,
8,SVC,classical,PCA,default,1200,904,5.00003807246685e-07,{},0.6482300884955752,0.1907514450867052,0.6346153846153846,0.2933333333333333,0.6423076923076922,0.1868378607357263,0.7101802884615385,520,280,38,66,ok,0.1167571999831125,4,Bank Marketing,,,,
9,SVC,classical,PCA,default,1200,904,4.00003045797348e-07,{},0.7356194690265486,0.2127659574468085,0.4807692307692308,0.2949852507374631,0.6247596153846154,0.1815175813074093,0.6988461538461539,615,185,54,50,ok,0.1009098999784328,4,Bank Marketing,,,,
10,SVC,classical,PCA,default,1200,905,5.00003807246685e-07,{},0.5966850828729282,0.1875,0.7428571428571429,0.2994241842610364,0.6601785714285715,0.2058604699426607,0.720422619047619,462,338,27,78,ok,0.1026963000185787,4,Bank Marketing,,,,
11,SVC,classical,PCA,default,1200,904,4.00003045797348e-07,{},0.7046460176991151,0.2057761732851985,0.5480769230769231,0.2992125984251969,0.6365384615384615,0.1890048762520929,0.6605408653846154,580,220,47,57,ok,0.0968152999994345,4,Bank Marketing,,,,
12,SVC,classical,PCA,default,1200,904,5.00003807246685e-07,{},0.6969026548672567,0.2027972027972027,0.5576923076923077,0.2974358974358974,0.6363461538461539,0.1870928954783664,0.6626201923076922,572,228,46,58,ok,0.0859085000120103,4,Bank Marketing,,,,
13,SVC,classical,PCA,default,1200,904,5.00003807246685e-07,{},0.6128318584070797,0.1711229946524064,0.6153846153846154,0.2677824267782426,0.6139423076923077,0.1476396251785919,0.6607692307692308,490,310,40,64,ok,0.083061599987559,4,Bank Marketing,,,,
14,SVC,classical,PCA,default,1200,904,1.200009137392044e-06,{},0.7079646017699115,0.1992481203007518,0.5096153846153846,0.2864864864864865,0.6216826923076924,0.1703998904914506,0.6863701923076924,587,213,51,53,ok,0.0847297000000253,4,Bank Marketing,,,,
0,DecisionTree,classical,PCA,default,1200,905,2.00001522898674e-07,{},0.6209944751381216,0.1675977653631284,0.5714285714285714,0.2591792656587473,0.5994642857142857,0.1302871638824049,0.5994642857142857,502,298,45,60,ok,0.0490789000177755,4,Bank Marketing,,,,
1,DecisionTree,classical,PCA,default,1200,904,2.00001522898674e-07,{},0.5387168141592921,0.1418764302059496,0.5961538461538461,0.2292051756007393,0.5637019230769231,0.0813476559848002,0.5637019230769231,425,375,42,62,ok,0.0476555000059306,4,Bank Marketing,,,,
2,DecisionTree,classical,PCA,default,1200,904,2.00001522898674e-07,{},0.5730088495575221,0.1475,0.5673076923076923,0.2341269841269841,0.5705288461538461,0.0906177289618196,0.5705288461538461,459,341,45,59,ok,0.0435772000346332,4,Bank Marketing,,,,
3,DecisionTree,classical,PCA,default,1200,904,2.00001522898674e-07,{},0.5851769911504425,0.1552162849872773,0.5865384615384616,0.2454728370221328,0.5857692307692308,0.1104120436980496,0.5857692307692308,468,332,43,61,ok,0.040913000004366,4,Bank Marketing,,,,
4,DecisionTree,classical,PCA,default,1200,904,2.00001522898674e-07,{},0.5376106194690266,0.1447963800904977,0.6153846153846154,0.2344322344322344,0.5714423076923076,0.0912042362357855,0.5714423076923077,422,378,40,64,ok,0.0447278999490663,4,Bank Marketing,,,,
5,DecisionTree,classical,PCA,default,1200,905,4.00003045797348e-07,{},0.5823204419889503,0.1417322834645669,0.5142857142857142,0.2222222222222222,0.5527678571428571,0.0684559127691825,0.5527678571428571,473,327,51,54,ok,0.0473986999713815,4,Bank Marketing,,,,
6,DecisionTree,classical,PCA,default,1200,904,2.00001522898674e-07,{},0.577433628318584,0.1472081218274111,0.5576923076923077,0.2329317269076305,0.5688461538461538,0.0886009019223537,0.5688461538461539,464,336,46,58,ok,0.0516476000193506,4,Bank Marketing,,,,
7,DecisionTree,classical,PCA,default,1200,904,2.00001522898674e-07,{},0.5497787610619469,0.1468531468531468,0.6057692307692307,0.2363977485928705,0.5741346153846154,0.0947408434174772,0.5741346153846154,434,366,41,63,ok,0.0411138000199571,4,Bank Marketing,,,,
8,DecisionTree,classical,PCA,default,1200,904,4.00003045797348e-07,{},0.5730088495575221,0.1421319796954314,0.5384615384615384,0.2248995983935743,0.5579807692307692,0.0746177986860046,0.5579807692307692,462,338,48,56,ok,0.0415914999903179,4,Bank Marketing,,,,
9,DecisionTree,classical,PCA,default,1200,904,1.00000761449337e-07,{},0.4900442477876106,0.1334702258726899,0.625,0.2199661590524534,0.54875,0.0624070668002915,0.54875,378,422,39,65,ok,0.0413369999732822,4,Bank Marketing,,,,
10,DecisionTree,classical,PCA,default,1200,905,2.00001522898674e-07,{},0.5414364640883977,0.1428571428571428,0.5904761904761905,0.2300556586270872,0.5627380952380953,0.080435108045519,0.5627380952380951,428,372,43,62,ok,0.0410044000018388,4,Bank Marketing,,,,
11,DecisionTree,classical,PCA,default,1200,904,3.00002284348011e-07,{},0.5453539823008849,0.1371158392434988,0.5576923076923077,0.2201138519924098,0.5507211538461538,0.0648691282417028,0.5507211538461538,435,365,46,58,ok,0.0455183999729342,4,Bank Marketing,,,,
12,DecisionTree,classical,PCA,default,1200,904,3.00002284348011e-07,{},0.6073008849557522,0.163538873994638,0.5865384615384616,0.2557651991614256,0.5982692307692308,0.1273818461565346,0.5982692307692308,488,312,43,61,ok,0.0406627999618649,4,Bank Marketing,,,,
13,DecisionTree,classical,PCA,default,1200,904,3.00002284348011e-07,{},0.5497787610619469,0.1331719128329297,0.5288461538461539,0.2127659574468085,0.540673076923077,0.0521054216896274,0.5406730769230769,442,358,49,55,ok,0.0408187999855726,4,Bank Marketing,,,,
14,DecisionTree,classical,PCA,default,1200,904,3.00002284348011e-07,{},0.5674778761061947,0.1439205955334987,0.5576923076923077,0.2287968441814595,0.5632211538461538,0.0811675973694949,0.5632211538461538,455,345,46,58,ok,0.0396701000281609,4,Bank Marketing,,,,
0,RandomForest,classical,PCA,default,1200,905,2.00001522898674e-07,{},0.611049723756906,0.1689008042895442,0.6,0.2635983263598326,0.60625,0.1382573872241713,0.6406666666666666,490,310,42,63,ok,0.6593301999964751,4,Bank Marketing,,,,
1,RandomForest,classical,PCA,default,1200,904,3.00002284348011e-07,{},0.6194690265486725,0.1666666666666666,0.5769230769230769,0.2586206896551724,0.6009615384615384,0.1316124332241658,0.6663100961538462,500,300,44,60,ok,0.5624100000131875,4,Bank Marketing,,,,
2,RandomForest,classical,PCA,default,1200,904,1.00000761449337e-07,{},0.6371681415929203,0.1781609195402299,0.5961538461538461,0.2743362831858407,0.619326923076923,0.1564959429511479,0.6578786057692307,514,286,42,62,ok,0.6270922000403516,4,Bank Marketing,,,,
3,RandomForest,classical,PCA,default,1200,904,2.00001522898674e-07,{},0.6161504424778761,0.1671232876712328,0.5865384615384616,0.2601279317697228,0.6032692307692308,0.1343141555779917,0.6582512019230771,496,304,43,61,ok,0.5958463999559171,4,Bank Marketing,,,,
4,RandomForest,classical,PCA,default,1200,904,3.00002284348011e-07,{},0.6327433628318584,0.1797752808988764,0.6153846153846154,0.2782608695652174,0.6251923076923077,0.1635136546756241,0.6883894230769232,508,292,40,64,ok,0.6373332999646664,4,Bank Marketing,,,,
5,RandomForest,classical,PCA,default,1200,905,2.00001522898674e-07,{},0.6320441988950276,0.1647058823529411,0.5333333333333333,0.251685393258427,0.5891666666666666,0.1179257067964515,0.5948988095238095,516,284,49,56,ok,0.6295952000073157,4,Bank Marketing,,,,
6,RandomForest,classical,PCA,default,1200,904,3.00002284348011e-07,{},0.6349557522123894,0.1929347826086956,0.6826923076923077,0.3008474576271186,0.6557211538461538,0.2022706954547652,0.7083954326923076,503,297,33,71,ok,0.6741713999654166,4,Bank Marketing,,,,
7,RandomForest,classical,PCA,default,1200,904,3.00002284348011e-07,{},0.6161504424778761,0.1596638655462184,0.5480769230769231,0.2472885032537961,0.5865384615384616,0.1129725827837732,0.6246153846153846,500,300,47,57,ok,0.6708276999997906,4,Bank Marketing,,,,
8,RandomForest,classical,PCA,default,1200,904,3.00002284348011e-07,{},0.6006637168141593,0.1644908616187989,0.6057692307692307,0.2587268993839836,0.6028846153846154,0.1328690557232376,0.6321874999999999,480,320,41,63,ok,0.6414293000125326,4,Bank Marketing,,,,
9,RandomForest,classical,PCA,default,1200,904,3.00002284348011e-07,{},0.6714601769911505,0.1897106109324758,0.5673076923076923,0.2843373493975903,0.6261538461538462,0.1694667939506931,0.6676021634615386,548,252,45,59,ok,0.6370271000196226,4,Bank Marketing,,,,
10,RandomForest,classical,PCA,default,1200,905,2.00001522898674e-07,{},0.5723756906077349,0.1736111111111111,0.7142857142857143,0.2793296089385474,0.6340178571428572,0.1718540868377131,0.6771071428571429,443,357,30,75,ok,0.6259679000359029,4,Bank Marketing,,,,
11,RandomForest,classical,PCA,default,1200,904,5.00003807246685e-07,{},0.5918141592920354,0.1744471744471744,0.6826923076923077,0.2778864970645792,0.6313461538461538,0.1684742842095566,0.7018810096153847,464,336,33,71,ok,0.6688739999663085,4,Bank Marketing,,,,
12,RandomForest,classical,PCA,default,1200,904,4.00003045797348e-07,{},0.6183628318584071,0.1680440771349862,0.5865384615384616,0.2612419700214132,0.6045192307692309,0.1360617080352907,0.6479627403846153,498,302,43,61,ok,0.6597058000043035,4,Bank Marketing,,,,
13,RandomForest,classical,PCA,default,1200,904,2.00001522898674e-07,{},0.5951327433628318,0.1552631578947368,0.5673076923076923,0.2438016528925619,0.5830288461538462,0.1073404025402008,0.6099338942307693,479,321,45,59,ok,0.633398899983149,4,Bank Marketing,,,,
14,RandomForest,classical,PCA,default,1200,904,4.00003045797348e-07,{},0.6139380530973452,0.1784776902887139,0.6538461538461539,0.2804123711340206,0.6312980769230769,0.1696823583781423,0.6495192307692307,487,313,36,68,ok,0.6305549999815412,4,Bank Marketing,,,,
0,MLP,classical,PCA,default,1200,905,2.00001522898674e-07,{},0.6718232044198895,0.1981132075471698,0.6,0.2978723404255319,0.640625,0.1886685725100107,0.6702738095238095,545,255,42,63,ok,0.3832531999796629,4,Bank Marketing,,,,
1,MLP,classical,PCA,default,1200,904,3.00002284348011e-07,{},0.6194690265486725,0.1721311475409836,0.6057692307692307,0.2680851063829787,0.6135096153846153,0.1475681492013429,0.6818990384615384,497,303,41,63,ok,0.6428482999908738,4,Bank Marketing,,,,
2,MLP,classical,PCA,default,1200,904,2.00001522898674e-07,{},0.6493362831858407,0.1743119266055046,0.5480769230769231,0.2645011600928074,0.6052884615384615,0.1398333157319592,0.6868990384615385,530,270,47,57,ok,0.6705993000068702,4,Bank Marketing,,,,
3,MLP,classical,PCA,default,1200,904,4.00003045797348e-07,{},0.6548672566371682,0.1867469879518072,0.5961538461538461,0.2844036697247706,0.6293269230769231,0.1712038582062328,0.6861177884615385,530,270,42,62,ok,0.6824990999884903,4,Bank Marketing,,,,
4,MLP,classical,PCA,default,1200,904,4.00003045797348e-07,{},0.5519911504424779,0.1648106904231625,0.7115384615384616,0.267631103074141,0.6213942307692308,0.1549390316925465,0.6875120192307692,425,375,30,74,ok,0.7005469999858178,4,Bank Marketing,,,,
5,MLP,classical,PCA,default,1200,905,4.00003045797348e-07,{},0.63646408839779,0.1818181818181818,0.6095238095238096,0.2800875273522976,0.6247619047619049,0.1639146376110508,0.6706904761904762,512,288,41,64,ok,0.6841737999930046,4,Bank Marketing,,,,
6,MLP,classical,PCA,default,1200,904,2.00001522898674e-07,{},0.584070796460177,0.1666666666666666,0.6538461538461539,0.265625,0.614423076923077,0.1467352178319571,0.6216947115384616,460,340,36,68,ok,0.6366939999861643,4,Bank Marketing,,,,
7,MLP,classical,PCA,default,1200,904,3.00002284348011e-07,{},0.6161504424778761,0.1908396946564885,0.7211538461538461,0.3018108651911468,0.6618269230769231,0.2083222752733381,0.7172836538461538,482,318,29,75,ok,0.648053599987179,4,Bank Marketing,,,,
8,MLP,classical,PCA,default,1200,904,3.00002284348011e-07,{},0.6570796460176991,0.1916167664670658,0.6153846153846154,0.2922374429223744,0.6389423076923078,0.1837026855740318,0.6759495192307692,530,270,40,64,ok,0.6534116999828257,4,Bank Marketing,,,,
9,MLP,classical,PCA,default,1200,904,4.00003045797348e-07,{},0.620575221238938,0.1761517615176151,0.625,0.2748414376321353,0.6225,0.1590514649027275,0.6647956730769231,496,304,39,65,ok,0.6413716999813914,4,Bank Marketing,,,,
10,MLP,classical,PCA,default,1200,905,4.999455995857716e-07,{},0.6066298342541436,0.1580381471389645,0.5523809523809524,0.2457627118644068,0.5830654761904762,0.108359259331023,0.6528333333333334,491,309,47,58,ok,0.6585110000451095,4,Bank Marketing,,,,
11,MLP,classical,PCA,default,1200,904,4.00003045797348e-07,{},0.6194690265486725,0.1842105263157894,0.6730769230769231,0.2892561983471074,0.6427884615384616,0.1845981444958867,0.6845192307692307,490,310,34,70,ok,0.6669657999882475,4,Bank Marketing,,,,
12,MLP,classical,PCA,default,1200,904,2.999440766870976e-07,{},0.6703539823008849,0.1891025641025641,0.5673076923076923,0.2836538461538461,0.6255288461538462,0.168498890400367,0.6866706730769231,547,253,45,59,ok,0.6821069999714382,4,Bank Marketing,,,,
13,MLP,classical,PCA,default,1200,904,3.00002284348011e-07,{},0.7057522123893806,0.2244897959183673,0.6346153846153846,0.3316582914572864,0.6748076923076922,0.2381297278808655,0.7202163461538462,572,228,38,66,ok,0.6644970000488684,4,Bank Marketing,,,,
14,MLP,classical,PCA,default,1200,904,4.00003045797348e-07,{},0.6471238938053098,0.1791044776119403,0.5769230769230769,0.2733485193621868,0.6165865384615384,0.1540499387821644,0.6556370192307692,525,275,44,60,ok,0.6598270999966189,4,Bank Marketing,,,,
0,XGBoost,classical,PCA,default,1200,905,3.00002284348011e-07,{},0.5922651933701657,0.1683417085427135,0.638095238095238,0.2664015904572565,0.6121726190476191,0.144747470498443,0.6445000000000001,469,331,38,67,ok,0.5361218000180088,4,Bank Marketing,,,,
1,XGBoost,classical,PCA,default,1200,904,3.00002284348011e-07,{},0.584070796460177,0.1666666666666666,0.6538461538461539,0.265625,0.614423076923077,0.1467352178319571,0.6666406249999999,460,340,36,68,ok,0.5331877999706194,4,Bank Marketing,,,,
2,XGBoost,classical,PCA,default,1200,904,4.00003045797348e-07,{},0.581858407079646,0.1592039800995024,0.6153846153846154,0.2529644268774703,0.5964423076923078,0.1238495313139026,0.669735576923077,462,338,40,64,ok,0.5409191999933682,4,Bank Marketing,,,,
3,XGBoost,classical,PCA,default,1200,904,2.00001522898674e-07,{},0.547566371681416,0.1177944862155388,0.4519230769230769,0.1868787276341948,0.5059615384615385,0.0076615717329963,0.5564723557692308,448,352,57,47,ok,0.7722851000144146,4,Bank Marketing,,,,
4,XGBoost,classical,PCA,default,1200,904,2.00001522898674e-07,{},0.588495575221239,0.1616161616161616,0.6153846153846154,0.256,0.6001923076923077,0.1288684453750235,0.6326622596153846,468,332,40,64,ok,0.6376821000012569,4,Bank Marketing,,,,
5,XGBoost,classical,PCA,default,1200,905,3.00002284348011e-07,{},0.5911602209944752,0.1558441558441558,0.5714285714285714,0.2448979591836734,0.5825892857142857,0.1069944651712408,0.6092678571428571,475,325,45,60,ok,0.6636680000228807,4,Bank Marketing,,,,
6,XGBoost,classical,PCA,default,1200,904,1.9994331523776054e-07,{},0.5741150442477876,0.1598062953995157,0.6346153846153846,0.2553191489361702,0.6004326923076924,0.1286622055669405,0.6320793269230769,453,347,38,66,ok,0.6507644000230357,4,Bank Marketing,,,,
7,XGBoost,classical,PCA,default,1200,904,3.00002284348011e-07,{},0.5785398230088495,0.1421188630490956,0.5288461538461539,0.2240325865580448,0.5569230769230769,0.0734140650304888,0.5996874999999999,468,332,49,55,ok,0.6909538999898359,4,Bank Marketing,,,,
8,XGBoost,classical,PCA,default,1200,904,1.00000761449337e-07,{},0.6028761061946902,0.1581769436997319,0.5673076923076923,0.2473794549266247,0.5874038461538462,0.1132975520120254,0.600498798076923,486,314,45,59,ok,0.7400943000102416,4,Bank Marketing,,,,
9,XGBoost,classical,PCA,default,1200,904,3.00002284348011e-07,{},0.5851769911504425,0.170316301703163,0.6730769230769231,0.2718446601941747,0.6234134615384616,0.1581647946925437,0.660282451923077,459,341,34,70,ok,0.7378457000013441,4,Bank Marketing,,,,
10,XGBoost,classical,PCA,default,1200,905,5.00003807246685e-07,{},0.611049723756906,0.1578947368421052,0.5428571428571428,0.2446351931330472,0.5814285714285714,0.1065107403745089,0.5872321428571429,496,304,48,57,ok,0.8137791999615729,4,Bank Marketing,,,,
11,XGBoost,classical,PCA,default,1200,904,2.00001522898674e-07,{},0.6194690265486725,0.1571428571428571,0.5288461538461539,0.2422907488986784,0.5800480769230769,0.1048705769134986,0.6099699519230769,505,295,49,55,ok,0.8041061999974772,4,Bank Marketing,,,,
12,XGBoost,classical,PCA,default,1200,904,3.00002284348011e-07,{},0.5464601769911505,0.1522727272727272,0.6442307692307693,0.2463235294117647,0.5889903846153846,0.1136185948852097,0.6281790865384616,427,373,37,67,ok,0.7952565000159666,4,Bank Marketing,,,,
13,XGBoost,classical,PCA,default,1200,904,2.00001522898674e-07,{},0.6183628318584071,0.1734417344173441,0.6153846153846154,0.2706131078224101,0.6170673076923077,0.1519977696382031,0.6528004807692307,495,305,40,64,ok,0.7892456000554375,4,Bank Marketing,,,,
14,XGBoost,classical,PCA,default,1200,904,3.00002284348011e-07,{},0.5398230088495575,0.1388888888888889,0.5769230769230769,0.2238805970149253,0.5559615384615384,0.0714938082918827,0.568016826923077,428,372,44,60,ok,0.771948900015559,4,Bank Marketing,,,,
0,VQC,quantum,PCA,default,1200,905,1.9994331523776054e-07,{},0.569060773480663,0.1298701298701298,0.4761904761904761,0.2040816326530612,0.528720238095238,0.0372070842847738,0.5022619047619048,465,335,55,50,ok,14.816301500017287,4,Bank Marketing,,,,
1,VQC,quantum,PCA,default,1200,904,1.9994331523776054e-07,{},0.4601769911504424,0.1235294117647058,0.6057692307692307,0.2052117263843648,0.5235096153846154,0.0302554755866138,0.5556971153846154,353,447,41,63,ok,14.93033679999644,4,Bank Marketing,,,,
2,VQC,quantum,PCA,default,1200,904,2.00001522898674e-07,{},0.5265486725663717,0.1142857142857142,0.4615384615384615,0.183206106870229,0.4982692307692308,-0.0022145398443849,0.4946394230769231,428,372,56,48,ok,15.091171099978965,4,Bank Marketing,,,,
3,VQC,quantum,PCA,default,1200,904,1.00000761449337e-07,{},0.5387168141592921,0.1264916467780429,0.5096153846153846,0.2026768642447418,0.5260576923076923,0.0333464594486511,0.5266466346153846,434,366,51,53,ok,14.08618350001052,4,Bank Marketing,,,,
4,VQC,quantum,PCA,default,1200,904,2.00001522898674e-07,{},0.5132743362831859,0.1129032258064516,0.4711538461538461,0.1821561338289963,0.4949519230769231,-0.0064479821894122,0.4745192307692307,415,385,55,49,ok,14.803005399997346,4,Bank Marketing,,,,
5,VQC,quantum,PCA,default,1200,905,2.00001522898674e-07,{},0.4088397790055249,0.1105072463768116,0.580952380952381,0.1856925418569254,0.4836011904761905,-0.0215340178443224,0.4722261904761904,309,491,44,61,ok,15.256143999984488,4,Bank Marketing,,,,
6,VQC,quantum,PCA,default,1200,904,2.00001522898674e-07,{},0.4789823008849557,0.1185031185031185,0.5480769230769231,0.1948717948717948,0.5090384615384616,0.0115596171653461,0.5149879807692308,376,424,47,57,ok,15.037132399971595,4,Bank Marketing,,,,
7,VQC,quantum,PCA,default,1200,904,3.00002284348011e-07,{},0.504424778761062,0.1324786324786324,0.5961538461538461,0.2167832167832167,0.5443269230769231,0.0566099894214039,0.5722836538461539,394,406,42,62,ok,15.04170579998754,4,Bank Marketing,,,,
8,VQC,quantum,PCA,default,1200,904,6.00004568696022e-07,{},0.493362831858407,0.1185344827586206,0.5288461538461539,0.1936619718309859,0.5087980769230769,0.0112329567066414,0.5335456730769231,391,409,49,55,ok,15.171324499999171,4,Bank Marketing,,,,
9,VQC,quantum,PCA,default,1200,904,2.00001522898674e-07,{},0.4867256637168141,0.1186440677966101,0.5384615384615384,0.1944444444444444,0.5092307692307692,0.0117927931203105,0.5206370192307692,384,416,48,56,ok,14.87328030000208,4,Bank Marketing,,,,
10,VQC,quantum,PCA,default,1200,905,4.00003045797348e-07,{},0.6,0.1420612813370473,0.4857142857142857,0.2198275862068965,0.5503571428571429,0.0659306222125561,0.5612380952380952,492,308,54,51,ok,14.446706000017002,4,Bank Marketing,,,,
11,VQC,quantum,PCA,default,1200,904,4.00003045797348e-07,{},0.540929203539823,0.1023017902813299,0.3846153846153846,0.1616161616161616,0.4729326923076923,-0.0348649990288693,0.4719711538461538,449,351,64,40,ok,15.15947369998321,4,Bank Marketing,,,,
12,VQC,quantum,PCA,default,1200,904,4.00003045797348e-07,{},0.461283185840708,0.1222879684418146,0.5961538461538461,0.2029459901800327,0.5199519230769231,0.0256553053208149,0.5166826923076924,355,445,42,62,ok,15.037456799997017,4,Bank Marketing,,,,
13,VQC,quantum,PCA,default,1200,904,4.00003045797348e-07,{},0.4834070796460177,0.1362725450901803,0.6538461538461539,0.2255389718076285,0.557548076923077,0.0738490120715037,0.5571394230769231,369,431,36,68,ok,14.853573300002608,4,Bank Marketing,,,,
14,VQC,quantum,PCA,default,1200,904,4.00003045797348e-07,{},0.5121681415929203,0.1213483146067415,0.5192307692307693,0.1967213114754098,0.5152403846153846,0.0194536562620227,0.5191466346153846,409,391,50,54,ok,15.316871199989691,4,Bank Marketing,,,,
0,QNN,quantum,PCA,default,1200,905,3.00002284348011e-07,{},0.574585635359116,0.1682464454976303,0.6761904761904762,0.269449715370019,0.6187202380952381,0.1524279492649133,0.6839166666666667,449,351,34,71,ok,18.18128560000332,4,Bank Marketing,,,,
1,QNN,quantum,PCA,default,1200,904,1.00000761449337e-07,{},0.6050884955752213,0.178117048346056,0.6730769230769231,0.2816901408450704,0.6346634615384615,0.1733543354250208,0.7172355769230769,477,323,34,70,ok,18.21013140003197,4,Bank Marketing,,,,
2,QNN,quantum,PCA,default,1200,904,2.00001522898674e-07,{},0.6626106194690266,0.1809523809523809,0.5480769230769231,0.2720763723150358,0.6127884615384616,0.1510578876441217,0.6490504807692307,542,258,47,57,ok,18.29718039999716,4,Bank Marketing,,,,
3,QNN,quantum,PCA,default,1200,904,2.00001522898674e-07,{},0.6382743362831859,0.1978319783197832,0.7019230769230769,0.3086680761099366,0.6659615384615385,0.2154810270189228,0.7240745192307693,504,296,31,73,ok,18.07941740000388,4,Bank Marketing,,,,
4,QNN,quantum,PCA,default,1200,904,3.00002284348011e-07,{},0.6814159292035398,0.2088607594936709,0.6346153846153846,0.3142857142857143,0.6610576923076923,0.2155464758165995,0.675,550,250,38,66,ok,18.62378099997295,4,Bank Marketing,,,,
5,QNN,quantum,PCA,default,1200,905,2.00001522898674e-07,{},0.6198895027624309,0.1943734015345268,0.7238095238095238,0.3064516129032258,0.6650297619047618,0.2133840597647626,0.7014642857142858,485,315,29,76,ok,18.16782029997557,4,Bank Marketing,,,,
6,QNN,quantum,PCA,default,1200,904,2.00001522898674e-07,{},0.5575221238938053,0.175438596491228,0.7692307692307693,0.2857142857142857,0.6496153846153847,0.1909617930388613,0.69921875,424,376,24,80,ok,18.491718300036155,4,Bank Marketing,,,,
7,QNN,quantum,PCA,default,1200,904,3.00002284348011e-07,{},0.6592920353982301,0.1890243902439024,0.5961538461538461,0.287037037037037,0.6318269230769231,0.1749635616044261,0.6634374999999999,534,266,42,62,ok,18.45697450003354,4,Bank Marketing,,,,
8,QNN,quantum,PCA,default,1200,904,3.00002284348011e-07,{},0.5862831858407079,0.1590909090909091,0.6057692307692307,0.252,0.5947596153846153,0.1218808569261858,0.6577283653846154,467,333,41,63,ok,18.038166100042872,4,Bank Marketing,,,,
9,QNN,quantum,PCA,default,1200,904,2.00001522898674e-07,{},0.5132743362831859,0.1455696202531645,0.6634615384615384,0.2387543252595155,0.5786057692307692,0.1004436953668604,0.6201322115384614,395,405,35,69,ok,18.041999300010502,4,Bank Marketing,,,,
10,QNN,quantum,PCA,default,1200,905,3.00002284348011e-07,{},0.6696132596685083,0.2024539877300613,0.6285714285714286,0.3062645011600928,0.6517857142857143,0.2025127893317476,0.6899642857142857,540,260,39,66,ok,18.28476459998637,4,Bank Marketing,,,,
11,QNN,quantum,PCA,default,1200,904,4.00003045797348e-07,{},0.6814159292035398,0.2012987012987013,0.5961538461538461,0.3009708737864077,0.6443269230769231,0.1943303011251896,0.6667548076923077,554,246,42,62,ok,18.61902690003626,4,Bank Marketing,,,,
12,QNN,quantum,PCA,default,1200,904,3.00002284348011e-07,{},0.6570796460176991,0.1840490797546012,0.5769230769230769,0.2790697674418604,0.6222115384615384,0.1624168752532664,0.6801682692307692,534,266,44,60,ok,18.370360200002324,4,Bank Marketing,,,,
13,QNN,quantum,PCA,default,1200,904,5.00003807246685e-07,{},0.6349557522123894,0.1895604395604395,0.6634615384615384,0.2948717948717949,0.6473557692307692,0.1917393412555932,0.7134495192307693,505,295,35,69,ok,17.77965719997883,4,Bank Marketing,,,,
14,QNN,quantum,PCA,default,1200,904,2.00001522898674e-07,{},0.6084070796460177,0.1657754010695187,0.5961538461538461,0.2594142259414226,0.6030769230769231,0.133560909866203,0.6520913461538461,488,312,42,62,ok,17.85531680000713,4,Bank Marketing,,,,
0,QSVC,quantum,PCA,default,1200,905,2.00001522898674e-07,{},0.5171270718232044,0.1359649122807017,0.5904761904761905,0.2210338680926916,0.5489880952380952,0.062755905498415,0.4581190476190476,406,394,43,62,ok,53.57700190000469,4,Bank Marketing,,,,
1,QSVC,quantum,PCA,default,1200,904,2.00001522898674e-07,{},0.4900442477876106,0.1144708423326133,0.5096153846153846,0.1869488536155202,0.4985576923076923,-0.0018413645944192,0.4902524038461539,390,410,51,53,ok,54.37439049995737,4,Bank Marketing,,,,
2,QSVC,quantum,PCA,default,1200,904,2.00001522898674e-07,{},0.493362831858407,0.1217948717948717,0.5480769230769231,0.1993006993006993,0.5171634615384616,0.0219194861425609,0.4698197115384616,389,411,47,57,ok,53.64064599998528,4,Bank Marketing,,,,
3,QSVC,quantum,PCA,default,1200,904,1.00000761449337e-07,{},0.5342920353982301,0.1235154394299287,0.5,0.1980952380952381,0.5193749999999999,0.024786702640856,0.4571153846153846,431,369,52,52,ok,53.69006410002476,4,Bank Marketing,,,,
4,QSVC,quantum,PCA,default,1200,904,1.00000761449337e-07,{},0.454646017699115,0.1266794625719769,0.6346153846153846,0.2112,0.5329326923076922,0.0425305155001952,0.5192427884615385,345,455,38,66,ok,53.59607790003065,4,Bank Marketing,,,,
5,QSVC,quantum,PCA,default,1200,905,1.00000761449337e-07,{},0.5193370165745856,0.1397379912663755,0.6095238095238096,0.2273534635879218,0.5585119047619047,0.0749596196476718,0.5571785714285714,406,394,41,64,ok,53.22659299999941,4,Bank Marketing,,,,
6,QSVC,quantum,PCA,default,1200,904,2.00001522898674e-07,{},0.5210176991150443,0.1235697940503432,0.5192307692307693,0.199630314232902,0.5202403846153847,0.025847066543095,0.4992548076923077,417,383,50,54,ok,52.51860340003623,4,Bank Marketing,,,,
7,QSVC,quantum,PCA,default,1200,904,1.00000761449337e-07,{},0.5022123893805309,0.1303418803418803,0.5865384615384616,0.2132867132867132,0.5388942307692308,0.0496718887656353,0.5282091346153847,393,407,43,61,ok,53.36993690003874,4,Bank Marketing,,,,
8,QSVC,quantum,PCA,default,1200,904,4.00003045797348e-07,{},0.4767699115044247,0.1242362525458248,0.5865384615384616,0.2050420168067226,0.5245192307692308,0.0314110698128959,0.5453485576923077,370,430,43,61,ok,53.27010620001238,4,Bank Marketing,,,,
9,QSVC,quantum,PCA,default,1200,904,3.00002284348011e-07,{},0.5121681415929203,0.1360691144708423,0.6057692307692307,0.2222222222222222,0.5528846153846154,0.0675167017953716,0.5581850961538461,400,400,41,63,ok,53.92591849999735,4,Bank Marketing,,,,
10,QSVC,quantum,PCA,default,1200,905,2.00001522898674e-07,{},0.5104972375690607,0.1341991341991342,0.5904761904761905,0.218694885361552,0.5452380952380953,0.0579630324496116,0.4929047619047619,400,400,43,62,ok,53.3590383999981,4,Bank Marketing,,,,
11,QSVC,quantum,PCA,default,1200,904,4.00003045797348e-07,{},0.5066371681415929,0.146694214876033,0.6826923076923077,0.2414965986394557,0.5832211538461538,0.1064824575175099,0.5583052884615385,387,413,33,71,ok,53.74637609999627,4,Bank Marketing,,,,
12,QSVC,quantum,PCA,default,1200,904,3.00002284348011e-07,{},0.5398230088495575,0.1,0.375,0.1578947368421052,0.468125,-0.0410703107854757,0.4805348557692307,449,351,65,39,ok,53.304926899960265,4,Bank Marketing,,,,
13,QSVC,quantum,PCA,default,1200,904,4.00003045797348e-07,{},0.5033185840707964,0.1321961620469083,0.5961538461538461,0.2164048865619546,0.5437019230769231,0.0558163145257421,0.5232752403846154,393,407,42,62,ok,53.87766329996521,4,Bank Marketing,,,,
14,QSVC,quantum,PCA,default,1200,904,4.00003045797348e-07,{},0.5099557522123894,0.1241685144124168,0.5384615384615384,0.2018018018018018,0.5223557692307692,0.0285327679758221,0.5249939903846154,405,395,48,56,ok,53.66955790005159,4,Bank Marketing,,,,
0,QDT,quantum,PCA,default,1200,905,1.00000761449337e-07,{},0.6298342541436464,0.1006944444444444,0.2761904761904762,0.1475826972010178,0.4762202380952381,-0.0326992893826328,0.4758035714285714,541,259,76,29,ok,0.0859981999965384,4,Bank Marketing,,,,
1,QDT,quantum,PCA,default,1200,904,2.00001522898674e-07,{},0.4236725663716814,0.1043643263757115,0.5288461538461539,0.1743264659270998,0.4694230769230769,-0.0395739551085664,0.4833052884615384,328,472,49,55,ok,0.096474899968598,4,Bank Marketing,,,,
2,QDT,quantum,PCA,default,1200,904,2.00001522898674e-07,{},0.6216814159292036,0.128125,0.3942307692307692,0.1933962264150943,0.5227403846153846,0.0303464610604527,0.5406129807692307,521,279,63,41,ok,0.1051819999702274,4,Bank Marketing,,,,
3,QDT,quantum,PCA,default,1200,904,2.00001522898674e-07,{},0.5376106194690266,0.1055276381909547,0.4038461538461538,0.1673306772908366,0.4794230769230769,-0.0264518041432594,0.4767007211538462,444,356,62,42,ok,0.1035060000140219,4,Bank Marketing,,,,
4,QDT,quantum,PCA,default,1200,904,2.00001522898674e-07,{},0.377212389380531,0.1103565365025466,0.625,0.1875901875901875,0.485,-0.0200895400447425,0.4984314903846153,276,524,39,65,ok,0.1000545999850146,4,Bank Marketing,,,,
5,QDT,quantum,PCA,default,1200,905,2.00001522898674e-07,{},0.3215469613259668,0.1149773071104387,0.7238095238095238,0.1984334203655352,0.4962797619047618,-0.0053696345770205,0.4666785714285714,215,585,29,76,ok,0.0945076000061817,4,Bank Marketing,,,,
6,QDT,quantum,PCA,default,1200,904,2.00001522898674e-07,{},0.4634955752212389,0.1120162932790224,0.5288461538461539,0.1848739495798319,0.4919230769230769,-0.0103471759383657,0.4870733173076923,364,436,49,55,ok,0.1120756000163964,4,Bank Marketing,,,,
7,QDT,quantum,PCA,default,1200,904,2.00001522898674e-07,{},0.7610619469026548,0.141025641025641,0.2115384615384615,0.1692307692307692,0.5220192307692307,0.0371861060695582,0.523155048076923,666,134,82,22,ok,0.1115254000178538,4,Bank Marketing,,,,
8,QDT,quantum,PCA,default,1200,904,2.00001522898674e-07,{},0.8119469026548672,0.1071428571428571,0.0865384615384615,0.0957446808510638,0.4963942307692308,-0.007925798337183,0.493858173076923,725,75,95,9,ok,0.0949304000241682,4,Bank Marketing,,,,
9,QDT,quantum,PCA,default,1200,904,3.00002284348011e-07,{},0.6028761061946902,0.102803738317757,0.3173076923076923,0.1552941176470588,0.4786538461538461,-0.0284658725381016,0.4945132211538461,512,288,71,33,ok,0.1121701000374741,4,Bank Marketing,,,,
10,QDT,quantum,PCA,default,1200,905,3.00002284348011e-07,{},0.6839779005524862,0.1336032388663967,0.3142857142857143,0.1875,0.5233928571428572,0.0336350040186596,0.5233809523809524,586,214,72,33,ok,0.1181539999670349,4,Bank Marketing,,,,
11,QDT,quantum,PCA,default,1200,904,3.00002284348011e-07,{},0.2820796460176991,0.1251719394773039,0.875,0.2190132370637786,0.54,0.0643276685687819,0.5390685096153846,164,636,13,91,ok,0.0938546999823302,4,Bank Marketing,,,,
12,QDT,quantum,PCA,default,1200,904,4.00003045797348e-07,{},0.6792035398230089,0.125,0.2980769230769231,0.1761363636363636,0.5134134615384616,0.0191846891637952,0.5350360576923077,583,217,73,31,ok,0.1019161999574862,4,Bank Marketing,,,,
13,QDT,quantum,PCA,default,1200,904,5.00003807246685e-07,{},0.2743362831858407,0.1208791208791208,0.8461538461538461,0.2115384615384615,0.5230769230769231,0.0371918291088637,0.5119230769230769,160,640,16,88,ok,0.0967026999569498,4,Bank Marketing,,,,
14,QDT,quantum,PCA,default,1200,904,4.00003045797348e-07,{},0.5254424778761062,0.1158392434988179,0.4711538461538461,0.1859582542694497,0.501826923076923,0.0023365183632082,0.5176322115384615,426,374,55,49,ok,0.0990894999704323,4,Bank Marketing,,,,
0,LogReg,classical,PCA,gwo,1200,905,4.982671700010542,{'C': 0.002037873035909885},0.625414364640884,0.180327868852459,0.6285714285714286,0.2802547770700637,0.6267857142857143,0.165464577654815,0.67625,500,300,39,66,ok,0.03592789999675,4,Bank Marketing,0.2625535239881231,54.0,"[0.26212643118938733, 0.26212643118938733, 0.26255352398812315, 0.26255352398812315, 0.26255352398812315, 0.26255352398812315, 0.26255352398812315]",True
1,LogReg,classical,PCA,gwo,1200,904,4.576735699956771,{'C': 0.11756148585479032},0.6106194690265486,0.1630434782608695,0.5769230769230769,0.2542372881355932,0.5959615384615384,0.1246472084370829,0.6428124999999999,492,308,44,60,ok,0.0385039999964647,4,Bank Marketing,0.2921331752062018,49.0,"[0.2907176062546906, 0.2907176062546906, 0.2921331752062018, 0.2921331752062018, 0.2921331752062018, 0.2921331752062018, 0.2921331752062018]",True
2,LogReg,classical,PCA,gwo,1200,904,4.389424399996642,{'C': 0.002344337105091993},0.6261061946902655,0.1953125,0.7211538461538461,0.3073770491803279,0.6674519230769231,0.2161795031224428,0.7197836538461537,491,309,29,75,ok,0.0426410000072792,4,Bank Marketing,0.2852796507577178,46.0,"[0.2846859674102199, 0.2852796507577178, 0.2852796507577178, 0.2852796507577178, 0.2852796507577178, 0.2852796507577178]",True
3,LogReg,classical,PCA,gwo,1200,904,5.093875699967612,{'C': 0.0703357908513351},0.6747787610619469,0.2121212121212121,0.6730769230769231,0.3225806451612903,0.6740384615384616,0.2306874552228399,0.7191346153846153,540,260,34,70,ok,0.0336703000357374,4,Bank Marketing,0.291031804335331,56.0,"[0.29015658396059846, 0.29015658396059846, 0.29015658396059846, 0.291031804335331, 0.291031804335331, 0.291031804335331, 0.291031804335331, 0.291031804335331]",True
4,LogReg,classical,PCA,gwo,1200,904,3.5772584000369534,{'C': 16.252702695013618},0.6393805309734514,0.1846590909090909,0.625,0.2850877192982456,0.6331249999999999,0.1742249742436417,0.6885456730769232,513,287,39,65,ok,0.0673202000325545,4,Bank Marketing,0.279810298102981,34.0,"[0.279810298102981, 0.279810298102981, 0.279810298102981, 0.279810298102981, 0.279810298102981]",True
5,LogReg,classical,PCA,gwo,1200,905,4.304835899965838,{'C': 0.017774876656280917},0.6530386740331492,0.191740412979351,0.6190476190476191,0.2927927927927928,0.6382738095238095,0.1829791062895576,0.6961666666666667,526,274,40,65,ok,0.0418270000373013,4,Bank Marketing,0.2855878248548406,45.0,"[0.28353926393142076, 0.2855878248548406, 0.2855878248548406, 0.2855878248548406, 0.2855878248548406, 0.2855878248548406]",True
6,LogReg,classical,PCA,gwo,1200,904,4.903264600026887,{'C': 0.04347992870901303},0.5851769911504425,0.1734939759036144,0.6923076923076923,0.2774566473988439,0.6317788461538462,0.1687558673631034,0.6975360576923078,457,343,32,72,ok,0.0368460999452509,4,Bank Marketing,0.2932037309769268,53.0,"[0.29288262865112963, 0.29288262865112963, 0.29320373097692687, 0.29320373097692687, 0.29320373097692687, 0.29320373097692687, 0.29320373097692687]",True
7,LogReg,classical,PCA,gwo,1200,904,5.798698600032367,{'C': 0.001346491114940606},0.5796460176991151,0.1714285714285714,0.6923076923076923,0.2748091603053435,0.6286538461538461,0.1646141284326149,0.6672115384615385,452,348,32,72,ok,0.0307708999607712,4,Bank Marketing,0.2518528340074834,69.0,"[0.24821312540610785, 0.2514723630387771, 0.2514723630387771, 0.2514723630387771, 0.25185283400748343, 0.25185283400748343, 0.25185283400748343, 0.25185283400748343, 0.25185283400748343]",True
8,LogReg,classical,PCA,gwo,1200,904,3.2951730000204407,{'C': 0.001103355237417543},0.5641592920353983,0.1674311926605504,0.7019230769230769,0.2703703703703703,0.6240865384615384,0.1584711309074225,0.6763461538461538,437,363,31,73,ok,0.0673374999896623,4,Bank Marketing,0.2623118548593121,33.0,"[0.26231185485931213, 0.26231185485931213, 0.26231185485931213, 0.26231185485931213, 0.26231185485931213]",True
9,LogReg,classical,PCA,gwo,1200,904,3.8079093999695033,{'C': 0.0013632916098415282},0.661504424778761,0.1920731707317073,0.6057692307692307,0.2916666666666667,0.6372596153846153,0.1821739490811949,0.7046394230769232,535,265,41,63,ok,0.0476366999791935,4,Bank Marketing,0.26361003396389,37.0,"[0.26361003396389, 0.26361003396389, 0.26361003396389, 0.26361003396389, 0.26361003396389]",True
10,LogReg,classical,PCA,gwo,1200,905,3.216946400003508,{'C': 0.0010048884723145306},0.6342541436464089,0.1807909604519774,0.6095238095238096,0.2788671023965142,0.6235119047619048,0.1621067233736237,0.6766428571428572,510,290,41,64,ok,0.0541254000272601,4,Bank Marketing,0.3260055884829024,32.0,"[0.32600558848290245, 0.32600558848290245, 0.32600558848290245, 0.32600558848290245, 0.32600558848290245]",True
11,LogReg,classical,PCA,gwo,1200,904,2.2954090999555774,{'C': 21.815880722344982},0.6161504424778761,0.1742627345844504,0.625,0.2725366876310272,0.62,0.155550434445553,0.6720072115384615,492,308,39,65,ok,0.0575289000407792,4,Bank Marketing,0.2817139621071606,22.0,"[0.28171396210716065, 0.28171396210716065, 0.28171396210716065, 0.28171396210716065, 0.28171396210716065]",True
12,LogReg,classical,PCA,gwo,1200,904,3.478850200015586,{'C': 0.5776497047800678},0.629424778761062,0.1886792452830188,0.6730769230769231,0.2947368421052631,0.6484134615384616,0.1925370857410477,0.7284014423076922,499,301,34,70,ok,0.0440291999839246,4,Bank Marketing,0.2861506323396567,37.0,"[0.2861506323396567, 0.2861506323396567, 0.2861506323396567, 0.2861506323396567, 0.2861506323396567]",True
13,LogReg,classical,PCA,gwo,1200,904,4.495460500009358,{'C': 0.0010000000000000002},0.6073008849557522,0.1757105943152454,0.6538461538461539,0.2769857433808554,0.6275480769230769,0.1644995899711883,0.6834254807692308,481,319,36,68,ok,0.0385238000308163,4,Bank Marketing,0.2983936439648891,48.0,"[0.2971778967990808, 0.29839364396488915, 0.29839364396488915, 0.29839364396488915, 0.29839364396488915, 0.29839364396488915]",True
14,LogReg,classical,PCA,gwo,1200,904,3.1810758999781683,{'C': 0.001674264397266611},0.6438053097345132,0.192090395480226,0.6538461538461539,0.296943231441048,0.6481730769230769,0.1937215710605011,0.6878004807692308,514,286,36,68,ok,0.0576367000467143,4,Bank Marketing,0.3018985371926548,35.0,"[0.3018889018889019, 0.3018889018889019, 0.3018889018889019, 0.30189853719265486, 0.30189853719265486]",True
0,SVC,classical,PCA,gwo,1200,905,6.911931399954483,"{'C': 2.096628695290004, 'gamma': 0.0004871138693228996}",0.5955801104972376,0.18854415274463,0.7523809523809524,0.3015267175572519,0.6636904761904762,0.2102654440519759,0.7200238095238095,460,340,26,79,ok,0.0762116000405512,4,Bank Marketing,0.2939449062675305,56.0,"[0.2909543614638828, 0.2909543614638828, 0.2939449062675305, 0.2939449062675305, 0.2939449062675305, 0.2939449062675305, 0.2939449062675305]",True
1,SVC,classical,PCA,gwo,1200,904,7.372293299995363,"{'C': 94.43636824298343, 'gamma': 0.0199842546300179}",0.6349557522123894,0.1752873563218391,0.5865384615384616,0.2699115044247787,0.6138942307692308,0.1493710269344357,0.6831009615384617,513,287,43,61,ok,0.0936566999880597,4,Bank Marketing,0.28567072490094,56.0,"[0.2668240329108326, 0.2668240329108326, 0.28567072490094, 0.28567072490094, 0.28567072490094, 0.28567072490094, 0.28567072490094]",True
2,SVC,classical,PCA,gwo,1200,904,10.687771200027782,"{'C': 1.6024255594017414, 'gamma': 0.0008183584335357284}",0.6327433628318584,0.1935483870967742,0.6923076923076923,0.3025210084033613,0.6586538461538461,0.2057382197809622,0.7105048076923077,500,300,32,72,ok,0.0591447000042535,4,Bank Marketing,0.2835841610066893,96.0,"[0.26522465488437524, 0.27349564658319436, 0.27349564658319436, 0.2798530312308634, 0.2798530312308634, 0.2798530312308634, 0.2798530312308634, 0.2835841610066893, 0.2835841610066893, 0.2835841610066893, 0.2835841610066893, 0.2835841610066893]",True
3,SVC,classical,PCA,gwo,1200,904,10.13047989999177,"{'C': 4.498996129258051, 'gamma': 0.0011461462171240963}",0.6139380530973452,0.1698113207547169,0.6057692307692307,0.2652631578947368,0.6103846153846153,0.143202186220099,0.6636177884615385,492,308,41,63,ok,0.062220299965702,4,Bank Marketing,0.3052637721755369,88.0,"[0.2959509885825675, 0.2998879355043738, 0.30018511953995825, 0.30018511953995825, 0.30223194910882856, 0.3036494858277037, 0.3052637721755369, 0.3052637721755369, 0.3052637721755369, 0.3052637721755369, 0.3052637721755369]",True
4,SVC,classical,PCA,gwo,1200,904,7.459932999976445,"{'C': 0.2019643158421109, 'gamma': 0.0039798140456380575}",0.7787610619469026,0.2551020408163265,0.4807692307692308,0.3333333333333333,0.6491346153846154,0.2309539810707514,0.3292848557692308,654,146,54,50,ok,0.0752566999872215,4,Bank Marketing,0.2885407507927318,56.0,"[0.2863828912994848, 0.2863828912994848, 0.28854075079273184, 0.28854075079273184, 0.28854075079273184, 0.28854075079273184, 0.28854075079273184]",True
5,SVC,classical,PCA,gwo,1200,905,6.342200600018259,"{'C': 4.2574169276013505, 'gamma': 0.0006097315117902725}",0.7624309392265194,0.230392156862745,0.4476190476190476,0.3042071197411003,0.6256845238095238,0.1926536981306163,0.6912678571428572,643,157,58,47,ok,0.1152652000309899,4,Bank Marketing,0.2733851709476382,48.0,"[0.2692912956721498, 0.2733851709476382, 0.2733851709476382, 0.2733851709476382, 0.2733851709476382, 0.2733851709476382]",True
6,SVC,classical,PCA,gwo,1200,904,10.807324499997776,"{'C': 0.13865502847830022, 'gamma': 0.0042095055357306375}",0.6991150442477876,0.2062937062937063,0.5673076923076923,0.3025641025641025,0.6417788461538462,0.1945475841910093,0.677608173076923,573,227,45,59,ok,0.0606484999880194,4,Bank Marketing,0.3085674646193435,96.0,"[0.30350660373533794, 0.306593631649952, 0.306593631649952, 0.306593631649952, 0.306593631649952, 0.30737646079191433, 0.3081559644482399, 0.3081559644482399, 0.3081559644482399, 0.3081559644482399, 0.3085674646193435, 0.3085674646193435]",False
7,SVC,classical,PCA,gwo,1200,904,9.893875300011132,"{'C': 100.00000000000013, 'gamma': 0.011714847075098353}",0.5331858407079646,0.1673640167364016,0.7692307692307693,0.274914089347079,0.6358653846153846,0.1736927669133715,0.6954927884615384,402,398,24,80,ok,0.0714567999821156,4,Bank Marketing,0.2978830218624408,80.0,"[0.2865449166524436, 0.2865449166524436, 0.28751520363534694, 0.29439823553718697, 0.29601670340928843, 0.2978830218624408, 0.2978830218624408, 0.2978830218624408, 0.2978830218624408, 0.2978830218624408]",True
8,SVC,classical,PCA,gwo,1200,904,6.261158999986947,"{'C': 0.2829945648062915, 'gamma': 0.0004757495052024848}",0.454646017699115,0.1495495495495495,0.7980769230769231,0.251896813353566,0.6040384615384615,0.1363723659554092,0.4068028846153846,328,472,21,83,ok,0.1213646000251174,4,Bank Marketing,0.312887055074555,48.0,"[0.31053153135532996, 0.31288705507455505, 0.31288705507455505, 0.31288705507455505, 0.31288705507455505, 0.31288705507455505]",True
9,SVC,classical,PCA,gwo,1200,904,10.42550760001177,"{'C': 0.03932761677752609, 'gamma': 0.014390381711034479}",0.6128318584070797,0.1780104712041884,0.6538461538461539,0.279835390946502,0.630673076923077,0.1688149262195469,0.6862860576923077,486,314,36,68,ok,0.0650645000278018,4,Bank Marketing,0.304090087496201,95.0,"[0.3005564334900004, 0.3005564334900004, 0.30243334324511845, 0.3026830400053031, 0.3026830400053031, 0.30288417664285655, 0.30288417664285655, 0.30409008749620103, 0.30409008749620103, 0.30409008749620103, 0.30409008749620103, 0.30409008749620103]",True
10,SVC,classical,PCA,gwo,1200,905,6.898975799966138,"{'C': 0.12226901907097133, 'gamma': 0.0015102665115718375}",0.8044198895027624,0.2391304347826087,0.3142857142857143,0.2716049382716049,0.5915178571428572,0.1630565526622193,0.3488214285714285,695,105,72,33,ok,0.0872159000136889,4,Bank Marketing,0.2770537435593727,56.0,"[0.2752469188512225, 0.2763367476619171, 0.27699122641914403, 0.2770537435593727, 0.2770537435593727, 0.2770537435593727, 0.2770537435593727]",True
11,SVC,classical,PCA,gwo,1200,904,10.77419430000009,"{'C': 0.4516604322523357, 'gamma': 0.007567330946397469}",0.6991150442477876,0.22,0.6346153846153846,0.3267326732673267,0.6710576923076923,0.2318222789703342,0.7294591346153845,566,234,38,66,ok,0.0559838999761268,4,Bank Marketing,0.3199419414154634,96.0,"[0.30364361846101195, 0.30666890580683687, 0.30666890580683687, 0.30666890580683687, 0.30666890580683687, 0.3078432545453171, 0.31489860901625605, 0.31489860901625605, 0.31489860901625605, 0.31489860901625605, 0.3199419414154634, 0.3199419414154634]",False
12,SVC,classical,PCA,gwo,1200,904,7.495747099979781,"{'C': 2.071409211922603, 'gamma': 0.07147350710677634}",0.6349557522123894,0.1929347826086956,0.6826923076923077,0.3008474576271186,0.6557211538461538,0.2022706954547652,0.6996754807692307,503,297,33,71,ok,0.0676463000127114,4,Bank Marketing,0.3026570444480892,56.0,"[0.2816562660731273, 0.29134992946821536, 0.3026570444480892, 0.3026570444480892, 0.3026570444480892, 0.3026570444480892, 0.3026570444480892]",True
13,SVC,classical,PCA,gwo,1200,904,6.379204600001685,"{'C': 0.02560058668388589, 'gamma': 0.17110202532238317}",0.745575221238938,0.2110091743119266,0.4423076923076923,0.2857142857142857,0.6136538461538461,0.1695451970478601,0.3622235576923077,628,172,58,46,ok,0.1210030000074766,4,Bank Marketing,0.271511249422896,48.0,"[0.2676989203641656, 0.271511249422896, 0.271511249422896, 0.271511249422896, 0.271511249422896, 0.271511249422896]",True
14,SVC,classical,PCA,gwo,1200,904,5.998207700031344,"{'C': 7.657293792215634, 'gamma': 0.0008466517620539493}",0.7555309734513275,0.2376681614349775,0.5096153846153846,0.3241590214067278,0.6485576923076923,0.2199180195165665,0.7183593750000001,630,170,51,53,ok,0.0878577000112272,4,Bank Marketing,0.2943273000959006,48.0,"[0.28125046507250756, 0.2943273000959006, 0.2943273000959006, 0.2943273000959006, 0.2943273000959006, 0.2943273000959006]",True
0,DecisionTree,classical,PCA,gwo,1200,905,3.7844128999859095,"{'max_depth': 16, 'min_samples_leaf': 10}",0.5701657458563536,0.1635071090047393,0.6571428571428571,0.2618595825426945,0.6079464285714286,0.1385951797402458,0.6635892857142857,447,353,36,69,ok,0.0392672999878414,4,Bank Marketing,0.2798889080591979,42.0,"[0.27818857129201957, 0.2798889080591979, 0.2798889080591979, 0.2798889080591979, 0.2798889080591979, 0.2798889080591979]",True
1,DecisionTree,classical,PCA,gwo,1200,904,4.386006999993697,"{'max_depth': 11, 'min_samples_leaf': 12}",0.5685840707964602,0.1407035175879397,0.5384615384615384,0.2231075697211155,0.5554807692307693,0.0713209859376668,0.5915925480769231,458,342,48,56,ok,0.0320766000077128,4,Bank Marketing,0.26657642519293,51.0,"[0.2620269533280501, 0.2627465483234714, 0.26657642519293007, 0.26657642519293007, 0.26657642519293007, 0.26657642519293007, 0.26657642519293007]",True
2,DecisionTree,classical,PCA,gwo,1200,904,3.5424472000449896,"{'max_depth': 13, 'min_samples_leaf': 8}",0.5486725663716814,0.1481481481481481,0.6153846153846154,0.2388059701492537,0.5776923076923077,0.0992560087626139,0.6210637019230769,432,368,40,64,ok,0.0461027999990619,4,Bank Marketing,0.2289299795628452,36.0,"[0.2289299795628452, 0.2289299795628452, 0.2289299795628452, 0.2289299795628452, 0.2289299795628452]",True
3,DecisionTree,classical,PCA,gwo,1200,904,3.696128300041892,"{'max_depth': 2, 'min_samples_leaf': 10}",0.745575221238938,0.2,0.4038461538461538,0.267515923566879,0.5969230769230769,0.1464635205311395,0.6336658653846154,632,168,62,42,ok,0.0432965999934822,4,Bank Marketing,0.2890909372231828,41.0,"[0.28058570079030437, 0.28058570079030437, 0.28058570079030437, 0.28560951462411316, 0.28560951462411316, 0.28909093722318285, 0.28909093722318285, 0.28909093722318285, 0.28909093722318285, 0.28909093722318285]",True
4,DecisionTree,classical,PCA,gwo,1200,904,3.5471015000366606,"{'max_depth': 8, 'min_samples_leaf': 20}",0.6393805309734514,0.1275167785234899,0.3653846153846153,0.1890547263681592,0.5201923076923077,0.0274115232689999,0.5557271634615384,540,260,66,38,ok,0.0407708999700844,4,Bank Marketing,0.3034355294629267,35.0,"[0.3013191273465246, 0.3034355294629267, 0.3034355294629267, 0.3034355294629267, 0.3034355294629267, 0.3034355294629267]",True
5,DecisionTree,classical,PCA,gwo,1200,905,3.615780399995856,"{'max_depth': 9, 'min_samples_leaf': 17}",0.5812154696132596,0.1469072164948453,0.5428571428571428,0.2312373225152129,0.5645535714285714,0.0835465996863874,0.6063571428571428,469,331,48,57,ok,0.0493582999915815,4,Bank Marketing,0.2762282525878587,42.0,"[0.2740070158156659, 0.2762282525878587, 0.2762282525878587, 0.2762282525878587, 0.2762282525878587, 0.2762282525878587]",True
6,DecisionTree,classical,PCA,gwo,1200,904,3.7038751999498345,"{'max_depth': 10, 'min_samples_leaf': 17}",0.6305309734513275,0.1787709497206704,0.6153846153846154,0.277056277056277,0.6239423076923076,0.161723600721505,0.6793930288461539,506,294,40,64,ok,0.0398139000171795,4,Bank Marketing,0.233686372236836,38.0,"[0.2264772628087632, 0.233686372236836, 0.233686372236836, 0.233686372236836, 0.233686372236836, 0.233686372236836]",True
7,DecisionTree,classical,PCA,gwo,1200,904,3.075825200008694,"{'max_depth': 2, 'min_samples_leaf': 14}",0.6902654867256637,0.2105263157894736,0.6153846153846154,0.3137254901960784,0.6576923076923077,0.2130049767211137,0.6799038461538462,560,240,40,64,ok,0.0418158000102266,4,Bank Marketing,0.2537983252268966,35.0,"[0.247330677594055, 0.25379832522689666, 0.25379832522689666, 0.25379832522689666, 0.25379832522689666, 0.25379832522689666]",True
8,DecisionTree,classical,PCA,gwo,1200,904,3.270281500008423,"{'max_depth': 4, 'min_samples_leaf': 20}",0.6006637168141593,0.1591511936339522,0.5769230769230769,0.2494802494802495,0.5903365384615384,0.1169173925298684,0.6659555288461539,483,317,44,60,ok,0.0617172999773174,4,Bank Marketing,0.3105897049438538,36.0,"[0.2996003996003996, 0.3105897049438538, 0.3105897049438538, 0.3105897049438538, 0.3105897049438538, 0.3105897049438538]",True
9,DecisionTree,classical,PCA,gwo,1200,904,3.472418799996376,"{'max_depth': 2, 'min_samples_leaf': 18}",0.3573008849557522,0.1402714932126696,0.8942307692307693,0.242503259452412,0.5908653846153846,0.1311368787264382,0.6284855769230769,230,570,11,93,ok,0.0413181000039912,4,Bank Marketing,0.2365343026115248,36.0,"[0.23170115113784515, 0.23170115113784515, 0.23653430261152483, 0.23653430261152483, 0.23653430261152483, 0.23653430261152483, 0.23653430261152483]",True
10,DecisionTree,classical,PCA,gwo,1200,905,4.080032300029416,"{'max_depth': 3, 'min_samples_leaf': 14}",0.5988950276243094,0.1692307692307692,0.6285714285714286,0.2666666666666666,0.6117857142857143,0.1445839305136134,0.6623333333333333,476,324,39,66,ok,0.0336482999846339,4,Bank Marketing,0.2898148148148148,46.0,"[0.2726952529645738, 0.2726952529645738, 0.2726952529645738, 0.2881147540983607, 0.28950364298724957, 0.2898148148148148, 0.2898148148148148, 0.2898148148148148, 0.2898148148148148, 0.2898148148148148]",True
11,DecisionTree,classical,PCA,gwo,1200,904,3.830833599960897,"{'max_depth': 13, 'min_samples_leaf': 5}",0.577433628318584,0.1222826086956521,0.4326923076923077,0.1906779661016949,0.5144711538461538,0.018796998867516,0.5260396634615385,477,323,59,45,ok,0.0363605000311508,4,Bank Marketing,0.2770050253210082,43.0,"[0.26611259888570815, 0.2770050253210082, 0.2770050253210082, 0.2770050253210082, 0.2770050253210082, 0.2770050253210082]",True
12,DecisionTree,classical,PCA,gwo,1200,904,3.3765300000086427,"{'max_depth': 5, 'min_samples_leaf': 2}",0.6128318584070797,0.1763157894736842,0.6442307692307693,0.2768595041322314,0.6264903846153846,0.1635278512352451,0.637049278846154,487,313,37,67,ok,0.0486910999752581,4,Bank Marketing,0.2495235189422832,35.0,"[0.2336265535309804, 0.2336265535309804, 0.2450826210826211, 0.24952351894228322, 0.24952351894228322, 0.24952351894228322, 0.24952351894228322, 0.24952351894228322]",True
13,DecisionTree,classical,PCA,gwo,1200,904,3.544144499988761,"{'max_depth': 14, 'min_samples_leaf': 18}",0.6559734513274337,0.1891891891891892,0.6057692307692307,0.2883295194508009,0.6341346153846154,0.1774566816793896,0.6715144230769231,530,270,41,63,ok,0.0451463999925181,4,Bank Marketing,0.2819145938088669,36.0,"[0.2819145938088669, 0.2819145938088669, 0.2819145938088669, 0.2819145938088669, 0.2819145938088669]",True
14,DecisionTree,classical,PCA,gwo,1200,904,4.770842799975071,"{'max_depth': 7, 'min_samples_leaf': 8}",0.6603982300884956,0.1857585139318885,0.5769230769230769,0.2810304449648712,0.6240865384615384,0.165244495317869,0.6311358173076924,537,263,44,60,ok,0.0295870000263676,4,Bank Marketing,0.2694909139681276,57.0,"[0.2497483546264034, 0.2615544060316197, 0.2615544060316197, 0.2615544060316197, 0.26949091396812763, 0.26949091396812763, 0.26949091396812763, 0.26949091396812763, 0.26949091396812763]",True
0,RandomForest,classical,PCA,gwo,1200,905,53.01428719999967,"{'max_depth': 2, 'min_samples_leaf': 19, 'max_features': None}",0.7104972375690608,0.2145454545454545,0.5619047619047619,0.3105263157894737,0.645952380952381,0.2032563868587481,0.6919702380952382,584,216,46,59,ok,0.4085316000273451,4,Bank Marketing,0.2916137800274863,45.0,"[0.2748201954135636, 0.28379157640217034, 0.29020662532910757, 0.29020662532910757, 0.29020662532910757, 0.29161378002748634, 0.29161378002748634, 0.29161378002748634, 0.29161378002748634, 0.29161378002748634]",True
1,RandomForest,classical,PCA,gwo,1200,904,56.86347369995201,"{'max_depth': 9, 'min_samples_leaf': 2, 'max_features': 'sqrt'}",0.6117256637168141,0.1634877384196185,0.5769230769230769,0.2547770700636942,0.5965865384615384,0.1255128195031421,0.6324158653846154,493,307,44,60,ok,0.4110138000105507,4,Bank Marketing,0.278602553388814,48.0,"[0.2669026661563975, 0.2765572137193228, 0.2765572137193228, 0.27860255338881407, 0.27860255338881407, 0.27860255338881407, 0.27860255338881407, 0.27860255338881407]",True
2,RandomForest,classical,PCA,gwo,1200,904,56.26141159998952,"{'max_depth': 2, 'min_samples_leaf': 3, 'max_features': None}",0.7389380530973452,0.2226890756302521,0.5096153846153846,0.3099415204678362,0.6391826923076923,0.2016746439099159,0.670390625,615,185,51,53,ok,0.338319800037425,4,Bank Marketing,0.2665026995349069,49.0,"[0.2582829166416354, 0.2582829166416354, 0.2582829166416354, 0.2582829166416354, 0.263686183453202, 0.263686183453202, 0.263686183453202, 0.2665026995349069, 0.2665026995349069, 0.2665026995349069, 0.2665026995349069, 0.2665026995349069]",True
3,RandomForest,classical,PCA,gwo,1200,904,49.773939799983054,"{'max_depth': 2, 'min_samples_leaf': 17, 'max_features': 'sqrt'}",0.6150442477876106,0.1702702702702702,0.6057692307692307,0.2658227848101265,0.6110096153846154,0.1440723918324214,0.6687079326923077,493,307,41,63,ok,0.332642900000792,4,Bank Marketing,0.3020268321470464,42.0,"[0.2920167353286651, 0.29431012440794996, 0.29431012440794996, 0.29759225520665883, 0.2995765697885653, 0.2995765697885653, 0.3020268321470464, 0.3020268321470464, 0.3020268321470464, 0.3020268321470464, 0.3020268321470464]",True
4,RandomForest,classical,PCA,gwo,1200,904,57.76222350000171,"{'max_depth': 2, 'min_samples_leaf': 1, 'max_features': None}",0.6736725663716814,0.2024922118380062,0.625,0.3058823529411765,0.6525000000000001,0.2033642966010325,0.675546875,544,256,39,65,ok,0.3190829000086523,4,Bank Marketing,0.3025729290789531,51.0,"[0.2966131083111779, 0.29813045327452514, 0.2994620403557741, 0.2994620403557741, 0.30257292907895317, 0.30257292907895317, 0.30257292907895317, 0.30257292907895317, 0.30257292907895317]",True
5,RandomForest,classical,PCA,gwo,1200,905,47.21435069997096,"{'max_depth': 11, 'min_samples_leaf': 8, 'max_features': None}",0.6640883977900552,0.1841269841269841,0.5523809523809524,0.2761904761904762,0.6155654761904762,0.1553876394222189,0.6654642857142857,543,257,47,58,ok,0.5326399999903515,4,Bank Marketing,0.2644534526139223,37.0,"[0.2644534526139223, 0.2644534526139223, 0.2644534526139223, 0.2644534526139223, 0.2644534526139223]",True
6,RandomForest,classical,PCA,gwo,1200,904,66.86067929997807,"{'max_depth': 2, 'min_samples_leaf': 15, 'max_features': None}",0.5940265486725663,0.1876484560570071,0.7596153846153846,0.3009523809523809,0.6660576923076923,0.212439878217163,0.7078305288461539,458,342,25,79,ok,0.2401778000057675,4,Bank Marketing,0.2467250317020373,62.0,"[0.2427737622586447, 0.24514568349208407, 0.24598628160271996, 0.2467250317020373, 0.2467250317020373, 0.2467250317020373, 0.2467250317020373, 0.2467250317020373]",True
7,RandomForest,classical,PCA,gwo,1200,904,27.833524800022133,"{'max_depth': 2, 'min_samples_leaf': 1, 'max_features': 'log2'}",0.5719026548672567,0.1716937354988399,0.7115384615384616,0.2766355140186916,0.6326442307692308,0.1694770199607921,0.7050841346153847,443,357,30,74,ok,0.4823724999441765,4,Bank Marketing,0.2950931048459616,22.0,"[0.2874166759140009, 0.2939823452938672, 0.2950931048459616, 0.2950931048459616, 0.2950931048459616, 0.2950931048459616, 0.2950931048459616]",True
8,RandomForest,classical,PCA,gwo,1200,904,56.89913750003325,"{'max_depth': 2, 'min_samples_leaf': 11, 'max_features': 'log2'}",0.6073008849557522,0.1671087533156498,0.6057692307692307,0.2619542619542619,0.6066346153846154,0.1380110572811325,0.6544350961538461,486,314,41,63,ok,0.3260321000125259,4,Bank Marketing,0.2923002421307506,51.0,"[0.28139813139186026, 0.28139813139186026, 0.28327443336120345, 0.2843397883155248, 0.2844742523567279, 0.2866148830072881, 0.2890143940836666, 0.2923002421307506, 0.2923002421307506, 0.2923002421307506, 0.2923002421307506, 0.2923002421307506]",True
9,RandomForest,classical,PCA,gwo,1200,904,47.27478169999085,"{'max_depth': 12, 'min_samples_leaf': 20, 'max_features': 'sqrt'}",0.5254424778761062,0.1578947368421052,0.7211538461538461,0.2590673575129533,0.6105769230769231,0.141312542062385,0.6566286057692308,400,400,29,75,ok,0.3701174999587238,4,Bank Marketing,0.2883464103438819,39.0,"[0.2883464103438819, 0.2883464103438819, 0.2883464103438819, 0.2883464103438819, 0.2883464103438819]",True
10,RandomForest,classical,PCA,gwo,1200,905,44.66354000003776,"{'max_depth': 9, 'min_samples_leaf': 19, 'max_features': None}",0.5977900552486188,0.1670951156812339,0.6190476190476191,0.2631578947368421,0.6070238095238095,0.1384683103825299,0.6536309523809524,476,324,40,65,ok,0.4593843999900855,4,Bank Marketing,0.2893731173229698,38.0,"[0.28937311732296983, 0.28937311732296983, 0.28937311732296983, 0.28937311732296983, 0.28937311732296983]",True
11,RandomForest,classical,PCA,gwo,1200,904,61.82757089997176,"{'max_depth': 20, 'min_samples_leaf': 17, 'max_features': None}",0.6482300884955752,0.199438202247191,0.6826923076923077,0.308695652173913,0.6632211538461539,0.2131831250475206,0.6960096153846154,515,285,33,71,ok,0.30644240003312,4,Bank Marketing,0.2677783938461146,56.0,"[0.26588470351708593, 0.26588470351708593, 0.26588470351708593, 0.2677783938461146, 0.2677783938461146, 0.2677783938461146, 0.2677783938461146, 0.2677783938461146]",True
12,RandomForest,classical,PCA,gwo,1200,904,63.60878770001,"{'max_depth': 2, 'min_samples_leaf': 11, 'max_features': 'sqrt'}",0.672566371681416,0.2288135593220339,0.7788461538461539,0.3537117903930131,0.7187980769230768,0.2860567390968009,0.7498497596153847,527,273,23,81,ok,0.2440463000093586,4,Bank Marketing,0.2692268771503744,59.0,"[0.26161766057339386, 0.263982517809263, 0.263982517809263, 0.2692268771503744, 0.2692268771503744, 0.2692268771503744, 0.2692268771503744, 0.2692268771503744]",True
13,RandomForest,classical,PCA,gwo,1200,904,36.99121060001198,"{'max_depth': 2, 'min_samples_leaf': 3, 'max_features': None}",0.7643805309734514,0.2176165803108808,0.4038461538461538,0.2828282828282828,0.607548076923077,0.1674869033735165,0.6672596153846153,649,151,62,42,ok,0.4522104000207037,4,Bank Marketing,0.3014309238073285,30.0,"[0.2939592270279785, 0.30143092380732855, 0.30143092380732855, 0.30143092380732855, 0.30143092380732855, 0.30143092380732855]",True
14,RandomForest,classical,PCA,gwo,1200,904,67.78183400002308,"{'max_depth': 18, 'min_samples_leaf': 11, 'max_features': 'sqrt'}",0.7123893805309734,0.2022900763358778,0.5096153846153846,0.2896174863387978,0.6241826923076923,0.1746765357823859,0.6569230769230769,591,209,51,53,ok,0.2529179999837652,4,Bank Marketing,0.3232161530734361,63.0,"[0.31236359475582315, 0.3125764953760924, 0.3125764953760924, 0.31401637578108166, 0.31401637578108166, 0.32321615307343615, 0.32321615307343615, 0.32321615307343615, 0.32321615307343615, 0.32321615307343615]",True
0,MLP,classical,PCA,gwo,1200,905,49.949126499996055,"{'alpha': 1.3720789992403915e-06, 'learning_rate_init': 0.0002355668177710242}",0.7038674033149172,0.2218430034129692,0.6190476190476191,0.3266331658291457,0.6670238095238095,0.2286327828132802,0.7079642857142856,572,228,40,65,ok,0.2324528999743051,4,Bank Marketing,0.2904692401899106,64.0,"[0.28689201895770605, 0.28689201895770605, 0.28689201895770605, 0.2904692401899106, 0.2904692401899106, 0.2904692401899106, 0.2904692401899106, 0.2904692401899106]",True
1,MLP,classical,PCA,gwo,1200,904,37.52023790002568,"{'alpha': 0.00041227371326881126, 'learning_rate_init': 0.00012866012164851342}",0.6272123893805309,0.1808219178082191,0.6346153846153846,0.2814498933901919,0.6304326923076923,0.1696435307649403,0.6995072115384615,501,299,38,66,ok,0.257426000025589,4,Bank Marketing,0.2814967702480602,56.0,"[0.27813407185305067, 0.28038953124004373, 0.28149677024806025, 0.28149677024806025, 0.28149677024806025, 0.28149677024806025, 0.28149677024806025]",True
2,MLP,classical,PCA,gwo,1200,904,61.08870289998595,"{'alpha': 6.780928708457404e-05, 'learning_rate_init': 0.00040815851525958857}",0.6404867256637168,0.172106824925816,0.5576923076923077,0.2630385487528344,0.6044711538461538,0.1378737443643091,0.6456370192307692,521,279,46,58,ok,0.1772823000210337,4,Bank Marketing,0.3374254965143952,88.0,"[0.3279027527056472, 0.33021024988023856, 0.33410724613732135, 0.33410724613732135, 0.3357670072454337, 0.3357670072454337, 0.33742549651439524, 0.33742549651439524, 0.33742549651439524, 0.33742549651439524, 0.33742549651439524]",True
3,MLP,classical,PCA,gwo,1200,904,53.15050960000372,"{'alpha': 0.0033512166858743167, 'learning_rate_init': 0.0002638704063436146}",0.5685840707964602,0.1477832512315271,0.5769230769230769,0.2352941176470588,0.5722115384615385,0.0926446976566702,0.6522836538461538,454,346,44,60,ok,0.2252158999908715,4,Bank Marketing,0.275723096186612,80.0,"[0.26537974692152816, 0.2726190476190476, 0.2751107072683923, 0.2751107072683923, 0.2751107072683923, 0.275723096186612, 0.275723096186612, 0.275723096186612, 0.275723096186612, 0.275723096186612]",True
4,MLP,classical,PCA,gwo,1200,904,40.24429160001455,"{'alpha': 3.451906357410012e-05, 'learning_rate_init': 0.00010450294849397121}",0.5896017699115044,0.1767554479418886,0.7019230769230769,0.2823984526112185,0.6384615384615384,0.1773801589434124,0.7101081730769231,460,340,31,73,ok,0.2401921999990008,4,Bank Marketing,0.2928340973353038,64.0,"[0.2877058409570725, 0.2919947905889799, 0.2919947905889799, 0.2928340973353038, 0.2928340973353038, 0.2928340973353038, 0.2928340973353038, 0.2928340973353038]",True
5,MLP,classical,PCA,gwo,1200,905,42.59419479995268,"{'alpha': 0.0003658890842086949, 'learning_rate_init': 0.00016510649306431178}",0.5889502762430939,0.171990171990172,0.6666666666666666,0.2734375,0.6227083333333333,0.1579908079774659,0.6620595238095239,463,337,35,70,ok,0.2086893999949097,4,Bank Marketing,0.3030259459539535,56.0,"[0.296295427242687, 0.3018351332756593, 0.3029345629465175, 0.3029345629465175, 0.30302594595395355, 0.30302594595395355, 0.30302594595395355]",True
6,MLP,classical,PCA,gwo,1200,904,36.21801750001032,"{'alpha': 0.00048725519845985437, 'learning_rate_init': 0.00010000000000000009}",0.6084070796460177,0.1693121693121693,0.6153846153846154,0.2655601659751037,0.6114423076923077,0.1441793235093065,0.6473317307692308,486,314,40,64,ok,0.2199996000272222,4,Bank Marketing,0.2889451951951952,56.0,"[0.2862340532443625, 0.2862340532443625, 0.2889451951951952, 0.2889451951951952, 0.2889451951951952, 0.2889451951951952, 0.2889451951951952]",True
7,MLP,classical,PCA,gwo,1200,904,43.66289400000824,"{'alpha': 0.10000000000000006, 'learning_rate_init': 0.00010000000000000009}",0.6415929203539823,0.1944444444444444,0.6730769230769231,0.3017241379310345,0.6552884615384615,0.202432456816217,0.7021153846153847,510,290,34,70,ok,0.2867407000157982,4,Bank Marketing,0.3190346907993966,54.0,"[0.31782949156229123, 0.31782949156229123, 0.31903469079939667, 0.31903469079939667, 0.31903469079939667, 0.31903469079939667, 0.31903469079939667]",True
8,MLP,classical,PCA,gwo,1200,904,59.454549800022505,"{'alpha': 0.0018759305694970986, 'learning_rate_init': 0.000855995320735667}",0.661504424778761,0.1920731707317073,0.6057692307692307,0.2916666666666667,0.6372596153846153,0.1821739490811949,0.6872355769230769,535,265,41,63,ok,0.1800169000052847,4,Bank Marketing,0.2998090745732255,72.0,"[0.28954765247163755, 0.29498924685478217, 0.29498924685478217, 0.2969899525789836, 0.29980907457322553, 0.29980907457322553, 0.29980907457322553, 0.29980907457322553, 0.29980907457322553]",True
9,MLP,classical,PCA,gwo,1200,904,50.80681069998536,"{'alpha': 0.06544316410304075, 'learning_rate_init': 0.0001979518795826797}",0.6758849557522124,0.1881188118811881,0.5480769230769231,0.2800982800982801,0.6202884615384616,0.1626136803001558,0.6903245192307692,554,246,47,57,ok,0.1779564999742433,4,Bank Marketing,0.2938676820863359,80.0,"[0.2863823995289513, 0.2863823995289513, 0.29045226782347633, 0.2908201287541526, 0.29296885441693316, 0.2938676820863359, 0.2938676820863359, 0.2938676820863359, 0.2938676820863359, 0.2938676820863359]",True
10,MLP,classical,PCA,gwo,1200,905,46.04059799999232,"{'alpha': 0.0014340778078151852, 'learning_rate_init': 0.00010000000000000009}",0.6651933701657459,0.1963190184049079,0.6095238095238096,0.296983758700696,0.6410119047619047,0.1881383521282,0.7053452380952381,538,262,41,64,ok,0.2318275999859906,4,Bank Marketing,0.2650230153488539,56.0,"[0.25610773848048657, 0.26405411911984206, 0.2650230153488539, 0.2650230153488539, 0.2650230153488539, 0.2650230153488539, 0.2650230153488539]",True
11,MLP,classical,PCA,gwo,1200,904,28.405092300032265,"{'alpha': 0.0003199567682413724, 'learning_rate_init': 0.0002762913054280071}",0.6471238938053098,0.1828908554572271,0.5961538461538461,0.2799097065462754,0.6249519230769232,0.1647064210290695,0.6920552884615384,523,277,42,62,ok,0.3322980999946594,4,Bank Marketing,0.3079183473479798,40.0,"[0.3079183473479798, 0.3079183473479798, 0.3079183473479798, 0.3079183473479798, 0.3079183473479798]",True
12,MLP,classical,PCA,gwo,1200,904,31.90138589998241,"{'alpha': 0.0003199567682413724, 'learning_rate_init': 0.0002762913054280071}",0.6891592920353983,0.2208201892744479,0.6730769230769231,0.332541567695962,0.6821634615384615,0.2436151245186158,0.7221394230769231,553,247,34,70,ok,0.3838411000324413,4,Bank Marketing,0.3124492825333993,40.0,"[0.3124492825333993, 0.3124492825333993, 0.3124492825333993, 0.3124492825333993, 0.3124492825333993]",True
13,MLP,classical,PCA,gwo,1200,904,42.06017499999143,"{'alpha': 0.0824202468498412, 'learning_rate_init': 0.00012839363935548864}",0.5741150442477876,0.1614457831325301,0.6442307692307693,0.2581888246628131,0.6046153846153846,0.1339703638752692,0.6541105769230768,452,348,37,67,ok,0.2960007000365294,4,Bank Marketing,0.2938809170377701,46.0,"[0.2936406398076879, 0.2938809170377701, 0.2938809170377701, 0.2938809170377701, 0.2938809170377701, 0.2938809170377701]",True
14,MLP,classical,PCA,gwo,1200,904,48.89417300000787,"{'alpha': 1.9356317120537314e-05, 'learning_rate_init': 0.0004989218206000822}",0.5641592920353983,0.1674311926605504,0.7019230769230769,0.2703703703703703,0.6240865384615384,0.1584711309074225,0.6911538461538461,437,363,31,73,ok,0.2865703999996185,4,Bank Marketing,0.2521645693344057,56.0,"[0.24128866767858614, 0.24703252443166113, 0.25216456933440573, 0.25216456933440573, 0.25216456933440573, 0.25216456933440573, 0.25216456933440573]",True
0,XGBoost,classical,PCA,gwo,1200,905,17.718944899970666,"{'max_depth': 2, 'learning_rate': 0.0011361254035859901, 'subsample': 0.7910015820013174}",0.6861878453038674,0.2026578073089701,0.580952380952381,0.3004926108374384,0.6404761904761904,0.1909724161856655,0.6835059523809524,560,240,44,61,ok,0.1187829000409692,4,Bank Marketing,0.3093219232487594,72.0,"[0.2869400203320908, 0.29588647861576156, 0.3083060979226171, 0.3083060979226171, 0.30932192324875946, 0.30932192324875946, 0.30932192324875946, 0.30932192324875946, 0.30932192324875946]",True
1,XGBoost,classical,PCA,gwo,1200,904,18.971598299976904,"{'max_depth': 2, 'learning_rate': 0.007522076593557012, 'subsample': 0.6071208258630081}",0.6150442477876106,0.1666666666666666,0.5865384615384616,0.2595744680851063,0.6026442307692308,0.1334426084476354,0.6598918269230769,495,305,43,61,ok,0.0805303000379353,4,Bank Marketing,0.2540868885149541,72.0,"[0.23807623357769822, 0.23807623357769822, 0.24099328384588192, 0.24276772915386777, 0.25408688851495415, 0.25408688851495415, 0.25408688851495415, 0.25408688851495415, 0.25408688851495415]",True
2,XGBoost,classical,PCA,gwo,1200,904,24.252546200004872,"{'max_depth': 2, 'learning_rate': 0.007599071149832561, 'subsample': 0.7022167344267265}",0.6570796460176991,0.1840490797546012,0.5769230769230769,0.2790697674418604,0.6222115384615384,0.1624168752532664,0.6644110576923077,534,266,44,60,ok,0.0648264999617822,4,Bank Marketing,0.2884150791400234,96.0,"[0.27626728894584923, 0.27626728894584923, 0.27626728894584923, 0.27649120924110476, 0.2795454283685807, 0.28264387223863796, 0.287860376340627, 0.287860376340627, 0.2884150791400234, 0.2884150791400234, 0.2884150791400234, 0.2884150791400234]",False
3,XGBoost,classical,PCA,gwo,1200,904,22.052204599953257,"{'max_depth': 2, 'learning_rate': 0.0024667535540078473, 'subsample': 0.5}",0.672566371681416,0.201863354037267,0.625,0.3051643192488263,0.651875,0.2023897535586248,0.704921875,543,257,39,65,ok,0.077453100006096,4,Bank Marketing,0.3097392035382056,96.0,"[0.2905835607257408, 0.2954592925997468, 0.3051864948361509, 0.3051864948361509, 0.30609621628866107, 0.30609621628866107, 0.30631868131868134, 0.30973920353820567, 0.30973920353820567, 0.30973920353820567, 0.30973920353820567, 0.30973920353820567]",True
4,XGBoost,classical,PCA,gwo,1200,904,22.426570199953854,"{'max_depth': 2, 'learning_rate': 0.003517832043100324, 'subsample': 0.5221027676060251}",0.6194690265486725,0.1891191709844559,0.7019230769230769,0.2979591836734694,0.6553365384615384,0.200404167964337,0.7008293269230769,487,313,31,73,ok,0.0756850000470876,4,Bank Marketing,0.3076479076479076,96.0,"[0.2833610543289191, 0.29622411098429136, 0.29622411098429136, 0.3044982109471247, 0.30691097580729687, 0.30691097580729687, 0.30725095942099373, 0.30764790764790767, 0.30764790764790767, 0.30764790764790767, 0.30764790764790767, 0.30764790764790767]",True
5,XGBoost,classical,PCA,gwo,1200,905,23.33714209997561,"{'max_depth': 2, 'learning_rate': 0.0032084756315960417, 'subsample': 0.5137619097356212}",0.687292817679558,0.193103448275862,0.5333333333333333,0.2835443037974683,0.6204166666666666,0.1652797635615683,0.675125,566,234,49,56,ok,0.0689727000426501,4,Bank Marketing,0.3082586731693095,96.0,"[0.28019557117724186, 0.28019557117724186, 0.2971448215667869, 0.2971448215667869, 0.2971448215667869, 0.3028785564705327, 0.3031473381674697, 0.3082586731693095, 0.3082586731693095, 0.3082586731693095, 0.3082586731693095, 0.3082586731693095]",True
6,XGBoost,classical,PCA,gwo,1200,904,23.218618699989747,"{'max_depth': 2, 'learning_rate': 0.0048827125744996215, 'subsample': 0.9927476826263932}",0.6371681415929203,0.18,0.6057692307692307,0.2775330396475771,0.6235096153846154,0.1618093165710378,0.6550300480769231,513,287,41,63,ok,0.0686438999837264,4,Bank Marketing,0.3180652320317125,96.0,"[0.2888580377055228, 0.2967726953295714, 0.2969972534752643, 0.3041750088555248, 0.3149452535129843, 0.3149452535129843, 0.3149452535129843, 0.3149452535129843, 0.31603253252249713, 0.3180652320317125, 0.3180652320317125, 0.3180652320317125]",False
7,XGBoost,classical,PCA,gwo,1200,904,19.314992500003427,"{'max_depth': 6, 'learning_rate': 0.06490831126426087, 'subsample': 0.5}",0.5962389380530974,0.1627906976744186,0.6057692307692307,0.2566191446028513,0.6003846153846153,0.1294666957632269,0.6298798076923077,476,324,41,63,ok,0.1263983999961055,4,Bank Marketing,0.2740529697873398,56.0,"[0.27339417726706705, 0.27339417726706705, 0.2740529697873398, 0.2740529697873398, 0.2740529697873398, 0.2740529697873398, 0.2740529697873398]",True
8,XGBoost,classical,PCA,gwo,1200,904,14.36789759999374,"{'max_depth': 2, 'learning_rate': 0.002196918153282946, 'subsample': 0.5}",0.6957964601769911,0.1935483870967742,0.5192307692307693,0.2819843342036554,0.6189903846153846,0.1643847088576169,0.6802403846153844,575,225,50,54,ok,0.1138194999657571,4,Bank Marketing,0.3007781815086118,56.0,"[0.28145973798858254, 0.2945840380395354, 0.30077818150861185, 0.30077818150861185, 0.30077818150861185, 0.30077818150861185, 0.30077818150861185]",True
9,XGBoost,classical,PCA,gwo,1200,904,27.964479300018866,"{'max_depth': 10, 'learning_rate': 0.005721870385529991, 'subsample': 0.627436227398267}",0.6747787610619469,0.1955128205128205,0.5865384615384616,0.2932692307692308,0.6363942307692307,0.1830836277540564,0.683515625,549,251,43,61,ok,0.1268114999984391,4,Bank Marketing,0.2541576160744125,80.0,"[0.24711410695682504, 0.2522234291168823, 0.2522234291168823, 0.2522234291168823, 0.2522234291168823, 0.25415761607441256, 0.25415761607441256, 0.25415761607441256, 0.25415761607441256, 0.25415761607441256]",True
10,XGBoost,classical,PCA,gwo,1200,905,16.7909287000075,"{'max_depth': 8, 'learning_rate': 0.005399881749127587, 'subsample': 0.6326762641438948}",0.5779005524861879,0.1511335012594458,0.5714285714285714,0.2390438247011952,0.5750892857142857,0.0969215837888059,0.6348928571428571,463,337,45,60,ok,0.2054434000165201,4,Bank Marketing,0.3084880646534174,48.0,"[0.29190374269938757, 0.3084880646534174, 0.3084880646534174, 0.3084880646534174, 0.3084880646534174, 0.3084880646534174]",True
11,XGBoost,classical,PCA,gwo,1200,904,23.130115300009493,"{'max_depth': 2, 'learning_rate': 0.0010057497297159886, 'subsample': 0.8059812575892265}",0.7002212389380531,0.1849056603773584,0.4711538461538461,0.2655826558265582,0.6005769230769231,0.1409991965676637,0.6543088942307693,584,216,55,49,ok,0.070417599985376,4,Bank Marketing,0.2901848010959973,96.0,"[0.2599510064626344, 0.2599510064626344, 0.26830819431958175, 0.28381855557593977, 0.2866961217476681, 0.2869566567451944, 0.2900243342285034, 0.2901848010959973, 0.2901848010959973, 0.2901848010959973, 0.2901848010959973, 0.2901848010959973]",True
12,XGBoost,classical,PCA,gwo,1200,904,22.372217700001784,"{'max_depth': 2, 'learning_rate': 0.003651444178972043, 'subsample': 1.0}",0.6327433628318584,0.1761363636363636,0.5961538461538461,0.2719298245614035,0.616826923076923,0.1528951561618091,0.6967367788461539,510,290,42,62,ok,0.0709468999993987,4,Bank Marketing,0.2753750586029067,88.0,"[0.26610401916297355, 0.26610401916297355, 0.26610401916297355, 0.2663616410081149, 0.2708125544489181, 0.27109476332418053, 0.2753750586029067, 0.2753750586029067, 0.2753750586029067, 0.2753750586029067, 0.2753750586029067]",True
13,XGBoost,classical,PCA,gwo,1200,904,33.15810420003254,"{'max_depth': 10, 'learning_rate': 0.005059285348515661, 'subsample': 0.8262208072888364}",0.6371681415929203,0.1585365853658536,0.5,0.2407407407407407,0.5775,0.1028596868367377,0.5838581730769231,524,276,52,52,ok,0.1378077000263147,4,Bank Marketing,0.2923591032598686,96.0,"[0.2785668751174069, 0.28431595563551637, 0.28431595563551637, 0.28431595563551637, 0.28486955838440986, 0.28486955838440986, 0.2850346488324615, 0.290571426105875, 0.290571426105875, 0.2923591032598686, 0.2923591032598686, 0.2923591032598686]",False
14,XGBoost,classical,PCA,gwo,1200,904,20.18567949999124,"{'max_depth': 2, 'learning_rate': 0.004303506783751445, 'subsample': 0.688083955621216}",0.4634955752212389,0.1555153707052441,0.8269230769230769,0.2617960426179604,0.6215865384615384,0.1592065859254689,0.7089423076923078,333,467,18,86,ok,0.0796427000313997,4,Bank Marketing,0.2869724199634341,80.0,"[0.27781919219300627, 0.27781919219300627, 0.27781919219300627, 0.28585304431083153, 0.28585304431083153, 0.2869724199634341, 0.2869724199634341, 0.2869724199634341, 0.2869724199634341, 0.2869724199634341]",True
0,VQC,quantum,PCA,gwo,1200,905,2689.829312000016,"{'n_layers': 4, 'learning_rate': 0.004251647010818345, 'map_reps': 1, 'feature_map': 'angle', 'entanglement': 'linear', 'init_scale': 0.2840431416082293}",0.656353591160221,0.1952662721893491,0.6285714285714286,0.2979683972911964,0.6442857142857144,0.1910482627433206,0.7046785714285715,528,272,39,66,ok,15.007579199969769,4,Bank Marketing,0.2943625588653213,64.0,"[0.28789910187557716, 0.28789910187557716, 0.28789910187557716, 0.2943625588653213, 0.2943625588653213, 0.2943625588653213, 0.2943625588653213, 0.2943625588653213]",True
1,VQC,quantum,PCA,gwo,1200,904,3763.388354700001,"{'n_layers': 4, 'learning_rate': 0.004372443435140945, 'map_reps': 1, 'feature_map': 'angle', 'entanglement': 'circular', 'init_scale': 0.24108600436347358}",0.6393805309734514,0.175438596491228,0.5769230769230769,0.2690582959641255,0.6122115384615384,0.1476549343144857,0.6828846153846153,518,282,44,60,ok,10.798380199994426,4,Bank Marketing,0.3060224089635854,88.0,"[0.2499301090299133, 0.29536275381651106, 0.2975044563279858, 0.29901132877159337, 0.3011926026116256, 0.3046067776720085, 0.3060224089635854, 0.3060224089635854, 0.3060224089635854, 0.3060224089635854, 0.3060224089635854]",True
2,VQC,quantum,PCA,gwo,1200,904,3754.09583190002,"{'n_layers': 6, 'learning_rate': 0.010390980084086916, 'map_reps': 1, 'feature_map': 'angle', 'entanglement': 'linear', 'init_scale': 0.2894780107172508}",0.5984513274336283,0.175438596491228,0.6730769230769231,0.2783300198807157,0.6309134615384615,0.1682456437818465,0.6852764423076924,471,329,34,70,ok,16.481953500013333,4,Bank Marketing,0.314633655394525,96.0,"[0.291843135469571, 0.291843135469571, 0.29361708482676224, 0.29361708482676224, 0.3030404790809121, 0.3030404790809121, 0.3030404790809121, 0.30808887897993115, 0.314633655394525, 0.314633655394525, 0.314633655394525, 0.314633655394525]",False
3,VQC,quantum,PCA,gwo,1200,904,3388.977047400025,"{'n_layers': 5, 'learning_rate': 0.02331943360520228, 'map_reps': 1, 'feature_map': 'angle', 'entanglement': 'full', 'init_scale': 0.20437709327693707}",0.6216814159292036,0.174863387978142,0.6153846153846154,0.2723404255319149,0.6189423076923077,0.1546309195781967,0.677391826923077,498,302,40,64,ok,14.782424699980766,4,Bank Marketing,0.2933084240762577,80.0,"[0.2732758174250222, 0.28639133702261393, 0.28684774278142516, 0.28684774278142516, 0.28684774278142516, 0.2933084240762577, 0.2933084240762577, 0.2933084240762577, 0.2933084240762577, 0.2933084240762577]",True
4,VQC,quantum,PCA,gwo,1200,904,1685.150594000006,"{'n_layers': 1, 'learning_rate': 0.024587685500310884, 'map_reps': 1, 'feature_map': 'angle', 'entanglement': 'circular', 'init_scale': 0.21662037421314456}",0.6028761061946902,0.132564841498559,0.4423076923076923,0.2039911308203991,0.5330288461538462,0.0433403811091219,0.5445432692307692,499,301,58,46,ok,7.015165099990554,4,Bank Marketing,0.2422302469363889,96.0,"[0.20471699502192572, 0.20972312377288937, 0.22323554684598854, 0.2361501764162036, 0.23769505580211128, 0.23769505580211128, 0.24124889302009875, 0.24124889302009875, 0.24124889302009875, 0.24124889302009875, 0.24223024693638892, 0.24223024693638892]",False
5,VQC,quantum,PCA,gwo,1200,905,3791.814887300017,"{'n_layers': 4, 'learning_rate': 0.11392820422706508, 'map_reps': 1, 'feature_map': 'angle', 'entanglement': 'full', 'init_scale': 0.34919443179935494}",0.5900552486187846,0.1863207547169811,0.7523809523809524,0.2986767485822306,0.6605654761904762,0.2060944723959672,0.7185238095238096,455,345,26,79,ok,9.602262100030202,4,Bank Marketing,0.2822052608637974,96.0,"[0.26914084265569416, 0.2751285880205741, 0.2751285880205741, 0.2767906463404704, 0.2767906463404704, 0.2767906463404704, 0.2767906463404704, 0.28220526086379744, 0.28220526086379744, 0.28220526086379744, 0.28220526086379744, 0.28220526086379744]",True
6,VQC,quantum,PCA,gwo,1200,904,1989.9300668999783,"{'n_layers': 4, 'learning_rate': 0.026782601565121085, 'map_reps': 2, 'feature_map': 'angle', 'entanglement': 'circular', 'init_scale': 0.31865711687271264}",0.6216814159292036,0.1560693641618497,0.5192307692307693,0.24,0.5771153846153847,0.1012459218311165,0.614423076923077,508,292,50,54,ok,21.17845850001322,4,Bank Marketing,0.2659689516832373,48.0,"[0.25034453595319356, 0.26596895168323736, 0.26596895168323736, 0.26596895168323736, 0.26596895168323736, 0.26596895168323736]",True
7,VQC,quantum,PCA,gwo,1200,904,2934.724894899992,"{'n_layers': 6, 'learning_rate': 0.0495903418292624, 'map_reps': 1, 'feature_map': 'angle', 'entanglement': 'circular', 'init_scale': 0.19640437517370127}",0.6902654867256637,0.1986301369863013,0.5576923076923077,0.2929292929292929,0.6325961538461539,0.1809486923171678,0.691622596153846,566,234,46,58,ok,19.408353900013022,4,Bank Marketing,0.2714223614757106,64.0,"[0.25448273814675465, 0.26924412159402533, 0.26924412159402533, 0.27142236147571064, 0.27142236147571064, 0.27142236147571064, 0.27142236147571064, 0.27142236147571064]",True
8,VQC,quantum,PCA,gwo,1200,904,2350.383270099992,"{'n_layers': 5, 'learning_rate': 0.01284801852411158, 'map_reps': 1, 'feature_map': 'angle', 'entanglement': 'circular', 'init_scale': 0.01}",0.6946902654867256,0.1993006993006993,0.5480769230769231,0.2923076923076923,0.6309134615384615,0.1796382067657234,0.6763701923076922,571,229,47,57,ok,20.44963430002099,4,Bank Marketing,0.2809716689497357,56.0,"[0.2640951946773437, 0.26819581067292736, 0.28097166894973574, 0.28097166894973574, 0.28097166894973574, 0.28097166894973574, 0.28097166894973574]",True
9,VQC,quantum,PCA,gwo,1200,904,3213.4685380000155,"{'n_layers': 4, 'learning_rate': 0.012160415655538857, 'map_reps': 1, 'feature_map': 'angle', 'entanglement': 'circular', 'init_scale': 0.2718038362030625}",0.6438053097345132,0.1903409090909091,0.6442307692307693,0.293859649122807,0.6439903846153847,0.1884448529648635,0.7069471153846154,515,285,37,67,ok,12.347985800006429,4,Bank Marketing,0.3365152766308836,96.0,"[0.3129261332510775, 0.3129261332510775, 0.31483787602472446, 0.32944659898619083, 0.3314975845410628, 0.3314975845410628, 0.3357256280737669, 0.3365152766308836, 0.3365152766308836, 0.3365152766308836, 0.3365152766308836, 0.3365152766308836]",True
10,VQC,quantum,PCA,gwo,1200,905,2011.261244399997,"{'n_layers': 2, 'learning_rate': 0.006989747189429995, 'map_reps': 1, 'feature_map': 'angle', 'entanglement': 'linear', 'init_scale': 0.33513619797639727}",0.5756906077348066,0.1702127659574468,0.6857142857142857,0.2727272727272727,0.6234821428571429,0.158518550811348,0.6844761904761905,449,351,33,72,ok,10.141723299981097,4,Bank Marketing,0.2657293004867785,56.0,"[0.23700298289047592, 0.2408737074474265, 0.26572930048677856, 0.26572930048677856, 0.26572930048677856, 0.26572930048677856, 0.26572930048677856]",True
11,VQC,quantum,PCA,gwo,1200,904,2687.9114648000104,"{'n_layers': 6, 'learning_rate': 0.01306092852588023, 'map_reps': 1, 'feature_map': 'angle', 'entanglement': 'linear', 'init_scale': 0.1956292412573594}",0.6404867256637168,0.1536050156739812,0.4711538461538461,0.2316784869976359,0.5668269230769231,0.089242114014388,0.6375,530,270,55,49,ok,21.5957924000104,4,Bank Marketing,0.3500715709526994,56.0,"[0.3181046899924573, 0.33507965458199956, 0.3500715709526994, 0.3500715709526994, 0.3500715709526994, 0.3500715709526994, 0.3500715709526994]",True
12,VQC,quantum,PCA,gwo,1200,904,2226.483256799984,"{'n_layers': 2, 'learning_rate': 0.01892681511175605, 'map_reps': 1, 'feature_map': 'angle', 'entanglement': 'full', 'init_scale': 0.01319599251273951}",0.672566371681416,0.1962025316455696,0.5961538461538461,0.2952380952380952,0.6393269230769231,0.1864637871392553,0.6926923076923076,546,254,42,62,ok,10.015953499998432,4,Bank Marketing,0.2802446102133535,72.0,"[0.250575432404482, 0.2689240913027687, 0.2689240913027687, 0.27203141221253974, 0.28024461021335356, 0.28024461021335356, 0.28024461021335356, 0.28024461021335356, 0.28024461021335356]",True
13,VQC,quantum,PCA,gwo,1200,904,2508.0960019999766,"{'n_layers': 5, 'learning_rate': 0.010868517016739382, 'map_reps': 1, 'feature_map': 'angle', 'entanglement': 'full', 'init_scale': 0.364735233145413}",0.6161504424778761,0.1908396946564885,0.7211538461538461,0.3018108651911468,0.6618269230769231,0.2083222752733381,0.7182451923076922,482,318,29,75,ok,19.12803610000992,4,Bank Marketing,0.3061830636375984,56.0,"[0.2655786120897084, 0.2955588331694526, 0.3061830636375984, 0.3061830636375984, 0.3061830636375984, 0.3061830636375984, 0.3061830636375984]",True
14,VQC,quantum,PCA,gwo,1200,904,3798.98438530002,"{'n_layers': 5, 'learning_rate': 0.01750331179517142, 'map_reps': 1, 'feature_map': 'angle', 'entanglement': 'linear', 'init_scale': 0.21954316243477037}",0.672566371681416,0.1923076923076923,0.5769230769230769,0.2884615384615384,0.6309615384615385,0.1757912590772117,0.6913942307692307,548,252,44,60,ok,11.33685720001813,4,Bank Marketing,0.3129864824717766,96.0,"[0.29268784074171844, 0.3066938906237489, 0.3066938906237489, 0.3076028834229396, 0.3076028834229396, 0.3113433040450751, 0.31272131413671, 0.31272131413671, 0.31272131413671, 0.31272131413671, 0.3129864824717766, 0.3129864824717766]",False
0,QNN,quantum,PCA,gwo,1200,905,4051.109435999999,"{'n_layers': 5, 'learning_rate': 0.010509185522932393, 'feature_map': 'angle', 'entanglement': 'circular', 'init_scale': 0.1518009721428186}",0.6740331491712708,0.179054054054054,0.5047619047619047,0.2643391521197007,0.6005059523809524,0.1372166840651614,0.6157857142857143,557,243,52,53,ok,12.937151900026947,4,Bank Marketing,0.301656878193191,96.0,"[0.27643081345156767, 0.27643081345156767, 0.277471855115027, 0.277471855115027, 0.2784634576504495, 0.2825841533585887, 0.2927042247631557, 0.2927042247631557, 0.2927042247631557, 0.30165687819319104, 0.30165687819319104, 0.30165687819319104]",False
1,QNN,quantum,PCA,gwo,1200,904,3468.598394799977,"{'n_layers': 3, 'learning_rate': 0.03364959052792265, 'feature_map': 'angle', 'entanglement': 'circular', 'init_scale': 0.016798274239303156}",0.584070796460177,0.173076923076923,0.6923076923076923,0.2769230769230769,0.6311538461538462,0.1679252925273751,0.6736778846153846,456,344,32,72,ok,11.170132600003852,4,Bank Marketing,0.2988953812483224,96.0,"[0.2662783914834664, 0.2662783914834664, 0.28365451263922886, 0.28365451263922886, 0.29769592206315515, 0.29769592206315515, 0.29769592206315515, 0.29769592206315515, 0.29889538124832243, 0.29889538124832243, 0.29889538124832243, 0.29889538124832243]",False
2,QNN,quantum,PCA,gwo,1200,904,3052.8707235999755,"{'n_layers': 4, 'learning_rate': 0.009652644723544438, 'feature_map': 'angle', 'entanglement': 'circular', 'init_scale': 0.19219073774904383}",0.6150442477876106,0.1919191919191919,0.7307692307692307,0.304,0.6653846153846154,0.2127195067610753,0.7099759615384615,480,320,28,76,ok,15.627221500035375,4,Bank Marketing,0.3069224037047063,72.0,"[0.2878583255192048, 0.2878583255192048, 0.2878583255192048, 0.29117336550239886, 0.3069224037047063, 0.3069224037047063, 0.3069224037047063, 0.3069224037047063, 0.3069224037047063]",True
3,QNN,quantum,PCA,gwo,1200,904,2170.7652085999725,"{'n_layers': 2, 'learning_rate': 0.020136360252798014, 'feature_map': 'angle', 'entanglement': 'linear', 'init_scale': 0.4081531307317287}",0.6194690265486725,0.1923076923076923,0.7211538461538461,0.3036437246963562,0.663701923076923,0.2109267092376242,0.7047235576923078,485,315,29,75,ok,12.3200882000383,4,Bank Marketing,0.296864226655498,56.0,"[0.2511053265283241, 0.2634120357311752, 0.296864226655498, 0.296864226655498, 0.296864226655498, 0.296864226655498, 0.296864226655498]",True
4,QNN,quantum,PCA,gwo,1200,904,3654.109280699981,"{'n_layers': 3, 'learning_rate': 0.012732960270218785, 'feature_map': 'angle', 'entanglement': 'linear', 'init_scale': 0.40940709884565285}",0.5796460176991151,0.1682692307692307,0.6730769230769231,0.2692307692307692,0.6202884615384616,0.1540135930731277,0.6547836538461539,454,346,34,70,ok,9.035007399972528,4,Bank Marketing,0.3140993805154989,96.0,"[0.280983677870638, 0.280983677870638, 0.2994501850740909, 0.2994501850740909, 0.3084335382411248, 0.3084335382411248, 0.3084335382411248, 0.3084335382411248, 0.31409938051549896, 0.31409938051549896, 0.31409938051549896, 0.31409938051549896]",False
5,QNN,quantum,PCA,gwo,1200,905,1467.8720014000428,"{'n_layers': 4, 'learning_rate': 0.1640919373866613, 'feature_map': 'angle', 'entanglement': 'linear', 'init_scale': 0.39145731550104607}",0.6497237569060773,0.1748466257668711,0.5428571428571428,0.2645011600928074,0.6033035714285714,0.1378278219157835,0.6421904761904761,531,269,48,57,ok,24.898664300038945,4,Bank Marketing,0.2798599263715542,40.0,"[0.27985992637155427, 0.27985992637155427, 0.27985992637155427, 0.27985992637155427, 0.27985992637155427]",True
6,QNN,quantum,PCA,gwo,1200,904,3517.031043300056,"{'n_layers': 3, 'learning_rate': 0.012086290088269613, 'feature_map': 'angle', 'entanglement': 'linear', 'init_scale': 0.5}",0.5752212389380531,0.1585365853658536,0.625,0.2529182879377432,0.596875,0.1241789466175937,0.6750240384615386,455,345,39,65,ok,9.902678900049068,4,Bank Marketing,0.270921115529995,88.0,"[0.26143388407539353, 0.26143388407539353, 0.26143388407539353, 0.26143388407539353, 0.26576719576719576, 0.2706188790627986, 0.27092111552999504, 0.27092111552999504, 0.27092111552999504, 0.27092111552999504, 0.27092111552999504]",True
7,QNN,quantum,PCA,gwo,1200,904,2477.676335700031,"{'n_layers': 4, 'learning_rate': 0.025135540517060344, 'feature_map': 'angle', 'entanglement': 'circular', 'init_scale': 0.49875574858890104}",0.672566371681416,0.1962025316455696,0.5961538461538461,0.2952380952380952,0.6393269230769231,0.1864637871392553,0.7197115384615385,546,254,42,62,ok,20.117591799993534,4,Bank Marketing,0.2938929654391911,56.0,"[0.27038737349378456, 0.2823972526863853, 0.2938929654391911, 0.2938929654391911, 0.2938929654391911, 0.2938929654391911, 0.2938929654391911]",True
8,QNN,quantum,PCA,gwo,1200,904,2320.910866099992,"{'n_layers': 2, 'learning_rate': 0.04231225551235686, 'feature_map': 'angle', 'entanglement': 'circular', 'init_scale': 0.24059972685543515}",0.5929203539823009,0.1615384615384615,0.6057692307692307,0.2550607287449393,0.5985096153846154,0.1269277025632575,0.6671634615384615,473,327,41,63,ok,11.314080199983437,4,Bank Marketing,0.3163292552509615,72.0,"[0.2755979911321573, 0.30535382491904234, 0.30535382491904234, 0.30535382491904234, 0.3163292552509615, 0.3163292552509615, 0.3163292552509615, 0.3163292552509615, 0.3163292552509615]",True
9,QNN,quantum,PCA,gwo,1200,904,2473.037136800005,"{'n_layers': 3, 'learning_rate': 0.0920782598321963, 'feature_map': 'angle', 'entanglement': 'linear', 'init_scale': 0.14229939647930434}",0.6714601769911505,0.1794019933554817,0.5192307692307693,0.2666666666666666,0.6052403846153847,0.1425056822058029,0.6559014423076923,553,247,50,54,ok,15.89945779996924,4,Bank Marketing,0.2810597843532794,56.0,"[0.2570129007002792, 0.2638640047507042, 0.28105978435327944, 0.28105978435327944, 0.28105978435327944, 0.28105978435327944, 0.28105978435327944]",True
10,QNN,quantum,PCA,gwo,1200,905,3502.401784299989,"{'n_layers': 3, 'learning_rate': 0.018828944798081886, 'feature_map': 'angle', 'entanglement': 'linear', 'init_scale': 0.15577668754170074}",0.6839779005524862,0.2032786885245901,0.5904761904761905,0.3024390243902439,0.6433630952380953,0.1942591404495333,0.6886785714285714,557,243,43,62,ok,10.53172089997679,4,Bank Marketing,0.3006638353722665,96.0,"[0.25945560486582725, 0.28342914275189907, 0.2896773298323139, 0.2896773298323139, 0.2914819091345946, 0.2914819091345946, 0.2914819091345946, 0.3006638353722665, 0.3006638353722665, 0.3006638353722665, 0.3006638353722665, 0.3006638353722665]",True
11,QNN,quantum,PCA,gwo,1200,904,3781.941304200038,"{'n_layers': 5, 'learning_rate': 0.0306051310525411, 'feature_map': 'angle', 'entanglement': 'linear', 'init_scale': 0.11259521100478609}",0.6714601769911505,0.1750841750841751,0.5,0.2593516209476309,0.596875,0.1316227026705823,0.653233173076923,555,245,52,52,ok,13.74018669995712,4,Bank Marketing,0.2908442779559479,80.0,"[0.28022408873932364, 0.28022408873932364, 0.28022408873932364, 0.28298694192681695, 0.28959082862041613, 0.29084427795594797, 0.29084427795594797, 0.29084427795594797, 0.29084427795594797, 0.29084427795594797]",True
12,QNN,quantum,PCA,gwo,1200,904,2588.851442199957,"{'n_layers': 2, 'learning_rate': 0.31351759484559694, 'feature_map': 'angle', 'entanglement': 'circular', 'init_scale': 0.11185415455332136}",0.6880530973451328,0.1888111888111888,0.5192307692307693,0.2769230769230769,0.6146153846153846,0.1572741406277946,0.6285336538461539,568,232,50,54,ok,9.736591099994255,4,Bank Marketing,0.3147264052310234,56.0,"[0.3076971263017775, 0.3076971263017775, 0.3147264052310234, 0.3147264052310234, 0.3147264052310234, 0.3147264052310234, 0.3147264052310234]",True
13,QNN,quantum,PCA,gwo,1200,904,2477.1584904000047,"{'n_layers': 3, 'learning_rate': 0.2854818220200195, 'feature_map': 'angle', 'entanglement': 'circular', 'init_scale': 0.2564826975056853}",0.4867256637168141,0.1484375,0.7307692307692307,0.2467532467532467,0.5928846153846153,0.119607229811065,0.6693509615384615,364,436,28,76,ok,16.03531439998187,4,Bank Marketing,0.3195128277683456,64.0,"[0.30333273304212227, 0.30333273304212227, 0.30333273304212227, 0.3195128277683456, 0.3195128277683456, 0.3195128277683456, 0.3195128277683456, 0.3195128277683456]",True
14,QNN,quantum,PCA,gwo,1200,904,2687.95764540002,"{'n_layers': 3, 'learning_rate': 0.0038413286619210624, 'feature_map': 'angle', 'entanglement': 'linear', 'init_scale': 0.2010200574260396}",0.5243362831858407,0.1517094017094017,0.6826923076923077,0.2482517482517482,0.5932211538461538,0.1190528953233213,0.6540625000000001,403,397,33,71,ok,12.903655499976594,4,Bank Marketing,0.2978922011442337,64.0,"[0.26426258096661687, 0.2670686767169179, 0.2670686767169179, 0.2978922011442337, 0.2978922011442337, 0.2978922011442337, 0.2978922011442337, 0.2978922011442337]",True
0,QSVC,quantum,PCA,gwo,1200,905,2130.140951799985,"{'C': 0.010000000000000004, 'map_reps': 1, 'scale': 0.6216187213484594, 'entanglement': 'linear'}",0.4430939226519337,0.1352833638025594,0.7047619047619048,0.2269938650306748,0.5567559523809524,0.0743439920777218,0.5,327,473,31,74,ok,25.197523300012108,4,Bank Marketing,0.2712053571428571,48.0,"[0.2101307625098109, 0.27120535714285715, 0.27120535714285715, 0.27120535714285715, 0.27120535714285715, 0.27120535714285715]",True
1,QSVC,quantum,PCA,gwo,1200,904,2473.5673559000134,"{'C': 0.16372353134076192, 'map_reps': 1, 'scale': 0.25050838822185717, 'entanglement': 'linear'}",0.6526548672566371,0.1818181818181818,0.5769230769230769,0.2764976958525346,0.6197115384615384,0.1586772827361523,0.6315985576923077,530,270,44,60,ok,22.98046380002052,4,Bank Marketing,0.3043811994660351,96.0,"[0.27637349100763736, 0.28177597683122857, 0.2895655747864364, 0.2972570139249158, 0.29849498379908995, 0.29849498379908995, 0.29849498379908995, 0.30438119946603515, 0.30438119946603515, 0.30438119946603515, 0.30438119946603515, 0.30438119946603515]",True
2,QSVC,quantum,PCA,gwo,1200,904,2266.924232600024,"{'C': 0.043317779451254146, 'map_reps': 1, 'scale': 0.4904149667250915, 'entanglement': 'circular'}",0.5309734513274337,0.1460176991150442,0.6346153846153846,0.237410071942446,0.5760576923076923,0.0970725343394151,0.4266947115384615,414,386,38,66,ok,27.882746000017505,4,Bank Marketing,0.2665335176934501,88.0,"[0.24170151131207773, 0.24170151131207773, 0.24170151131207773, 0.2565714860186843, 0.2565714860186843, 0.2585199047322913, 0.2665335176934501, 0.2665335176934501, 0.2665335176934501, 0.2665335176934501, 0.2665335176934501]",True
3,QSVC,quantum,PCA,gwo,1200,904,3103.101434800017,"{'C': 0.04413246056566013, 'map_reps': 2, 'scale': 0.340285599312696, 'entanglement': 'full'}",0.6006637168141593,0.1554959785522788,0.5576923076923077,0.2431865828092243,0.5819711538461538,0.1062554049397708,0.3882992788461538,485,315,46,58,ok,43.49690669996198,4,Bank Marketing,0.2596968394184465,64.0,"[0.23788947577065303, 0.2552676082087847, 0.2552676082087847, 0.2596968394184465, 0.2596968394184465, 0.2596968394184465, 0.2596968394184465, 0.2596968394184465]",True
4,QSVC,quantum,PCA,gwo,1200,904,2912.254773699969,"{'C': 2.620804805740312, 'map_reps': 1, 'scale': 0.5080048140428275, 'entanglement': 'full'}",0.6581858407079646,0.1746031746031746,0.5288461538461539,0.2625298329355608,0.601923076923077,0.1365058490219684,0.6386658653846152,540,260,49,55,ok,25.985224200005177,4,Bank Marketing,0.275936301555394,96.0,"[0.21964532503146694, 0.24764400552625845, 0.2580352462105648, 0.2580352462105648, 0.2639688130662397, 0.27188448518752173, 0.27188448518752173, 0.27292021114802084, 0.275936301555394, 0.275936301555394, 0.275936301555394, 0.275936301555394]",False
5,QSVC,quantum,PCA,gwo,1200,905,3383.60098680004,"{'C': 0.7383810163010851, 'map_reps': 2, 'scale': 0.272452772985541, 'entanglement': 'linear'}",0.4651933701657458,0.151012891344383,0.780952380952381,0.2530864197530864,0.6023511904761905,0.1338160903320151,0.6326428571428571,339,461,23,82,ok,22.87587599997641,4,Bank Marketing,0.2838000935052873,96.0,"[0.23058944017255564, 0.2643864985447884, 0.2770184513332615, 0.2770184513332615, 0.2775174221319656, 0.2775174221319656, 0.2775174221319656, 0.28038499038045434, 0.28038499038045434, 0.283692746284188, 0.28380009350528734, 0.28380009350528734]",False
6,QSVC,quantum,PCA,gwo,1200,904,1703.5375884000096,"{'C': 0.038597397788319415, 'map_reps': 1, 'scale': 0.2818307811286064, 'entanglement': 'linear'}",0.8241150442477876,0.2566371681415929,0.2788461538461538,0.2672811059907834,0.5869230769230769,0.1677255738755069,0.3231009615384615,716,84,75,29,ok,27.67142689996399,4,Bank Marketing,0.2830265883153052,70.0,"[0.25956381876327944, 0.2731949120838009, 0.2825619755987505, 0.2825619755987505, 0.2830265883153052, 0.2830265883153052, 0.2830265883153052, 0.2830265883153052, 0.2830265883153052]",True
7,QSVC,quantum,PCA,gwo,1200,904,2915.3890634999843,"{'C': 0.03847685641604546, 'map_reps': 1, 'scale': 0.3150113795049587, 'entanglement': 'circular'}",0.4369469026548672,0.1403197158081705,0.7596153846153846,0.2368815592203898,0.5773076923076923,0.1017848125901313,0.3730228365384615,316,484,25,79,ok,19.520905099983796,4,Bank Marketing,0.2583028159943828,96.0,"[0.2544267344267344, 0.2544267344267344, 0.2544267344267344, 0.2544267344267344, 0.25646317439689764, 0.2565699820400345, 0.25713874903187534, 0.25713874903187534, 0.2575942030696809, 0.2575942030696809, 0.2575942030696809, 0.2583028159943828]",False
8,QSVC,quantum,PCA,gwo,1200,904,2719.4272880000062,"{'C': 0.2975858715194406, 'map_reps': 1, 'scale': 0.3059058367489008, 'entanglement': 'linear'}",0.5752212389380531,0.1650717703349282,0.6634615384615384,0.264367816091954,0.6136057692307693,0.1454071525665399,0.6566706730769232,451,349,35,69,ok,18.543052299995907,4,Bank Marketing,0.270620248635301,96.0,"[0.229177769767256, 0.23159940418004935, 0.23534865183336798, 0.2542416030220908, 0.2542416030220908, 0.26464383408634823, 0.26744935975705203, 0.2702980889492146, 0.27062024863530104, 0.27062024863530104, 0.27062024863530104, 0.27062024863530104]",False
9,QSVC,quantum,PCA,gwo,1200,904,2675.1309537999914,"{'C': 0.871764645692936, 'map_reps': 1, 'scale': 0.25149683741663464, 'entanglement': 'full'}",0.6692477876106194,0.2054380664652568,0.6538461538461539,0.3126436781609195,0.6625480769230769,0.2153189169919046,0.7047475961538462,537,263,36,68,ok,33.39327510003932,4,Bank Marketing,0.3150057273768614,72.0,"[0.2243201007561421, 0.2243201007561421, 0.28715707836555154, 0.28715707836555154, 0.3150057273768614, 0.3150057273768614, 0.3150057273768614, 0.3150057273768614, 0.3150057273768614]",True
10,QSVC,quantum,PCA,gwo,1200,905,1821.3816605000172,"{'C': 2.0054442325046686, 'map_reps': 1, 'scale': 0.3249266059145596, 'entanglement': 'linear'}",0.63646408839779,0.1686390532544378,0.5428571428571428,0.2573363431151241,0.5958035714285714,0.1268532091111281,0.6359761904761906,519,281,48,57,ok,26.105172199953813,4,Bank Marketing,0.2988094150604427,64.0,"[0.2599896445374935, 0.27963813779886687, 0.27963813779886687, 0.29880941506044273, 0.29880941506044273, 0.29880941506044273, 0.29880941506044273, 0.29880941506044273]",True
11,QSVC,quantum,PCA,gwo,1200,904,2797.7167383000487,"{'C': 4.3060601203673246, 'map_reps': 1, 'scale': 0.25, 'entanglement': 'linear'}",0.6272123893805309,0.168091168091168,0.5673076923076923,0.2593406593406593,0.6011538461538461,0.1324518215844945,0.6525661057692307,508,292,45,59,ok,17.39331969997147,4,Bank Marketing,0.2780406065529978,96.0,"[0.23233737355708708, 0.2398769173490143, 0.25168675272062374, 0.25168675272062374, 0.27133825105123205, 0.27133825105123205, 0.27231103358358016, 0.2772757196540397, 0.2772757196540397, 0.2772757196540397, 0.2772757196540397, 0.27804060655299784]",False
12,QSVC,quantum,PCA,gwo,1200,904,2694.460775899992,"{'C': 0.13862059568642784, 'map_reps': 1, 'scale': 0.25, 'entanglement': 'linear'}",0.7079646017699115,0.2183098591549295,0.5961538461538461,0.3195876288659793,0.6593269230769231,0.2190412015698908,0.7529927884615385,578,222,42,62,ok,20.57333420001669,4,Bank Marketing,0.2932779336424858,96.0,"[0.22793418726097547, 0.25149265938739623, 0.25149265938739623, 0.2587754659303639, 0.2876098541509153, 0.2876098541509153, 0.2876098541509153, 0.2932779336424858, 0.2932779336424858, 0.2932779336424858, 0.2932779336424858, 0.2932779336424858]",True
13,QSVC,quantum,PCA,gwo,1200,904,2976.052808600012,"{'C': 0.06832496795497575, 'map_reps': 1, 'scale': 0.27766464792040296, 'entanglement': 'linear'}",0.6150442477876106,0.1553672316384181,0.5288461538461539,0.2401746724890829,0.577548076923077,0.1013864030242012,0.5936177884615386,501,299,49,55,ok,14.86627389997011,4,Bank Marketing,0.2826881281053647,96.0,"[0.26971112538696823, 0.27213962508080153, 0.27213962508080153, 0.27213962508080153, 0.27436600786189325, 0.2744222409857085, 0.28129707589031744, 0.28268812810536476, 0.28268812810536476, 0.28268812810536476, 0.28268812810536476, 0.28268812810536476]",True
14,QSVC,quantum,PCA,gwo,1200,904,3235.1096292999573,"{'C': 0.04454542509119056, 'map_reps': 1, 'scale': 0.30488997311535226, 'entanglement': 'linear'}",0.7953539823008849,0.2574850299401197,0.4134615384615384,0.3173431734317343,0.6292307692307693,0.2125032657745742,0.4091526442307692,676,124,61,43,ok,12.7373765000375,4,Bank Marketing,0.2835460190544703,96.0,"[0.23983071442236595, 0.25416514970267506, 0.25416514970267506, 0.25416514970267506, 0.2647080578115061, 0.26904317564499275, 0.2765131194445172, 0.2808101247242521, 0.2826148062260638, 0.28354601905447036, 0.28354601905447036, 0.28354601905447036]",False
0,QDT,quantum,PCA,gwo,1200,905,11.884809899958782,"{'max_depth': 4, 'min_samples_split': 5, 'map_reps': 1, 'entanglement': 'circular'}",0.6917127071823205,0.1009174311926605,0.2095238095238095,0.1362229102167182,0.4822619047619048,-0.026568681690189,0.4959642857142857,604,196,83,22,ok,0.0732058000285178,4,Bank Marketing,0.2091337463900703,68.0,"[0.19079520697167754, 0.19889289048952916, 0.20009241411040513, 0.20224537761851194, 0.20834683735753257, 0.20834683735753257, 0.20834683735753257, 0.20862480127186012, 0.20913374639007035, 0.20913374639007035, 0.20913374639007035, 0.20913374639007035]",False
1,QDT,quantum,PCA,gwo,1200,904,11.290345999994315,"{'max_depth': 7, 'min_samples_split': 3, 'map_reps': 3, 'entanglement': 'circular'}",0.4966814159292035,0.1091314031180401,0.4711538461538461,0.1772151898734177,0.4855769230769231,-0.018408597824857,0.5025240384615384,400,400,55,49,ok,0.1632172999670729,4,Bank Marketing,0.2266896919304978,56.0,"[0.21233286482947944, 0.21464714626804013, 0.21780938732390384, 0.22373100755453698, 0.22668969193049782, 0.22668969193049782, 0.22668969193049782, 0.22668969193049782, 0.22668969193049782]",True
2,QDT,quantum,PCA,gwo,1200,904,8.126935400010552,"{'max_depth': 2, 'min_samples_split': 12, 'map_reps': 2, 'entanglement': 'circular'}",0.3860619469026549,0.1145299145299145,0.6442307692307693,0.1944847605224963,0.4983653846153846,-0.0021829006305677,0.5086478365384616,282,518,37,67,ok,0.1387902999995276,4,Bank Marketing,0.2362735659847573,45.0,"[0.19910659884338322, 0.23627356598475732, 0.23627356598475732, 0.23627356598475732, 0.23627356598475732, 0.23627356598475732]",True
3,QDT,quantum,PCA,gwo,1200,904,12.008236400026362,"{'max_depth': 6, 'min_samples_split': 19, 'map_reps': 2, 'entanglement': 'circular'}",0.6073008849557522,0.1275964391691394,0.4134615384615384,0.1950113378684807,0.5229807692307692,0.0303284168458995,0.5292788461538462,506,294,61,43,ok,0.0712493999744765,4,Bank Marketing,0.2206360739328937,68.0,"[0.19989996043211122, 0.20521622390977023, 0.21075629783492697, 0.2141978810887709, 0.2141978810887709, 0.21458321545921658, 0.22063607393289372, 0.22063607393289372, 0.22063607393289372, 0.22063607393289372, 0.22063607393289372]",True
4,QDT,quantum,PCA,gwo,1200,904,7.627037499973085,"{'max_depth': 3, 'min_samples_split': 6, 'map_reps': 2, 'entanglement': 'circular'}",0.2676991150442478,0.113573407202216,0.7884615384615384,0.198547215496368,0.4942307692307692,-0.0091813232309933,0.4993990384615385,160,640,22,82,ok,0.1521454000030644,4,Bank Marketing,0.2266479021258965,39.0,"[0.22664790212589656, 0.22664790212589656, 0.22664790212589656, 0.22664790212589656, 0.22664790212589656]",True
5,QDT,quantum,PCA,gwo,1200,905,11.126958600012586,"{'max_depth': 10, 'min_samples_split': 4, 'map_reps': 3, 'entanglement': 'full'}",0.5734806629834254,0.1192411924119241,0.419047619047619,0.1856540084388185,0.5063988095238096,0.0083401381257622,0.5084642857142857,475,325,61,44,ok,0.1150224999873898,4,Bank Marketing,0.2156316093563647,53.0,"[0.20726795514836568, 0.20726795514836568, 0.20726795514836568, 0.2156316093563647, 0.2156316093563647, 0.2156316093563647, 0.2156316093563647, 0.2156316093563647]",True
6,QDT,quantum,PCA,gwo,1200,904,7.632490099989809,"{'max_depth': 5, 'min_samples_split': 4, 'map_reps': 1, 'entanglement': 'full'}",0.3230088495575221,0.1220238095238095,0.7884615384615384,0.211340206185567,0.5254807692307693,0.0372285022606799,0.511484375,210,590,22,82,ok,0.084509500011336,4,Bank Marketing,0.2183782059646528,40.0,"[0.21837820596465285, 0.21837820596465285, 0.21837820596465285, 0.21837820596465285, 0.21837820596465285]",True
7,QDT,quantum,PCA,gwo,1200,904,10.194781000027431,"{'max_depth': 3, 'min_samples_split': 10, 'map_reps': 1, 'entanglement': 'circular'}",0.3097345132743362,0.1153846153846153,0.75,0.2,0.50125,0.0018367958959266,0.506796875,202,598,26,78,ok,0.0659024000051431,4,Bank Marketing,0.2257946547239893,64.0,"[0.2081300927672568, 0.2081300927672568, 0.2081300927672568, 0.21025765034545638, 0.21628241458958183, 0.21628241458958183, 0.2163530046343526, 0.22579465472398932, 0.22579465472398932, 0.22579465472398932, 0.22579465472398932, 0.22579465472398932]",True
8,QDT,quantum,PCA,gwo,1200,904,10.281522900040729,"{'max_depth': 12, 'min_samples_split': 11, 'map_reps': 3, 'entanglement': 'linear'}",0.5022123893805309,0.1255411255411255,0.5576923076923077,0.2049469964664311,0.5263461538461538,0.0336338636993341,0.5394951923076923,396,404,46,58,ok,0.0989609999815002,4,Bank Marketing,0.2234832731767991,52.0,"[0.22066456463739995, 0.2225525210832852, 0.2225525210832852, 0.2225525210832852, 0.22348327317679914, 0.22348327317679914, 0.22348327317679914, 0.22348327317679914, 0.22348327317679914]",True
9,QDT,quantum,PCA,gwo,1200,904,8.596350900013931,"{'max_depth': 12, 'min_samples_split': 32, 'map_reps': 1, 'entanglement': 'circular'}",0.4502212389380531,0.103030303030303,0.4903846153846153,0.1702838063439065,0.4676923076923077,-0.0414222173758022,0.4905889423076923,356,444,53,51,ok,0.0756030000047758,4,Bank Marketing,0.2278365498223654,45.0,"[0.20301604460291192, 0.22783654982236543, 0.22783654982236543, 0.22783654982236543, 0.22783654982236543, 0.22783654982236543]",True
10,QDT,quantum,PCA,gwo,1200,905,8.448266899969894,"{'max_depth': 4, 'min_samples_split': 32, 'map_reps': 1, 'entanglement': 'circular'}",0.7701657458563536,0.1347517730496454,0.1809523809523809,0.1544715447154471,0.5142261904761904,0.0251247658070314,0.5071190476190477,678,122,86,19,ok,0.0783580000279471,4,Bank Marketing,0.2211758551596474,51.0,"[0.20528190240497493, 0.22069479356507482, 0.22117585515964747, 0.22117585515964747, 0.22117585515964747, 0.22117585515964747, 0.22117585515964747]",True
11,QDT,quantum,PCA,gwo,1200,904,8.761305599997286,"{'max_depth': 2, 'min_samples_split': 12, 'map_reps': 1, 'entanglement': 'full'}",0.204646017699115,0.1170610211706102,0.903846153846154,0.207276736493936,0.5087980769230769,0.0178221852698171,0.516796875,91,709,10,94,ok,0.0844914999906905,4,Bank Marketing,0.2141243514740409,47.0,"[0.20964727810098938, 0.21412435147404096, 0.21412435147404096, 0.21412435147404096, 0.21412435147404096, 0.21412435147404096]",True
12,QDT,quantum,PCA,gwo,1200,904,11.337111700035166,"{'max_depth': 8, 'min_samples_split': 31, 'map_reps': 2, 'entanglement': 'circular'}",0.4668141592920354,0.1204819277108433,0.5769230769230769,0.1993355481727574,0.5147115384615384,0.0188743525186025,0.5378185096153847,362,438,44,60,ok,0.0778572999988682,4,Bank Marketing,0.2161509986225895,63.0,"[0.2010403000062476, 0.2010403000062476, 0.20505206693929132, 0.21164928040953113, 0.21164928040953113, 0.21615099862258955, 0.21615099862258955, 0.21615099862258955, 0.21615099862258955, 0.21615099862258955]",True
13,QDT,quantum,PCA,gwo,1200,904,11.72166500001913,"{'max_depth': 8, 'min_samples_split': 13, 'map_reps': 3, 'entanglement': 'linear'}",0.5210176991150443,0.1200923787528868,0.5,0.1936685288640595,0.5118750000000001,0.015169486345145,0.4966947115384615,419,381,52,52,ok,0.0810152000049129,4,Bank Marketing,0.2215788421706662,62.0,"[0.20611087612931836, 0.20739508492317482, 0.20739508492317482, 0.2144210717761613, 0.2161918445539135, 0.22157884217066623, 0.22157884217066623, 0.22157884217066623, 0.22157884217066623, 0.22157884217066623]",True
14,QDT,quantum,PCA,gwo,1200,904,9.403165100025944,"{'max_depth': 12, 'min_samples_split': 16, 'map_reps': 1, 'entanglement': 'full'}",0.4579646017699115,0.114,0.5480769230769231,0.1887417218543046,0.4971634615384616,-0.0036408656269255,0.4812259615384615,357,443,47,57,ok,0.0755159999825991,4,Bank Marketing,0.2370600995825144,54.0,"[0.20527801600914808, 0.21725522418053822, 0.22558200407080542, 0.22558200407080542, 0.2370600995825144, 0.2370600995825144, 0.2370600995825144, 0.2370600995825144, 0.2370600995825144]",True
0,LogReg,classical,LDA,default,1200,905,3.00002284348011e-07,{},0.6817679558011049,0.181184668989547,0.4952380952380952,0.2653061224489796,0.6007440476190476,0.1386608468999964,0.6426666666666665,565,235,53,52,ok,0.0422485999879427,1,Bank Marketing,,,,
1,LogReg,classical,LDA,default,1200,904,3.00002284348011e-07,{},0.6283185840707964,0.1547619047619047,0.5,0.2363636363636363,0.5725,0.0957383324648609,0.6209855769230769,516,284,52,52,ok,0.0425519999698735,1,Bank Marketing,,,,
2,LogReg,classical,LDA,default,1200,904,3.00002284348011e-07,{},0.6747787610619469,0.197452229299363,0.5961538461538461,0.2966507177033493,0.6405769230769232,0.1884147343191458,0.6868269230769231,548,252,42,62,ok,0.0434117999975569,1,Bank Marketing,,,,
3,LogReg,classical,LDA,default,1200,904,2.00001522898674e-07,{},0.6780973451327433,0.1974110032362459,0.5865384615384616,0.2953995157384987,0.6382692307692308,0.186028499459549,0.6535336538461538,552,248,43,61,ok,0.0609569999505765,1,Bank Marketing,,,,
4,LogReg,classical,LDA,default,1200,904,3.00002284348011e-07,{},0.6803097345132744,0.202572347266881,0.6057692307692307,0.3036144578313253,0.6478846153846154,0.1986584825428095,0.7183052884615384,552,248,41,63,ok,0.0605179000413045,1,Bank Marketing,,,,
5,LogReg,classical,LDA,default,1200,905,3.00002284348011e-07,{},0.63646408839779,0.1923076923076923,0.6666666666666666,0.2985074626865671,0.6495833333333333,0.1953905346149342,0.6873928571428571,506,294,35,70,ok,0.0425208999658934,1,Bank Marketing,,,,
6,LogReg,classical,LDA,default,1200,904,2.00001522898674e-07,{},0.6338495575221239,0.180281690140845,0.6153846153846154,0.2788671023965142,0.6258173076923077,0.1644113130282571,0.6802764423076924,509,291,40,64,ok,0.042836399981752,1,Bank Marketing,,,,
7,LogReg,classical,LDA,default,1200,904,2.00001522898674e-07,{},0.6482300884955752,0.157051282051282,0.4711538461538461,0.235576923076923,0.5712019230769231,0.0955752036319202,0.6358173076923077,537,263,55,49,ok,0.0420390999643132,1,Bank Marketing,,,,
8,LogReg,classical,LDA,default,1200,904,3.00002284348011e-07,{},0.5796460176991151,0.1666666666666666,0.6634615384615384,0.2664092664092664,0.6161057692307692,0.1487124225321631,0.6837500000000001,455,345,35,69,ok,0.0755012999870814,1,Bank Marketing,,,,
9,LogReg,classical,LDA,default,1200,904,5.00003807246685e-07,{},0.6836283185840708,0.1925675675675675,0.5480769230769231,0.285,0.6246634615384616,0.1695247823437658,0.6723677884615384,561,239,47,57,ok,0.0633915999787859,1,Bank Marketing,,,,
10,LogReg,classical,LDA,default,1200,905,4.00003045797348e-07,{},0.6762430939226519,0.1845637583892617,0.5238095238095238,0.2729528535980149,0.6100297619047619,0.1499606569447046,0.646797619047619,557,243,50,55,ok,0.0638583999825641,1,Bank Marketing,,,,
11,LogReg,classical,LDA,default,1200,904,4.00003045797348e-07,{},0.6980088495575221,0.2135593220338983,0.6057692307692307,0.3157894736842105,0.6578846153846154,0.2148878288720693,0.7210336538461539,568,232,41,63,ok,0.0471736000035889,1,Bank Marketing,,,,
12,LogReg,classical,LDA,default,1200,904,4.00003045797348e-07,{},0.6371681415929203,0.1686390532544378,0.5480769230769231,0.2579185520361991,0.5984134615384615,0.1298014669826465,0.6330769230769231,519,281,47,57,ok,0.0630312000284902,1,Bank Marketing,,,,
13,LogReg,classical,LDA,default,1200,904,3.00002284348011e-07,{},0.5940265486725663,0.1530343007915567,0.5576923076923077,0.2401656314699793,0.5782211538461539,0.1011618167323218,0.64640625,479,321,46,58,ok,0.040916699974332,1,Bank Marketing,,,,
14,LogReg,classical,LDA,default,1200,904,2.00001522898674e-07,{},0.6117256637168141,0.1653116531165311,0.5865384615384616,0.2579281183932346,0.6007692307692307,0.1308366838446298,0.6220673076923077,492,308,43,61,ok,0.0353001999901607,1,Bank Marketing,,,,
0,SVC,classical,LDA,default,1200,905,2.00001522898674e-07,{},0.6441988950276243,0.2027397260273972,0.7047619047619048,0.3148936170212766,0.6705059523809525,0.2226208678360292,0.7128214285714286,509,291,31,74,ok,0.0645312999840825,1,Bank Marketing,,,,
1,SVC,classical,LDA,default,1200,904,1.00000761449337e-07,{},0.6493362831858407,0.1461794019933555,0.4230769230769231,0.2172839506172839,0.5509134615384615,0.0689417622000664,0.5925961538461538,543,257,60,44,ok,0.0644257999956607,1,Bank Marketing,,,,
2,SVC,classical,LDA,default,1200,904,3.00002284348011e-07,{},0.5707964601769911,0.1619047619047619,0.6538461538461539,0.2595419847328244,0.6069230769230769,0.1368093503864483,0.6454206730769231,448,352,36,68,ok,0.0839060000143945,1,Bank Marketing,,,,
3,SVC,classical,LDA,default,1200,904,2.00001522898674e-07,{},0.6238938053097345,0.1529411764705882,0.5,0.2342342342342342,0.5700000000000001,0.0922169360120072,0.6144290865384616,512,288,52,52,ok,0.0554127999930642,1,Bank Marketing,,,,
4,SVC,classical,LDA,default,1200,904,2.00001522898674e-07,{},0.6924778761061947,0.2,0.5576923076923077,0.2944162436548223,0.6338461538461538,0.1829845280601508,0.6688641826923077,568,232,46,58,ok,0.0616041000466793,1,Bank Marketing,,,,
5,SVC,classical,LDA,default,1200,905,2.00001522898674e-07,{},0.7215469613259669,0.2048192771084337,0.4857142857142857,0.288135593220339,0.6191071428571429,0.1708267397377982,0.645702380952381,602,198,54,51,ok,0.0713533000089228,1,Bank Marketing,,,,
6,SVC,classical,LDA,default,1200,904,3.00002284348011e-07,{},0.7853982300884956,0.2606382978723404,0.4711538461538461,0.3356164383561644,0.6487019230769231,0.2338152363093733,0.6788341346153847,661,139,55,49,ok,0.0856181000126525,1,Bank Marketing,,,,
7,SVC,classical,LDA,default,1200,904,2.00001522898674e-07,{},0.6504424778761062,0.180722891566265,0.5769230769230769,0.2752293577981651,0.6184615384615384,0.1568201883346311,0.6660576923076924,528,272,44,60,ok,0.0727838999591767,1,Bank Marketing,,,,
8,SVC,classical,LDA,default,1200,904,2.00001522898674e-07,{},0.6836283185840708,0.2101910828025477,0.6346153846153846,0.3157894736842105,0.6623076923076923,0.2175404046037743,0.6802043269230769,552,248,38,66,ok,0.067324900010135,1,Bank Marketing,,,,
9,SVC,classical,LDA,default,1200,904,2.00001522898674e-07,{},0.5719026548672567,0.1590361445783132,0.6346153846153846,0.2543352601156069,0.5991826923076923,0.1270132631777024,0.6448317307692308,451,349,38,66,ok,0.0638647999730892,1,Bank Marketing,,,,
10,SVC,classical,LDA,default,1200,905,3.00002284348011e-07,{},0.7779005524861878,0.2818181818181818,0.5904761904761905,0.3815384615384615,0.6964880952380952,0.2933926671162357,0.712059523809524,642,158,43,62,ok,0.0802056000102311,1,Bank Marketing,,,,
11,SVC,classical,LDA,default,1200,904,2.00001522898674e-07,{},0.5730088495575221,0.1705607476635514,0.7019230769230769,0.2744360902255639,0.6290865384615385,0.1649860606287007,0.6675360576923077,445,355,31,73,ok,0.065221199998632,1,Bank Marketing,,,,
12,SVC,classical,LDA,default,1200,904,2.00001522898674e-07,{},0.6692477876106194,0.1962616822429906,0.6057692307692307,0.2964705882352941,0.6416346153846153,0.1888749110298366,0.6655588942307692,542,258,41,63,ok,0.066280800034292,1,Bank Marketing,,,,
13,SVC,classical,LDA,default,1200,904,2.00001522898674e-07,{},0.7123893805309734,0.2234042553191489,0.6057692307692307,0.3264248704663212,0.6660096153846153,0.2286678748875629,0.7294110576923076,581,219,41,63,ok,0.062785799964331,1,Bank Marketing,,,,
14,SVC,classical,LDA,default,1200,904,2.00001522898674e-07,{},0.5553097345132744,0.1469194312796208,0.5961538461538461,0.2357414448669201,0.573076923076923,0.0934742883019282,0.6104567307692308,440,360,42,62,ok,0.0617950999876484,1,Bank Marketing,,,,
0,DecisionTree,classical,LDA,default,1200,905,3.00002284348011e-07,{},0.6475138121546962,0.1677018633540372,0.5142857142857142,0.2529274004683841,0.5896428571428571,0.1199286971154068,0.5896428571428572,532,268,51,54,ok,0.0384463000227697,1,Bank Marketing,,,,
1,DecisionTree,classical,LDA,default,1200,904,2.00001522898674e-07,{},0.5420353982300885,0.1493212669683258,0.6346153846153846,0.2417582417582417,0.5823076923076923,0.1050751362285766,0.5823076923076923,424,376,38,66,ok,0.0402082999935373,1,Bank Marketing,,,,
2,DecisionTree,classical,LDA,default,1200,904,2.00001522898674e-07,{},0.5907079646017699,0.1481481481481481,0.5384615384615384,0.2323651452282157,0.5679807692307692,0.0879506313382914,0.5679807692307691,478,322,48,56,ok,0.0384440000052563,1,Bank Marketing,,,,
3,DecisionTree,classical,LDA,default,1200,904,2.00001522898674e-07,{},0.5719026548672567,0.1435768261964735,0.5480769230769231,0.2275449101796407,0.5615384615384615,0.0791296164111882,0.5615384615384615,460,340,47,57,ok,0.0392287999857217,1,Bank Marketing,,,,
4,DecisionTree,classical,LDA,default,1200,904,2.00001522898674e-07,{},0.5918141592920354,0.1576227390180878,0.5865384615384616,0.2484725050916497,0.5895192307692307,0.1154535380800424,0.5895192307692309,474,326,43,61,ok,0.042117400036659,1,Bank Marketing,,,,
5,DecisionTree,classical,LDA,default,1200,905,2.00001522898674e-07,{},0.6132596685082873,0.162534435261708,0.5619047619047619,0.2521367521367521,0.5909523809523809,0.1188586396549847,0.5909523809523809,496,304,46,59,ok,0.0450618999893777,1,Bank Marketing,,,,
6,DecisionTree,classical,LDA,default,1200,904,3.00002284348011e-07,{},0.5973451327433629,0.1524064171122994,0.5480769230769231,0.2384937238493724,0.5759134615384616,0.0983641215852306,0.5759134615384616,483,317,47,57,ok,0.0386630999855697,1,Bank Marketing,,,,
7,DecisionTree,classical,LDA,default,1200,904,2.00001522898674e-07,{},0.6338495575221239,0.1729106628242075,0.5769230769230769,0.2660753880266075,0.6090865384615385,0.143143121887333,0.6090865384615384,513,287,44,60,ok,0.0394532000063918,1,Bank Marketing,,,,
8,DecisionTree,classical,LDA,default,1200,904,2.00001522898674e-07,{},0.547566371681416,0.1478060046189376,0.6153846153846154,0.2383612662942272,0.5770673076923076,0.0984481239322571,0.5770673076923077,431,369,40,64,ok,0.0382737999898381,1,Bank Marketing,,,,
9,DecisionTree,classical,LDA,default,1200,904,3.00002284348011e-07,{},0.6073008849557522,0.1773778920308483,0.6634615384615384,0.2799188640973631,0.6317307692307692,0.1697854505668377,0.6317307692307692,480,320,35,69,ok,0.037240199977532,1,Bank Marketing,,,,
10,DecisionTree,classical,LDA,default,1200,905,1.00000761449337e-07,{},0.6729281767955801,0.1889250814332247,0.5523809523809524,0.2815533980582524,0.6205654761904762,0.1631070844529697,0.6205654761904762,551,249,47,58,ok,0.0366715000127442,1,Bank Marketing,,,,
11,DecisionTree,classical,LDA,default,1200,904,2.00001522898674e-07,{},0.6117256637168141,0.152112676056338,0.5192307692307693,0.2352941176470588,0.5714903846153847,0.0934198022441797,0.5714903846153846,499,301,50,54,ok,0.0413323999964632,1,Bank Marketing,,,,
12,DecisionTree,classical,LDA,default,1200,904,3.00002284348011e-07,{},0.5298672566371682,0.1343963553530751,0.5673076923076923,0.2173112338858195,0.5461538461538462,0.0589305942258973,0.5461538461538462,420,380,45,59,ok,0.0364306999836117,1,Bank Marketing,,,,
13,DecisionTree,classical,LDA,default,1200,904,2.00001522898674e-07,{},0.5630530973451328,0.1316455696202531,0.5,0.2084168336673346,0.535625,0.0458341406207752,0.535625,457,343,52,52,ok,0.0371170999715104,1,Bank Marketing,,,,
14,DecisionTree,classical,LDA,default,1200,904,2.00001522898674e-07,{},0.6050884955752213,0.1553133514986376,0.5480769230769231,0.2420382165605095,0.5802884615384616,0.1043337026233187,0.5802884615384616,490,310,47,57,ok,0.0354312999988906,1,Bank Marketing,,,,
0,RandomForest,classical,LDA,default,1200,905,2.00001522898674e-07,{},0.5679558011049723,0.15625,0.6190476190476191,0.2495201535508637,0.5901488095238095,0.115858670281739,0.639702380952381,449,351,40,65,ok,0.4476159000187181,1,Bank Marketing,,,,
1,RandomForest,classical,LDA,default,1200,904,2.00001522898674e-07,{},0.5984513274336283,0.1452054794520547,0.5096153846153846,0.2260127931769723,0.5598076923076922,0.0777871552788742,0.6133834134615385,488,312,51,53,ok,0.5091694000293501,1,Bank Marketing,,,,
2,RandomForest,classical,LDA,default,1200,904,3.00002284348011e-07,{},0.625,0.1708683473389355,0.5865384615384616,0.2646420824295011,0.6082692307692308,0.1413412535716985,0.6561177884615385,504,296,43,61,ok,0.4765951000154018,1,Bank Marketing,,,,
3,RandomForest,classical,LDA,default,1200,904,2.00001522898674e-07,{},0.6106194690265486,0.1702127659574468,0.6153846153846154,0.2666666666666666,0.6126923076923076,0.145906636978167,0.6476021634615383,488,312,40,64,ok,0.437355000001844,1,Bank Marketing,,,,
4,RandomForest,classical,LDA,default,1200,904,4.00003045797348e-07,{},0.6371681415929203,0.1906077348066298,0.6634615384615384,0.296137339055794,0.6486057692307692,0.1935411870432836,0.7090384615384615,507,293,35,69,ok,0.4245615999680012,1,Bank Marketing,,,,
5,RandomForest,classical,LDA,default,1200,905,2.00001522898674e-07,{},0.6276243093922652,0.1741573033707865,0.5904761904761905,0.2689804772234273,0.6114880952380952,0.1461796652883125,0.6544821428571429,506,294,43,62,ok,0.4695610999478958,1,Bank Marketing,,,,
6,RandomForest,classical,LDA,default,1200,904,3.00002284348011e-07,{},0.6073008849557522,0.1523545706371191,0.5288461538461539,0.2365591397849462,0.573173076923077,0.0953431421501209,0.6428185096153847,494,306,49,55,ok,0.492342599958647,1,Bank Marketing,,,,
7,RandomForest,classical,LDA,default,1200,904,3.00002284348011e-07,{},0.6028761061946902,0.1428571428571428,0.4903846153846153,0.2212581344902386,0.5539423076923077,0.0704195766018853,0.5861117788461538,494,306,53,51,ok,0.4513848000206053,1,Bank Marketing,,,,
8,RandomForest,classical,LDA,default,1200,904,2.00001522898674e-07,{},0.5918141592920354,0.1645569620253164,0.625,0.2605210420841683,0.60625,0.1366983141321368,0.6449639423076924,470,330,39,65,ok,0.3987543999683112,1,Bank Marketing,,,,
9,RandomForest,classical,LDA,default,1200,904,3.00002284348011e-07,{},0.6283185840707964,0.1608187134502924,0.5288461538461539,0.2466367713004484,0.5850480769230769,0.1119115590412704,0.641328125,513,287,49,55,ok,0.4677748999674804,1,Bank Marketing,,,,
10,RandomForest,classical,LDA,default,1200,905,4.00003045797348e-07,{},0.611049723756906,0.1741424802110818,0.6285714285714286,0.2727272727272727,0.6186607142857143,0.1540508574342296,0.6517797619047618,487,313,39,66,ok,0.4847121999482624,1,Bank Marketing,,,,
11,RandomForest,classical,LDA,default,1200,904,4.00003045797348e-07,{},0.6216814159292036,0.16,0.5384615384615384,0.2466960352422907,0.5854807692307692,0.111987919370691,0.6173377403846154,506,294,48,56,ok,0.4918669000035152,1,Bank Marketing,,,,
12,RandomForest,classical,LDA,default,1200,904,5.00003807246685e-07,{},0.540929203539823,0.1288782816229117,0.5192307692307693,0.2065009560229445,0.5314903846153847,0.0402987655698644,0.5868629807692307,435,365,50,54,ok,0.4825066000339575,1,Bank Marketing,,,,
13,RandomForest,classical,LDA,default,1200,904,3.00002284348011e-07,{},0.5962389380530974,0.1385041551246537,0.4807692307692308,0.2150537634408602,0.5460096153846153,0.0599496629682429,0.5838461538461539,489,311,54,50,ok,0.4790466999984346,1,Bank Marketing,,,,
14,RandomForest,classical,LDA,default,1200,904,4.00003045797348e-07,{},0.5696902654867256,0.1317829457364341,0.4903846153846153,0.2077393075356415,0.5351923076923076,0.0453877496641198,0.5792608173076923,464,336,53,51,ok,0.4385571999591775,1,Bank Marketing,,,,
0,MLP,classical,LDA,default,1200,905,3.00002284348011e-07,{},0.6497237569060773,0.16875,0.5142857142857142,0.2541176470588235,0.5908928571428571,0.1217717288114484,0.6610952380952381,534,266,51,54,ok,0.1141054999898187,1,Bank Marketing,,,,
1,MLP,classical,LDA,default,1200,904,2.00001522898674e-07,{},0.6847345132743363,0.1846689895470383,0.5096153846153846,0.2710997442455243,0.6085576923076923,0.1488225463565857,0.6641466346153846,566,234,51,53,ok,0.0881305999937467,1,Bank Marketing,,,,
2,MLP,classical,LDA,default,1200,904,3.00002284348011e-07,{},0.6957964601769911,0.195729537366548,0.5288461538461539,0.2857142857142857,0.623173076923077,0.1698283796489539,0.669375,574,226,49,55,ok,0.1022850999725051,1,Bank Marketing,,,,
3,MLP,classical,LDA,default,1200,904,2.00001522898674e-07,{},0.6360619469026548,0.1883656509695291,0.6538461538461539,0.2924731182795699,0.6437980769230769,0.1873661880230038,0.7042908653846153,507,293,36,68,ok,0.1220527999685145,1,Bank Marketing,,,,
4,MLP,classical,LDA,default,1200,904,2.00001522898674e-07,{},0.6891592920353983,0.1916376306620209,0.5288461538461539,0.2813299232736573,0.6194230769230769,0.1637179827944017,0.6870913461538461,568,232,49,55,ok,0.1192585999961011,1,Bank Marketing,,,,
5,MLP,classical,LDA,default,1200,905,2.00001522898674e-07,{},0.6696132596685083,0.1910828025477707,0.5714285714285714,0.2863961813842482,0.6269642857142856,0.1708412136353327,0.6597500000000001,546,254,45,60,ok,0.1104156000073999,1,Bank Marketing,,,,
6,MLP,classical,LDA,default,1200,904,2.00001522898674e-07,{},0.6261061946902655,0.1904761904761904,0.6923076923076923,0.2987551867219917,0.6549038461538461,0.2004080156803217,0.7028605769230769,494,306,32,72,ok,0.0911103000398725,1,Bank Marketing,,,,
7,MLP,classical,LDA,default,1200,904,3.00002284348011e-07,{},0.6736725663716814,0.1784511784511784,0.5096153846153846,0.2643391521197007,0.6023076923076922,0.1390040254506199,0.6549278846153846,556,244,51,53,ok,0.0911126999999396,1,Bank Marketing,,,,
8,MLP,classical,LDA,default,1200,904,4.00003045797348e-07,{},0.6382743362831859,0.1768115942028985,0.5865384615384616,0.2717149220489978,0.6157692307692308,0.1520790373993994,0.6732091346153846,516,284,43,61,ok,0.1094762000138871,1,Bank Marketing,,,,
9,MLP,classical,LDA,default,1200,904,2.00001522898674e-07,{},0.7035398230088495,0.2132867132867132,0.5865384615384616,0.3128205128205128,0.6526442307692308,0.2094569616162953,0.7114783653846154,575,225,43,61,ok,0.0880021000048145,1,Bank Marketing,,,,
10,MLP,classical,LDA,default,1200,905,4.00003045797348e-07,{},0.63646408839779,0.1853932584269663,0.6285714285714286,0.2863340563991323,0.6330357142857143,0.174432222060533,0.6722738095238096,510,290,39,66,ok,0.1156230000196956,1,Bank Marketing,,,,
11,MLP,classical,LDA,default,1200,904,4.00003045797348e-07,{},0.6360619469026548,0.1621621621621621,0.5192307692307693,0.2471395881006865,0.5852403846153846,0.1127708590027088,0.62640625,521,279,50,54,ok,0.0960160000249743,1,Bank Marketing,,,,
12,MLP,classical,LDA,default,1200,904,3.00002284348011e-07,{},0.6449115044247787,0.1598746081504702,0.4903846153846153,0.2411347517730496,0.5776923076923077,0.1037519829116914,0.6350360576923076,532,268,53,51,ok,0.1081641999771818,1,Bank Marketing,,,,
13,MLP,classical,LDA,default,1200,904,2.00001522898674e-07,{},0.6537610619469026,0.1861861861861861,0.5961538461538461,0.2837528604118993,0.6287019230769231,0.1702693680486473,0.7044951923076923,529,271,42,62,ok,0.0826391999726183,1,Bank Marketing,,,,
14,MLP,classical,LDA,default,1200,904,2.00001522898674e-07,{},0.6349557522123894,0.1843575418994413,0.6346153846153846,0.2857142857142857,0.6348076923076923,0.1759010769678433,0.6889543269230768,508,292,38,66,ok,0.0994296999997459,1,Bank Marketing,,,,
0,XGBoost,classical,LDA,default,1200,905,2.00001522898674e-07,{},0.6419889502762431,0.1609907120743034,0.4952380952380952,0.2429906542056074,0.5782440476190476,0.1046063849919981,0.6244285714285713,529,271,53,52,ok,0.5397966000018641,1,Bank Marketing,,,,
1,XGBoost,classical,LDA,default,1200,904,4.00003045797348e-07,{},0.6194690265486725,0.1825396825396825,0.6634615384615384,0.2863070539419087,0.6386057692307692,0.179322256116191,0.6737620192307693,491,309,35,69,ok,0.7033613999956287,1,Bank Marketing,,,,
2,XGBoost,classical,LDA,default,1200,904,4.00003045797348e-07,{},0.5807522123893806,0.1465295629820051,0.5480769230769231,0.2312373225152129,0.5665384615384615,0.0857602421841253,0.6102584134615385,468,332,47,57,ok,0.8450515000149608,1,Bank Marketing,,,,
3,XGBoost,classical,LDA,default,1200,904,2.00001522898674e-07,{},0.5685840707964602,0.1256544502617801,0.4615384615384615,0.1975308641975308,0.5220192307692308,0.0284463709376572,0.59171875,466,334,56,48,ok,0.6625182999996468,1,Bank Marketing,,,,
4,XGBoost,classical,LDA,default,1200,904,4.00003045797348e-07,{},0.5398230088495575,0.1470588235294117,0.625,0.238095238095238,0.576875,0.0981396862321811,0.6019471153846153,423,377,39,65,ok,0.6893217000178993,1,Bank Marketing,,,,
5,XGBoost,classical,LDA,default,1200,905,2.00001522898674e-07,{},0.6132596685082873,0.1680216802168021,0.5904761904761905,0.2616033755274262,0.6033630952380953,0.1347223242361508,0.6537261904761905,493,307,43,62,ok,0.8237014000187628,1,Bank Marketing,,,,
6,XGBoost,classical,LDA,default,1200,904,2.00001522898674e-07,{},0.6006637168141593,0.1746835443037974,0.6634615384615384,0.2765531062124248,0.6279807692307693,0.1646565213664018,0.6840504807692308,474,326,35,69,ok,0.7989690999966115,1,Bank Marketing,,,,
7,XGBoost,classical,LDA,default,1200,904,2.00001522898674e-07,{},0.6415929203539823,0.1646341463414634,0.5192307692307693,0.25,0.5883653846153847,0.1172804617902754,0.6699579326923076,526,274,50,54,ok,0.6843146999599412,1,Bank Marketing,,,,
8,XGBoost,classical,LDA,default,1200,904,3.00002284348011e-07,{},0.584070796460177,0.1582914572864321,0.6057692307692307,0.250996015936255,0.5935096153846153,0.12020738097813,0.6290264423076923,465,335,41,63,ok,0.797884699946735,1,Bank Marketing,,,,
9,XGBoost,classical,LDA,default,1200,904,3.00002284348011e-07,{},0.6471238938053098,0.1847507331378299,0.6057692307692307,0.2831460674157303,0.6291346153846153,0.1700211483937143,0.6687379807692307,522,278,41,63,ok,0.6757022000383586,1,Bank Marketing,,,,
10,XGBoost,classical,LDA,default,1200,905,3.00002284348011e-07,{},0.5723756906077349,0.1544117647058823,0.6,0.2456140350877192,0.584375,0.1086113341867963,0.6280595238095238,455,345,42,63,ok,0.734800600039307,1,Bank Marketing,,,,
11,XGBoost,classical,LDA,default,1200,904,3.00002284348011e-07,{},0.6084070796460177,0.1565934065934066,0.5480769230769231,0.2435897435897435,0.5821634615384615,0.1069111041454514,0.6112860576923076,493,307,47,57,ok,0.745718999998644,1,Bank Marketing,,,,
12,XGBoost,classical,LDA,default,1200,904,2.00001522898674e-07,{},0.5763274336283186,0.1486146095717884,0.5673076923076923,0.2355289421157684,0.5724038461538461,0.0931009393087886,0.6507632211538462,462,338,45,59,ok,0.718271299963817,1,Bank Marketing,,,,
13,XGBoost,classical,LDA,default,1200,904,2.00001522898674e-07,{},0.5973451327433629,0.1782178217821782,0.6923076923076923,0.2834645669291338,0.6386538461538461,0.1779704486110745,0.6757632211538462,468,332,32,72,ok,0.6789941000170074,1,Bank Marketing,,,,
14,XGBoost,classical,LDA,default,1200,904,3.00002284348011e-07,{},0.6073008849557522,0.1822784810126582,0.6923076923076923,0.2885771543086172,0.6442788461538461,0.1856251767921007,0.679140625,477,323,32,72,ok,0.7714757000212558,1,Bank Marketing,,,,
0,VQC,quantum,LDA,default,1200,905,2.00001522898674e-07,{},0.6375690607734806,0.1610942249240121,0.5047619047619047,0.2442396313364055,0.5798809523809524,0.1063662093174009,0.5818333333333333,524,276,52,53,ok,3.376596500049345,1,Bank Marketing,,,,
1,VQC,quantum,LDA,default,1200,904,2.00001522898674e-07,{},0.6050884955752213,0.149584487534626,0.5192307692307693,0.232258064516129,0.5677403846153846,0.0882644463137453,0.5639663461538462,493,307,50,54,ok,3.2853108000126667,1,Bank Marketing,,,,
2,VQC,quantum,LDA,default,1200,904,2.00001522898674e-07,{},0.5896017699115044,0.1514360313315927,0.5576923076923077,0.2381930184804928,0.5757211538461539,0.097789141478551,0.5854807692307693,475,325,46,58,ok,3.386026300024241,1,Bank Marketing,,,,
3,VQC,quantum,LDA,default,1200,904,2.00001522898674e-07,{},0.5176991150442478,0.1584362139917695,0.7403846153846154,0.2610169491525423,0.6145673076923077,0.1466378521227527,0.6233533653846154,391,409,27,77,ok,3.1756367000052705,1,Bank Marketing,,,,
4,VQC,quantum,LDA,default,1200,904,2.00001522898674e-07,{},0.4811946902654867,0.1470019342359768,0.7307692307692307,0.2447665056360708,0.5897596153846154,0.1157635636925022,0.6206370192307692,359,441,28,76,ok,3.211573300010059,1,Bank Marketing,,,,
5,VQC,quantum,LDA,default,1200,905,2.00001522898674e-07,{},0.5845303867403315,0.1586901763224181,0.6,0.250996015936255,0.59125,0.1177810447469199,0.6077738095238094,466,334,42,63,ok,3.4152108999551274,1,Bank Marketing,,,,
6,VQC,quantum,LDA,default,1200,904,2.00001522898674e-07,{},0.5674778761061947,0.1348600508905852,0.5096153846153846,0.2132796780684104,0.5423076923076923,0.054463339940742,0.5339783653846154,460,340,51,53,ok,3.4158118000486866,1,Bank Marketing,,,,
7,VQC,quantum,LDA,default,1200,904,4.00003045797348e-07,{},0.5132743362831859,0.1216216216216216,0.5192307692307693,0.1970802919708029,0.5158653846153847,0.0202521839224616,0.4899639423076922,410,390,50,54,ok,3.322533399972599,1,Bank Marketing,,,,
8,VQC,quantum,LDA,default,1200,904,3.00002284348011e-07,{},0.6891592920353983,0.1417004048582996,0.3365384615384615,0.1994301994301994,0.5357692307692308,0.051223600060839,0.5136057692307692,588,212,69,35,ok,3.3293262000079267,1,Bank Marketing,,,,
9,VQC,quantum,LDA,default,1200,904,3.999448381364346e-07,{},0.6017699115044248,0.1424581005586592,0.4903846153846153,0.2207792207792207,0.5533173076923077,0.069570005120306,0.5551322115384616,493,307,53,51,ok,3.4279972000513226,1,Bank Marketing,,,,
10,VQC,quantum,LDA,default,1200,905,4.00003045797348e-07,{},0.5602209944751381,0.1233933161953727,0.4571428571428571,0.194331983805668,0.5154464285714285,0.0199847199912494,0.4815357142857143,459,341,57,48,ok,3.437785000016447,1,Bank Marketing,,,,
11,VQC,quantum,LDA,default,1200,904,4.00003045797348e-07,{},0.629424778761062,0.1531531531531531,0.4903846153846153,0.2334096109839817,0.5689423076923077,0.0912089181104819,0.5698317307692308,518,282,53,51,ok,3.3933188000228256,1,Bank Marketing,,,,
12,VQC,quantum,LDA,default,1200,904,4.00003045797348e-07,{},0.5785398230088495,0.1475826972010178,0.5576923076923077,0.2334004024144869,0.5694711538461539,0.0894312797890593,0.5695432692307693,465,335,46,58,ok,3.335409699997399,1,Bank Marketing,,,,
13,VQC,quantum,LDA,default,1200,904,4.00003045797348e-07,{},0.661504424778761,0.2063953488372093,0.6826923076923077,0.3169642857142857,0.6707211538461538,0.2243911691362946,0.7209254807692308,527,273,33,71,ok,3.3188551000203006,1,Bank Marketing,,,,
14,VQC,quantum,LDA,default,1200,904,6.00004568696022e-07,{},0.5763274336283186,0.1338582677165354,0.4903846153846153,0.2103092783505154,0.5389423076923077,0.0503268803684713,0.5114543269230769,470,330,53,51,ok,3.309546000033152,1,Bank Marketing,,,,
0,QNN,quantum,LDA,default,1200,905,2.00001522898674e-07,{},0.6950276243093922,0.195729537366548,0.5238095238095238,0.2849740932642487,0.620654761904762,0.1670200659626892,0.6416309523809524,574,226,50,55,ok,4.687178399995901,1,Bank Marketing,,,,
1,QNN,quantum,LDA,default,1200,904,2.00001522898674e-07,{},0.620575221238938,0.1726027397260274,0.6057692307692307,0.2686567164179104,0.6141346153846154,0.1484459056527712,0.6825961538461539,498,302,41,63,ok,4.952642099990044,1,Bank Marketing,,,,
2,QNN,quantum,LDA,default,1200,904,9.994255378842355e-08,{},0.5807522123893806,0.1483375959079284,0.5576923076923077,0.2343434343434343,0.5707211538461539,0.0910948731287153,0.6449639423076923,467,333,46,58,ok,4.805458000046201,1,Bank Marketing,,,,
3,QNN,quantum,LDA,default,1200,904,2.00001522898674e-07,{},0.6548672566371682,0.195906432748538,0.6442307692307693,0.3004484304932735,0.6502403846153846,0.1976956596969871,0.7182211538461538,525,275,37,67,ok,4.728613299957942,1,Bank Marketing,,,,
4,QNN,quantum,LDA,default,1200,904,2.00001522898674e-07,{},0.7245575221238938,0.1940928270042194,0.4423076923076923,0.2697947214076246,0.6017788461538461,0.1476767383921177,0.6920793269230769,609,191,58,46,ok,4.491837100009434,1,Bank Marketing,,,,
5,QNN,quantum,LDA,default,1200,905,1.9994331523776054e-07,{},0.6883977900552486,0.1916376306620209,0.5238095238095238,0.2806122448979591,0.6169047619047618,0.1609039310555941,0.6721428571428572,568,232,50,55,ok,4.669507300015539,1,Bank Marketing,,,,
6,QNN,quantum,LDA,default,1200,904,2.00001522898674e-07,{},0.7345132743362832,0.2043478260869565,0.4519230769230769,0.281437125748503,0.6115865384615384,0.1634969283995933,0.6954687500000001,617,183,57,47,ok,4.858909499947913,1,Bank Marketing,,,,
7,QNN,quantum,LDA,default,1200,904,2.999440766870976e-07,{},0.5652654867256637,0.1551312649164677,0.625,0.248565965583174,0.59125,0.1167741329032102,0.6668269230769232,446,354,39,65,ok,4.656590100028552,1,Bank Marketing,,,,
8,QNN,quantum,LDA,default,1200,904,2.00001522898674e-07,{},0.6548672566371682,0.1848484848484848,0.5865384615384616,0.2811059907834101,0.6251442307692308,0.1658782999848211,0.6835096153846154,531,269,43,61,ok,4.902420399943367,1,Bank Marketing,,,,
9,QNN,quantum,LDA,default,1200,904,4.00003045797348e-07,{},0.7267699115044248,0.2128514056224899,0.5096153846153846,0.3002832861189802,0.6323076923076922,0.188997661177448,0.6737980769230769,604,196,51,53,ok,4.805955899995752,1,Bank Marketing,,,,
10,QNN,quantum,LDA,default,1200,905,4.00003045797348e-07,{},0.7060773480662983,0.1843137254901961,0.4476190476190476,0.2611111111111111,0.5938095238095238,0.133564118303522,0.6460714285714285,592,208,58,47,ok,4.805328299989924,1,Bank Marketing,,,,
11,QNN,quantum,LDA,default,1200,904,3.999448381364346e-07,{},0.6703539823008849,0.196875,0.6057692307692307,0.2971698113207547,0.6422596153846154,0.1898418145409715,0.7121995192307693,543,257,41,63,ok,4.885133900039364,1,Bank Marketing,,,,
12,QNN,quantum,LDA,default,1200,904,6.00004568696022e-07,{},0.6880530973451328,0.1775362318840579,0.4711538461538461,0.2578947368421053,0.5937019230769232,0.1298391907702908,0.64203125,573,227,55,49,ok,4.894487699959427,1,Bank Marketing,,,,
13,QNN,quantum,LDA,default,1200,904,4.00003045797348e-07,{},0.7057522123893806,0.2065217391304347,0.5480769230769231,0.3,0.6371634615384616,0.1900621915175165,0.7174278846153845,581,219,47,57,ok,4.671897599997465,1,Bank Marketing,,,,
14,QNN,quantum,LDA,default,1200,904,4.00003045797348e-07,{},0.6161504424778761,0.1777188328912466,0.6442307692307693,0.2785862785862786,0.6283653846153847,0.1661359436161515,0.6664663461538463,490,310,37,67,ok,4.653210800024681,1,Bank Marketing,,,,
0,QSVC,quantum,LDA,default,1200,905,2.00001522898674e-07,{},0.5569060773480663,0.145933014354067,0.580952380952381,0.2332695984703633,0.5673511904761905,0.0865291213541565,0.6018869047619048,443,357,44,61,ok,4.679781000013463,1,Bank Marketing,,,,
1,QSVC,quantum,LDA,default,1200,904,1.00000761449337e-07,{},0.6471238938053098,0.1521035598705501,0.4519230769230769,0.2276029055690072,0.5622115384615385,0.0836998881434827,0.5547355769230768,538,262,57,47,ok,4.3967638000031,1,Bank Marketing,,,,
2,QSVC,quantum,LDA,default,1200,904,2.00001522898674e-07,{},0.6382743362831859,0.1482649842271293,0.4519230769230769,0.2232779097387173,0.5572115384615385,0.0765114801206526,0.5287139423076923,530,270,57,47,ok,4.724806900019757,1,Bank Marketing,,,,
3,QSVC,quantum,LDA,default,1200,904,2.00001522898674e-07,{},0.6360619469026548,0.1287128712871287,0.375,0.1916461916461916,0.5225,0.0304169473942737,0.4982692307692307,536,264,65,39,ok,4.735597799997777,1,Bank Marketing,,,,
4,QSVC,quantum,LDA,default,1200,904,2.00001522898674e-07,{},0.5973451327433629,0.1408839779005525,0.4903846153846153,0.2188841201716738,0.5508173076923076,0.0661834470089779,0.6091105769230769,489,311,53,51,ok,4.778637900017202,1,Bank Marketing,,,,
5,QSVC,quantum,LDA,default,1200,905,2.00001522898674e-07,{},0.4773480662983425,0.1051502145922746,0.4666666666666667,0.1716287215411558,0.4727083333333333,-0.0349763493827954,0.4318452380952381,383,417,56,49,ok,4.857289400009904,1,Bank Marketing,,,,
6,QSVC,quantum,LDA,default,1200,904,2.00001522898674e-07,{},0.6139380530973452,0.1489971346704871,0.5,0.2295805739514348,0.5643750000000001,0.0843819769012444,0.6035817307692308,503,297,52,52,ok,4.830905599985272,1,Bank Marketing,,,,
7,QSVC,quantum,LDA,default,1200,904,4.00003045797348e-07,{},0.6626106194690266,0.1829652996845426,0.5576923076923077,0.2755344418052256,0.6169711538461539,0.1564306143979393,0.619326923076923,541,259,46,58,ok,4.798240800038911,1,Bank Marketing,,,,
8,QSVC,quantum,LDA,default,1200,904,3.00002284348011e-07,{},0.504424778761062,0.1108597285067873,0.4711538461538461,0.1794871794871795,0.4899519230769231,-0.0128275137101474,0.5088521634615385,407,393,55,49,ok,4.649390700040385,1,Bank Marketing,,,,
9,QSVC,quantum,LDA,default,1200,904,4.00003045797348e-07,{},0.6327433628318584,0.1566265060240964,0.5,0.2385321100917431,0.575,0.0992855088482242,0.565264423076923,520,280,52,52,ok,4.769988999993075,1,Bank Marketing,,,,
10,QSVC,quantum,LDA,default,1200,905,2.00001522898674e-07,{},0.6408839779005525,0.1666666666666666,0.5238095238095238,0.2528735632183908,0.5900297619047619,0.1198022150815263,0.6109761904761905,525,275,50,55,ok,4.514867999998387,1,Bank Marketing,,,,
11,QSVC,quantum,LDA,default,1200,904,5.00003807246685e-07,{},0.6913716814159292,0.159533073929961,0.3942307692307692,0.2271468144044321,0.5621153846153846,0.0878763754101387,0.5454507211538462,584,216,63,41,ok,4.952971999999136,1,Bank Marketing,,,,
12,QSVC,quantum,LDA,default,1200,904,4.00003045797348e-07,{},0.6283185840707964,0.1441717791411043,0.4519230769230769,0.2186046511627907,0.5515865384615385,0.0685575559192584,0.5519350961538462,521,279,57,47,ok,4.807887099974323,1,Bank Marketing,,,,
13,QSVC,quantum,LDA,default,1200,904,4.00003045797348e-07,{},0.6991150442477876,0.1842105263157894,0.4711538461538461,0.2648648648648649,0.599951923076923,0.1399689341492397,0.6585216346153848,583,217,55,49,ok,4.833369999949355,1,Bank Marketing,,,,
14,QSVC,quantum,LDA,default,1200,904,5.00003807246685e-07,{},0.7123893805309734,0.1854838709677419,0.4423076923076923,0.2613636363636363,0.5949038461538462,0.1357368330083581,0.5628124999999999,598,202,58,46,ok,4.847584099974483,1,Bank Marketing,,,,
0,QDT,quantum,LDA,default,1200,905,3.00002284348011e-07,{},0.3513812154696132,0.1100323624595469,0.6476190476190476,0.1881051175656984,0.4800595238095238,-0.0274454261220081,0.4846309523809525,250,550,37,68,ok,0.0420287000015378,1,Bank Marketing,,,,
1,QDT,quantum,LDA,default,1200,904,3.00002284348011e-07,{},0.6360619469026548,0.1451104100946372,0.4423076923076923,0.2185273159144893,0.5517788461538462,0.0692461042772629,0.5395673076923077,529,271,58,46,ok,0.0438763000420294,1,Bank Marketing,,,,
2,QDT,quantum,LDA,default,1200,904,2.00001522898674e-07,{},0.4004424778761062,0.1144366197183098,0.625,0.1934523809523809,0.498125,-0.0024759913568498,0.4932451923076923,297,503,39,65,ok,0.0438776999944821,1,Bank Marketing,,,,
3,QDT,quantum,LDA,default,1200,904,2.00001522898674e-07,{},0.5962389380530974,0.1282051282051282,0.4326923076923077,0.1978021978021978,0.5250961538461538,0.032861145849385,0.5181189903846154,494,306,59,45,ok,0.0427856000023894,1,Bank Marketing,,,,
4,QDT,quantum,LDA,default,1200,904,2.00001522898674e-07,{},0.7997787610619469,0.226950354609929,0.3076923076923077,0.2612244897959184,0.5857211538461539,0.1507675375688311,0.5954447115384615,691,109,72,32,ok,0.0421591000049375,1,Bank Marketing,,,,
5,QDT,quantum,LDA,default,1200,905,2.00001522898674e-07,{},0.3701657458563536,0.1338582677165354,0.8095238095238095,0.2297297297297297,0.5610119047619048,0.0854113286254361,0.561142857142857,250,550,20,85,ok,0.0511132000247016,1,Bank Marketing,,,,
6,QDT,quantum,LDA,default,1200,904,1.00000761449337e-07,{},0.4192477876106195,0.1065420560747663,0.5480769230769231,0.1784037558685446,0.4752884615384616,-0.032084950141288,0.4871454326923077,322,478,47,57,ok,0.0433226999593898,1,Bank Marketing,,,,
7,QDT,quantum,LDA,default,1200,904,4.00003045797348e-07,{},0.6670353982300885,0.1338289962825278,0.3461538461538461,0.1930294906166219,0.527451923076923,0.0383178761561278,0.559735576923077,567,233,68,36,ok,0.0560495000099763,1,Bank Marketing,,,,
8,QDT,quantum,LDA,default,1200,904,2.00001522898674e-07,{},0.7013274336283186,0.1422413793103448,0.3173076923076923,0.1964285714285714,0.5342788461538461,0.0500828719091788,0.5201742788461539,601,199,71,33,ok,0.0438332000048831,1,Bank Marketing,,,,
9,QDT,quantum,LDA,default,1200,904,3.00002284348011e-07,{},0.3993362831858407,0.1155866900175131,0.6346153846153846,0.1955555555555555,0.5016826923076922,0.0022261590891679,0.5019711538461539,295,505,38,66,ok,0.0462619999889284,1,Bank Marketing,,,,
10,QDT,quantum,LDA,default,1200,905,2.00001522898674e-07,{},0.3403314917127071,0.1215384615384615,0.7523809523809524,0.2092715231788079,0.5193154761904761,0.0275009875567848,0.5077678571428572,229,571,26,79,ok,0.0446403000387363,1,Bank Marketing,,,,
11,QDT,quantum,LDA,default,1200,904,3.00002284348011e-07,{},0.5110619469026548,0.1341991341991342,0.5961538461538461,0.2190812720848056,0.5480769230769231,0.0613756636849162,0.5648737980769231,400,400,42,62,ok,0.050617000029888,1,Bank Marketing,,,,
12,QDT,quantum,LDA,default,1200,904,3.00002284348011e-07,{},0.6006637168141593,0.1440443213296399,0.5,0.2236559139784946,0.556875,0.0741070546409941,0.5538461538461539,491,309,52,52,ok,0.0440319000044837,1,Bank Marketing,,,,
13,QDT,quantum,LDA,default,1200,904,3.999448381364346e-07,{},0.7013274336283186,0.0931372549019607,0.1826923076923076,0.1233766233766233,0.4757211538461539,-0.0370642825760689,0.4656670673076923,615,185,85,19,ok,0.0455811000429093,1,Bank Marketing,,,,
14,QDT,quantum,LDA,default,1200,904,3.00002284348011e-07,{},0.6316371681415929,0.1065292096219931,0.2980769230769231,0.1569620253164557,0.4865384615384616,-0.018386946966471,0.4791947115384615,540,260,73,31,ok,0.0440227999933995,1,Bank Marketing,,,,
0,LogReg,classical,LDA,gwo,1200,905,2.3460973000037484,{'C': 0.0010000000000000002},0.6486187845303868,0.1965811965811965,0.6571428571428571,0.3026315789473684,0.6523214285714285,0.2002267980099371,0.6907380952380952,518,282,36,69,ok,0.0631287000142037,1,Bank Marketing,0.2462570135068102,25.0,"[0.24590926301778615, 0.24625701350681029, 0.24625701350681029, 0.24625701350681029, 0.24625701350681029, 0.24625701350681029]",True
1,LogReg,classical,LDA,gwo,1200,904,3.858104899991304,{'C': 0.002062766610319268},0.6758849557522124,0.2018927444794952,0.6153846153846154,0.3040380047505938,0.6495673076923076,0.2000228694582776,0.7010937500000001,547,253,40,64,ok,0.0402560000075027,1,Bank Marketing,0.2528221178925404,39.0,"[0.25282211789254044, 0.25282211789254044, 0.25282211789254044, 0.25282211789254044, 0.25282211789254044]",True
2,LogReg,classical,LDA,gwo,1200,904,6.563519100018311,{'C': 0.05599150256594351},0.5940265486725663,0.1815980629539951,0.7211538461538461,0.2901353965183752,0.6493269230769231,0.191299574193833,0.7269711538461539,462,338,29,75,ok,0.030437699984759,1,Bank Marketing,0.2634521590966585,85.0,"[0.2610979579757325, 0.2619189850372646, 0.2626697357880154, 0.2626697357880154, 0.2626697357880154, 0.2626697357880154, 0.2634521590966585, 0.2634521590966585, 0.2634521590966585, 0.2634521590966585, 0.2634521590966585]",True
3,LogReg,classical,LDA,gwo,1200,904,3.918684699980077,{'C': 0.0030394335674585075},0.6858407079646017,0.1959459459459459,0.5576923076923077,0.29,0.6300961538461538,0.1769124801474085,0.6646514423076922,562,238,46,58,ok,0.0398126000072807,1,Bank Marketing,0.2412525577648802,40.0,"[0.24125255776488028, 0.24125255776488028, 0.24125255776488028, 0.24125255776488028, 0.24125255776488028]",True
4,LogReg,classical,LDA,gwo,1200,904,4.404527299979236,{'C': 0.006099397772068533},0.6570796460176991,0.1878787878787878,0.5961538461538461,0.2857142857142857,0.6305769230769231,0.1730793172334898,0.6728485576923078,532,268,42,62,ok,0.0410637999884784,1,Bank Marketing,0.2718451374362509,46.0,"[0.2686173286218499, 0.27184513743625094, 0.27184513743625094, 0.27184513743625094, 0.27184513743625094, 0.27184513743625094]",True
5,LogReg,classical,LDA,gwo,1200,905,3.400684300053399,{'C': 74.93740663196427},0.6099447513812155,0.1836734693877551,0.6857142857142857,0.289738430583501,0.6428571428571428,0.1846587462689241,0.6712976190476191,480,320,33,72,ok,0.0418712000246159,1,Bank Marketing,0.273693886761027,34.0,"[0.27369388676102707, 0.27369388676102707, 0.27369388676102707, 0.27369388676102707, 0.27369388676102707]",True
6,LogReg,classical,LDA,gwo,1200,904,3.258100699982606,{'C': 0.003145360201442604},0.6825221238938053,0.1833910034602076,0.5096153846153846,0.2697201017811705,0.6073076923076923,0.1468371798430656,0.6410697115384616,564,236,51,53,ok,0.0548957000137306,1,Bank Marketing,0.3051539645653849,32.0,"[0.30515396456538496, 0.30515396456538496, 0.30515396456538496, 0.30515396456538496, 0.30515396456538496]",True
7,LogReg,classical,LDA,gwo,1200,904,4.09731850004755,{'C': 0.0010000000000000002},0.7190265486725663,0.2093023255813953,0.5192307692307693,0.2983425414364641,0.6321153846153846,0.1866890906348919,0.6387019230769231,596,204,50,54,ok,0.0386441999580711,1,Bank Marketing,0.2928043172576293,43.0,"[0.2920096152708743, 0.2928043172576293, 0.2928043172576293, 0.2928043172576293, 0.2928043172576293, 0.2928043172576293]",True
8,LogReg,classical,LDA,gwo,1200,904,7.212616899982095,{'C': 0.09530053762257928},0.7201327433628318,0.2167300380228136,0.5480769230769231,0.3106267029972752,0.6452884615384615,0.2041342581462607,0.6983293269230769,594,206,47,57,ok,0.0290601999731734,1,Bank Marketing,0.3624968691125703,96.0,"[0.3590415019020265, 0.35974771659129196, 0.35974771659129196, 0.36179337231968806, 0.36179337231968806, 0.36179337231968806, 0.36179337231968806, 0.36249686911257034, 0.36249686911257034, 0.36249686911257034, 0.36249686911257034, 0.36249686911257034]",True
9,LogReg,classical,LDA,gwo,1200,904,3.820124899968505,{'C': 0.003019310991529274},0.6670353982300885,0.1969230769230769,0.6153846153846154,0.2983682983682983,0.6445673076923077,0.1922563927857394,0.7130048076923078,539,261,40,64,ok,0.0431402000249363,1,Bank Marketing,0.2721012396840782,40.0,"[0.27210123968407823, 0.27210123968407823, 0.27210123968407823, 0.27210123968407823, 0.27210123968407823]",True
10,LogReg,classical,LDA,gwo,1200,905,6.334823800018057,{'C': 0.8975149169842658},0.6651933701657459,0.198170731707317,0.6190476190476191,0.3002309468822171,0.6451488095238096,0.1934008099122072,0.7120714285714285,537,263,40,65,ok,0.0305630999500863,1,Bank Marketing,0.2539839127948519,80.0,"[0.2530593352112354, 0.2530593352112354, 0.2530593352112354, 0.2535194014607754, 0.2535194014607754, 0.2535194014607754, 0.25398391279485194, 0.25398391279485194, 0.25398391279485194, 0.25398391279485194, 0.25398391279485194]",True
11,LogReg,classical,LDA,gwo,1200,904,4.2980119999847375,{'C': 0.0026793092724866053},0.6139380530973452,0.1698113207547169,0.6057692307692307,0.2652631578947368,0.6103846153846153,0.143202186220099,0.6609495192307693,492,308,41,63,ok,0.0368370999931357,1,Bank Marketing,0.274642046333532,47.0,"[0.2741590945321218, 0.274642046333532, 0.274642046333532, 0.274642046333532, 0.274642046333532, 0.274642046333532]",True
12,LogReg,classical,LDA,gwo,1200,904,3.6540473999921232,{'C': 0.010018453808628099},0.6150442477876106,0.1494252873563218,0.5,0.2300884955752212,0.565,0.0852467827840257,0.6319591346153848,504,296,52,52,ok,0.0411386000341735,1,Bank Marketing,0.2761423859009576,39.0,"[0.2761423859009576, 0.2761423859009576, 0.2761423859009576, 0.2761423859009576, 0.2761423859009576]",True
13,LogReg,classical,LDA,gwo,1200,904,3.809093000018038,{'C': 1.3577678498955645},0.6648230088495575,0.2029850746268656,0.6538461538461539,0.3097949886104784,0.660048076923077,0.2114772149302373,0.6932451923076923,533,267,36,68,ok,0.0398659000056795,1,Bank Marketing,0.2670665178575005,38.0,"[0.2670665178575005, 0.2670665178575005, 0.2670665178575005, 0.2670665178575005, 0.2670665178575005]",True
14,LogReg,classical,LDA,gwo,1200,904,3.1629389000008814,{'C': 0.00103760455836736},0.629424778761062,0.1709401709401709,0.5769230769230769,0.2637362637362637,0.6065865384615384,0.1395654412798594,0.6677283653846153,509,291,44,60,ok,0.0436238000402227,1,Bank Marketing,0.271178520473854,31.0,"[0.271178520473854, 0.271178520473854, 0.271178520473854, 0.271178520473854, 0.271178520473854]",True
0,SVC,classical,LDA,gwo,1200,905,9.64399290003348,"{'C': 0.08421186071846148, 'gamma': 0.02106721850297606}",0.6972375690607735,0.1835205992509363,0.4666666666666667,0.2634408602150537,0.5970833333333334,0.136347866891886,0.6395714285714287,582,218,56,49,ok,0.0533259000512771,1,Bank Marketing,0.2781327708322614,96.0,"[0.2732865332373312, 0.27427641470618375, 0.27427641470618375, 0.2764660111818456, 0.2769968603969372, 0.2769968603969372, 0.2769968603969372, 0.27813277083226146, 0.27813277083226146, 0.27813277083226146, 0.27813277083226146, 0.27813277083226146]",True
1,SVC,classical,LDA,gwo,1200,904,6.464336599980015,"{'C': 0.011906587681626566, 'gamma': 0.03079136171360328}",0.6460176991150443,0.1785714285714285,0.5769230769230769,0.2727272727272727,0.6159615384615384,0.1531305423774831,0.3615024038461538,524,276,44,60,ok,0.0716565999900922,1,Bank Marketing,0.2613845886029335,56.0,"[0.25550964020668093, 0.25550964020668093, 0.26138458860293357, 0.26138458860293357, 0.26138458860293357, 0.26138458860293357, 0.26138458860293357]",True
2,SVC,classical,LDA,gwo,1200,904,5.874143599998206,"{'C': 0.4417480058119986, 'gamma': 0.0009432275639310525}",0.8008849557522124,0.2654320987654321,0.4134615384615384,0.3233082706766917,0.6323557692307692,0.2202292883079187,0.54671875,681,119,61,43,ok,0.0722353999735787,1,Bank Marketing,0.3042082269070102,48.0,"[0.29648790260440744, 0.30420822690701027, 0.30420822690701027, 0.30420822690701027, 0.30420822690701027, 0.30420822690701027]",True
3,SVC,classical,LDA,gwo,1200,904,7.828660800005309,"{'C': 0.2502978840443452, 'gamma': 0.004156439894045974}",0.7754424778761062,0.238095238095238,0.4326923076923077,0.3071672354948805,0.6263461538461539,0.1982758232426053,0.6883533653846153,656,144,59,45,ok,0.0642711999826133,1,Bank Marketing,0.2682517310424286,72.0,"[0.24702702702702703, 0.26616626400850807, 0.26616626400850807, 0.26616626400850807, 0.26825173104242866, 0.26825173104242866, 0.26825173104242866, 0.26825173104242866, 0.26825173104242866]",True
4,SVC,classical,LDA,gwo,1200,904,5.75117310002679,"{'C': 0.02473263606320359, 'gamma': 0.024987633642597065}",0.5265486725663717,0.1596638655462184,0.7307692307692307,0.2620689655172414,0.6153846153846154,0.1474735737463247,0.5,400,400,28,76,ok,0.1141942999674938,1,Bank Marketing,0.2668933120504205,48.0,"[0.2581843321067295, 0.2668933120504205, 0.2668933120504205, 0.2668933120504205, 0.2668933120504205, 0.2668933120504205]",True
5,SVC,classical,LDA,gwo,1200,905,6.456532899988815,"{'C': 2.810487744017267, 'gamma': 0.00076739364842175}",0.7591160220994475,0.2466367713004484,0.5238095238095238,0.3353658536585366,0.6569047619047619,0.2332175045457956,0.700404761904762,632,168,50,55,ok,0.0692953999969177,1,Bank Marketing,0.2856178429948922,56.0,"[0.2817542261362486, 0.2817542261362486, 0.2856178429948922, 0.2856178429948922, 0.2856178429948922, 0.2856178429948922, 0.2856178429948922]",True
6,SVC,classical,LDA,gwo,1200,904,5.624129400006495,"{'C': 100.00000000000013, 'gamma': 0.039485685488300074}",0.786504424778761,0.2541436464088398,0.4423076923076923,0.3228070175438596,0.6367788461538462,0.2181233497049428,0.6785697115384615,665,135,58,46,ok,0.0674729999736882,1,Bank Marketing,0.2814908909300154,48.0,"[0.27750480293821883, 0.2814908909300154, 0.2814908909300154, 0.2814908909300154, 0.2814908909300154, 0.2814908909300154]",True
7,SVC,classical,LDA,gwo,1200,904,7.93832899996778,"{'C': 0.4206675985673114, 'gamma': 0.005470007484512676}",0.6559734513274337,0.1964809384164222,0.6442307692307693,0.3011235955056179,0.6508653846153847,0.1986323021814876,0.7048798076923077,526,274,37,67,ok,0.0597721000085584,1,Bank Marketing,0.2998251108850187,72.0,"[0.299185640261283, 0.299185640261283, 0.299185640261283, 0.299185640261283, 0.29982511088501873, 0.29982511088501873, 0.29982511088501873, 0.29982511088501873, 0.29982511088501873]",True
8,SVC,classical,LDA,gwo,1200,904,9.029615800012834,"{'C': 16.027385203210766, 'gamma': 0.0048521047011253005}",0.6216814159292036,0.1783783783783784,0.6346153846153846,0.2784810126582278,0.6273076923076923,0.1652246399186885,0.6814302884615384,496,304,38,66,ok,0.0447835999657399,1,Bank Marketing,0.3093306668737703,96.0,"[0.3041698658125616, 0.3053493224241229, 0.3073138218675912, 0.3073138218675912, 0.3073138218675912, 0.3073138218675912, 0.3088269373377827, 0.3088269373377827, 0.3088269373377827, 0.3088269373377827, 0.3093306668737703, 0.3093306668737703]",False
9,SVC,classical,LDA,gwo,1200,904,5.116233300010208,"{'C': 0.012706104183257868, 'gamma': 0.05798171890419589}",0.6272123893805309,0.1754874651810584,0.6057692307692307,0.2721382289416846,0.6178846153846154,0.1537458189871962,0.3349759615384615,504,296,41,63,ok,0.0744760000379756,1,Bank Marketing,0.2953934048867072,40.0,"[0.2953934048867072, 0.2953934048867072, 0.2953934048867072, 0.2953934048867072, 0.2953934048867072]",True
10,SVC,classical,LDA,gwo,1200,905,5.771444699959829,"{'C': 70.96244145815103, 'gamma': 8.518933775347215}",0.5668508287292817,0.1685912240184757,0.6952380952380952,0.2713754646840148,0.6226190476190476,0.157221751391416,0.6188928571428571,440,360,32,73,ok,0.1258365000248886,1,Bank Marketing,0.2429296394306685,45.0,"[0.23044993480845524, 0.24292963943066856, 0.24292963943066856, 0.24292963943066856, 0.24292963943066856, 0.24292963943066856]",True
11,SVC,classical,LDA,gwo,1200,904,4.628272700007074,"{'C': 0.04129595303075826, 'gamma': 0.0008892582536625598}",0.7632743362831859,0.2477064220183486,0.5192307692307693,0.3354037267080745,0.6571153846153847,0.2343797394045715,0.3129206730769231,636,164,50,54,ok,0.128823300008662,1,Bank Marketing,0.3429459207318908,40.0,"[0.34294592073189084, 0.34294592073189084, 0.34294592073189084, 0.34294592073189084, 0.34294592073189084]",True
12,SVC,classical,LDA,gwo,1200,904,4.945074399991427,"{'C': 0.09626890698625355, 'gamma': 0.49476987011273055}",0.6803097345132744,0.1967213114754098,0.5769230769230769,0.293398533007335,0.6353365384615384,0.1826599742825972,0.684296875,555,245,44,60,ok,0.0804564999998547,1,Bank Marketing,0.2603348297792742,40.0,"[0.26033482977927425, 0.26033482977927425, 0.26033482977927425, 0.26033482977927425, 0.26033482977927425]",True
13,SVC,classical,LDA,gwo,1200,904,7.811475700000301,"{'C': 0.3104305029043007, 'gamma': 0.00642573349610362}",0.6349557522123894,0.1929347826086956,0.6826923076923077,0.3008474576271186,0.6557211538461538,0.2022706954547652,0.7080168269230769,503,297,33,71,ok,0.061711800051853,1,Bank Marketing,0.2680601022202723,72.0,"[0.2643919754811619, 0.2643919754811619, 0.26647192407846615, 0.26647192407846615, 0.2680601022202723, 0.2680601022202723, 0.2680601022202723, 0.2680601022202723, 0.2680601022202723]",True
14,SVC,classical,LDA,gwo,1200,904,6.4955172999762,"{'C': 100.00000000000013, 'gamma': 9.999999999999993}",0.4690265486725664,0.1505576208178438,0.7788461538461539,0.2523364485981308,0.603798076923077,0.1349426658728078,0.6413461538461538,343,457,23,81,ok,0.0942126999725587,1,Bank Marketing,0.2550005569755422,56.0,"[0.25295007189250834, 0.25295007189250834, 0.25500055697554225, 0.25500055697554225, 0.25500055697554225, 0.25500055697554225, 0.25500055697554225]",True
0,DecisionTree,classical,LDA,gwo,1200,905,3.309753800043836,"{'max_depth': 6, 'min_samples_leaf': 3}",0.4441988950276243,0.1381818181818181,0.7238095238095238,0.23206106870229,0.5656547619047618,0.0861272038922059,0.5974583333333333,326,474,29,76,ok,0.0391231999965384,1,Bank Marketing,0.2482881613819321,38.0,"[0.2482881613819321, 0.2482881613819321, 0.2482881613819321, 0.2482881613819321, 0.2482881613819321]",True
1,DecisionTree,classical,LDA,gwo,1200,904,3.00460619997466,"{'max_depth': 3, 'min_samples_leaf': 10}",0.6006637168141593,0.1858190709046454,0.7307692307692307,0.2962962962962963,0.6572596153846153,0.2016251086848943,0.7181610576923078,467,333,28,76,ok,0.043213700002525,1,Bank Marketing,0.2751426823023991,32.0,"[0.2751426823023991, 0.2751426823023991, 0.2751426823023991, 0.2751426823023991, 0.2751426823023991]",True
2,DecisionTree,classical,LDA,gwo,1200,904,2.597888799966313,"{'max_depth': 3, 'min_samples_leaf': 15}",0.504424778761062,0.1460905349794238,0.6826923076923077,0.2406779661016949,0.5819711538461538,0.1049171371671394,0.6470913461538462,385,415,33,71,ok,0.0503606999991461,1,Bank Marketing,0.2169974094699803,32.0,"[0.21699740946998033, 0.21699740946998033, 0.21699740946998033, 0.21699740946998033, 0.21699740946998033]",True
3,DecisionTree,classical,LDA,gwo,1200,904,3.669334600039292,"{'max_depth': 13, 'min_samples_leaf': 2}",0.6747787610619469,0.158273381294964,0.4230769230769231,0.2303664921465968,0.5652884615384616,0.0902856084609022,0.600234375,566,234,60,44,ok,0.0348078999668359,1,Bank Marketing,0.3184099675526032,43.0,"[0.3057724674756424, 0.31840996755260326, 0.31840996755260326, 0.31840996755260326, 0.31840996755260326, 0.31840996755260326]",True
4,DecisionTree,classical,LDA,gwo,1200,904,2.9612169000320137,"{'max_depth': 10, 'min_samples_leaf': 17}",0.6426991150442478,0.1844380403458213,0.6153846153846154,0.2838137472283814,0.6308173076923077,0.1716581906811076,0.6164783653846154,517,283,40,64,ok,0.0552299999981187,1,Bank Marketing,0.2370406011997591,34.0,"[0.2370406011997591, 0.2370406011997591, 0.2370406011997591, 0.2370406011997591, 0.2370406011997591]",True
5,DecisionTree,classical,LDA,gwo,1200,905,3.4714837000356056,"{'max_depth': 3, 'min_samples_leaf': 16}",0.6817679558011049,0.1919191919191919,0.5428571428571428,0.2835820895522388,0.6214285714285714,0.1656382029548725,0.6485416666666667,560,240,48,57,ok,0.0421340999891981,1,Bank Marketing,0.2650258238493532,39.0,"[0.2558377896613191, 0.2558377896613191, 0.2558377896613191, 0.26502582384935325, 0.26502582384935325, 0.26502582384935325, 0.26502582384935325, 0.26502582384935325]",True
6,DecisionTree,classical,LDA,gwo,1200,904,3.012227799976245,"{'max_depth': 2, 'min_samples_leaf': 10}",0.6061946902654868,0.1896551724137931,0.7403846153846154,0.3019607843137254,0.6645673076923078,0.2111336884678976,0.6966826923076923,471,329,27,77,ok,0.0419846000149846,1,Bank Marketing,0.2947457627118644,34.0,"[0.2947457627118644, 0.2947457627118644, 0.2947457627118644, 0.2947457627118644, 0.2947457627118644]",True
7,DecisionTree,classical,LDA,gwo,1200,904,3.54588029999286,"{'max_depth': 2, 'min_samples_leaf': 12}",0.6139380530973452,0.1680216802168021,0.5961538461538461,0.2621564482029598,0.6062019230769231,0.1378903791091543,0.6584014423076923,493,307,42,62,ok,0.0369557999656535,1,Bank Marketing,0.3222733288778813,42.0,"[0.31623468153488615, 0.3208054548736963, 0.32227332887788135, 0.32227332887788135, 0.32227332887788135, 0.32227332887788135, 0.32227332887788135]",True
8,DecisionTree,classical,LDA,gwo,1200,904,3.162338100024499,"{'max_depth': 3, 'min_samples_leaf': 6}",0.7345132743362832,0.211864406779661,0.4807692307692308,0.2941176470588235,0.6241346153846153,0.1803600425342856,0.6815625000000001,614,186,54,50,ok,0.0441834999946877,1,Bank Marketing,0.2726931744392531,36.0,"[0.27269317443925317, 0.27269317443925317, 0.27269317443925317, 0.27269317443925317, 0.27269317443925317]",True
9,DecisionTree,classical,LDA,gwo,1200,904,2.7177321999915875,"{'max_depth': 2, 'min_samples_leaf': 4}",0.709070796460177,0.2022471910112359,0.5192307692307693,0.2911051212938005,0.6264903846153846,0.1769391045542524,0.668515625,587,213,50,54,ok,0.0586395999998785,1,Bank Marketing,0.3148267786481467,32.0,"[0.3148267786481467, 0.3148267786481467, 0.3148267786481467, 0.3148267786481467, 0.3148267786481467]",True
10,DecisionTree,classical,LDA,gwo,1200,905,3.3280391999869607,"{'max_depth': 4, 'min_samples_leaf': 9}",0.6453038674033149,0.1666666666666666,0.5142857142857142,0.2517482517482518,0.5883928571428572,0.1180935666511369,0.6187202380952381,530,270,51,54,ok,0.0375968000153079,1,Bank Marketing,0.2532974887249474,38.0,"[0.253261758421483, 0.253261758421483, 0.253261758421483, 0.25329748872494745, 0.25329748872494745]",True
11,DecisionTree,classical,LDA,gwo,1200,904,3.361374300031457,"{'max_depth': 4, 'min_samples_leaf': 2}",0.5940265486725663,0.1493333333333333,0.5384615384615384,0.2338204592901878,0.5698557692307692,0.090479557563417,0.5956250000000001,481,319,48,56,ok,0.0382726999814622,1,Bank Marketing,0.2563512762906095,39.0,"[0.2517772401618865, 0.2517772401618865, 0.2563512762906095, 0.2563512762906095, 0.2563512762906095, 0.2563512762906095, 0.2563512762906095]",True
12,DecisionTree,classical,LDA,gwo,1200,904,3.9306082999682985,"{'max_depth': 8, 'min_samples_leaf': 7}",0.6648230088495575,0.1737704918032787,0.5096153846153846,0.2591687041564792,0.5973076923076923,0.1313334948305423,0.6176682692307692,548,252,51,53,ok,0.0292053000302985,1,Bank Marketing,0.2961875862966683,47.0,"[0.28611954251636784, 0.28611954251636784, 0.2961875862966683, 0.2961875862966683, 0.2961875862966683, 0.2961875862966683, 0.2961875862966683]",True
13,DecisionTree,classical,LDA,gwo,1200,904,3.3093144000158645,"{'max_depth': 4, 'min_samples_leaf': 10}",0.7400442477876106,0.2236286919831223,0.5096153846153846,0.3108504398826979,0.6398076923076923,0.2028549623260644,0.6648377403846154,616,184,51,53,ok,0.0375366999651305,1,Bank Marketing,0.3072917918920724,37.0,"[0.3072917918920724, 0.3072917918920724, 0.3072917918920724, 0.3072917918920724, 0.3072917918920724]",True
14,DecisionTree,classical,LDA,gwo,1200,904,2.114656899997499,"{'max_depth': 2, 'min_samples_leaf': 4}",0.7278761061946902,0.1965811965811965,0.4423076923076923,0.272189349112426,0.6036538461538461,0.1510190556808689,0.6500120192307692,612,188,58,46,ok,0.0518720999825745,1,Bank Marketing,0.2964817357129398,24.0,"[0.2964817357129398, 0.2964817357129398, 0.2964817357129398, 0.2964817357129398, 0.2964817357129398]",True
0,RandomForest,classical,LDA,gwo,1200,905,43.35869569994975,"{'max_depth': 5, 'min_samples_leaf': 16, 'max_features': 'sqrt'}",0.630939226519337,0.1602373887240356,0.5142857142857142,0.2443438914027149,0.5802678571428571,0.1063462522346334,0.6108392857142857,517,283,51,54,ok,0.3188938000239432,1,Bank Marketing,0.252029579005415,39.0,"[0.252029579005415, 0.252029579005415, 0.252029579005415, 0.252029579005415, 0.252029579005415]",True
1,RandomForest,classical,LDA,gwo,1200,904,52.16877729998669,"{'max_depth': 7, 'min_samples_leaf': 3, 'max_features': 'sqrt'}",0.6526548672566371,0.1759259259259259,0.5480769230769231,0.2663551401869158,0.6071634615384616,0.142610627375302,0.6261899038461538,533,267,47,57,ok,0.2770334999659098,1,Bank Marketing,0.2738368935316986,49.0,"[0.2706350431307986, 0.2706350431307986, 0.2709208068413566, 0.27338007262113245, 0.27338007262113245, 0.27338007262113245, 0.27383689353169866, 0.27383689353169866, 0.27383689353169866, 0.27383689353169866, 0.27383689353169866]",True
2,RandomForest,classical,LDA,gwo,1200,904,36.947894900047686,"{'max_depth': 2, 'min_samples_leaf': 20, 'max_features': 'log2'}",0.6913716814159292,0.2131147540983606,0.625,0.3178484107579462,0.6625,0.2193217453197793,0.7328245192307692,560,240,39,65,ok,0.3702959999791346,1,Bank Marketing,0.2521951998297057,32.0,"[0.24561086174940264, 0.2521951998297057, 0.2521951998297057, 0.2521951998297057, 0.2521951998297057, 0.2521951998297057]",True
3,RandomForest,classical,LDA,gwo,1200,904,39.80940779997036,"{'max_depth': 18, 'min_samples_leaf': 20, 'max_features': 'sqrt'}",0.6150442477876106,0.1611111111111111,0.5576923076923077,0.25,0.5900961538461539,0.1174484285057556,0.646610576923077,498,302,46,58,ok,0.3976613000268116,1,Bank Marketing,0.2744685936585647,35.0,"[0.27446859365856474, 0.27446859365856474, 0.27446859365856474, 0.27446859365856474, 0.27446859365856474]",True
4,RandomForest,classical,LDA,gwo,1200,904,34.274554100004025,"{'max_depth': 2, 'min_samples_leaf': 20, 'max_features': None}",0.5663716814159292,0.1756756756756756,0.75,0.2846715328467153,0.64625,0.1866883136125102,0.7092908653846154,434,366,26,78,ok,0.4352690000087023,1,Bank Marketing,0.2805526831526181,31.0,"[0.2730509708753061, 0.2805526831526181, 0.2805526831526181, 0.2805526831526181, 0.2805526831526181, 0.2805526831526181]",True
5,RandomForest,classical,LDA,gwo,1200,905,48.51846910000313,"{'max_depth': 2, 'min_samples_leaf': 5, 'max_features': 'sqrt'}",0.7226519337016575,0.2103174603174603,0.5047619047619047,0.2969187675070028,0.6280059523809524,0.1829123135161875,0.6716488095238096,601,199,52,53,ok,0.2992908000014722,1,Bank Marketing,0.2756820444350749,46.0,"[0.2620533993944399, 0.26301158301158306, 0.2756820444350749, 0.2756820444350749, 0.2756820444350749, 0.2756820444350749, 0.2756820444350749]",True
6,RandomForest,classical,LDA,gwo,1200,904,59.697483199997805,"{'max_depth': 4, 'min_samples_leaf': 8, 'max_features': None}",0.6626106194690266,0.1809523809523809,0.5480769230769231,0.2720763723150358,0.6127884615384616,0.1510578876441217,0.6649579326923077,542,258,47,57,ok,0.2181773000047542,1,Bank Marketing,0.2739881803863771,64.0,"[0.2721669712821159, 0.27319416603304075, 0.27319416603304075, 0.27319416603304075, 0.2739881803863771, 0.2739881803863771, 0.2739881803863771, 0.2739881803863771, 0.2739881803863771]",True
7,RandomForest,classical,LDA,gwo,1200,904,51.398355400015134,"{'max_depth': 11, 'min_samples_leaf': 10, 'max_features': 'sqrt'}",0.6183628318584071,0.1698630136986301,0.5961538461538461,0.2643923240938166,0.6087019230769231,0.1413800306153814,0.6479867788461539,497,303,42,62,ok,0.2761786999762989,1,Bank Marketing,0.2600179738715188,49.0,"[0.2591440019802593, 0.2591440019802593, 0.26001797387151887, 0.26001797387151887, 0.26001797387151887, 0.26001797387151887, 0.26001797387151887]",True
8,RandomForest,classical,LDA,gwo,1200,904,41.8630828000023,"{'max_depth': 2, 'min_samples_leaf': 12, 'max_features': 'log2'}",0.7876106194690266,0.238095238095238,0.3846153846153846,0.2941176470588235,0.6123076923076923,0.1842500499446408,0.6333533653846155,672,128,64,40,ok,0.3499617999768816,1,Bank Marketing,0.2952294204904533,38.0,"[0.29076341545540485, 0.2952294204904533, 0.2952294204904533, 0.2952294204904533, 0.2952294204904533, 0.2952294204904533]",True
9,RandomForest,classical,LDA,gwo,1200,904,48.80634559999453,"{'max_depth': 8, 'min_samples_leaf': 18, 'max_features': 'log2'}",0.6769911504424779,0.2080745341614907,0.6442307692307693,0.3145539906103286,0.6627403846153846,0.2168690458360067,0.6916045673076923,545,255,37,67,ok,0.2975421999581158,1,Bank Marketing,0.3012426603432701,46.0,"[0.3000025809781907, 0.3000025809781907, 0.3000025809781907, 0.3012426603432701, 0.3012426603432701, 0.3012426603432701, 0.3012426603432701, 0.3012426603432701]",True
10,RandomForest,classical,LDA,gwo,1200,905,51.70291630004067,"{'max_depth': 7, 'min_samples_leaf': 6, 'max_features': 'sqrt'}",0.7060773480662983,0.1867704280155642,0.4571428571428571,0.2651933701657458,0.5979464285714285,0.139124680183629,0.6659702380952381,591,209,57,48,ok,0.2870581000461243,1,Bank Marketing,0.2841797222400091,49.0,"[0.27768317983509566, 0.27768317983509566, 0.2841797222400091, 0.2841797222400091, 0.2841797222400091, 0.2841797222400091, 0.2841797222400091]",True
11,RandomForest,classical,LDA,gwo,1200,904,41.22577530000126,"{'max_depth': 4, 'min_samples_leaf': 12, 'max_features': None}",0.7245575221238938,0.1777777777777777,0.3846153846153846,0.243161094224924,0.5766826923076923,0.1131782214899098,0.6052584134615384,615,185,64,40,ok,0.3610060999635607,1,Bank Marketing,0.3006745172237368,38.0,"[0.3006745172237368, 0.3006745172237368, 0.3006745172237368, 0.3006745172237368, 0.3006745172237368]",True
12,RandomForest,classical,LDA,gwo,1200,904,56.71292820002418,"{'max_depth': 11, 'min_samples_leaf': 2, 'max_features': 'sqrt'}",0.6548672566371682,0.1729559748427672,0.5288461538461539,0.2606635071090047,0.6000480769230769,0.1337020407274031,0.6340084134615385,537,263,49,55,ok,0.249618100002408,1,Bank Marketing,0.2452367068473312,56.0,"[0.23511356403133601, 0.23511356403133601, 0.23520326261443014, 0.2444491925288891, 0.24523670684733126, 0.24523670684733126, 0.24523670684733126, 0.24523670684733126, 0.24523670684733126]",True
13,RandomForest,classical,LDA,gwo,1200,904,41.99764199997298,"{'max_depth': 9, 'min_samples_leaf': 18, 'max_features': 'log2'}",0.6991150442477876,0.2162162162162162,0.6153846153846154,0.32,0.6626923076923077,0.2212386669692647,0.6599459134615385,568,232,40,64,ok,0.404119000013452,1,Bank Marketing,0.2752369324631031,38.0,"[0.27523693246310316, 0.27523693246310316, 0.27523693246310316, 0.27523693246310316, 0.27523693246310316]",True
14,RandomForest,classical,LDA,gwo,1200,904,48.60679879999952,"{'max_depth': 3, 'min_samples_leaf': 1, 'max_features': None}",0.6969026548672567,0.2048611111111111,0.5673076923076923,0.3010204081632653,0.6405288461538461,0.1924733207341128,0.6831069711538461,571,229,45,59,ok,0.3123743000323884,1,Bank Marketing,0.27328937911981,46.0,"[0.265778474399164, 0.265778474399164, 0.2677397891921403, 0.2677397891921403, 0.2710819324681358, 0.27257461579869685, 0.27328937911981005, 0.27328937911981005, 0.27328937911981005, 0.27328937911981005, 0.27328937911981005]",True
0,MLP,classical,LDA,gwo,1200,905,17.97548610001104,"{'alpha': 0.01715560360786642, 'learning_rate_init': 0.10000000000000006}",0.6088397790055249,0.1715039577836411,0.6190476190476191,0.268595041322314,0.6132738095238095,0.1470573271619458,0.6757261904761903,486,314,40,65,ok,0.0846156000043265,1,Bank Marketing,0.274004261004586,72.0,"[0.26127047504084505, 0.26338355840902034, 0.26430919020436405, 0.26695780761743665, 0.274004261004586, 0.274004261004586, 0.274004261004586, 0.274004261004586, 0.274004261004586]",True
1,MLP,classical,LDA,gwo,1200,904,27.01784599997336,"{'alpha': 2.0319072137006112e-06, 'learning_rate_init': 0.00010000000000000009}",0.6028761061946902,0.1804511278195488,0.6923076923076923,0.2862823061630218,0.6417788461538462,0.1822094761339204,0.7106009615384615,473,327,32,72,ok,0.2964200000278651,1,Bank Marketing,0.255050505050505,46.0,"[0.2544585060896117, 0.255050505050505, 0.255050505050505, 0.255050505050505, 0.255050505050505, 0.255050505050505]",True
2,MLP,classical,LDA,gwo,1200,904,31.172356499999296,"{'alpha': 0.00019443643463180814, 'learning_rate_init': 0.00012736003747998548}",0.6393805309734514,0.1696428571428571,0.5480769230769231,0.2590909090909091,0.5996634615384615,0.1316084636602498,0.6415144230769231,521,279,47,57,ok,0.1556845000013709,1,Bank Marketing,0.3006523192569704,56.0,"[0.29833442296317053, 0.29833442296317053, 0.30065231925697045, 0.30065231925697045, 0.30065231925697045, 0.30065231925697045, 0.30065231925697045]",True
3,MLP,classical,LDA,gwo,1200,904,15.602095299982466,"{'alpha': 0.016145813582835518, 'learning_rate_init': 0.027027789015326376}",0.6183628318584071,0.1752021563342318,0.625,0.2736842105263158,0.6212500000000001,0.1572978717975129,0.6859855769230769,494,306,39,65,ok,0.1498184999800287,1,Bank Marketing,0.2579945799457994,48.0,"[0.257233520564675, 0.25799457994579944, 0.25799457994579944, 0.25799457994579944, 0.25799457994579944, 0.25799457994579944]",True
4,MLP,classical,LDA,gwo,1200,904,25.089370400004555,"{'alpha': 0.028651389024834106, 'learning_rate_init': 0.0017255306184740015}",0.6327433628318584,0.1779661016949152,0.6057692307692307,0.2751091703056768,0.6210096153846154,0.1582080448926935,0.6602163461538462,509,291,41,63,ok,0.0642427999991923,1,Bank Marketing,0.2346276734480959,96.0,"[0.2314601968834029, 0.23181044416509533, 0.23181044416509533, 0.23338742701854456, 0.23338742701854456, 0.23380890604292523, 0.23380890604292523, 0.23421815507095878, 0.23421815507095878, 0.23421815507095878, 0.23421815507095878, 0.23462767344809599]",False
5,MLP,classical,LDA,gwo,1200,905,39.47320539999055,"{'alpha': 2.187415828367364e-05, 'learning_rate_init': 0.00018090965698606154}",0.6143646408839779,0.1534090909090909,0.5142857142857142,0.2363238512035011,0.5708928571428571,0.0931404262379587,0.5976190476190477,502,298,51,54,ok,0.1256122000049799,1,Bank Marketing,0.2628558509676252,80.0,"[0.25968605833137853, 0.25968605833137853, 0.26234175478188726, 0.26234175478188726, 0.26234175478188726, 0.26285585096762526, 0.26285585096762526, 0.26285585096762526, 0.26285585096762526, 0.26285585096762526]",True
6,MLP,classical,LDA,gwo,1200,904,18.667004699993413,"{'alpha': 0.00016960194692008186, 'learning_rate_init': 0.02144334559248387}",0.6692477876106194,0.1844660194174757,0.5480769230769231,0.2760290556900726,0.6165384615384616,0.1567917533692443,0.690625,548,252,47,57,ok,0.0951992000336758,1,Bank Marketing,0.2756026559382462,72.0,"[0.2730081138600691, 0.2730081138600691, 0.2730081138600691, 0.2730081138600691, 0.2756026559382462, 0.2756026559382462, 0.2756026559382462, 0.2756026559382462, 0.2756026559382462]",True
7,MLP,classical,LDA,gwo,1200,904,14.49364900001092,"{'alpha': 0.004728494026905965, 'learning_rate_init': 0.022844297184658635}",0.6880530973451328,0.220125786163522,0.6730769230769231,0.3317535545023696,0.6815384615384615,0.2426039912478012,0.7204326923076925,552,248,34,70,ok,0.0836585000506602,1,Bank Marketing,0.2836502678607941,40.0,"[0.28365026786079417, 0.28365026786079417, 0.28365026786079417, 0.28365026786079417, 0.28365026786079417]",True
8,MLP,classical,LDA,gwo,1200,904,22.362461600045208,"{'alpha': 5.674184971320588e-05, 'learning_rate_init': 0.08519002536446933}",0.6017699115044248,0.1666666666666666,0.6153846153846154,0.2622950819672131,0.6076923076923078,0.1390301714023175,0.6818870192307691,480,320,40,64,ok,0.0662911999970674,1,Bank Marketing,0.2707643112627536,80.0,"[0.2621594982078853, 0.2629569033804909, 0.2691734276402469, 0.2691734276402469, 0.2700767110152223, 0.27076431126275363, 0.27076431126275363, 0.27076431126275363, 0.27076431126275363, 0.27076431126275363]",True
9,MLP,classical,LDA,gwo,1200,904,20.42426570004318,"{'alpha': 0.00036558384171615614, 'learning_rate_init': 0.04147131758621362}",0.6692477876106194,0.1943573667711598,0.5961538461538461,0.293144208037825,0.6374519230769231,0.18355626184686,0.6903966346153845,543,257,42,62,ok,0.0517590999952517,1,Bank Marketing,0.2444454724895139,64.0,"[0.24206349206349206, 0.2423857436853243, 0.2423857436853243, 0.24444547248951395, 0.24444547248951395, 0.24444547248951395, 0.24444547248951395, 0.24444547248951395]",True
10,MLP,classical,LDA,gwo,1200,905,26.67972820001887,"{'alpha': 2.2755814148026907e-05, 'learning_rate_init': 0.10000000000000006}",0.5580110497237569,0.1561771561771562,0.638095238095238,0.250936329588015,0.592797619047619,0.1190349104889327,0.6402619047619048,438,362,38,67,ok,0.0473382999771274,1,Bank Marketing,0.2724921865097889,96.0,"[0.26540421271590897, 0.27034260246630026, 0.27034260246630026, 0.27034260246630026, 0.27034260246630026, 0.2715792067011579, 0.2715792067011579, 0.2715792067011579, 0.2715792067011579, 0.2724921865097889, 0.2724921865097889, 0.2724921865097889]",False
11,MLP,classical,LDA,gwo,1200,904,25.976586500008125,"{'alpha': 0.0001709677403851437, 'learning_rate_init': 0.10000000000000006}",0.6991150442477876,0.2142857142857142,0.6057692307692307,0.3165829145728643,0.6585096153846154,0.215927863812765,0.7220673076923076,569,231,41,63,ok,0.0558063999633304,1,Bank Marketing,0.3390322580645161,95.0,"[0.32436204146730463, 0.32576201680492317, 0.3320797720797721, 0.3320797720797721, 0.3320797720797721, 0.33240238266841904, 0.33240238266841904, 0.33240238266841904, 0.33609134091061804, 0.33731002223755846, 0.33903225806451615, 0.33903225806451615]",False
12,MLP,classical,LDA,gwo,1200,904,26.294656899990517,"{'alpha': 0.004270598591396488, 'learning_rate_init': 0.10000000000000006}",0.6460176991150443,0.1860465116279069,0.6153846153846154,0.2857142857142857,0.6326923076923077,0.1744071041442335,0.6782091346153847,520,280,40,64,ok,0.0516529000014998,1,Bank Marketing,0.2624496494859927,96.0,"[0.25004079967360265, 0.25399584076054665, 0.25399584076054665, 0.25399584076054665, 0.2621095695590296, 0.2621095695590296, 0.2621095695590296, 0.2624496494859927, 0.2624496494859927, 0.2624496494859927, 0.2624496494859927, 0.2624496494859927]",True
13,MLP,classical,LDA,gwo,1200,904,20.14634690003004,"{'alpha': 6.684881124222153e-05, 'learning_rate_init': 0.03290855154943309}",0.6305309734513275,0.1695402298850574,0.5673076923076923,0.2610619469026549,0.6030288461538462,0.1351211949010113,0.6614903846153846,511,289,45,59,ok,0.0854215999715961,1,Bank Marketing,0.2784408151870463,72.0,"[0.2712386278811578, 0.27602705504026365, 0.27602705504026365, 0.277544664543639, 0.27844081518704633, 0.27844081518704633, 0.27844081518704633, 0.27844081518704633, 0.27844081518704633]",True
14,MLP,classical,LDA,gwo,1200,904,27.00455889996374,"{'alpha': 4.3521774981687573e-05, 'learning_rate_init': 0.027792839150142266}",0.7323008849557522,0.2,0.4423076923076923,0.2754491017964072,0.6061538461538462,0.1555369314546756,0.6496274038461538,616,184,58,46,ok,0.0619631999870762,1,Bank Marketing,0.3342798592369769,96.0,"[0.3280858372311648, 0.3280858372311648, 0.3280858372311648, 0.3280858372311648, 0.32898122603592445, 0.32898122603592445, 0.32898122603592445, 0.33427985923697695, 0.33427985923697695, 0.33427985923697695, 0.33427985923697695, 0.33427985923697695]",True
0,XGBoost,classical,LDA,gwo,1200,905,10.7052850999753,"{'max_depth': 2, 'learning_rate': 0.001930699530053853, 'subsample': 0.5}",0.6817679558011049,0.1960132890365448,0.5619047619047619,0.2906403940886699,0.629702380952381,0.176325802910409,0.6945119047619047,558,242,46,59,ok,0.0976470000459812,1,Bank Marketing,0.329309527313157,56.0,"[0.3214545725440798, 0.32381973489593285, 0.32930952731315705, 0.32930952731315705, 0.32930952731315705, 0.32930952731315705, 0.32930952731315705]",True
1,XGBoost,classical,LDA,gwo,1200,904,11.08670310000889,"{'max_depth': 2, 'learning_rate': 0.0043849747885029156, 'subsample': 0.5524721647839812}",0.6847345132743363,0.1911262798634812,0.5384615384615384,0.2821158690176322,0.6211057692307692,0.1651209110062764,0.6739963942307692,563,237,48,56,ok,0.0723288000444881,1,Bank Marketing,0.2520314560623516,56.0,"[0.24946647266603875, 0.24946647266603875, 0.2520314560623516, 0.2520314560623516, 0.2520314560623516, 0.2520314560623516, 0.2520314560623516]",True
2,XGBoost,classical,LDA,gwo,1200,904,13.895914699998684,"{'max_depth': 3, 'learning_rate': 0.0023349113798517124, 'subsample': 0.6152695937506434}",0.6061946902654868,0.1576086956521739,0.5576923076923077,0.2457627118644068,0.5850961538461539,0.1105338471611406,0.6317247596153847,490,310,46,58,ok,0.0714267000439576,1,Bank Marketing,0.2750367081334839,72.0,"[0.2712447431764704, 0.2740602771570529, 0.2741120906285555, 0.2741120906285555, 0.2750367081334839, 0.2750367081334839, 0.2750367081334839, 0.2750367081334839, 0.2750367081334839]",True
3,XGBoost,classical,LDA,gwo,1200,904,10.462199300003704,"{'max_depth': 2, 'learning_rate': 0.014201960806473037, 'subsample': 0.6211263898315537}",0.6161504424778761,0.1742627345844504,0.625,0.2725366876310272,0.62,0.155550434445553,0.6662620192307693,492,308,39,65,ok,0.1240299000055529,1,Bank Marketing,0.2860571028201086,48.0,"[0.2850511525688908, 0.2860571028201086, 0.2860571028201086, 0.2860571028201086, 0.2860571028201086, 0.2860571028201086]",True
4,XGBoost,classical,LDA,gwo,1200,904,10.977266200003214,"{'max_depth': 2, 'learning_rate': 0.004239671943286251, 'subsample': 0.561804632242315}",0.7842920353982301,0.254054054054054,0.4519230769230769,0.3252595155709342,0.6397115384615385,0.2209905101256512,0.6893629807692307,662,138,57,47,ok,0.1074025999987497,1,Bank Marketing,0.2878856721755425,56.0,"[0.28660623629098564, 0.2874517235029916, 0.28788567217554256, 0.28788567217554256, 0.28788567217554256, 0.28788567217554256, 0.28788567217554256]",True
5,XGBoost,classical,LDA,gwo,1200,905,15.398063300002832,"{'max_depth': 2, 'learning_rate': 0.0013700908763623265, 'subsample': 0.6484267397177851}",0.7436464088397791,0.2202643171806167,0.4761904761904761,0.3012048192771084,0.6274702380952382,0.1883435101867015,0.6962678571428571,623,177,55,50,ok,0.0619057000149041,1,Bank Marketing,0.2804599095068037,80.0,"[0.2717795455757382, 0.2717795455757382, 0.2717795455757382, 0.2798942119395151, 0.2798942119395151, 0.2804599095068037, 0.2804599095068037, 0.2804599095068037, 0.2804599095068037, 0.2804599095068037]",True
6,XGBoost,classical,LDA,gwo,1200,904,15.408726699999534,"{'max_depth': 10, 'learning_rate': 0.09584156563931119, 'subsample': 0.5498863740679729}",0.6227876106194691,0.1805929919137466,0.6442307692307693,0.2821052631578947,0.6321153846153846,0.1713935573749269,0.6916105769230769,496,304,37,67,ok,0.0890260000014677,1,Bank Marketing,0.2661644526852921,72.0,"[0.26413895839973595, 0.26413895839973595, 0.26413895839973595, 0.26413895839973595, 0.26616445268529215, 0.26616445268529215, 0.26616445268529215, 0.26616445268529215, 0.26616445268529215]",True
7,XGBoost,classical,LDA,gwo,1200,904,16.517842300003394,"{'max_depth': 2, 'learning_rate': 0.0026514345843635457, 'subsample': 0.5140455637566927}",0.6935840707964602,0.1986062717770035,0.5480769230769231,0.2915601023017903,0.6302884615384616,0.1786134192322176,0.6960817307692307,570,230,47,57,ok,0.0597567000077106,1,Bank Marketing,0.2827668570322751,88.0,"[0.2616810966810967, 0.2653464981423606, 0.27429819349324, 0.27429819349324, 0.27429819349324, 0.2813520842319253, 0.28276685703227517, 0.28276685703227517, 0.28276685703227517, 0.28276685703227517, 0.28276685703227517]",True
8,XGBoost,classical,LDA,gwo,1200,904,16.943500800000038,"{'max_depth': 2, 'learning_rate': 0.002236535694063969, 'subsample': 0.9632945694986401}",0.6880530973451328,0.1972789115646258,0.5576923076923077,0.2914572864321608,0.6313461538461538,0.1789247570325975,0.6518509615384616,564,236,46,58,ok,0.0542591000557877,1,Bank Marketing,0.2878820122709779,96.0,"[0.26895256287347574, 0.2748978564877092, 0.2790931847788035, 0.2790931847788035, 0.28577813324402196, 0.28577813324402196, 0.28671242162770305, 0.28671242162770305, 0.2878820122709779, 0.2878820122709779, 0.2878820122709779, 0.2878820122709779]",False
9,XGBoost,classical,LDA,gwo,1200,904,16.276643500023056,"{'max_depth': 10, 'learning_rate': 0.0010418675314381083, 'subsample': 0.5162736091796445}",0.6028761061946902,0.1705426356589147,0.6346153846153846,0.2688391038696537,0.6166826923076922,0.1504864322880037,0.65765625,479,321,38,66,ok,0.0741654000012204,1,Bank Marketing,0.2946393494146304,80.0,"[0.2780333525014376, 0.2930057531121361, 0.2935573685573685, 0.29409533669310206, 0.29409533669310206, 0.2946393494146304, 0.2946393494146304, 0.2946393494146304, 0.2946393494146304, 0.2946393494146304]",True
10,XGBoost,classical,LDA,gwo,1200,905,11.29753390001133,"{'max_depth': 2, 'learning_rate': 0.008581769117252355, 'subsample': 0.7669218732063516}",0.7060773480662983,0.198501872659176,0.5047619047619047,0.2849462365591398,0.6186309523809523,0.1666102383295701,0.6427380952380952,586,214,52,53,ok,0.0746461999951861,1,Bank Marketing,0.259679603941899,56.0,"[0.2501629374593008, 0.2531906065886648, 0.259679603941899, 0.259679603941899, 0.259679603941899, 0.259679603941899, 0.259679603941899]",True
11,XGBoost,classical,LDA,gwo,1200,904,10.312767700001132,"{'max_depth': 4, 'learning_rate': 0.0022153790172186683, 'subsample': 1.0}",0.6139380530973452,0.144927536231884,0.4807692307692308,0.22271714922049,0.5560096153846154,0.0735764445889951,0.6072235576923076,505,295,54,50,ok,0.144517199951224,1,Bank Marketing,0.2432242034198004,48.0,"[0.2361033931127389, 0.24322420341980044, 0.24322420341980044, 0.24322420341980044, 0.24322420341980044, 0.24322420341980044]",True
12,XGBoost,classical,LDA,gwo,1200,904,17.940061100001913,"{'max_depth': 4, 'learning_rate': 0.0010187310451447065, 'subsample': 0.6106518015619585}",0.6803097345132744,0.1731448763250883,0.4711538461538461,0.2532299741602067,0.5893269230769231,0.1229235278030537,0.6262620192307693,566,234,55,49,ok,0.0550362999783828,1,Bank Marketing,0.2610643442472347,96.0,"[0.25297645089741455, 0.255259487033753, 0.2602980859010271, 0.2602980859010271, 0.2602980859010271, 0.2605562217734018, 0.2605562217734018, 0.2605562217734018, 0.26106434424723474, 0.26106434424723474, 0.26106434424723474, 0.26106434424723474]",False
13,XGBoost,classical,LDA,gwo,1200,904,9.207248400023673,"{'max_depth': 8, 'learning_rate': 0.04376718443804929, 'subsample': 0.729508801513793}",0.5873893805309734,0.1506493506493506,0.5576923076923077,0.2372188139059304,0.5744711538461539,0.0961093628035921,0.648858173076923,473,327,46,58,ok,0.122316499997396,1,Bank Marketing,0.2709827946842225,40.0,"[0.2709827946842225, 0.2709827946842225, 0.2709827946842225, 0.2709827946842225, 0.2709827946842225]",True
14,XGBoost,classical,LDA,gwo,1200,904,16.98480729997391,"{'max_depth': 9, 'learning_rate': 0.00293811113766585, 'subsample': 0.7728564764719524}",0.6050884955752213,0.181360201511335,0.6923076923076923,0.2874251497005988,0.6430288461538461,0.1839145381431913,0.7036778846153846,475,325,32,72,ok,0.0791923999786377,1,Bank Marketing,0.2774168552051537,80.0,"[0.2679510165132433, 0.2714671050101625, 0.2748043834890416, 0.27629396657835076, 0.27629396657835076, 0.27741685520515375, 0.27741685520515375, 0.27741685520515375, 0.27741685520515375, 0.27741685520515375]",True
0,VQC,quantum,LDA,gwo,1200,905,633.7985014000442,"{'n_layers': 3, 'learning_rate': 0.015477163405876812, 'map_reps': 1, 'feature_map': 'angle', 'entanglement': 'linear', 'init_scale': 0.14902688831630326}",0.6475138121546962,0.1677018633540372,0.5142857142857142,0.2529274004683841,0.5896428571428571,0.1199286971154068,0.6196190476190475,532,268,51,54,ok,2.834239499992691,1,Bank Marketing,0.2857295803434674,88.0,"[0.27299924509881984, 0.28360620723641666, 0.28360620723641666, 0.28360620723641666, 0.28551362293693583, 0.28551362293693583, 0.2857295803434674, 0.2857295803434674, 0.2857295803434674, 0.2857295803434674, 0.2857295803434674]",True
1,VQC,quantum,LDA,gwo,1200,904,569.0997506999993,"{'n_layers': 5, 'learning_rate': 0.03857521142730244, 'map_reps': 1, 'feature_map': 'angle', 'entanglement': 'linear', 'init_scale': 0.01}",0.5564159292035398,0.1692650334075723,0.7307692307692307,0.2748643761301989,0.6322596153846154,0.1688068420539388,0.6905048076923077,427,373,28,76,ok,4.567098900035489,1,Bank Marketing,0.299897986819536,56.0,"[0.28699945621916784, 0.29068451088754926, 0.299897986819536, 0.299897986819536, 0.299897986819536, 0.299897986819536, 0.299897986819536]",True
2,VQC,quantum,LDA,gwo,1200,904,669.4506041000132,"{'n_layers': 2, 'learning_rate': 0.43635931990188526, 'map_reps': 1, 'feature_map': 'angle', 'entanglement': 'circular', 'init_scale': 0.3903770771749502}",0.6603982300884956,0.1693811074918566,0.5,0.2530413625304136,0.590625,0.1221190241164618,0.6138100961538461,545,255,52,52,ok,1.92238509998424,1,Bank Marketing,0.2908802001107169,96.0,"[0.27798120533018805, 0.27798120533018805, 0.27798120533018805, 0.28372372372372373, 0.28372372372372373, 0.284469536234381, 0.284469536234381, 0.284469536234381, 0.285222411538201, 0.285222411538201, 0.28865373309817755, 0.29088020011071697]",False
3,VQC,quantum,LDA,gwo,1200,904,675.3101504999795,"{'n_layers': 2, 'learning_rate': 0.14387974970162384, 'map_reps': 1, 'feature_map': 'angle', 'entanglement': 'circular', 'init_scale': 0.5}",0.7168141592920354,0.2164179104477611,0.5576923076923077,0.3118279569892473,0.6475961538461539,0.2062389763761266,0.725625,590,210,46,58,ok,1.8217546000378209,1,Bank Marketing,0.268572248585573,95.0,"[0.2516797198139255, 0.25787376874333395, 0.2611391268895003, 0.2661278891916948, 0.2661278891916948, 0.2671427947744041, 0.2671427947744041, 0.2671427947744041, 0.2671427947744041, 0.26857224858557305, 0.26857224858557305, 0.26857224858557305]",False
4,VQC,quantum,LDA,gwo,1200,904,399.5554430000484,"{'n_layers': 2, 'learning_rate': 0.010072399842307093, 'map_reps': 1, 'feature_map': 'angle', 'entanglement': 'full', 'init_scale': 0.12816401134645564}",0.6747787610619469,0.1854304635761589,0.5384615384615384,0.2758620689655172,0.6154807692307692,0.1562426548506017,0.681298076923077,554,246,48,56,ok,2.5541052000480704,1,Bank Marketing,0.3014427402000914,64.0,"[0.28987104724218127, 0.2981338849123189, 0.2991929567131328, 0.3014427402000914, 0.3014427402000914, 0.3014427402000914, 0.3014427402000914, 0.3014427402000914]",True
5,VQC,quantum,LDA,gwo,1200,905,366.8323825999978,"{'n_layers': 1, 'learning_rate': 0.23512248732725652, 'map_reps': 1, 'feature_map': 'angle', 'entanglement': 'linear', 'init_scale': 0.09459056498795756}",0.7602209944751381,0.2333333333333333,0.4666666666666667,0.3111111111111111,0.6327083333333333,0.2013565604306381,0.6914166666666667,639,161,56,49,ok,2.0924559999839403,1,Bank Marketing,0.2482467643835387,56.0,"[0.23840460404337058, 0.24319860930030424, 0.24824676438353874, 0.24824676438353874, 0.24824676438353874, 0.24824676438353874, 0.24824676438353874]",True
6,VQC,quantum,LDA,gwo,1200,904,356.13949659996433,"{'n_layers': 3, 'learning_rate': 0.02465442070083357, 'map_reps': 1, 'feature_map': 'angle', 'entanglement': 'circular', 'init_scale': 0.3459202319020188}",0.6183628318584071,0.1752021563342318,0.625,0.2736842105263158,0.6212500000000001,0.1572978717975129,0.6540384615384616,494,306,39,65,ok,4.203010400000494,1,Bank Marketing,0.2348186041732416,40.0,"[0.23481860417324163, 0.23481860417324163, 0.23481860417324163, 0.23481860417324163, 0.23481860417324163]",True
7,VQC,quantum,LDA,gwo,1200,904,655.8292306999792,"{'n_layers': 3, 'learning_rate': 0.31264827702810416, 'map_reps': 1, 'feature_map': 'zz', 'entanglement': 'linear', 'init_scale': 0.43826668218075937}",0.7256637168141593,0.1814159292035398,0.3942307692307692,0.2484848484848484,0.5814903846153846,0.1200961153538153,0.6338701923076923,615,185,63,41,ok,2.642216600012034,1,Bank Marketing,0.2739882856893085,96.0,"[0.2463472521678881, 0.2570019643703854, 0.2570019643703854, 0.2570019643703854, 0.2581110769925032, 0.2581110769925032, 0.2595205747926918, 0.2627102129112009, 0.2627102129112009, 0.2627102129112009, 0.2627102129112009, 0.2739882856893085]",False
8,VQC,quantum,LDA,gwo,1200,904,585.7767853999976,"{'n_layers': 6, 'learning_rate': 0.49999999999999994, 'map_reps': 1, 'feature_map': 'angle', 'entanglement': 'linear', 'init_scale': 0.5}",0.2820796460176991,0.1292517006802721,0.9134615384615384,0.2264600715137067,0.5567307692307693,0.0928588517985198,0.6831850961538461,160,640,9,95,ok,4.909911299997475,1,Bank Marketing,0.3559178847136962,56.0,"[0.29392110882330513, 0.329932069551615, 0.3559178847136962, 0.3559178847136962, 0.3559178847136962, 0.3559178847136962, 0.3559178847136962]",True
9,VQC,quantum,LDA,gwo,1200,904,833.2749503999949,"{'n_layers': 6, 'learning_rate': 0.49999999999999994, 'map_reps': 1, 'feature_map': 'angle', 'entanglement': 'circular', 'init_scale': 0.22020151237834562}",0.7146017699115044,0.1791666666666666,0.4134615384615384,0.25,0.5836057692307692,0.120819836952529,0.6352043269230769,603,197,61,43,ok,2.9084502000478096,1,Bank Marketing,0.3236346073517126,96.0,"[0.26837792709485353, 0.2692378751573963, 0.30869377536044207, 0.30869377536044207, 0.30869377536044207, 0.31299339144745303, 0.31299339144745303, 0.31299339144745303, 0.31299339144745303, 0.3236346073517126, 0.3236346073517126, 0.3236346073517126]",False
10,VQC,quantum,LDA,gwo,1200,905,777.6640189999598,"{'n_layers': 6, 'learning_rate': 0.04734490409836928, 'map_reps': 1, 'feature_map': 'angle', 'entanglement': 'linear', 'init_scale': 0.0780667809004169}",0.7867403314917127,0.2441860465116279,0.4,0.3032490974729241,0.61875,0.1938594812260819,0.6702619047619047,670,130,63,42,ok,3.0792642000014894,1,Bank Marketing,0.3159027222164245,88.0,"[0.27247252612216116, 0.3037589666392105, 0.3037589666392105, 0.3079277512377834, 0.3079277512377834, 0.3079277512377834, 0.3159027222164245, 0.3159027222164245, 0.3159027222164245, 0.3159027222164245, 0.3159027222164245]",True
11,VQC,quantum,LDA,gwo,1200,904,695.1905255999882,"{'n_layers': 3, 'learning_rate': 0.03242099231247046, 'map_reps': 1, 'feature_map': 'angle', 'entanglement': 'full', 'init_scale': 0.3297380585687129}",0.6537610619469026,0.191740412979351,0.625,0.2934537246049661,0.64125,0.1861898672502525,0.6793269230769231,526,274,39,65,ok,2.124450400006026,1,Bank Marketing,0.2576312004501484,96.0,"[0.2437879845243124, 0.2437879845243124, 0.25278732802823645, 0.25278732802823645, 0.25278732802823645, 0.2546332894158981, 0.2546332894158981, 0.2576312004501484, 0.2576312004501484, 0.2576312004501484, 0.2576312004501484, 0.2576312004501484]",True
12,VQC,quantum,LDA,gwo,1200,904,660.227985400008,"{'n_layers': 2, 'learning_rate': 0.03743886823804007, 'map_reps': 1, 'feature_map': 'angle', 'entanglement': 'linear', 'init_scale': 0.3021925646392885}",0.5597345132743363,0.1597222222222222,0.6634615384615384,0.2574626865671642,0.6048557692307692,0.1339587593510278,0.6661057692307693,437,363,35,69,ok,2.136915399983991,1,Bank Marketing,0.2830116998636102,72.0,"[0.2814994349399046, 0.2814994349399046, 0.2814994349399046, 0.282236416842248, 0.2830116998636102, 0.2830116998636102, 0.2830116998636102, 0.2830116998636102, 0.2830116998636102]",True
13,VQC,quantum,LDA,gwo,1200,904,548.2791310999892,"{'n_layers': 3, 'learning_rate': 0.49999999999999994, 'map_reps': 1, 'feature_map': 'angle', 'entanglement': 'full', 'init_scale': 0.26130011794188174}",0.7997787610619469,0.2483660130718954,0.3653846153846153,0.2957198443579766,0.6108173076923077,0.1885964743276617,0.6738701923076923,685,115,66,38,ok,3.2256166000152007,1,Bank Marketing,0.3020836354070966,64.0,"[0.2721498008226953, 0.27647387113140537, 0.291210788411908, 0.30208363540709665, 0.30208363540709665, 0.30208363540709665, 0.30208363540709665, 0.30208363540709665]",True
14,VQC,quantum,LDA,gwo,1200,904,389.01105400000233,"{'n_layers': 2, 'learning_rate': 0.49999999999999994, 'map_reps': 1, 'feature_map': 'angle', 'entanglement': 'linear', 'init_scale': 0.5}",0.6592920353982301,0.1946107784431137,0.625,0.2968036529680365,0.6443749999999999,0.1908855241449195,0.7056490384615384,531,269,39,65,ok,2.9795351999928243,1,Bank Marketing,0.2730138305985826,50.0,"[0.2693460867404843, 0.2693460867404843, 0.2730138305985826, 0.2730138305985826, 0.2730138305985826, 0.2730138305985826, 0.2730138305985826]",True
0,QNN,quantum,LDA,gwo,1200,905,937.6745522000128,"{'n_layers': 6, 'learning_rate': 0.24198081425024767, 'feature_map': 'angle', 'entanglement': 'circular', 'init_scale': 0.07593215198460825}",0.7624309392265194,0.238095238095238,0.4761904761904761,0.3174603174603174,0.638095238095238,0.2095300382144339,0.6882142857142857,640,160,55,50,ok,3.778481399989687,1,Bank Marketing,0.3023367885070012,88.0,"[0.2798915540851024, 0.2798915540851024, 0.2913377836653766, 0.2913377836653766, 0.29725898828659053, 0.29725898828659053, 0.30233678850700124, 0.30233678850700124, 0.30233678850700124, 0.30233678850700124, 0.30233678850700124]",True
1,QNN,quantum,LDA,gwo,1200,904,671.0555268999888,"{'n_layers': 3, 'learning_rate': 0.021544158823727507, 'feature_map': 'angle', 'entanglement': 'circular', 'init_scale': 0.1663082798008413}",0.6349557522123894,0.1636904761904762,0.5288461538461539,0.25,0.588798076923077,0.1172604111820942,0.6524158653846154,519,281,49,55,ok,3.127403200021945,1,Bank Marketing,0.3035605139067858,72.0,"[0.29231376818555405, 0.29709911999962735, 0.29709911999962735, 0.29924628863620906, 0.3035605139067858, 0.3035605139067858, 0.3035605139067858, 0.3035605139067858, 0.3035605139067858]",True
2,QNN,quantum,LDA,gwo,1200,904,650.50831439998,"{'n_layers': 4, 'learning_rate': 0.49999999999999994, 'feature_map': 'angle', 'entanglement': 'linear', 'init_scale': 0.1651405148169551}",0.7400442477876106,0.1866028708133971,0.375,0.2492012779552715,0.58125,0.1229842460665524,0.6088100961538461,630,170,65,39,ok,3.9783171999733895,1,Bank Marketing,0.2729435332415175,72.0,"[0.24797200363305763, 0.24797200363305763, 0.24797200363305763, 0.2541915184391844, 0.2729435332415175, 0.2729435332415175, 0.2729435332415175, 0.2729435332415175, 0.2729435332415175]",True
3,QNN,quantum,LDA,gwo,1200,904,411.5914772999822,"{'n_layers': 2, 'learning_rate': 0.04957834377377144, 'feature_map': 'angle', 'entanglement': 'linear', 'init_scale': 0.21003079903570862}",0.6626106194690266,0.1945288753799392,0.6153846153846154,0.2956120092378753,0.6420673076923077,0.1884316876208866,0.6811899038461539,535,265,40,64,ok,3.7450142000452615,1,Bank Marketing,0.2508850226049766,56.0,"[0.2497774692869331, 0.2497774692869331, 0.2508850226049766, 0.2508850226049766, 0.2508850226049766, 0.2508850226049766, 0.2508850226049766]",True
4,QNN,quantum,LDA,gwo,1200,904,686.1487594000064,"{'n_layers': 5, 'learning_rate': 0.49999999999999994, 'feature_map': 'angle', 'entanglement': 'linear', 'init_scale': 0.3630038075630702}",0.8816371681415929,0.2857142857142857,0.0192307692307692,0.036036036036036,0.5064903846153846,0.0472516361162262,0.6088221153846154,795,5,102,2,ok,4.346728000033181,1,Bank Marketing,0.2735873459304958,64.0,"[0.26251195583854836, 0.26970280843113215, 0.27006678704539666, 0.2735873459304958, 0.2735873459304958, 0.2735873459304958, 0.2735873459304958, 0.2735873459304958]",True
5,QNN,quantum,LDA,gwo,1200,905,637.1347453999915,"{'n_layers': 3, 'learning_rate': 0.49999999999999994, 'feature_map': 'zz', 'entanglement': 'circular', 'init_scale': 0.5}",0.7337016574585635,0.2068965517241379,0.4571428571428571,0.28486646884273,0.6135714285714285,0.1666046823060561,0.5995833333333334,616,184,57,48,ok,3.7422400999930687,1,Bank Marketing,0.3041940901306486,55.0,"[0.28994601889338734, 0.29799451504434, 0.30419409013064863, 0.30419409013064863, 0.30419409013064863, 0.30419409013064863, 0.30419409013064863]",True
6,QNN,quantum,LDA,gwo,1200,904,876.5496747000143,"{'n_layers': 3, 'learning_rate': 0.31749292955521646, 'feature_map': 'angle', 'entanglement': 'circular', 'init_scale': 0.2679517092138667}",0.5232300884955752,0.1468682505399568,0.6538461538461539,0.2398589065255731,0.5800480769230769,0.102195734990267,0.6267067307692308,405,395,36,68,ok,2.6350606000050902,1,Bank Marketing,0.2507091268308041,96.0,"[0.23396245206760216, 0.2366347122108983, 0.2381383157516752, 0.2381383157516752, 0.24325325482575313, 0.2440563764685814, 0.2440563764685814, 0.24963374747376835, 0.24963374747376835, 0.2507091268308041, 0.2507091268308041, 0.2507091268308041]",False
7,QNN,quantum,LDA,gwo,1200,904,529.6863827999914,"{'n_layers': 6, 'learning_rate': 0.033538508052142556, 'feature_map': 'zz', 'entanglement': 'linear', 'init_scale': 0.07895621316365696}",0.7179203539823009,0.2274368231046931,0.6057692307692307,0.3307086614173228,0.6691346153846154,0.2341264629066419,0.71875,586,214,41,63,ok,7.811226999969222,1,Bank Marketing,0.3259045481267703,40.0,"[0.32590454812677033, 0.32590454812677033, 0.32590454812677033, 0.32590454812677033, 0.32590454812677033]",True
8,QNN,quantum,LDA,gwo,1200,904,564.2856138999923,"{'n_layers': 2, 'learning_rate': 0.49999999999999994, 'feature_map': 'angle', 'entanglement': 'circular', 'init_scale': 0.25163139087403597}",0.7809734513274337,0.2552083333333333,0.4711538461538461,0.3310810810810811,0.6462019230769231,0.2281151518003862,0.7323076923076923,657,143,55,49,ok,3.2257577999844216,1,Bank Marketing,0.280293568762561,72.0,"[0.24608781311567687, 0.24908738074882275, 0.261404090657822, 0.261404090657822, 0.280293568762561, 0.280293568762561, 0.280293568762561, 0.280293568762561, 0.280293568762561]",True
9,QNN,quantum,LDA,gwo,1200,904,1002.6489611000288,"{'n_layers': 6, 'learning_rate': 0.053588365177200545, 'feature_map': 'angle', 'entanglement': 'circular', 'init_scale': 0.20811004664428093}",0.6637168141592921,0.1575342465753424,0.4423076923076923,0.2323232323232323,0.5674038461538462,0.0919833454056088,0.6093990384615384,554,246,58,46,ok,3.514424199995119,1,Bank Marketing,0.2576933089753602,96.0,"[0.24850313085607204, 0.24850313085607204, 0.2510622478604723, 0.2560079751821833, 0.2560079751821833, 0.2560079751821833, 0.2560079751821833, 0.25769330897536025, 0.25769330897536025, 0.25769330897536025, 0.25769330897536025, 0.25769330897536025]",True
10,QNN,quantum,LDA,gwo,1200,905,621.1656789000263,"{'n_layers': 1, 'learning_rate': 0.49999999999999994, 'feature_map': 'angle', 'entanglement': 'linear', 'init_scale': 0.37993718298528056}",0.6850828729281768,0.1853146853146853,0.5047619047619047,0.2710997442455243,0.6067559523809524,0.1470731509160472,0.6703095238095238,567,233,52,53,ok,1.9304859000258148,1,Bank Marketing,0.2996186808623098,96.0,"[0.270800051132398, 0.27163811706028773, 0.27447121778002453, 0.2802138779824894, 0.2802138779824894, 0.2802138779824894, 0.284516573082042, 0.2996186808623098, 0.2996186808623098, 0.2996186808623098, 0.2996186808623098, 0.2996186808623098]",True
11,QNN,quantum,LDA,gwo,1200,904,734.5233947000233,"{'n_layers': 6, 'learning_rate': 0.03255307473900398, 'feature_map': 'angle', 'entanglement': 'linear', 'init_scale': 0.5}",0.7079646017699115,0.2122302158273381,0.5673076923076923,0.3089005235602094,0.6467788461538462,0.2029764084176247,0.6704447115384615,581,219,45,59,ok,4.773667200002819,1,Bank Marketing,0.3084306560894212,64.0,"[0.2897613889668322, 0.2897613889668322, 0.2897613889668322, 0.3084306560894212, 0.3084306560894212, 0.3084306560894212, 0.3084306560894212, 0.3084306560894212]",True
12,QNN,quantum,LDA,gwo,1200,904,906.6463812000002,"{'n_layers': 4, 'learning_rate': 0.231826810423023, 'feature_map': 'angle', 'entanglement': 'circular', 'init_scale': 0.4859495381985148}",0.6637168141592921,0.1932515337423312,0.6057692307692307,0.2930232558139535,0.6385096153846154,0.184076718176499,0.6881971153846154,537,263,41,63,ok,2.9437300999998115,1,Bank Marketing,0.3055784456472192,96.0,"[0.28082482721843305, 0.28082482721843305, 0.2904456394263695, 0.29516045548654246, 0.29516045548654246, 0.29516045548654246, 0.29516045548654246, 0.2972668485113124, 0.2972668485113124, 0.3055784456472192, 0.3055784456472192, 0.3055784456472192]",False
13,QNN,quantum,LDA,gwo,1200,904,569.3319730000221,"{'n_layers': 2, 'learning_rate': 0.49999999999999994, 'feature_map': 'angle', 'entanglement': 'circular', 'init_scale': 0.21384351346798633}",0.3805309734513274,0.1369426751592356,0.8269230769230769,0.2349726775956284,0.5747115384615384,0.1035249371252088,0.6488581730769232,258,542,18,86,ok,3.090746100002434,1,Bank Marketing,0.3069618575236553,80.0,"[0.27075295075295075, 0.27182388588853246, 0.27994899749778707, 0.27994899749778707, 0.2838922000458021, 0.3069618575236553, 0.3069618575236553, 0.3069618575236553, 0.3069618575236553, 0.3069618575236553]",True
14,QNN,quantum,LDA,gwo,1200,904,508.7610063999891,"{'n_layers': 6, 'learning_rate': 0.2572845854060877, 'feature_map': 'zz', 'entanglement': 'circular', 'init_scale': 0.4092642498702854}",0.7245575221238938,0.2178988326848249,0.5384615384615384,0.3102493074792243,0.6436057692307693,0.2031631063081148,0.6855408653846153,599,201,48,56,ok,7.962236399995163,1,Bank Marketing,0.3076061365535049,40.0,"[0.30760613655350494, 0.30760613655350494, 0.30760613655350494, 0.30760613655350494, 0.30760613655350494]",True
0,QSVC,quantum,LDA,gwo,1200,905,193.67518299998483,"{'C': 0.010000000000000004, 'map_reps': 3, 'scale': 0.28272133760962503, 'entanglement': 'full'}",0.687292817679558,0.1993243243243243,0.5619047619047619,0.2942643391521197,0.632827380952381,0.1813438143271589,0.6062857142857143,563,237,46,59,ok,5.203123699990101,1,Bank Marketing,0.2915316240912841,48.0,"[0.2843928001822738, 0.29153162409128414, 0.29153162409128414, 0.29153162409128414, 0.29153162409128414, 0.29153162409128414]",True
1,QSVC,quantum,LDA,gwo,1200,904,275.5233651000308,"{'C': 0.13088396585535464, 'map_reps': 1, 'scale': 0.2978669588385581, 'entanglement': 'linear'}",0.5973451327433629,0.1733668341708542,0.6634615384615384,0.2749003984063745,0.6261057692307692,0.162110005298527,0.6719110576923076,471,329,35,69,ok,1.6766540000098755,1,Bank Marketing,0.2685989322808835,96.0,"[0.25648956745947044, 0.25648956745947044, 0.26168796464809696, 0.26168796464809696, 0.26331882255389716, 0.26331882255389716, 0.2661278113179421, 0.26859893228088355, 0.26859893228088355, 0.26859893228088355, 0.26859893228088355, 0.26859893228088355]",True
2,QSVC,quantum,LDA,gwo,1200,904,130.74545009998835,"{'C': 100.00000000000013, 'map_reps': 1, 'scale': 0.25, 'entanglement': 'full'}",0.6736725663716814,0.1968253968253968,0.5961538461538461,0.2959427207637231,0.6399519230769231,0.1874379841995048,0.7199399038461539,547,253,42,62,ok,3.419248400023207,1,Bank Marketing,0.2651100519142591,42.0,"[0.26469956310418413, 0.26469956310418413, 0.2651100519142591, 0.2651100519142591, 0.2651100519142591, 0.2651100519142591, 0.2651100519142591]",True
3,QSVC,quantum,LDA,gwo,1200,904,202.33075140003348,"{'C': 0.0236252598247958, 'map_reps': 1, 'scale': 0.25, 'entanglement': 'linear'}",0.7853982300884956,0.2413793103448276,0.4038461538461538,0.302158273381295,0.6194230769230769,0.1933053443197627,0.3077644230769231,668,132,62,42,ok,2.83091100002639,1,Bank Marketing,0.2572522902689431,64.0,"[0.24719775700485702, 0.25518639277023203, 0.2566529495437408, 0.2572522902689431, 0.2572522902689431, 0.2572522902689431, 0.2572522902689431, 0.2572522902689431]",True
4,QSVC,quantum,LDA,gwo,1200,904,259.2779165999964,"{'C': 0.08714421787741088, 'map_reps': 1, 'scale': 0.30357612645978954, 'entanglement': 'circular'}",0.7389380530973452,0.2053571428571428,0.4423076923076923,0.2804878048780488,0.6099038461538462,0.1624523822629537,0.6434254807692307,622,178,58,46,ok,2.057355299999472,1,Bank Marketing,0.3055025495789396,96.0,"[0.2898236789831448, 0.29032493211597693, 0.2937435878916825, 0.2937435878916825, 0.30126364185642535, 0.30126364185642535, 0.30126364185642535, 0.30427478128060825, 0.30427478128060825, 0.30427478128060825, 0.30427478128060825, 0.30550254957893963]",False
5,QSVC,quantum,LDA,gwo,1200,905,257.8234318000032,"{'C': 0.11114125580975717, 'map_reps': 1, 'scale': 0.2569398903500608, 'entanglement': 'full'}",0.7116022099447514,0.2022900763358778,0.5047619047619047,0.2888283378746594,0.6217559523809524,0.1719506051885949,0.6608392857142857,591,209,52,53,ok,1.991032299993094,1,Bank Marketing,0.352689422469424,96.0,"[0.3075479221209112, 0.3113776097445029, 0.3259477124183006, 0.34659089115163, 0.34659089115163, 0.34659089115163, 0.34703724855638046, 0.35088751593605966, 0.352689422469424, 0.352689422469424, 0.352689422469424, 0.352689422469424]",False
6,QSVC,quantum,LDA,gwo,1200,904,246.90329570003087,"{'C': 0.15555144260394396, 'map_reps': 1, 'scale': 0.6336858905913718, 'entanglement': 'linear'}",0.6283185840707964,0.1647398843930635,0.5480769230769231,0.2533333333333333,0.5934134615384616,0.122643906557269,0.6682632211538461,511,289,47,57,ok,2.144269299984444,1,Bank Marketing,0.2986458264427665,96.0,"[0.29421802700352784, 0.29421802700352784, 0.2972811015759671, 0.2972811015759671, 0.2979890119928487, 0.2979890119928487, 0.2979890119928487, 0.2979890119928487, 0.2984674138043299, 0.2984674138043299, 0.2984674138043299, 0.29864582644276655]",False
7,QSVC,quantum,LDA,gwo,1200,904,211.8726830999949,"{'C': 0.7809603923615577, 'map_reps': 1, 'scale': 0.5068345917999175, 'entanglement': 'circular'}",0.6869469026548672,0.1768953068592057,0.4711538461538461,0.2572178477690289,0.5930769230769231,0.1288427607126943,0.6484435096153846,572,228,55,49,ok,2.411793900013436,1,Bank Marketing,0.2686863437574338,64.0,"[0.265283308036566, 0.2656536848914344, 0.2656536848914344, 0.26868634375743383, 0.26868634375743383, 0.26868634375743383, 0.26868634375743383, 0.26868634375743383]",True
8,QSVC,quantum,LDA,gwo,1200,904,265.7280667999876,"{'C': 0.01786850463740758, 'map_reps': 1, 'scale': 0.5100278638401536, 'entanglement': 'full'}",0.7157079646017699,0.1744680851063829,0.3942307692307692,0.2418879056047197,0.5758653846153846,0.1103794771880893,0.6476622596153847,606,194,63,41,ok,1.808292000030633,1,Bank Marketing,0.2745408017709403,96.0,"[0.2559150289108839, 0.2703911300914275, 0.2703911300914275, 0.2703911300914275, 0.2713635002510974, 0.2713635002510974, 0.27191956979191023, 0.27454080177094037, 0.27454080177094037, 0.27454080177094037, 0.27454080177094037, 0.27454080177094037]",True
9,QSVC,quantum,LDA,gwo,1200,904,235.74416740000012,"{'C': 5.546416656321674, 'map_reps': 3, 'scale': 0.25, 'entanglement': 'linear'}",0.709070796460177,0.2087912087912088,0.5480769230769231,0.3023872679045092,0.6390384615384616,0.193254942278383,0.7018870192307692,584,216,47,57,ok,4.195205800002441,1,Bank Marketing,0.2807022311625863,56.0,"[0.27261686951993136, 0.27946821590616944, 0.28070223116258636, 0.28070223116258636, 0.28070223116258636, 0.28070223116258636, 0.28070223116258636]",True
10,QSVC,quantum,LDA,gwo,1200,905,203.89860140002563,"{'C': 100.00000000000013, 'map_reps': 1, 'scale': 0.4263225232931757, 'entanglement': 'linear'}",0.5723756906077349,0.1594202898550724,0.6285714285714286,0.2543352601156069,0.5967857142857143,0.1244342634895232,0.6520357142857142,452,348,39,66,ok,2.6063188999542035,1,Bank Marketing,0.2684455158505073,72.0,"[0.2654915770193225, 0.2675254659858055, 0.2675254659858055, 0.2675254659858055, 0.26844551585050735, 0.26844551585050735, 0.26844551585050735, 0.26844551585050735, 0.26844551585050735]",True
11,QSVC,quantum,LDA,gwo,1200,904,177.31703119998565,"{'C': 10.53112574620981, 'map_reps': 2, 'scale': 0.4160740478245506, 'entanglement': 'circular'}",0.6526548672566371,0.171875,0.5288461538461539,0.2594339622641509,0.598798076923077,0.1318435041844192,0.6368389423076923,535,265,49,55,ok,4.398768299957737,1,Bank Marketing,0.2709047037905988,48.0,"[0.2676229824098257, 0.2709047037905988, 0.2709047037905988, 0.2709047037905988, 0.2709047037905988, 0.2709047037905988]",True
12,QSVC,quantum,LDA,gwo,1200,904,147.30458820000058,"{'C': 9.638313302698153, 'map_reps': 1, 'scale': 0.8919714455054231, 'entanglement': 'full'}",0.6504424778761062,0.1787878787878788,0.5673076923076923,0.271889400921659,0.6142788461538462,0.1514762654874835,0.6621394230769231,529,271,45,59,ok,2.966705100028776,1,Bank Marketing,0.3046479891694981,40.0,"[0.30464798916949815, 0.30464798916949815, 0.30464798916949815, 0.30464798916949815, 0.30464798916949815]",True
13,QSVC,quantum,LDA,gwo,1200,904,294.0310842000181,"{'C': 0.1449778831087565, 'map_reps': 2, 'scale': 0.36906994912214314, 'entanglement': 'linear'}",0.6946902654867256,0.2133333333333333,0.6153846153846154,0.3168316831683168,0.6601923076923077,0.2170971988558611,0.7173557692307692,564,236,40,64,ok,2.263909599976614,1,Bank Marketing,0.2791913523235656,96.0,"[0.2658337070101776, 0.2754113139508677, 0.2754113139508677, 0.2769372506635807, 0.2769372506635807, 0.2769372506635807, 0.277279596893399, 0.2787585848461224, 0.2787585848461224, 0.2787585848461224, 0.2787585848461224, 0.2791913523235656]",False
14,QSVC,quantum,LDA,gwo,1200,904,150.9950463999994,"{'C': 0.010000000000000004, 'map_reps': 1, 'scale': 0.25, 'entanglement': 'circular'}",0.8418141592920354,0.3333333333333333,0.375,0.3529411764705882,0.6387499999999999,0.2637815121458221,0.3407692307692307,722,78,65,39,ok,3.0251061000162736,1,Bank Marketing,0.2761681192152193,48.0,"[0.2522634819117231, 0.2761681192152193, 0.2761681192152193, 0.2761681192152193, 0.2761681192152193, 0.2761681192152193]",True
0,QDT,quantum,LDA,gwo,1200,905,4.759229900024366,"{'max_depth': 4, 'min_samples_split': 32, 'map_reps': 2, 'entanglement': 'circular'}",0.5911602209944752,0.1409214092140921,0.4952380952380952,0.2194092827004219,0.5494940476190476,0.0645099986192682,0.5592916666666666,483,317,53,52,ok,0.0521533999708481,1,Bank Marketing,0.2059295902659788,44.0,"[0.2044577869803242, 0.20592959026597882, 0.20592959026597882, 0.20592959026597882, 0.20592959026597882, 0.20592959026597882]",True
1,QDT,quantum,LDA,gwo,1200,904,5.851146100030746,"{'max_depth': 8, 'min_samples_split': 9, 'map_reps': 3, 'entanglement': 'linear'}",0.6393805309734514,0.13,0.375,0.193069306930693,0.524375,0.0330336974249464,0.5187499999999999,539,261,65,39,ok,0.0507838999619707,1,Bank Marketing,0.2215529201631414,56.0,"[0.21247882941431329, 0.21247882941431329, 0.22155292016314143, 0.22155292016314143, 0.22155292016314143, 0.22155292016314143, 0.22155292016314143]",True
2,QDT,quantum,LDA,gwo,1200,904,6.22047499998007,"{'max_depth': 9, 'min_samples_split': 13, 'map_reps': 2, 'entanglement': 'full'}",0.6371681415929203,0.1056338028169014,0.2884615384615384,0.1546391752577319,0.4854807692307692,-0.0199609061177148,0.4936057692307692,546,254,74,30,ok,0.0455240000155754,1,Bank Marketing,0.2205437034189677,59.0,"[0.2133243284281223, 0.2133243284281223, 0.21424674665223065, 0.2205437034189677, 0.2205437034189677, 0.2205437034189677, 0.2205437034189677, 0.2205437034189677]",True
3,QDT,quantum,LDA,gwo,1200,904,4.155927299987525,"{'max_depth': 3, 'min_samples_split': 9, 'map_reps': 3, 'entanglement': 'circular'}",0.6438053097345132,0.1483870967741935,0.4423076923076923,0.2222222222222222,0.5561538461538462,0.0754913335481426,0.5552584134615385,536,264,58,46,ok,0.0758795999572612,1,Bank Marketing,0.2072450085540314,39.0,"[0.20724500855403147, 0.20724500855403147, 0.20724500855403147, 0.20724500855403147, 0.20724500855403147]",True
4,QDT,quantum,LDA,gwo,1200,904,6.833115899993572,"{'max_depth': 2, 'min_samples_split': 28, 'map_reps': 2, 'entanglement': 'linear'}",0.6780973451327433,0.1244979919678714,0.2980769230769231,0.1756373937677053,0.5127884615384616,0.0182679425411341,0.5096875,582,218,73,31,ok,0.0398375999648124,1,Bank Marketing,0.2196140678751372,66.0,"[0.21723211607546636, 0.21723211607546636, 0.21723211607546636, 0.21723211607546636, 0.21961406787513726, 0.21961406787513726, 0.21961406787513726, 0.21961406787513726, 0.21961406787513726]",True
5,QDT,quantum,LDA,gwo,1200,905,6.422566999972332,"{'max_depth': 7, 'min_samples_split': 12, 'map_reps': 1, 'entanglement': 'linear'}",0.5734806629834254,0.1233243967828418,0.4380952380952381,0.1924686192468619,0.5146726190476191,0.0190926868071474,0.4972142857142856,473,327,59,46,ok,0.0450176000013016,1,Bank Marketing,0.2102448191394852,62.0,"[0.2084114279962964, 0.2084114279962964, 0.2084114279962964, 0.20894599355125396, 0.20894599355125396, 0.21024481913948523, 0.21024481913948523, 0.21024481913948523, 0.21024481913948523, 0.21024481913948523]",True
6,QDT,quantum,LDA,gwo,1200,904,6.561404699983541,"{'max_depth': 11, 'min_samples_split': 24, 'map_reps': 3, 'entanglement': 'circular'}",0.4734513274336283,0.1381322957198443,0.6826923076923077,0.2297734627831715,0.5644711538461539,0.083069814122659,0.5904086538461538,357,443,33,71,ok,0.0447056000120937,1,Bank Marketing,0.2162028817469231,61.0,"[0.21542346542346544, 0.21542346542346544, 0.21542346542346544, 0.21620288174692318, 0.21620288174692318, 0.21620288174692318, 0.21620288174692318, 0.21620288174692318]",True
7,QDT,quantum,LDA,gwo,1200,904,4.643222999991849,"{'max_depth': 5, 'min_samples_split': 2, 'map_reps': 2, 'entanglement': 'full'}",0.5022123893805309,0.1334745762711864,0.6057692307692307,0.21875,0.5472596153846154,0.06037664394409,0.5639423076923077,391,409,41,63,ok,0.0493276999914087,1,Bank Marketing,0.2140990179529733,43.0,"[0.20364992666233717, 0.21409901795297334, 0.21409901795297334, 0.21409901795297334, 0.21409901795297334, 0.21409901795297334]",True
8,QDT,quantum,LDA,gwo,1200,904,6.691338300006464,"{'max_depth': 12, 'min_samples_split': 23, 'map_reps': 3, 'entanglement': 'linear'}",0.6548672566371682,0.1388888888888889,0.3846153846153846,0.2040816326530612,0.5373076923076923,0.0510979462503152,0.558515625,552,248,64,40,ok,0.0445247999741695,1,Bank Marketing,0.2162503510508276,61.0,"[0.2059373880775441, 0.2094730903009702, 0.2094730903009702, 0.2094730903009702, 0.21625035105082765, 0.21625035105082765, 0.21625035105082765, 0.21625035105082765, 0.21625035105082765]",True
9,QDT,quantum,LDA,gwo,1200,904,6.811780099989846,"{'max_depth': 4, 'min_samples_split': 29, 'map_reps': 3, 'entanglement': 'circular'}",0.4634955752212389,0.1227722772277227,0.5961538461538461,0.2036124794745484,0.521201923076923,0.0272480091471885,0.5044891826923077,357,443,42,62,ok,0.042913400044199,1,Bank Marketing,0.2095922602697918,66.0,"[0.20773610270887946, 0.20773610270887946, 0.20921138470407963, 0.20922188989942148, 0.20922188989942148, 0.20922188989942148, 0.20959226026979186, 0.20959226026979186, 0.20959226026979186, 0.20959226026979186, 0.20959226026979186]",True
10,QDT,quantum,LDA,gwo,1200,905,7.413052599993534,"{'max_depth': 6, 'min_samples_split': 14, 'map_reps': 2, 'entanglement': 'linear'}",0.7005524861878453,0.1121495327102803,0.2285714285714285,0.1504702194357366,0.4955357142857142,-0.0067293901789108,0.5197857142857143,610,190,81,24,ok,0.036366700020153,1,Bank Marketing,0.1944044336884657,75.0,"[0.1926713996973672, 0.19267241205157107, 0.19267241205157107, 0.19267241205157107, 0.19334015697652063, 0.19334015697652063, 0.19334015697652063, 0.19440443368846572, 0.19440443368846572, 0.19440443368846572, 0.19440443368846572, 0.19440443368846572]",True
11,QDT,quantum,LDA,gwo,1200,904,6.6988545000203885,"{'max_depth': 6, 'min_samples_split': 10, 'map_reps': 2, 'entanglement': 'linear'}",0.5730088495575221,0.1403061224489795,0.5288461538461539,0.2217741935483871,0.5537980769230769,0.0692756160241106,0.5343629807692308,463,337,49,55,ok,0.0439228999894112,1,Bank Marketing,0.2084937925216849,65.0,"[0.20794167185401866, 0.20794167185401866, 0.20794167185401866, 0.20794167185401866, 0.2084937925216849, 0.2084937925216849, 0.2084937925216849, 0.2084937925216849, 0.2084937925216849]",True
12,QDT,quantum,LDA,gwo,1200,904,7.566506100003608,"{'max_depth': 6, 'min_samples_split': 15, 'map_reps': 2, 'entanglement': 'circular'}",0.5519911504424779,0.1209068010075566,0.4615384615384615,0.1916167664670658,0.5126442307692307,0.0162586633719863,0.4946634615384615,451,349,56,48,ok,0.036421499971766,1,Bank Marketing,0.2175641202181069,73.0,"[0.19965691613353306, 0.20191625095488855, 0.20629744347354076, 0.21108493976711032, 0.21108493976711032, 0.21108493976711032, 0.2175641202181069, 0.2175641202181069, 0.2175641202181069, 0.2175641202181069, 0.2175641202181069]",True
13,QDT,quantum,LDA,gwo,1200,904,3.5693861999898218,"{'max_depth': 2, 'min_samples_split': 20, 'map_reps': 2, 'entanglement': 'full'}",0.4723451327433628,0.1420345489443378,0.7115384615384616,0.2368,0.5763942307692308,0.0986583782916937,0.5722175480769232,353,447,30,74,ok,0.0477751999860629,1,Bank Marketing,0.2366668521713321,41.0,"[0.2255161954680733, 0.2366668521713321, 0.2366668521713321, 0.2366668521713321, 0.2366668521713321, 0.2366668521713321]",True
14,QDT,quantum,LDA,gwo,1200,904,3.735172100015916,"{'max_depth': 2, 'min_samples_split': 19, 'map_reps': 2, 'entanglement': 'linear'}",0.5154867256637168,0.1416309012875536,0.6346153846153846,0.231578947368421,0.5673076923076923,0.0859461339511575,0.5634615384615385,400,400,38,66,ok,0.0617098999791778,1,Bank Marketing,0.2119127472350913,43.0,"[0.2098547172200099, 0.21191274723509138, 0.21191274723509138, 0.21191274723509138, 0.21191274723509138, 0.21191274723509138]",True
